,stop_name,parent_station,stop_id,stop_lat,stop_lon,location_type,platform_code,utm_x,utm_y,inside_munich
1782,Aberlestraße,,315168,48.122345,11.544573,1.0,,689357.7685894093,5333030.263799168,True
1783,Aberlestraße,315168.0,321992,48.122707,11.545112,,,689396.5446287754,5333071.822437866,True
1784,Aberlestraße,315168.0,411148,48.122272,11.543522,,,689279.8309261614,5333019.563606033,True
1785,Aberlestraße,315168.0,64589,48.122562,11.545391,,,689417.8385591875,5333056.394797471,True
1995,Abtstraße,,141288,48.18423,11.578772,1.0,,691671.7967434924,5339992.720391936,True
1996,Abtstraße,141288.0,692504,48.184284,11.578934,,,691683.6353227368,5339999.125951394,True
1997,Abtstraße,141288.0,74124,48.184177,11.578574,,,691657.278840882,5339986.336190563,True
4616,Ackermannbogen,,395255,48.165035,11.556197,1.0,,690064.9623474064,5337803.371937008,True
4617,Ackermannbogen,395255.0,216827,48.165005,11.556287,,,690071.7646788071,5337800.260407522,True
4618,Ackermannbogen,395255.0,96720,48.165012,11.555065,,,689980.8840602231,5337798.016908792,True
4622,Ackermannstraße,,151179,48.1679,11.564902,1.0,,690701.5442627944,5338143.343762597,True
4623,Ackermannstraße,151179.0,194596,48.16829,11.565019,,,690708.7958543287,5338186.977495296,True
4624,Ackermannstraße,151179.0,206806,48.16816,11.564722,,,690687.1977663846,5338171.792712965,True
4625,Ackermannstraße,151179.0,229718,48.16752,11.564839,,,690698.2700955727,5338100.955407984,True
4626,Ackermannstraße,151179.0,71842,48.168278,11.565162,,,690719.4716234286,5338185.998726605,True
5169,Adilostraße,,87072,48.106308,11.621199,1.0,,695120.3150489137,5331439.495550112,True
5170,Adilostraße,87072.0,142303,48.106255,11.621119,,,695114.5610704415,5331433.402449341,True
5171,Adilostraße,87072.0,338180,48.10638,11.62128,,,695126.0714872319,5331447.702766643,True
5407,Adunistraße,,19879,48.109493,11.534269,1.0,,688638.1026384569,5331576.619883895,True
5408,Adunistraße,19879.0,288715,48.10967,11.534117,,,688626.1412316957,5331595.918263063,True
5409,Adunistraße,19879.0,686592,48.109295,11.534359,,,688645.5263637374,5331554.835613919,True
5719,Agnes-Bernauer-Platz,,578374,48.13986,11.496028,1.0,,685682.2890410268,5334858.441942802,True
5720,Agnes-Bernauer-Platz,578374.0,549359,48.13977,11.496558,,,685722.0384220101,5334849.71969615,True
5721,Agnes-Bernauer-Platz,578374.0,617736,48.139954,11.495534,,,685645.2032572865,5334867.695933639,True
5722,Agnes-Bernauer-Straße,,29454,48.13935,11.511138,1.0,,686808.1120324875,5334838.363514056,True
5723,Agnes-Bernauer-Straße,29454.0,291451,48.139385,11.51165,,,686846.0709147257,5334843.497417509,True
5724,Agnes-Bernauer-Straße,29454.0,324961,48.13932,11.511533,,,686837.6036720725,5334835.989193913,True
5725,Agnes-Bernauer-Straße,29454.0,434434,48.139145,11.511722,,,686852.2981533012,5334816.999519844,True
5726,Agnes-Bernauer-Straße,29454.0,631073,48.139374,11.510734,,,686777.972723363,5334840.0493003195,True
7830,Aichacher Straße,,476779,48.10487,11.518235,1.0,,687461.5166198984,5331023.640072801,True
7831,Aichacher Straße,476779.0,114397,48.104862,11.518432,,,687476.2097148411,5331023.231059532,True
7832,Aichacher Straße,476779.0,489419,48.105007,11.518351,,,687469.6527807296,5331039.148435114,True
8036,Aidenbachstraße,,283312,48.097965,11.524253,1.0,,687934.6564334992,5330270.926736605,True
8037,Aidenbachstraße,283312.0,133806,48.09797,11.524361,,,687942.6784139324,5330271.74623918,True
8038,Aidenbachstraße,283312.0,142974,48.09784,11.523508,,,687879.6495332394,5330255.215138506,True
8039,Aidenbachstraße,283312.0,157072,48.09791,11.525169,,,688003.0499956298,5330267.05220263,True
8040,Aidenbachstraße,283312.0,212053,48.09761,11.524038,,,687919.9448826407,5330230.9482198,True
8041,Aidenbachstraße,283312.0,219061,48.098095,11.524271,,,687935.5224064488,5330285.418411953,True
8042,Aidenbachstraße,283312.0,259200,48.098022,11.524451,,,687949.1889532274,5330277.745181367,True
8043,Aidenbachstraße,283312.0,536927,48.097996,11.523858,,,687905.1370666039,5330273.407152067,True
8044,Aidenbachstraße,283312.0,558604,48.09785,11.525143,,,688001.3332599091,5330260.32049731,True
8183,Aindorferstraße,,471724,48.131348,11.502873,1.0,,686222.2560624243,5333928.997373941,True
8184,Aindorferstraße,471724.0,235135,48.131947,11.502739,,,686210.1198611776,5333995.243890199,True
8185,Aindorferstraße,471724.0,395413,48.1308,11.502783,,,686217.5425798283,5333867.876392887,True
8186,Aindorferstraße,471724.0,465192,48.13167,11.503035,,,686233.143638257,5333965.175794071,True
8187,Aindorferstraße,471724.0,71309,48.13125,11.5029,,,686224.6193434936,5333918.1713427855,True
9011,Albrechtstraße,,204508,48.155544,11.540216,1.0,,688911.6506521865,5336709.172212934,True
9012,Albrechtstraße,204508.0,1234,48.155663,11.540558,,,688936.6456545887,5336723.238088498,True
9013,Albrechtstraße,204508.0,665338,48.155598,11.540207,,,688910.7830420178,5336715.15148935,True
10008,Allach,,94402,48.189938,11.467875,1.0,,683409.377106805,5340356.393209724,True
10009,Allach,94402.0,121539,48.190224,11.467605,,,683388.2914319022,5340387.53419517,True
10010,Allach,94402.0,158605,48.189842,11.467498,,,683381.7035430437,5340344.824007256,True
10011,Allach,94402.0,257158,48.190052,11.466923,,,683338.2236347366,5340366.790704352,True
10012,Allach,94402.0,90975,48.19021,11.467381,,,683371.695235017,5340385.44359204,True
10013,Allach Bf. Ost,,607758,48.19277,11.468387,1.0,,683437.312425057,5340672.358969135,True
10014,Allach Bf. Ost,607758.0,60481,48.19277,11.468387,,,683437.312425057,5340672.358969135,True
10015,Allacher Forstweg,,235968,48.210773,11.481278,1.0,,684330.5998114801,5342704.041553028,True
10016,Allacher Forstweg,235968.0,335823,48.210773,11.481278,,,684330.5998114801,5342704.041553028,True
10475,Allescherstraße,,210298,48.08253,11.519959,1.0,,687671.1660851972,5328545.06058353,True
10476,Allescherstraße,210298.0,285501,48.082718,11.519771,,,687656.4817779374,5328565.495688702,True
10477,Allescherstraße,210298.0,692132,48.082375,11.520121,,,687683.7941860431,5328528.229590293,True
10507,Allgäuer Straße,,361745,48.081936,11.485527,1.0,,685109.1859229921,5328395.649841905,True
10508,Allgäuer Straße,361745.0,116531,48.08208,11.48515,,,685080.5939540912,5328410.746714062,True
10509,Allgäuer Straße,361745.0,427217,48.081684,11.485724,,,685124.76115441,5328368.1173722595,True
10547,Allinger Straße,,317117,48.167595,11.410985,1.0,,679259.5780035483,5337738.979757441,True
10548,Allinger Straße,317117.0,194351,48.167576,11.410913,,,679254.2913090306,5337736.700198854,True
10549,Allinger Straße,317117.0,209202,48.16761,11.411039,,,679263.5404067648,5337740.772783414,True
10841,Alois-Hahn-Weg,,686121,48.105057,11.661758,1.0,,698144.0795593915,5331404.1438766895,True
10842,Alois-Hahn-Weg,686121.0,394484,48.105083,11.661866,,,698152.0185737339,5331407.311588962,True
10843,Alois-Hahn-Weg,686121.0,408327,48.10502,11.661651,,,698136.2572754985,5331399.756266387,True
10844,Alois-Wolfmüller-Straße,,370579,48.193417,11.608003,1.0,,693809.6142863426,5341087.071725898,True
10845,Alois-Wolfmüller-Straße,370579.0,141023,48.193764,11.608282,,,693829.0366289397,5341126.34016842,True
10846,Alois-Wolfmüller-Straße,370579.0,294886,48.193123,11.607725,,,693790.0659954667,5341053.696136317,True
12495,Alte Allee,,79854,48.163807,11.443252,1.0,,681671.8931324072,5337393.7526490735,True
12498,Alte Allee,79854.0,378940,48.163868,11.442722,,,681632.2712775066,5337399.279451018,True
12499,Alte Allee,79854.0,494411,48.163876,11.443764,,,681709.7173431141,5337402.631501114,True
12500,Alte Allee,79854.0,57843,48.16309,11.443576,,,681698.5166524079,5337314.832607956,True
12523,Alte Heide,,34167,48.179096,11.60317,1.0,,693504.4175598625,5339483.299130168,True
12524,Alte Heide,34167.0,175926,48.179886,11.604158,,,693574.8781888395,5339573.585798713,True
12525,Alte Heide,34167.0,214439,48.17859,11.602694,,,693470.9422026403,5339425.865296525,True
12526,Alte Heide,34167.0,280853,48.17863,11.602595,,,693463.4330187825,5339430.061491699,True
12527,Alte Heide,34167.0,433024,48.179737,11.603233,,,693506.6864617552,5339554.696428368,True
12528,Alte Heide,34167.0,458226,48.17896,11.603143,,,693502.9228002218,5339468.116540373,True
12529,Alte Heide,34167.0,592331,48.18006,11.604733,,,693616.9608123091,5339594.3723816825,True
13605,Altenburgstraße,,228664,48.147537,11.421872,1.0,,680139.2266162192,5335535.222524529,True
13606,Altenburgstraße,228664.0,4327,48.14757,11.421773,,,680131.7479199355,5335538.658111246,True
13607,Altenburgstraße,228664.0,497681,48.147064,11.421513,,,680114.1817294382,5335481.813173477,True
13608,Altenburgstraße,228664.0,545107,48.147507,11.42198,,,680147.3641959506,5335532.141450123,True
15123,Alter Messeplatz,,605114,48.134552,11.546307,1.0,,689441.8722218255,5334391.177601967,True
15124,Alter Messeplatz,605114.0,131014,48.134476,11.546361,,,689446.1691969056,5334382.864267735,True
15125,Alter Messeplatz,605114.0,695237,48.134636,11.546253,,,689437.5458138343,5334400.380031732,True
16575,Altöttinger Straße,,620594,48.126465,11.621819,1.0,,695090.0927588497,5333681.228032228,True
16576,Altöttinger Straße,620594.0,208953,48.12629,11.621631,,,695076.767797123,5333661.302343694,True
16577,Altöttinger Straße,620594.0,634241,48.126705,11.621981,,,695101.2367822903,5333708.3116107145,True
16952,Am Ausbesserungswerk,,308665,48.196884,11.604069,1.0,,693504.2245661513,5341462.465721634,True
16953,Am Ausbesserungswerk,308665.0,288936,48.196934,11.60397,,,693496.6802055448,5341467.773183227,True
16954,Am Ausbesserungswerk,308665.0,644063,48.19689,11.604158,,,693510.8149021956,5341463.356748394,True
17012,Am Blütenanger,,609148,48.20177,11.50644,1.0,,686232.3712425288,5341764.1626534285,True
17013,Am Blütenanger,609148.0,210011,48.201847,11.506251,,,686218.0500014412,5341772.262062197,True
17014,Am Blütenanger,609148.0,343579,48.201687,11.506691,,,686251.3206651984,5341755.546785167,True
17109,Am Durchblick,,191571,48.161003,11.478259,1.0,,684284.7667093109,5337165.461511101,True
17110,Am Durchblick,191571.0,238202,48.161057,11.478295,,,684287.2499870931,5337171.549256833,True
17111,Am Durchblick,191571.0,692441,48.16094,11.478179,,,684279.0440319491,5337158.268035743,True
17223,Am Gasteig,,381903,48.132816,11.591501,1.0,,692810.5024311241,5334310.581903409,True
17224,Am Gasteig,381903.0,126959,48.132862,11.591465,,,692807.6518796473,5334315.603893018,True
17225,Am Gasteig,381903.0,411578,48.132774,11.591528,,,692812.6684425137,5334305.981891245,True
17305,Am Hain,,186240,48.083244,11.680255,1.0,,699605.36826791,5329027.775587638,True
17306,Am Hain,186240.0,436109,48.08333,11.680201,,,699601.0141357719,5329037.193078117,True
17307,Am Hain,186240.0,454533,48.08317,11.680291,,,699608.335553009,5329019.645020785,True
17308,Am Hain,186240.0,474739,48.08366,11.676787,,,699345.5092171713,5329065.01728879,True
17326,Am Harras,,464939,48.117016,11.539659,1.0,,689011.6708876276,5332425.930398475,True
17327,Am Harras,464939.0,208459,48.116924,11.539264,,,688982.6130566262,5332414.735221356,True
17328,Am Harras,464939.0,403555,48.1172,11.540189,,,689050.4374180615,5332447.682091777,True
17329,Am Harras,464939.0,437560,48.116177,11.540037,,,689042.8807462357,5332333.616005818,True
17330,Am Harras,464939.0,526644,48.11746,11.540207,,,689050.8225425303,5332476.621787886,True
17331,Am Hart,,291649,48.19671,11.571828,1.0,,691109.2738487417,5341362.41247048,True
17332,Am Hart,291649.0,101968,48.19595,11.571765,,,691107.4207751729,5341277.791398648,True
17333,Am Hart,291649.0,319559,48.19704,11.57172,,,691100.0211535291,5341398.819091016,True
17334,Am Hart,291649.0,41326,48.19595,11.571864,,,691114.7769017019,5341278.037699206,True
17335,Am Hart,291649.0,487647,48.196915,11.571864,,,691111.1859055304,5341385.28517994,True
17336,Am Hart,291649.0,60540,48.19719,11.571765,,,691102.8066059549,5341415.601636796,True
17337,Am Hart,291649.0,96581,48.19676,11.57172,,,691101.0630498697,5341367.700648586,True
17338,Am Hart Süd,,176350,48.195034,11.572133,1.0,,691138.1737222056,5341176.905250076,True
17339,Am Hart Süd,176350.0,303670,48.194973,11.572071,,,691133.793781733,5341169.971610478,True
17340,Am Hart Süd,176350.0,422585,48.1951,11.572205,,,691143.2780986461,5341184.419462351,True
17362,Am Hedernfeld,,472235,48.11988,11.46907,1.0,,683748.2898162932,5332573.168578546,True
17363,Am Hedernfeld,472235.0,105487,48.11988,11.46907,,1,683748.2898162932,5332573.168578546,True
17364,Am Hedernfeld Nord,,165032,48.121853,11.472196,1.0,,683973.8625166432,5332799.914959923,True
17365,Am Hedernfeld Nord,165032.0,143676,48.121853,11.472196,,1,683973.8625166432,5332799.914959923,True
17408,Am Hochacker,,101793,48.105556,11.667768,1.0,,698589.5121298728,5331475.098834936,True
17409,Am Hochacker,101793.0,209095,48.105766,11.667606,,,698576.644307967,5331498.018951707,True
17410,Am Hochacker,101793.0,327889,48.10546,11.66828,,,698627.9927287202,5331465.751843099,True
17411,Am Hochacker,101793.0,444090,48.10591,11.668361,,,698632.2869593092,5331515.971733463,True
17412,Am Hochacker,101793.0,642760,48.105038,11.66731,,,698557.417463421,5331416.348605383,True
17523,Am Knie,,102606,48.14546,11.470893,1.0,,683792.5921391256,5335420.415916897,True
17524,Am Knie,102606.0,20402,48.14535,11.471046,,,683804.3649369788,5335408.556575096,True
17525,Am Knie,102606.0,443629,48.145493,11.470723,,,683779.8299995287,5335423.677061278,True
17526,Am Knie,102606.0,509951,48.14544,11.471019,,,683802.0352187817,5335418.494393761,True
17527,Am Knie,102606.0,612794,48.145588,11.470363,,,683752.7146408656,5335433.3746179305,True
17619,Am Lokschuppen,,122493,48.14072,11.524253,1.0,,687778.6931035884,5335022.569219748,True
17620,Am Lokschuppen,122493.0,165643,48.140823,11.524801,,,687819.0799137517,5335035.354866836,True
17621,Am Lokschuppen,122493.0,479873,48.14082,11.52357,,,687727.5236288133,5335032.01501213,True
17622,Am Lokschuppen,122493.0,604704,48.140644,11.524918,,,687828.4362470317,5335015.747191337,True
17623,Am Lokschuppen,122493.0,93760,48.140728,11.52287,,,687675.7900534582,5335020.081479052,True
17643,Am Messesee,,586967,48.135517,11.690262,1.0,,700147.3495471675,5334863.131595582,True
17644,Am Messesee,586967.0,133426,48.135532,11.689669,,,700103.1773395143,5334863.255089949,True
17645,Am Messesee,586967.0,236499,48.13518,11.690181,,,700142.6344304029,5334825.468180368,True
17646,Am Messesee,586967.0,439123,48.135822,11.690334,,,700151.5195156189,5334897.215262598,True
17676,Am Münchfeld,,549298,48.19745,11.462629,1.0,,682992.7632366614,5341178.753561135,True
17677,Am Münchfeld,549298.0,121808,48.197582,11.46279,,,683004.2556341885,5341193.807357953,True
17678,Am Münchfeld,549298.0,461961,48.197323,11.462422,,,682977.8350237133,5341164.145910825,True
17679,Am Münchner Tor,,177625,48.176136,11.588312,1.0,,692411.1258665253,5339117.022383098,True
17680,Am Münchner Tor,177625.0,265367,48.176125,11.58824,,,692405.8150792138,5339115.619588786,True
17681,Am Münchner Tor,177625.0,669802,48.176155,11.588366,,,692415.0687080452,5339119.2692028405,True
17688,Am Neubruch,,252945,48.194553,11.492264,1.0,,685205.1711181691,5340927.806499751,True
17690,Am Neubruch,252945.0,565271,48.194553,11.492264,,1,685205.1711181691,5340927.806499751,True
18260,Am Ährenfeld,,256337,48.11993,11.478295,1.0,,684434.5894906309,5332600.805950739,True
18261,Am Ährenfeld,256337.0,151162,48.120296,11.478206,,,684426.6558168161,5332641.268661087,True
18262,Am Ährenfeld,256337.0,461382,48.120182,11.478565,,,684453.7789144452,5332629.459966352,True
18263,Am Ährenfeld,256337.0,640969,48.119747,11.478673,,,684463.3738302314,5332581.374407942,True
18267,Amalienburgstraße,,6591,48.165665,11.493279,1.0,,685384.7766897578,5337719.7059292,True
18268,Amalienburgstraße,6591.0,322715,48.165356,11.494402,,,685469.3848829617,5337688.073843752,True
18269,Amalienburgstraße,6591.0,335669,48.165745,11.4931,,,685371.1798466118,5337728.165180649,True
18270,Amalienburgstraße,6591.0,368172,48.16541,11.494402,,,685469.1900901851,5337694.07527059,True
18271,Amalienburgstraße,6591.0,371161,48.165787,11.494097,,,685445.1538572272,5337735.238141525,True
18272,Amalienburgstraße,6591.0,631948,48.16573,11.494061,,,685442.6828996115,5337728.816437659,True
18286,Amalienstraße,,56389,48.147747,11.576454,1.0,,691635.4594258338,5335932.337459127,True
18291,Amalienstraße,56389.0,143293,48.147747,11.576454,,1,691635.4594258338,5335932.337459127,True
19073,Ammerseestraße,,87661,48.12583,11.502819,1.0,,686238.1991403576,5333315.613317484,True
19074,Ammerseestraße,87661.0,118,48.126087,11.502316,,,686199.8433583858,5333342.9574823,True
19075,Ammerseestraße,87661.0,454814,48.124893,11.502828,,,686242.2581011171,5333211.499907358,True
19076,Ammerseestraße,87661.0,480793,48.126163,11.501831,,,686163.4817034679,5333350.229699464,True
19077,Ammerseestraße,87661.0,567525,48.12661,11.502577,,,686217.3716656928,5333401.714025788,True
19251,Ampfingstraße,,391445,48.130974,11.615711,1.0,,694618.5821831052,5334166.861553151,True
19252,Ampfingstraße,391445.0,1123,48.13108,11.615253,,,694584.1071528138,5334177.482843541,True
19253,Ampfingstraße,391445.0,551228,48.130398,11.615235,,,694585.346051436,5334101.642642902,True
19254,Ampfingstraße,391445.0,6250,48.130817,11.616429,,,694672.5937724949,5334151.230755431,True
19255,"Ampfingstraße, München",391445.0,216391,48.130367,11.615162,,,694580.0321098256,5334098.012702308,True
19256,"Ampfingstraße, München",391445.0,695123,48.130142,11.61563,,,694615.7014877426,5334074.191520489,True
19260,Amphionpark,,95136,48.173443,11.51501,1.0,,686972.1547061267,5338636.778979961,True
19261,Amphionpark,95136.0,432121,48.173485,11.51474,,,686951.9308827036,5338640.78985587,True
19262,Amphionpark,95136.0,631174,48.173405,11.515324,,,686995.6348520068,5338633.319792993,True
19328,Amsterdamer Straße,,583337,48.16956,11.59937,1.0,,693257.8223614241,5338413.936793109,True
19331,Amsterdamer Straße,583337.0,335439,48.16956,11.59937,,1,693257.8223614241,5338413.936793109,True
19686,An der Point,,415168,48.140865,11.68542,1.0,,699766.3861944441,5335444.889675325,True
19687,An der Point,415168.0,15442,48.140873,11.685627,,,699781.7524818223,5335446.316661177,True
19688,An der Point,415168.0,266646,48.140865,11.685204,,,699750.3193957047,5335444.328429166,True
20025,Andernacher Straße,,532624,48.18546,11.524433,1.0,,687628.7536882628,5339995.287970595,True
20026,Andernacher Straße,532624.0,173491,48.18563,11.524514,,,687634.1527477789,5340014.379170436,True
20027,Andernacher Straße,532624.0,27386,48.18525,11.524325,,,687621.4940152804,5339971.685340422,True
20112,Andreas-Vöst-Straße,,432182,48.121735,11.502559,1.0,,686233.663933104,5332859.878493377,True
20113,Andreas-Vöst-Straße,432182.0,598986,48.121735,11.502757,,,686248.3975446002,5332860.357970664,True
20114,Andreas-Vöst-Straße,432182.0,73356,48.12143,11.502397,,,686222.7121460021,5332825.589507132,True
20243,Angerlohstraße,,325695,48.18908,11.472528,1.0,,683758.2276007391,5340272.155229548,True
20244,Angerlohstraße,325695.0,688381,48.189034,11.472376,,,683747.0962669959,5340266.679333985,True
20245,Angerlohstraße,325695.0,76793,48.1891,11.472717,,,683772.2015699783,5340274.8300592145,True
20450,Anhalter Platz,,669742,48.186848,11.562279,1.0,,690436.3114869015,5340242.663650409,True
20453,Anhalter Platz,669742.0,329371,48.186974,11.561767,,,690397.7939354818,5340255.3979554465,True
20454,Anhalter Platz,669742.0,484813,48.186596,11.562486,,,690452.6294065418,5340215.170189045,True
20455,Anhalter Platz,669742.0,629064,48.186428,11.56227,,,690437.1994725625,5340195.963706919,True
20456,Anhalter Platz,669742.0,99383,48.186733,11.561982,,,690414.6654049734,5340229.146726561,True
20907,Anneliese-Fleyenschmidt-Straße,,29283,48.101185,11.616905,1.0,,694820.0662884617,5330859.265638065,True
20908,Anneliese-Fleyenschmidt-Straße,29283.0,284851,48.101257,11.616896,,,694819.1241008579,5330867.244593226,True
20909,Anneliese-Fleyenschmidt-Straße,29283.0,627939,48.10112,11.616923,,,694821.6519835115,5330852.087423104,True
20911,Annemarie-Renger-Straße,,432692,48.144875,11.406592,1.0,,679012.0321607345,5335203.683231679,True
20912,Annemarie-Renger-Straße,432692.0,497315,48.14493,11.4067,,,679019.8737673735,5335210.047289318,True
20913,Annemarie-Renger-Straße,432692.0,595211,48.144802,11.406457,,,679002.2449129778,5335195.25583891,True
20946,Anni-Albers-Straße,,582167,48.179756,11.58921,1.0,,692464.3189099424,5339521.586742991,True
20947,Anni-Albers-Straße,582167.0,375290,48.178894,11.589821,,,692512.9623633935,5339427.317448956,True
20948,Anni-Albers-Straße,582167.0,578961,48.17979,11.589291,,,692470.2121025894,5339525.568295344,True
20949,Anni-Albers-Straße,582167.0,609662,48.179718,11.589139,,,692459.1839673189,5339517.185697672,True
20950,Anni-Albers-Straße,582167.0,671242,48.177944,11.591294,,,692626.0097235912,5339325.429107263,True
21517,Anton-Ditt-Bogen,,526135,48.191536,11.582248,1.0,,691902.8437343198,5340813.365251003,True
21518,Anton-Ditt-Bogen,526135.0,223938,48.191555,11.582159,,,691896.1591064003,5340815.254535113,True
21519,Anton-Ditt-Bogen,526135.0,616920,48.19192,11.582329,,,691907.4282249302,5340856.244245514,True
21537,Anton-Will-Straße,,63640,48.205692,11.586246,1.0,,692146.9630003149,5342396.618042039,True
21538,Anton-Will-Straße,63640.0,341813,48.20532,11.585958,,,692126.959545328,5342354.554501907,True
21539,Anton-Will-Straße,63640.0,604946,48.205967,11.586506,,,692165.2491008062,5342427.831288442,True
21704,Anzinger Straße,,398968,48.12122,11.605641,1.0,,693906.126464187,5333057.403906554,True
21705,Anzinger Straße,398968.0,246031,48.121273,11.605641,,,693905.926882022,5333063.294103774,True
21706,Anzinger Straße,398968.0,481325,48.121147,11.605614,,,693904.3922257528,5333049.222916861,True
22189,Appenzeller Straße,,326037,48.093044,11.475412,1.0,,684316.2078044731,5329605.8730767695,True
22190,Appenzeller Straße,326037.0,657652,48.093044,11.475412,,2,684316.2078044731,5329605.8730767695,True
22222,Arabellapark,,397579,48.15328,11.620427,1.0,,694884.9407612908,5336657.807744356,True
22223,Arabellapark,397579.0,155058,48.153515,11.622062,,,695005.6378322374,5336688.071381258,True
22224,Arabellapark,397579.0,214807,48.153217,11.619897,,,694845.7655546742,5336649.462549961,True
22225,Arabellapark,397579.0,348558,48.15358,11.622035,,,695003.3835275965,5336695.226732417,True
22226,Arabellapark,397579.0,368597,48.153316,11.620786,,,694911.501653782,5336662.718910379,True
22227,Arabellapark,397579.0,398155,48.15331,11.620184,,,694866.7562161265,5336660.525759453,True
22228,Arabellapark,397579.0,431639,48.153214,11.62049,,,694889.8758861193,5336650.632489726,True
22229,Arabellapark,397579.0,98690,48.153214,11.620804,,,694913.2267714541,5336651.428667027,True
22230,Arabellapark Nord,,506199,48.153683,11.620768,1.0,,694908.7723181356,5336703.460233572,True
22231,Arabellapark Nord,506199.0,393033,48.153816,11.620948,,,694921.6540111818,5336718.6977848215,True
22232,Arabellapark Nord,506199.0,465139,48.15355,11.620598,,,694896.6342084156,5336688.248068922,True
22233,Arabellapark/Klinikum Bogenh.,,463003,48.15375,11.623373,1.0,,695102.2394834183,5336717.51516305,True
22234,Arabellapark/Klinikum Bogenh.,463003.0,276154,48.15371,11.623742,,,695129.8319520857,5336714.006391684,True
22235,Arabellapark/Klinikum Bogenh.,463003.0,604994,48.15379,11.623742,,,695129.5284451451,5336722.897281486,True
22236,Arabellapark/Klinikum Bogenh.,463003.0,85639,48.15361,11.623571,,,695117.4948716601,5336702.45869472,True
22237,Arabellapark/Klinikum Bogenh.,463003.0,90707,48.15389,11.62296,,,695070.9957242724,5336732.026014259,True
22238,Arabellastraße,,444765,48.15354,11.618585,1.0,,694746.9745271981,5336682.034616227,True
22239,Arabellastraße,444765.0,108862,48.153584,11.618576,,,694746.1386391678,5336686.901805379,True
22240,Arabellastraße,444765.0,179540,48.15359,11.617022,,,694630.5521655084,5336683.632598292,True
22241,Arabellastraße,444765.0,181634,48.15397,11.616887,,,694619.0749547249,5336725.522528203,True
22242,Arabellastraße,444765.0,222034,48.153496,11.618585,,,694747.1411269208,5336677.144624785,True
22309,Arcisstraße,,510231,48.151768,11.570705,1.0,,691192.9374041957,5336364.902277984,True
22310,Arcisstraße,510231.0,389315,48.151733,11.57093,,,691209.8003740958,5336361.572149147,True
22311,Arcisstraße,510231.0,470140,48.151768,11.570516,,,691178.8817969161,5336364.432208046,True
24666,Aschenbrennerstraße,,658532,48.219975,11.561138,1.0,,690228.7428528356,5343921.487934176,True
24667,Aschenbrennerstraße,658532.0,219676,48.220028,11.560662,,,690193.1940980012,5343926.199144432,True
24668,Aschenbrennerstraße,658532.0,506789,48.219963,11.560716,,,690197.4455710972,5343919.108941394,True
25008,Aschheimer Straße,,476200,48.120956,11.612953,1.0,,694451.2258024429,5333046.526219562,True
25009,Aschheimer Straße,476200.0,21399,48.121494,11.613124,,,694461.9185875538,5333106.749619284,True
25010,Aschheimer Straße,476200.0,89295,48.120396,11.612612,,,694427.965523121,5332983.428069072,True
25203,Asmarstraße,,317779,48.17255,11.407086,1.0,,678952.4524496404,5338280.583889306,True
25204,Asmarstraße,317779.0,311751,48.171974,11.407113,,,678956.4648324314,5338216.631019715,True
25205,Asmarstraße,317779.0,33367,48.172997,11.407194,,,678958.9248832555,5338330.514267735,True
25447,Astallerstraße,,222106,48.135532,11.530497,1.0,,688262.1277458388,5334461.260538167,True
25448,Astallerstraße,222106.0,688002,48.135586,11.530335,,,688249.8787256669,5334466.865286956,True
25449,Astallerstraße,222106.0,691952,48.135483,11.530649,,,688273.6145796685,5334456.187012706,True
26029,Aubing,,105644,48.155964,11.413203,1.0,,679465.064973477,5336451.506791023,True
26030,Aubing,105644.0,187158,48.156197,11.414129,,,679533.1119872644,5336479.564275719,True
26031,Aubing,105644.0,283718,48.153854,11.413751,,,679513.1797881556,5336218.284928497,True
26032,Aubing,105644.0,366761,48.153793,11.413805,,,679517.4084530995,5336211.631607609,True
26033,"Aubing, München",105644.0,101753,48.15385,11.413957,,,679528.5131948377,5336218.32144827,True
26034,Aubing-Ost-Straße,,277104,48.15587,11.417749,1.0,,679803.4485888081,5336451.68314669,True
26035,Aubing-Ost-Straße,277104.0,481423,48.155914,11.417704,,,679799.9484285016,5336456.467965843,True
26036,Aubing-Ost-Straße,277104.0,69337,48.15583,11.417713,,,679800.9113392408,5336447.15341802,True
26037,Aubinger Allee,,284051,48.14619,11.405846,1.0,,678951.9716585935,5335348.093053687,True
26038,Aubinger Allee,284051.0,119097,48.146362,11.405819,,,678949.3652546039,5335367.1459505595,True
26039,Aubinger Allee,284051.0,525553,48.145985,11.405819,,,678950.6764556101,5335325.246911774,True
26371,Auenbruggerstraße,,638349,48.181156,11.449729,1.0,,682092.0011997895,5339337.216692831,True
26372,Auenbruggerstraße,638349.0,227750,48.181313,11.449594,,,682081.4108249316,5339354.345476417,True
26373,Auenbruggerstraße,638349.0,412329,48.18104,11.449415,,,682069.0736687953,5339323.58059391,True
26726,Auerfeldstraße,,62870,48.123642,11.596262,1.0,,693199.1255996551,5333302.969762346,True
26727,Auerfeldstraße,62870.0,381078,48.12351,11.596038,,,693182.9532775633,5333287.737098578,True
26728,Auerfeldstraße,62870.0,516249,48.123833,11.596478,,,693214.4811626008,5333324.7393941535,True
27880,August-Everding-Straße,,164526,48.12554,11.609988,1.0,,694213.3010250903,5333548.4800518975,True
27881,August-Everding-Straße,164526.0,10387,48.1258,11.609755,,,694194.9837287101,5333576.786942377,True
27882,August-Everding-Straße,164526.0,614970,48.12532,11.61024,,,694232.8813096375,5333524.666638557,True
28012,Augustenfelder Straße,,317684,48.20062,11.443998,1.0,,681597.2165068462,5341486.849175726,True
28013,Augustenfelder Straße,317684.0,343364,48.20062,11.443998,,,681597.2165068462,5341486.849175726,True
28028,Augustenstraße,,239821,48.15312,11.565908,1.0,,690831.1766614034,5336503.238923945,True
28029,Augustenstraße,239821.0,419271,48.153206,11.565872,,,690828.1804097187,5336512.707305563,True
28030,Augustenstraße,239821.0,557287,48.153046,11.565953,,,690834.7976983439,5336495.126527306,True
28112,Augustin-Rösch-Straße,,201213,48.201275,11.564183,1.0,,690524.2882887975,5341850.763081237,True
28113,Augustin-Rösch-Straße,201213.0,318505,48.20154,11.564022,,,690511.3433337545,5341879.815163879,True
28114,Augustin-Rösch-Straße,201213.0,403340,48.20155,11.56439,,,690538.6472503094,5341881.839348272,True
28115,Augustin-Rösch-Straße,201213.0,510862,48.201218,11.563608,,,690481.7791624351,5341843.0021529095,True
28116,Augustin-Rösch-Straße,201213.0,633339,48.201344,11.563492,,,690472.6933578211,5341856.717810343,True
28552,Aurbacherstraße,,175433,48.12244,11.590603,1.0,,692782.5462572125,5333155.182966125,True
28553,Aurbacherstraße,175433.0,561561,48.122395,11.589965,,,692735.2407266825,5333148.582713875,True
28554,Aurbacherstraße,175433.0,601379,48.122417,11.590827,,,692799.3003531186,5333153.188384043,True
28658,Aurikelstraße,,47986,48.10818,11.491007,1.0,,685422.8451559409,5331325.51096444,True
28659,Aurikelstraße,47986.0,206930,48.108036,11.491043,,,685426.0429813331,5331309.594061656,True
28660,Aurikelstraße,47986.0,355979,48.10834,11.491025,,,685423.6090671858,5331343.33621879,True
28806,Authariplatz,,162430,48.092026,11.562575,1.0,,690809.5732444219,5329705.213293089,True
28807,Authariplatz,162430.0,246014,48.09179,11.562414,,,690798.4595652572,5329678.5860012425,True
28808,Authariplatz,162430.0,537563,48.09224,11.562692,,,690817.4922560427,5329729.286501268,True
28809,Autharistraße,,238049,48.090405,11.563851,1.0,,690910.5808794859,5329528.227449836,True
28810,Autharistraße,238049.0,222870,48.09044,11.56412,,,690930.4802096344,5329532.784670283,True
28811,Autharistraße,238049.0,451014,48.090057,11.562998,,,690848.3573191396,5329487.436131773,True
28917,Avenariusplatz,,75043,48.14215,11.450268,1.0,,682270.2682654355,5335003.449972488,True
28918,Avenariusplatz,75043.0,1107,48.142063,11.450286,,,682271.9153221913,5334993.823676161,True
28919,Avenariusplatz,75043.0,583997,48.142124,11.450106,,,682258.3103137983,5335000.176359381,True
30847,BMW-FIZ,,155214,48.19352,11.570579,1.0,,691028.3337079321,5341004.777935259,True
30848,BMW-FIZ,155214.0,283755,48.193565,11.570534,,,691024.8224938281,5341009.667210644,True
30849,BMW-FIZ,155214.0,441238,48.19348,11.570759,,,691041.8578970295,5341000.78006896,True
31464,Baaderstraße,,567831,48.129997,11.578413,1.0,,691847.318561315,5333964.552948388,True
31469,Baaderstraße,567831.0,124823,48.129917,11.578386,,,691845.6079103727,5333955.594690933,True
31470,Baaderstraße,567831.0,540546,48.13007,11.57844,,,691849.0552936754,5333972.733253259,True
34276,Bad Forstenried,,251169,48.08699,11.499532,1.0,,686133.8901023292,5328991.114463922,True
34277,Bad Forstenried,251169.0,20915,48.08695,11.499801,,,686154.0649259415,5328987.319730839,True
34278,Bad Forstenried,251169.0,253035,48.087055,11.499271,,,686114.2207620767,5328997.70702277,True
37143,Bad Maria Einsiedel,,110380,48.096764,11.547097,1.0,,689639.728246178,5330193.507160805,True
37144,Bad Maria Einsiedel,110380.0,563314,48.096764,11.547097,,1,689639.728246178,5330193.507160805,True
42129,Bad-Schachener-Straße,,254286,48.119904,11.624379,1.0,,695305.453883152,5332958.564927735,True
42130,Bad-Schachener-Straße,254286.0,620811,48.11992,11.624676,,,695327.4941684452,5332961.097381662,True
42131,Bad-Schachener-Straße,254286.0,628965,48.11985,11.624173,,,695290.3293777985,5332952.0404819455,True
44065,Bahnstraße,,298368,48.11553,11.695212,1.0,,700593.4458754103,5332654.774332197,True
44066,Bahnstraße,298368.0,204382,48.11516,11.695724,,,700632.9902810941,5332614.989973012,True
44067,Bahnstraße,298368.0,44713,48.115833,11.694834,,,700564.1351335087,5332687.462357653,True
44236,Baierbrunner Straße,,532593,48.092403,11.530065,1.0,,688387.6672568695,5329667.00131062,True
44237,Baierbrunner Straße,532593.0,554516,48.09233,11.530137,,,688393.2947761497,5329659.064667401,True
44238,Baierbrunner Straße,532593.0,675398,48.09236,11.529949,,,688379.187686673,5329661.938449694,True
44455,Bajuwarenstraße,,616569,48.123833,11.666825,1.0,,698448.8838578385,5333503.881008832,True
44459,Bajuwarenstraße,616569.0,125579,48.12352,11.667346,,,698488.8571335623,5333470.440314082,True
44460,Bajuwarenstraße,616569.0,156023,48.123245,11.666394,,,698419.0799695664,5333437.421329005,True
44461,Bajuwarenstraße,616569.0,396104,48.123264,11.666232,,,698406.9525026134,5333439.114917694,True
44462,Bajuwarenstraße,616569.0,561900,48.123642,11.667427,,,698494.4138861983,5333484.207887051,True
44513,Balanstraße,,203448,48.10859,11.60406,1.0,,693836.007801293,5331649.774768286,True
44514,Balanstraße,203448.0,173104,48.10821,11.603934,,,693828.0592885404,5331607.225727806,True
44515,Balanstraße,203448.0,238359,48.10854,11.603314,,,693780.670680721,5331642.338368529,True
44516,Balanstraße,203448.0,423049,48.108536,11.604814,,,693892.3316843489,5331645.67376866,True
44517,Balanstraße,203448.0,519590,48.109074,11.604149,,,693840.8109236059,5331703.788688027,True
44535,Baldeplatz,,536889,48.12335,11.56713,1.0,,691032.5281215709,5333197.741933441,True
44536,Baldeplatz,536889.0,433788,48.123425,11.567076,,,691028.2317596001,5333205.94301138,True
44537,Baldeplatz,536889.0,521599,48.123238,11.567022,,,691024.9074157847,5333185.026408839,True
44538,Baldeplatz,536889.0,647950,48.12378,11.567022,,,691022.8966186811,5333245.262228497,True
44539,Baldeplatz,536889.0,694649,48.122814,11.56695,,,691021.1228902376,5333137.725822563,True
45897,Barbarastraße,,450405,48.161423,11.557742,1.0,,690193.1920592369,5337405.767463563,True
45898,Barbarastraße,450405.0,268299,48.16138,11.557599,,,690182.7184172693,5337400.634721898,True
45899,Barbarastraße,450405.0,676525,48.161472,11.557599,,,690182.378151974,5337410.85931468,True
46727,Barlachstraße,,109851,48.17752,11.575736,1.0,,691471.1584583125,5339239.4215216935,True
46728,Barlachstraße,109851.0,607275,48.17752,11.575736,,1,691471.1584583125,5339239.4215216935,True
47542,Barthstraße,,392233,48.14029,11.530227,1.0,,688224.6392569958,5334989.388240273,True
47543,Barthstraße,392233.0,510739,48.14032,11.530443,,,688240.5967113521,5334993.251164094,True
47544,Barthstraße,392233.0,616718,48.140274,11.530011,,,688208.6305802721,5334987.081276844,True
47859,Basler Straße,,34978,48.091225,11.491141,1.0,,685493.8370171763,5329441.514138714,True
47860,Basler Straße,34978.0,8765,48.091244,11.491096,,,685490.4181129812,5329443.517248608,True
48048,Bastian-Schmid-Platz,,4842,48.0851,11.51324,1.0,,687161.4814916549,5328814.316398538,True
48049,Bastian-Schmid-Platz,4842.0,529422,48.08514,11.513321,,,687167.367962298,5328818.958852876,True
48050,Bastian-Schmid-Platz,4842.0,650324,48.085052,11.513168,,,687156.294236612,5328808.806750782,True
48086,Batschkastraße,,56325,48.11455,11.667391,1.0,,698526.7841127502,5332473.674038474,True
48087,Batschkastraße,56325.0,127237,48.114147,11.667166,,,698511.5925536726,5332428.305836367,True
48088,Batschkastraße,56325.0,284413,48.114883,11.667535,,,698536.2171439212,5332511.053737195,True
48215,Baubergerstraße,,689841,48.177097,11.506008,1.0,,686289.725954023,5339021.012304166,True
48216,Baubergerstraße,689841.0,174074,48.177097,11.506008,,,686289.725954023,5339021.012304166,True
48217,Baubergerstraße,689841.0,200992,48.176556,11.505559,,,686258.3114983301,5338959.798428861,True
48424,Baumgartnerstraße,,54679,48.12614,11.536039,1.0,,688708.8352437759,5333431.049689235,True
48425,Baumgartnerstraße,54679.0,271904,48.12594,11.535554,,,688673.4814424032,5333407.632356679,True
48426,Baumgartnerstraße,54679.0,414346,48.126682,11.535761,,,688686.1641132545,5333490.6035465365,True
48427,Baumgartnerstraße,54679.0,563006,48.125732,11.536165,,,688719.7058541155,5333386.015185321,True
48463,Baumkirchner Platz,,13452,48.13094,11.63197,1.0,,695828.349364855,5334204.363009372,True
48464,Baumkirchner Platz,13452.0,105181,48.130962,11.631862,,,695820.2306832897,5334206.532947842,True
48465,Baumkirchner Platz,13452.0,610242,48.13092,11.632051,,,695834.4516962062,5334202.34658805,True
48466,Baumkirchner Straße,,294230,48.12838,11.630254,1.0,,695710.4149705082,5333915.486794141,True
48467,Baumkirchner Straße,294230.0,319904,48.12833,11.631045,,,695769.4569037103,5333911.943523183,True
48468,Baumkirchner Straße,294230.0,353236,48.128506,11.629985,,,695689.9219263014,5333928.80528021,True
48469,Baumkirchner Straße,294230.0,377829,48.127914,11.631629,,,695814.4899148515,5333867.198069099,True
48470,Baumkirchner Straße,294230.0,687623,48.128407,11.629994,,,695690.9678761804,5333917.825752551,True
48816,Bauseweinallee,,445393,48.174854,11.47278,1.0,,683827.8400328499,5338691.708856761,True
48817,Bauseweinallee,445393.0,164021,48.174854,11.47278,,1,683827.8400328499,5338691.708856761,True
49212,Bayerischer Rundfunk,,666847,48.19011,11.627443,1.0,,695266.727012171,5340768.77204915,True
49213,Bayerischer Rundfunk,666847.0,552889,48.19011,11.627443,,1,695266.727012171,5340768.77204915,True
49236,Bayerwaldstraße,,313103,48.088478,11.628215,1.0,,695710.2414098303,5329475.775221053,True
49237,Bayerwaldstraße,313103.0,31004,48.088303,11.628134,,,695704.874538953,5329456.120558259,True
49238,Bayerwaldstraße,313103.0,398247,48.088604,11.628296,,,695715.7942675287,5329489.984271598,True
51642,Beethovenplatz,,100264,48.133167,11.55803,1.0,,690319.106293234,5334266.202893776,True
51643,Beethovenplatz,100264.0,401391,48.133133,11.557967,,,690314.5451019857,5334262.268323573,True
51644,Beethovenplatz,100264.0,468785,48.133217,11.558075,,,690322.2692025404,5334271.871097419,True
52795,Bellinzonastraße,,121316,48.093372,11.481233,1.0,,684748.4279273212,5329656.286300197,True
52796,Bellinzonastraße,121316.0,213292,48.093235,11.481278,,,684752.2693618655,5329641.168648242,True
52797,Bellinzonastraße,121316.0,500093,48.093582,11.481152,,,684741.6445628039,5329679.430482976,True
53037,Benderstraße,,240663,48.172382,11.46456,1.0,,683225.6136673198,5338397.344903306,True
53038,Benderstraße,240663.0,362874,48.172382,11.46456,,1,683225.6136673198,5338397.344903306,True
53263,Benedikterstraße,,555934,48.140373,11.468387,1.0,,683624.35292524,5334849.072022025,True
53264,Benedikterstraße,555934.0,342722,48.14038,11.468845,,,683658.3964658709,5334850.943897894,True
53265,Benedikterstraße,555934.0,630999,48.140404,11.467866,,,683585.4875284632,5334851.273140734,True
54242,Berduxstraße,,640110,48.151768,11.480379,1.0,,684475.5213590163,5336144.191606688,True
54243,Berduxstraße,640110.0,620205,48.151695,11.480505,,,684485.1536410217,5336136.380948934,True
54617,Berg am Laim,,53578,48.135178,11.633408,1.0,,695919.201426288,5334679.0194250215,True
54618,Berg am Laim,53578.0,222922,48.1361,11.634144,,,695970.443064444,5334783.362268978,True
54619,Berg am Laim,53578.0,305501,48.13584,11.633641,,,695934.0144573379,5334753.18503033,True
54620,Berg am Laim,53578.0,623340,48.13566,11.6333,,,695909.3323329443,5334732.311662734,True
54621,Berg am Laim Bf. (Süd),,236909,48.133102,11.632635,1.0,,695869.5967733066,5334446.33222171,True
54622,Berg am Laim Bf. (Süd),236909.0,284772,48.132923,11.632356,,,695849.5216994022,5334425.7282395,True
54623,Berg am Laim Bf. (Süd),236909.0,399351,48.133083,11.633273,,,695917.1330457729,5334445.84608475,True
54624,Berg am Laim Bf. (Süd),236909.0,694345,48.133263,11.633066,,,695901.0481966519,5334465.323093517,True
54625,Berg am Laim Bf. (Süd),236909.0,82460,48.132748,11.632545,,,695864.248318373,5334406.760915366,True
54626,"Berg am Laim, München",53578.0,302655,48.132767,11.632391,,,695852.7191263852,5334408.480217977,True
54627,"Berg am Laim, München",53578.0,496123,48.136086,11.633815,,,695946.0218725753,5334780.967853234,True
55163,Berger-Kreuz-Straße,,278606,48.112934,11.626311,1.0,,695475.675214827,5332188.85851569,True
55164,Berger-Kreuz-Straße,278606.0,126218,48.113194,11.626293,,,695473.3488563858,5332217.707992141,True
55165,Berger-Kreuz-Straße,278606.0,461099,48.112648,11.626347,,,695479.4398977277,5332157.165265609,True
55203,Bergerwaldstraße,,12083,48.111095,11.656512,1.0,,697730.4149674242,5332061.677828787,True
55204,Bergerwaldstraße,12083.0,191505,48.111023,11.656647,,,697740.738957902,5332054.023158444,True
55205,Bergerwaldstraße,12083.0,356785,48.11117,11.656413,,,697722.7588427796,5332069.758465466,True
56717,Bergmannstraße,,408944,48.13493,11.537405,1.0,,688778.2358431723,5334411.29320906,True
56718,Bergmannstraße,408944.0,215795,48.134857,11.537396,,,688777.8340532752,5334403.158137079,True
56719,Bergmannstraße,408944.0,408762,48.135,11.537405,,,688777.979099279,5334419.0727749495,True
56917,Bergsonstraße,,663062,48.160007,11.415063,1.0,,679589.2622873501,5336905.182421151,True
56918,Bergsonstraße,663062.0,127911,48.1601,11.415395,,,679613.6241078523,5336916.294014892,True
56919,Bergsonstraße,663062.0,314712,48.159798,11.415054,,,679589.3229217167,5336881.933515653,True
56920,Bergsonstraße,663062.0,392188,48.15986,11.41518,,,679598.4754616474,5336889.118477515,True
56921,Bergsonstraße,663062.0,63054,48.160057,11.41465,,,679558.378133228,5336909.774472286,True
56995,Bergwachtstraße,,103672,48.21135,11.530514,1.0,,687985.8971551001,5342887.511674406,True
56996,Bergwachtstraße,103672.0,534019,48.211475,11.530461,,,687981.5024286804,5342901.274185179,True
56997,Bergwachtstraße,103672.0,681150,48.211224,11.530559,,,687989.7013024978,5342873.618446493,True
60886,Bernheimerstraße,,179017,48.17359,11.628494,1.0,,695407.644988149,5338935.468925282,True
60887,Bernheimerstraße,179017.0,267345,48.17354,11.628557,,,695412.5182762458,5338930.072317101,True
60888,Bernheimerstraße,179017.0,473742,48.173645,11.62844,,,695403.4217261135,5338941.44410579,True
61142,Bernsteinweg,,97390,48.200844,11.611812,1.0,,694064.5846909946,5341922.102503342,True
61143,Bernsteinweg,97390.0,464764,48.201183,11.611956,,,694074.0021724538,5341960.141771189,True
61144,Bernsteinweg,97390.0,64920,48.20066,11.611596,,,694049.231893332,5341901.107584599,True
61318,Bertha-von-Suttner-Weg,,665131,48.165077,11.452981,1.0,,682390.7551164869,5337557.939870583,True
61319,Bertha-von-Suttner-Weg,665131.0,389697,48.16514,11.452954,,,682388.5241957826,5337564.877485874,True
61320,Bertha-von-Suttner-Weg,665131.0,554866,48.165024,11.452981,,,682390.9431229713,5337552.049561346,True
62022,Betschartstraße,,442424,48.146027,11.446612,1.0,,681984.6115478337,5335425.6698765755,True
62023,Betschartstraße,442424.0,399936,48.146023,11.446172,,,681951.8996488317,5335424.183897162,True
62024,Betschartstraße,442424.0,471540,48.146076,11.447663,,,682062.6087748824,5335433.603975124,True
62025,Betschartstraße,442424.0,517905,48.146442,11.44654,,,681977.7885558611,5335471.621580996,True
65352,Bichlhofweg,,650172,48.169014,11.643352,1.0,,696529.6287010715,5338464.80046145,True
65353,Bichlhofweg,650172.0,579034,48.169014,11.643352,,1,696529.6287010715,5338464.80046145,True
67140,Bildungscampus Freiham,,650990,48.14128,11.403475,1.0,,678792.6824745294,5334796.889344457,True
67141,Bildungscampus Freiham,650990.0,250099,48.14122,11.403412,,,678788.2047050128,5334790.074569981,True
67142,Bildungscampus Freiham,650990.0,403304,48.14167,11.403502,,,678793.3358492986,5334840.295941472,True
67749,Bingener Straße,,277681,48.18199,11.521441,1.0,,687419.0455336609,5339602.338181526,True
67750,Bingener Straße,277681.0,158309,48.181892,11.521873,,,687451.5113712561,5339592.500542152,True
67751,Bingener Straße,277681.0,451816,48.182297,11.52137,,,687412.6487548215,5339636.284224749,True
67752,Bingener Straße,277681.0,84966,48.18269,11.521001,,,687383.7898706727,5339679.061298704,True
68673,Birkhahnweg,,251412,48.108646,11.693936,1.0,,700525.2847601973,5331886.395102127,True
68674,Birkhahnweg,251412.0,385966,48.10853,11.694448,,,700563.8445031159,5331874.838401908,True
68675,Birkhahnweg,251412.0,393216,48.108498,11.694259,,,700549.9018023509,5331870.789283663,True
69481,Bismarckstraße,,471652,48.162437,11.582195,1.0,,692007.5917864912,5337579.26066473,True
69488,Bismarckstraße,471652.0,35394,48.162437,11.582195,,1,692007.5917864912,5337579.26066473,True
71300,Bleibtreustraße,,383402,48.076145,11.514291,1.0,,687272.2617423527,5327821.650130776,True
71301,Bleibtreustraße,383402.0,333682,48.076218,11.514084,,,687256.5797504507,5327829.259385087,True
71302,Bleibtreustraße,383402.0,403451,48.076084,11.514533,,,687290.5069369129,5327815.459722398,True
72179,Blumenau,,515686,48.128204,11.474639,1.0,,684132.9378648673,5333511.5933221895,True
72182,Blumenau,515686.0,100168,48.128258,11.474253,,,684104.0252051551,5333516.670559727,True
72183,Blumenau,515686.0,342514,48.12779,11.47499,,,684160.5342179117,5333466.4230489945,True
72184,Blumenau,515686.0,45559,48.128098,11.474918,,,684154.0754576939,5333500.480863222,True
72288,Blumenstraße,,362116,48.133186,11.573957,1.0,,691503.9286383488,5334307.858785814,True
72292,Blumenstraße,362116.0,128883,48.133114,11.573858,,,691496.8313868342,5334299.610412602,True
72293,Blumenstraße,362116.0,21737,48.13328,11.574002,,,691506.9266817438,5334318.417672702,True
72365,Blutenburg,,691522,48.165222,11.456835,1.0,,682676.783883883,5337583.207949639,True
72366,Blutenburg,691522.0,136479,48.164516,11.456305,,,682639.886411526,5337503.485028641,True
72367,Blutenburg,691522.0,223032,48.165245,11.456323,,,682638.6352256178,5337584.547314733,True
72368,Blutenburg,691522.0,240667,48.165646,11.457248,,,682705.983558345,5337631.312119879,True
72369,Blutenburg,691522.0,533576,48.164917,11.457194,,,682704.5591485235,5337550.164240397,True
79178,Bonner Platz,,319622,48.166702,11.578152,1.0,,691691.0815221502,5338043.166266295,True
79179,Bonner Platz,319622.0,407142,48.166664,11.578143,,,691690.554088836,5338038.920620588,True
79180,Bonner Platz,319622.0,684821,48.166744,11.57817,,,691692.2631589941,5338047.8789080065,True
81422,Borstei,,310642,48.169674,11.533075,1.0,,688328.8645519658,5338262.014338782,True
81423,Borstei,310642.0,188045,48.16958,11.53329,,,688345.1926115135,5338252.094343612,True
81424,Borstei,310642.0,477664,48.169487,11.533281,,,688344.8642601488,5338241.736523345,True
81693,Boschbrücke,,411880,48.13094,11.582392,1.0,,692139.8352741787,5334079.289254595,True
81694,Boschbrücke,411880.0,204903,48.13065,11.582024,,,692113.5389836793,5334046.140289793,True
81695,Boschbrücke,411880.0,687437,48.13111,11.582545,,,692150.583637134,5334098.564723786,True
81813,Botanischer Garten,,288540,48.164467,11.502649,1.0,,686085.7591741255,5337609.207271418,True
81816,Botanischer Garten,288540.0,244068,48.164455,11.502379,,,686065.7280078825,5337607.219933794,True
81817,Botanischer Garten,288540.0,338415,48.164635,11.5022,,,686051.7679611935,5337626.791342275,True
81818,Botanischer Garten,288540.0,644109,48.164467,11.502927,,,686106.4285678354,5337609.880402011,True
81819,Botanischer Garten,288540.0,665094,48.164307,11.502981,,,686111.0226278281,5337592.2291725045,True
88506,Bremer Straße,,400577,48.189182,11.569888,1.0,,690993.1160213706,5340520.946563041,True
88513,Bremer Straße,400577.0,261875,48.189182,11.569888,,1,690993.1160213706,5340520.946563041,True
89677,Briefzentrum,,234107,48.14911,11.524262,1.0,,687748.7447355296,5335955.0300789615,True
89678,Briefzentrum,234107.0,95678,48.14909,11.524433,,,687761.5354176649,5335953.224982115,True
89690,Brienner Straße,,240761,48.14399,11.571612,1.0,,691289.3082672663,5335502.7386369,True
89691,Brienner Straße,240761.0,329556,48.14416,11.571235,,,691260.6352445068,5335520.693860684,True
89692,Brienner Straße,240761.0,664064,48.14379,11.572097,,,691326.1260447394,5335481.718227904,True
92066,Brudermühlstraße,,4990,48.112347,11.548678,1.0,,689700.0490595698,5331929.238810781,True
92067,Brudermühlstraße,4990.0,403798,48.112595,11.548795,,,689707.8434699749,5331957.089147882,True
92068,Brudermühlstraße,4990.0,428753,48.112198,11.54928,,,689745.4020558726,5331914.16438778,True
92069,Brudermühlstraße,4990.0,83711,48.112144,11.548193,,,689664.7001616595,5331905.48213582,True
92070,Brudermühlstraße,4990.0,97676,48.1126,11.548678,,,689699.1173175052,5331957.356269085,True
92340,Bruno-Walter-Ring,,425913,48.162315,11.6401,1.0,,696313.4440674116,5337711.987766648,True
92341,Bruno-Walter-Ring,425913.0,476734,48.162285,11.640055,,,696310.2127406196,5337708.538739001,True
95855,Bundesfinanzhof,,205022,48.14827,11.605533,1.0,,693796.2102447216,5336063.360565503,True
95856,Bundesfinanzhof,205022.0,399900,48.148155,11.605506,,,693794.6353876415,5336050.511834136,True
95857,Bundesfinanzhof,205022.0,436924,48.14843,11.605596,,,693800.2929924933,5336081.301185112,True
95925,Bunzlauer Platz,,228804,48.17918,11.507113,1.0,,686364.3090442556,5339255.191438845,True
95926,Bunzlauer Platz,228804.0,480480,48.179073,11.507122,,,686365.3660380216,5339243.32154074,True
95927,Bunzlauer Platz,228804.0,688715,48.17927,11.507131,,,686365.3205820754,5339265.237482911,True
96395,Burgauerstraße,,82334,48.13988,11.655003,1.0,,697507.6461892095,5335256.83170632,True
96396,Burgauerstraße,82334.0,346064,48.139923,11.654769,,,697490.0750795142,5335261.009415975,True
96397,Burgauerstraße,82334.0,50103,48.139797,11.654823,,,697494.5754506658,5335247.145045255,True
97087,Burghausener Straße,,660073,48.147285,11.529499,1.0,,688144.907273718,5335765.008643777,True
97088,Burghausener Straße,660073.0,361978,48.147213,11.529652,,,688156.5499776442,5335757.3812435595,True
97089,Burghausener Straße,660073.0,462365,48.147285,11.529661,,,688156.9560303158,5335765.405129476,True
100843,Böhmerwaldplatz,,234949,48.14351,11.615522,1.0,,694557.1229231744,5335559.583452462,True
100844,Böhmerwaldplatz,234949.0,179669,48.143085,11.615441,,,694552.7051550997,5335512.145648868,True
100845,Böhmerwaldplatz,234949.0,199537,48.142693,11.615396,,,694550.8402232212,5335468.466444251,True
100846,Böhmerwaldplatz,234949.0,302025,48.14354,11.615468,,,694552.9929680179,5335562.780876033,True
100847,Böhmerwaldplatz,234949.0,379781,48.143486,11.615594,,,694562.569034374,5335557.098402198,True
104189,Bürgerpark Oberföhring,,276369,48.16616,11.623391,1.0,,695056.4982409899,5338096.761358404,True
104190,Bürgerpark Oberföhring,276369.0,336139,48.165707,11.623059,,,695033.5334883748,5338045.574001822,True
104191,Bürgerpark Oberföhring,276369.0,465033,48.166588,11.623634,,,695072.9405715457,5338144.944496134,True
105744,Campingplatz Langwieder See,,290428,48.198353,11.411452,1.0,,679187.0088803642,5341158.469314533,True
105745,Campingplatz Langwieder See,290428.0,69406,48.198353,11.411452,,,679187.0088803642,5341158.469314533,True
105746,Campingplatz Obermenzing,,167624,48.17507,11.446594,1.0,,681880.5245694803,5338653.405203559,True
105747,Campingplatz Obermenzing,167624.0,36535,48.175232,11.446315,,,681859.2118218994,5338670.749277136,True
105748,Campingplatz Obermenzing,167624.0,78977,48.174934,11.4468,,,681896.3189383773,5338638.778003061,True
105750,Campingplatz Thalkirchen,,324636,48.09162,11.544007,1.0,,689428.5877980093,5329614.21193843,True
105751,Campingplatz Thalkirchen,324636.0,79545,48.09162,11.544007,,1,689428.5877980093,5329614.21193843,True
105783,Candidplatz,,562743,48.11166,11.5704,1.0,,691319.2693841811,5331906.689226875,True
105784,Candidplatz,562743.0,113969,48.111137,11.570076,,,691297.0974995878,5331847.759268162,True
105785,Candidplatz,562743.0,18316,48.112995,11.571559,,,691400.5688180585,5332057.939215741,True
105786,Candidplatz,562743.0,194045,48.111767,11.569843,,,691277.4165877998,5331917.195491532,True
105787,Candidplatz,562743.0,316018,48.11298,11.571648,,,691407.2483295988,5332056.493649864,True
105788,Candidplatz,562743.0,523151,48.111546,11.570328,,,691314.3340891068,5331893.840640461,True
105789,Candidplatz,562743.0,679986,48.111744,11.570561,,,691330.9400152336,5331916.425120178,True
106060,Caracciolastraße,,448126,48.207195,11.563276,1.0,,690434.9424388272,5342506.447659561,True
106061,Caracciolastraße,448126.0,121368,48.20727,11.562494,,,690376.5710409861,5342512.844297221,True
106062,Caracciolastraße,448126.0,403584,48.20738,11.563555,,,690454.9824911352,5342527.699923576,True
106063,Caracciolastraße,448126.0,580808,48.20703,11.563249,,,690433.5487092263,5342488.043019943,True
106071,Carl-Amery-Platz,,174689,48.121235,11.585482,1.0,,692405.9920125826,5333008.439527669,True
106072,Carl-Amery-Platz,174689.0,212325,48.12102,11.585186,,,692384.7692076334,5332983.804788002,True
106073,Carl-Amery-Platz,174689.0,459886,48.121475,11.585734,,,692423.8470761555,5333035.742658968,True
106225,Carola-Neher-Straße,,185964,48.090603,11.533299,1.0,,688635.0396394079,5329474.879748693,True
106226,Carola-Neher-Straße,185964.0,2203,48.09053,11.533802,,,688672.7586984665,5329468.000084159,True
106227,Carola-Neher-Straße,185964.0,327626,48.090687,11.53285,,,688601.3011133637,5329483.114515082,True
108599,Chiemgaustraße,,100246,48.106716,11.596325,1.0,,693267.3173831031,5331422.043624861,True
108600,Chiemgaustraße,100246.0,123357,48.10644,11.596388,,,693273.0420808607,5331391.528471444,True
108601,Chiemgaustraße,100246.0,295900,48.107315,11.596253,,,693259.7111704099,5331488.4329927955,True
108602,Chiemgaustraße,100246.0,306029,48.107243,11.596163,,,693253.2823330413,5331480.205111865,True
108603,Chiemgaustraße,100246.0,484613,48.1063,11.596235,,,693262.1788912402,5331375.585071504,True
108604,Chiemgaustraße,100246.0,618167,48.10679,11.596702,,,693295.1011031372,5331431.214937851,True
108605,Chiemgaustraße,100246.0,648074,48.10699,11.59602,,,693243.5874658178,5331451.728535589,True
108631,Chinesischer Turm,,564394,48.152744,11.593468,1.0,,692882.1212499954,5336530.239256268,True
108632,Chinesischer Turm,564394.0,274920,48.15293,11.593477,,,692882.0930561502,5336550.933210441,True
108633,Chinesischer Turm,564394.0,545632,48.152565,11.593415,,,692878.8510397831,5336510.212850659,True
108910,Cincinnatistraße,,483442,48.092728,11.601796,1.0,,693727.1209160561,5329881.240522843,True
108911,Cincinnatistraße,483442.0,286885,48.092617,11.601508,,,693706.0954434843,5329868.179374822,True
108912,Cincinnatistraße,483442.0,668373,48.092815,11.60194,,,693737.5152194975,5329891.2718917,True
109089,Clarita-Bernhard-Straße,,336869,48.13819,11.409116,1.0,,679223.0459750758,5334466.606005266,True
109090,Clarita-Bernhard-Straße,336869.0,321969,48.13844,11.409125,,,679222.84489078,5334494.411452641,True
109091,Clarita-Bernhard-Straße,336869.0,580819,48.13794,11.409134,,,679225.2555605153,5334438.863492132,True
109097,Claude-Lorrain-Straße,,328338,48.121067,11.57146,1.0,,691363.205260034,5332954.783110661,True
109098,Claude-Lorrain-Straße,328338.0,657847,48.12123,11.571118,,,691337.1504440479,5332972.047371615,True
109099,Claude-Lorrain-Straße,328338.0,72666,48.121117,11.57102,,,691330.2778840952,5332959.245177648,True
109100,Claudiusplatz,,147162,48.182007,11.525448,1.0,,687716.8030476109,5339614.009302789,True
109101,Claudiusplatz,147162.0,224915,48.181965,11.525313,,,687706.9226248651,5339609.011715995,True
109102,Claudiusplatz,147162.0,356604,48.182056,11.525565,,,687725.3200350115,5339619.740891442,True
109249,Clemensstraße,,596135,48.163483,11.57455,1.0,,691435.2702147099,5337676.438792681,True
109250,Clemensstraße,596135.0,216371,48.16327,11.574685,,,691446.1007224915,5337653.102939029,True
109251,Clemensstraße,596135.0,319718,48.163666,11.574442,,,691426.5589559895,5337696.507812291,True
110318,Corinthstraße,,137550,48.112488,11.649622,1.0,,697212.2820803036,5332198.7997189285,True
110319,Corinthstraße,137550.0,54255,48.1127,11.649829,,,697226.8762056365,5332222.891171014,True
110320,Corinthstraße,137550.0,669466,48.11226,11.649496,,,697203.7775025689,5332173.137820588,True
110351,Corneliusbrücke,,136806,48.1293,11.579275,1.0,,691914.0495938901,5333889.242002655,True
110352,Corneliusbrücke,136806.0,12087,48.129093,11.579068,,,691899.4202759137,5333865.72021549,True
110353,Corneliusbrücke,136806.0,298676,48.129494,11.579428,,,691924.7096279413,5333911.184281136,True
110382,Cosimabad,,27923,48.1535,11.629167,1.0,,695534.0610865438,5336704.453921355,True
110383,Cosimabad,27923.0,251389,48.153496,11.628826,,,695508.7176870059,5336703.141981601,True
110384,Cosimabad,27923.0,293124,48.153603,11.628566,,,695488.975992319,5336714.3722597705,True
110385,Cosimabad,27923.0,359289,48.153656,11.628997,,,695520.8259435155,5336721.358708086,True
110386,Cosimabad,27923.0,565906,48.153057,11.629123,,,695532.4731167064,5336655.108717199,True
111919,Curd-Jürgens-Straße,,498229,48.08537,11.642921,1.0,,696817.1070736693,5329167.878174526,True
111920,Curd-Jürgens-Straße,498229.0,204380,48.085674,11.642939,,,696817.286899585,5329201.709222128,True
111921,Curd-Jürgens-Straße,498229.0,229509,48.084953,11.643046,,,696828.0070193396,5329121.854664768,True
111950,Curt-Mezger-Platz,,691914,48.18129,11.566923,1.0,,690802.0809854381,5339636.485118964,True
111951,Curt-Mezger-Platz,691914.0,310908,48.181217,11.566806,,,690793.6559442155,5339628.08157265,True
111952,Curt-Mezger-Platz,691914.0,491439,48.181335,11.567004,,,690807.934257621,5339641.687437894,True
115444,Dachstraße,,478958,48.13797,11.443243,1.0,,681762.4907527072,5334522.26472399,True
115445,Dachstraße,478958.0,272168,48.13801,11.44318,,,681757.6629785694,5334526.561302555,True
115446,Dachstraße,478958.0,296478,48.137924,11.443315,,,681768.0092267382,5334517.32259969,True
115567,Daglfing Bahnhof Ost,,493402,48.14885,11.650215,1.0,,697117.1215556834,5336241.429805412,True
115568,Daglfing Bahnhof Ost,493402.0,409834,48.14883,11.650413,,,697131.9238547541,5336239.714836494,True
115569,Daglfing Bahnhof Ost,493402.0,500127,48.14886,11.649972,,,697099.010844139,5336241.918071418,True
115570,Daglfing Bahnhof West,,541906,48.14849,11.648463,1.0,,696988.2003546437,5336196.929781242,True
115571,Daglfing Bahnhof West,541906.0,649905,48.14846,11.648194,,,696968.3090104016,5336192.906405985,True
115572,Daglfing Bahnhof West,541906.0,80596,48.14852,11.648697,,,697005.4886378968,5336200.86352735,True
116160,Dall'Armistraße,,602941,48.161163,11.511407,1.0,,686748.91847918,5337263.251514644,True
116161,Dall'Armistraße,602941.0,13825,48.161194,11.511443,,,686751.4826787676,5337266.784241466,True
116162,Dall'Armistraße,602941.0,45170,48.161053,11.511353,,,686745.3027781554,5337250.895207659,True
116964,Dankwartstraße,,668559,48.151367,11.523723,1.0,,687700.4225380187,5336204.550093925,True
116967,Dankwartstraße,668559.0,357826,48.151432,11.523714,,,687699.5160367207,5336211.752026048,True
116968,Dankwartstraße,668559.0,47887,48.151306,11.523669,,,687696.6291818353,5336197.638882373,True
117263,Daphnestraße,,112099,48.148064,11.625421,1.0,,695276.1237687201,5336090.7958422825,True
117264,Daphnestraße,112099.0,116642,48.148273,11.62561,,,695289.3869152413,5336114.5033987025,True
117265,Daphnestraße,112099.0,260692,48.148228,11.624847,,,695232.8110963756,5336107.564194435,True
117266,Daphnestraße,112099.0,623519,48.14786,11.625871,,,695310.3662542021,5336069.267315759,True
120075,Deidesheimer Straße,,380884,48.168606,11.559422,1.0,,690291.52039444,5338208.222607072,True
120076,Deidesheimer Straße,380884.0,535713,48.16855,11.559422,,,690291.7276836095,5338201.998936636,True
120077,Deidesheimer Straße,380884.0,685484,48.16869,11.559422,,,690291.2094603428,5338217.558112818,True
121353,Denninger Straße,,247946,48.14849,11.622475,1.0,,695055.4047424089,5336130.660364765,True
121354,Denninger Straße,247946.0,292988,48.14862,11.622125,,,695028.8814417343,5336144.220017067,True
121355,Denninger Straße,247946.0,395057,48.148376,11.622771,,,695077.8513632233,5336118.7419717815,True
121709,Deroystraße,,432096,48.14427,11.545444,1.0,,689341.9118005064,5335469.077695474,True
121710,Deroystraße,432096.0,238661,48.144264,11.545786,,,689367.3716049723,5335469.253221974,True
121711,Deroystraße,432096.0,597871,48.144306,11.545103,,,689316.4159970118,5335472.238846684,True
122059,Dessauerstraße,,207473,48.180733,11.531601,1.0,,688178.7888660291,5339487.471021845,True
122060,Dessauerstraße,207473.0,522688,48.180733,11.531601,,1,688178.7888660291,5339487.471021845,True
122371,Detmoldstraße,,193389,48.192345,11.565369,1.0,,690645.5509552406,5340861.248992534,True
122372,Detmoldstraße,193389.0,230373,48.19241,11.565162,,,690629.9276396106,5340867.959229821,True
122373,Detmoldstraße,193389.0,449431,48.192253,11.565585,,,690661.9433176251,5340851.560427407,True
122979,Deutsches Museum,,481821,48.131855,11.58612,1.0,,692413.7720007448,5334190.30090641,True
122980,Deutsches Museum,481821.0,484237,48.13188,11.586138,,,692415.0176942521,5334193.124352652,True
122981,Deutsches Museum,481821.0,609455,48.131824,11.586093,,,692411.8791606983,5334186.788122593,True
123184,Diakon-Kerolt-Weg,,603249,48.112186,11.617382,1.0,,694813.9709372985,5332083.074930559,True
123185,Diakon-Kerolt-Weg,603249.0,430401,48.11215,11.617516,,,694824.080088056,5332079.413458896,True
123186,Diakon-Kerolt-Weg,603249.0,685114,48.111534,11.617606,,,694833.1083574297,5332011.181938415,True
123723,Diefenbachstraße,,422483,48.080544,11.523544,1.0,,687945.374846913,5328333.093635749,True
123724,Diefenbachstraße,422483.0,258944,48.080353,11.523777,,,687963.4229127346,5328312.43573548,True
123725,Diefenbachstraße,422483.0,482198,48.08072,11.523427,,,687936.0202500809,5328352.367827815,True
124214,Dientzenhoferstraße,,418191,48.203316,11.577245,1.0,,691487.1388399568,5342110.076512779,True
124215,Dientzenhoferstraße,418191.0,455386,48.20334,11.577263,,,691488.3866176426,5342112.788684404,True
125034,Dietlindenstraße,,239434,48.166805,11.590486,1.0,,692607.6864116684,5338085.451763801,True
125035,Dietlindenstraße,239434.0,22529,48.167133,11.590935,,,692639.8388856603,5338123.029987024,True
125036,Dietlindenstraße,239434.0,390111,48.167168,11.590863,,,692634.3548334439,5338126.739291149,True
125037,Dietlindenstraße,239434.0,423146,48.166546,11.590603,,,692617.3553163544,5338056.960611049,True
125038,Dietlindenstraße,239434.0,462370,48.16621,11.590971,,,692645.9739671207,5338020.541109784,True
125807,Dillinger Straße,,9668,48.1821,11.495723,1.0,,685507.1598808824,5339552.151397097,True
125808,Dillinger Straße,9668.0,516230,48.18193,11.495822,,,685515.1317879409,5339533.496997057,True
125809,Dillinger Straße,9668.0,84076,48.18229,11.495633,,,685499.7847419678,5339573.0502912775,True
128237,Dom-Pedro-Straße,,543561,48.159714,11.537144,1.0,,688667.9089325535,5337165.068172856,True
128238,Dom-Pedro-Straße,543561.0,21296,48.159805,11.535123,,,688517.2998208657,5337170.222771981,True
128239,Dom-Pedro-Straße,543561.0,663572,48.159374,11.537692,,,688709.9042355318,5337128.626874937,True
128240,Domagkstraße,,154152,48.1838,11.590279,1.0,,692528.6220957253,5339973.702565697,True
128241,Domagkstraße,154152.0,259088,48.184254,11.590827,,,692567.6488527975,5340025.532092969,True
128242,Domagkstraße,154152.0,260896,48.184067,11.591232,,,692598.4498908842,5340005.76466716,True
128243,Domagkstraße,154152.0,396821,48.183784,11.590333,,,692532.695428153,5339972.059694315,True
128244,Domagkstraße,154152.0,647089,48.183792,11.590208,,,692523.3752253712,5339972.6355550205,True
128245,Domagkstraße West,,576162,48.18435,11.584692,1.0,,692111.329669908,5340020.842636751,True
128246,Domagkstraße West,576162.0,125745,48.184357,11.584198,,,692074.5889132614,5340020.385482417,True
128247,Domagkstraße West,576162.0,422212,48.18402,11.584503,,,692098.5168085127,5339983.694864309,True
128248,Domagkstraße West,576162.0,436722,48.18463,11.584809,,,692118.9782294387,5340052.253551222,True
128249,Domagkstraße West,576162.0,62362,48.184265,11.585159,,,692146.3554701982,5340012.563818719,True
128763,Donauwörther Straße,,93154,48.184093,11.496639,1.0,,685568.0436818282,5339775.860946723,True
128764,Donauwörther Straße,93154.0,116756,48.184097,11.497034,,,685597.386406583,5339777.259575494,True
128765,Donauwörther Straße,93154.0,195673,48.184086,11.495965,,,685517.9759541892,5339773.455360589,True
128840,Donnersbergerbrücke,,201234,48.14266,11.53515,1.0,,688582.1515517902,5335264.846310169,True
128841,Donnersbergerbrücke,201234.0,275627,48.142532,11.534898,,,688563.8764299793,5335250.002704714,True
128842,"Donnersbergerbrücke, München",201234.0,200399,48.14267,11.534422,,,688527.9650338953,5335264.172237509,True
128843,"Donnersbergerbrücke, München",201234.0,225262,48.14254,11.534718,,,688550.4583757808,5335250.450339937,True
128844,Donnersbergerstraße,,117268,48.146267,11.535949,1.0,,688628.3584995836,5335667.676972977,True
128845,Donnersbergerstraße,117268.0,23664,48.14673,11.536614,,,688676.1208970435,5335720.765203651,True
128846,Donnersbergerstraße,117268.0,475109,48.14637,11.535159,,,688569.2235698865,5335677.186010544,True
128847,Donnersbergerstraße,117268.0,622688,48.14607,11.535329,,,688582.9671708968,5335644.261954561,True
128848,Donnersbergerstraße,117268.0,62879,48.14616,11.536605,,,688677.5418624219,5335657.395115056,True
129358,Dorfstraße,,376788,48.164753,11.467327,1.0,,683458.5322107997,5337556.075257425,True
129360,Dorfstraße,376788.0,23118,48.16485,11.466096,,,683366.6612532445,5337563.917974643,True
129361,Dorfstraße,376788.0,377458,48.1641,11.467228,,,683453.5013730831,5337483.265986711,True
129362,Dorfstraße,376788.0,401147,48.164684,11.468109,,,683516.9202932392,5337550.2736720145,True
129363,Dorfstraße,376788.0,42335,48.16493,11.466977,,,683431.8782057833,5337574.91125789,True
134006,Drachenseestraße,,517758,48.11687,11.531745,1.0,,688423.2546378382,5332390.286253914,True
134007,Drachenseestraße,517758.0,78691,48.116947,11.531296,,,688389.5588320773,5332397.743886016,True
134008,Drachenseestraße,517758.0,93301,48.116745,11.532572,,,688485.2566456075,5332378.420536958,True
137413,Drosselweg,,256483,48.117435,11.690999,1.0,,700272.5062728302,5332855.5065370165,True
137415,Drosselweg,256483.0,163811,48.117504,11.691106,,,700280.2005627153,5332863.453490298,True
137416,Drosselweg,256483.0,390117,48.117332,11.690963,,,700270.2278127188,5332843.965894412,True
137455,Drozzaweg,,655033,48.120926,11.475852,1.0,,684249.2302059223,5332705.64292467,True
137456,Drozzaweg,655033.0,592579,48.120926,11.475852,,1,684249.2302059223,5332705.64292467,True
137496,Drygalski-Allee,,249435,48.098175,11.508398,1.0,,686753.5465623264,5330255.657487054,True
137497,Drygalski-Allee,249435.0,13630,48.09857,11.507742,,,686703.2788521172,5330297.964195673,True
137498,Drygalski-Allee,249435.0,155174,48.097713,11.510374,,,686902.3277442072,5330209.110896369,True
137499,Drygalski-Allee,249435.0,180207,48.098698,11.508937,,,686791.7774700829,5330315.09029383,True
137500,Drygalski-Allee,249435.0,277563,48.09739,11.507607,,,686697.5032792948,5330166.495700519,True
142809,Dülferstraße,,16308,48.212494,11.562908,1.0,,690387.9501732582,5343094.453307809,True
142810,Dülferstraße,16308.0,214874,48.21242,11.563303,,,690417.5654535445,5343087.208443775,True
142811,Dülferstraße,16308.0,260858,48.212215,11.562333,,,690346.2735762373,5343062.020588414,True
142812,Dülferstraße,16308.0,266163,48.21262,11.562827,,,690381.4661155241,5343108.25584457,True
142813,Dülferstraße,16308.0,458012,48.21235,11.563258,,,690414.4825102412,5343079.317234861,True
142814,Dülferstraße,16308.0,54649,48.213036,11.562153,,,690329.8586659917,5343152.818461452,True
142815,Dülferstraße,16308.0,658889,48.212223,11.562881,,,690386.9497841146,5343064.268077395,True
144644,Eberlestraße,,158737,48.078396,11.50803,1.0,,686797.8015808703,5328056.60148405,True
144645,Eberlestraße,158737.0,508692,48.07836,11.507922,,,686789.888687072,5328052.338454419,True
144646,Eberlestraße,158737.0,53585,48.07843,11.508137,,,686805.6472328729,5328060.63982555,True
147088,Edeltraudstraße,,387046,48.114628,11.686929,1.0,,699980.5278092483,5332532.960119218,True
147089,Edeltraudstraße,387046.0,195186,48.114628,11.686866,,,699975.8392681644,5332532.796309291,True
147090,Edeltraudstraße,387046.0,213858,48.114628,11.687001,,,699985.8861418837,5332533.14733527,True
147091,Edeltraudstraße,387046.0,3455,48.11427,11.687441,,,700020.0218527043,5332494.505249057,True
147659,Edmund-Rumpler-Straße,,590103,48.195885,11.609288,1.0,,693895.782178102,5341364.600378619,True
147660,Edmund-Rumpler-Straße,590103.0,467924,48.19598,11.60944,,,693906.7177241878,5341375.542071386,True
147661,Edmund-Rumpler-Straße,590103.0,630392,48.19577,11.609171,,,693887.5227447355,5341351.524311519,True
147690,Eduard-Schmid-Straße,,13676,48.126247,11.57844,1.0,,691863.3026654659,5333547.859702815,True
147691,Eduard-Schmid-Straße,13676.0,196230,48.126358,11.578386,,,691858.8711372234,5333560.061086811,True
147692,Eduard-Schmid-Straße,13676.0,429359,48.12613,11.578476,,,691866.417274338,5333534.946594911,True
147764,Effnerplatz,,229978,48.152103,11.613267,1.0,,694356.9290135452,5336508.871916939,True
147765,Effnerplatz,229978.0,138101,48.15208,11.614749,,,694467.2286470567,5336510.064023877,True
147766,Effnerplatz,229978.0,235459,48.152718,11.614705,,,694461.5444046925,5336580.857598419,True
147767,Effnerplatz,229978.0,314890,48.1522,11.612809,,,694322.5022250004,5336518.494196371,True
147768,Effnerplatz,229978.0,408281,48.152027,11.613204,,,694352.5310235003,5336500.266274856,True
147769,Effnerplatz,229978.0,541999,48.152115,11.612944,,,694332.862962719,5336509.388909819,True
147770,Effnerplatz,229978.0,683076,48.151997,11.61342,,,694368.7077980724,5336497.478345573,True
147771,Effnerplatz,229978.0,687944,48.15184,11.613097,,,694345.2802311174,5336479.213272774,True
147773,Effnerstraße,,428803,48.163208,11.624011,1.0,,695113.7959381343,5337770.260861878,True
147776,Effnerstraße,428803.0,630238,48.163208,11.624011,,1,695113.7959381343,5337770.260861878,True
149396,Ehrenbreitsteiner Straße,,611680,48.1873,11.528718,1.0,,687940.48297208,5340210.254330392,True
149397,Ehrenbreitsteiner Straße,611680.0,28970,48.18723,11.52923,,,687978.7894599458,5340203.727298863,True
149398,Ehrenbreitsteiner Straße,611680.0,361142,48.187397,11.527846,,,687875.323722498,5340218.901929273,True
149415,Ehrenbürgstraße,,67316,48.141518,11.414255,1.0,,679593.7164397425,5334848.4638357,True
149416,Ehrenbürgstraße,67316.0,366327,48.141438,11.413392,,,679529.8020612039,5334837.557369625,True
149417,Ehrenbürgstraße,67316.0,692963,48.141567,11.41491,,,679642.2669651662,5334855.439748522,True
149462,Ehrengutstraße,,480615,48.12137,11.557383,1.0,,690314.576972351,5332953.52618869,True
149463,Ehrengutstraße,480615.0,256830,48.121372,11.5575,,,690323.2758271307,5332954.037998026,True
149464,Ehrengutstraße,480615.0,678461,48.12137,11.55723,,,690303.191880132,5332953.147583616,True
149489,Ehrenmal,,609967,48.09937,11.478933,1.0,,684555.706547724,5330317.363559899,True
149490,Ehrenmal,609967.0,370418,48.09923,11.478924,,,684555.537903766,5330301.782841988,True
149491,Ehrenmal,609967.0,541749,48.09951,11.478942,,,684555.8751869278,5330332.944278174,True
149916,Eichelhäherstraße,,404191,48.173992,11.390638,1.0,,677724.7344248968,5338402.676257692,True
149917,Eichelhäherstraße,404191.0,645274,48.173992,11.390638,,1,677724.7344248968,5338402.676257692,True
151646,Eininger Straße,,117858,48.185986,11.504122,1.0,,686117.3373960094,5340004.344730019,True
151647,Eininger Straße,117858.0,232402,48.185894,11.504068,,,686113.6574252899,5339993.989245924,True
151648,Eininger Straße,117858.0,376609,48.186096,11.504158,,,686119.6144027412,5340016.657092421,True
151820,Einsteinstraße,,634166,48.136875,11.614678,1.0,,694519.4259191329,5334820.060492671,True
151824,Einsteinstraße,634166.0,184119,48.136806,11.61439,,,694498.2624950166,5334811.66351998,True
151825,Einsteinstraße,634166.0,511639,48.136856,11.614004,,,694469.359146435,5334816.243927984,True
151826,Einsteinstraße,634166.0,52051,48.13646,11.614767,,,694527.6152179977,5334774.16424621,True
151827,Einsteinstraße,634166.0,524011,48.137226,11.614929,,,694536.7708908308,5334859.7042651065,True
153997,Elektrastraße,,519705,48.15118,11.626526,1.0,,695346.4728788056,5336439.903308871,True
153998,Elektrastraße,519705.0,221424,48.15086,11.628521,,,695496.0547772902,5336409.411621581,True
153999,Elektrastraße,519705.0,478147,48.150906,11.626499,,,695345.5054821058,5336409.383415012,True
154000,Elektrastraße,519705.0,499756,48.151398,11.626257,,,695325.6398579334,5336463.447392327,True
154084,Elisabeth-Jost-Straße,,471689,48.15579,11.420327,1.0,,679995.4371208,5336448.825404999,True
154085,Elisabeth-Jost-Straße,471689.0,25970,48.155796,11.420525,,,680010.140075411,5336449.955879764,True
154086,Elisabeth-Jost-Straße,471689.0,485654,48.15588,11.420444,,,680003.8226671955,5336459.101798502,True
154127,Elisabethplatz,,416201,48.15766,11.575017,1.0,,691491.6753925711,5337030.453128093,True
154128,Elisabethplatz,416201.0,167400,48.15745,11.57508,,,691497.1420152889,5337007.271388619,True
154129,Elisabethplatz,416201.0,32577,48.157875,11.574855,,,691478.8286052442,5337053.943922536,True
154157,Elisenstraße,,419993,48.14247,11.561704,1.0,,690557.9846232007,5335309.2056637965,True
154158,Elisenstraße,419993.0,405345,48.142376,11.561794,,,690565.0271147046,5335298.981907078,True
154746,Ellis-Kaut-Straße,,130446,48.145535,11.41041,1.0,,679293.7123869903,5335285.930991331,True
154747,Ellis-Kaut-Straße,130446.0,528624,48.145523,11.410356,,,679289.7377728716,5335284.471406757,True
154748,Ellis-Kaut-Straße,130446.0,61540,48.14552,11.410535,,,679303.0619463366,5335284.555434235,True
155792,Elsenheimerstraße,,329000,48.136078,11.523975,1.0,,687774.9506844736,5334505.993098664,True
155793,Elsenheimerstraße,329000.0,568407,48.136154,11.523759,,,687758.6049098915,5334513.912020601,True
155794,Elsenheimerstraße,329000.0,630333,48.136047,11.524217,,,687793.0664888045,5334503.138878962,True
156912,Emdenstraße,,471975,48.10706,11.627838,1.0,,695611.6252811596,5331539.931074445,True
156913,Emdenstraße,471975.0,340887,48.10706,11.627838,,1,695611.6252811596,5331539.931074445,True
157753,Emmerigweg,,535475,48.19537,11.623984,1.0,,694989.7106765343,5341344.564840852,True
157754,Emmerigweg,535475.0,220049,48.19541,11.623715,,,694969.5708315027,5341348.3275126,True
157755,Emmerigweg,535475.0,238273,48.19565,11.62411,,,694998.0099594784,5341376.002981979,True
157756,Emmerigweg,535475.0,639229,48.194763,11.623814,,,694979.3832810663,5341276.673312658,True
157757,Emmerigweg,535475.0,8751,48.195583,11.624299,,,695012.307900072,5341369.036619414,True
158974,Engelbertstraße,,365806,48.14374,11.457993,1.0,,682839.2266966866,5335198.500961984,True
158975,Engelbertstraße,365806.0,112990,48.143887,11.458155,,,682850.75397797,5335215.223449628,True
158976,Engelbertstraße,365806.0,213374,48.143803,11.45794,,,682835.0606676675,5335205.37658614,True
159586,Englburgstraße,,458120,48.15653,11.435203,1.0,,681099.0608305127,5336566.0075659305,True
159587,Englburgstraße,458120.0,328667,48.15672,11.435248,,,681101.7381120344,5336587.229792818,True
159588,Englburgstraße,458120.0,639639,48.15672,11.435095,,,681090.3607312164,5336586.86933703,True
159620,Englschalkinger Straße,,443243,48.156754,11.641852,1.0,,696464.9550252513,5337098.436990768,True
159621,Englschalkinger Straße,443243.0,41316,48.157097,11.642022,,,696476.2859007873,5337136.991187686,True
159622,Englschalkinger Straße,443243.0,431162,48.156727,11.641169,,,696414.2698444453,5337093.690726471,True
159623,Englschalkinger Straße,443243.0,499176,48.15572,11.641699,,,696457.5277132916,5336983.131309752,True
159624,Englschalkinger Straße,443243.0,538258,48.15643,11.641654,,,696451.4692838485,5337061.922840295,True
159625,"Englschalkinger Straße, München",443243.0,674507,48.15706,11.641961,,,696471.8912889862,5337132.72322554,True
164464,Erlbachstraße,,249322,48.17464,11.394743,1.0,,678027.6443656206,5338484.195605886,True
164465,Erlbachstraße,249322.0,192788,48.17464,11.394743,,,678027.6443656206,5338484.195605886,True
164466,Erlbachstraße,249322.0,351969,48.175095,11.395004,,,678045.4700554286,5338535.368332535,True
164936,Erna-Eckstein-Straße,,150233,48.1502,11.476355,1.0,,684181.8749900768,5335960.279306065,True
164937,Erna-Eckstein-Straße,150233.0,156638,48.1502,11.476355,,1,684181.8749900768,5335960.279306065,True
166185,Eschenrieder Straße,,183289,48.17976,11.407885,1.0,,678986.7397756621,5339083.75328781,True
166186,Eschenrieder Straße,183289.0,106342,48.17979,11.407832,,,678982.6958680972,5339086.963993483,True
166187,Eschenrieder Straße,183289.0,69891,48.179737,11.407912,,,678988.8267584147,5339081.259992244,True
166975,Esmarchstraße,,408158,48.184788,11.460221,1.0,,682858.9090427231,5339765.787566671,True
166976,Esmarchstraße,408158.0,234253,48.185055,11.460042,,,682844.6553979485,5339795.035465096,True
166977,Esmarchstraße,408158.0,280764,48.184425,11.460284,,,682864.8831797496,5339725.594353916,True
170016,Ettalstraße,,483950,48.113297,11.513842,1.0,,687103.9086552868,5331949.491371549,True
170017,Ettalstraße,483950.0,308592,48.11336,11.514156,,,687127.0490186808,5331957.256830124,True
170018,Ettalstraße,483950.0,494856,48.113213,11.513446,,,687074.7417010993,5331939.192702929,True
170838,Eulenspiegelstraße,,691769,48.087994,11.669187,1.0,,698762.8565910292,5329527.013762371,True
170839,Eulenspiegelstraße,691769.0,108263,48.088047,11.669241,,,698766.6730750256,5329533.043397409,True
170840,Eulenspiegelstraße,691769.0,256844,48.087963,11.669151,,,698760.2955561917,5329523.47559083,True
170978,Euro-Industriepark Nord,,599031,48.200886,11.602748,1.0,,693390.9986118624,5341903.909184613,True
170979,Euro-Industriepark Nord,599031.0,167482,48.2007,11.603233,,,693427.7332855626,5341884.458937901,True
170980,Euro-Industriepark Nord,599031.0,501563,48.201077,11.602326,,,693358.9260592188,5341924.073940001,True
170981,Euro-Industriepark West,,533908,48.19264,11.584036,1.0,,692031.5837068196,5340940.528638586,True
170982,Euro-Industriepark West,533908.0,50760,48.192764,11.583847,,,692017.0757423681,5340953.837204494,True
170983,Euro-Industriepark West,533908.0,594428,48.192524,11.584171,,,692042.0491304123,5340927.974209635,True
171936,Eversbuschstraße,,364505,48.191097,11.459655,1.0,,682794.3943372684,5340465.611667521,True
171937,Eversbuschstraße,364505.0,270911,48.190865,11.4597,,,682798.5639449505,5340439.93466136,True
171938,Eversbuschstraße,364505.0,76205,48.19104,11.459745,,,682801.2852583017,5340459.490928974,True
174449,Fachnerstraße,,575609,48.12984,11.516977,1.0,,687277.0546851482,5333795.6554246815,True
174450,Fachnerstraße,575609.0,388447,48.12984,11.516896,,,687271.0282556096,5333795.458160647,True
174451,Fachnerstraße,575609.0,615482,48.12985,11.517058,,,687283.0447343187,5333796.964062721,True
175657,Fasanenstraße,,626417,48.167114,11.487458,1.0,,684946.780567764,5337866.719832429,True
175658,Fasanenstraße,626417.0,374871,48.167225,11.487252,,,684931.0658982988,5337878.560398618,True
175659,Fasanenstraße,626417.0,389665,48.167072,11.487629,,,684959.6449340768,5337862.46357135,True
175663,Fasanerie,,641999,48.19695,11.524478,1.0,,687590.1331434811,5341272.369554802,True
175665,Fasanerie,641999.0,150424,48.197517,11.523903,,,687545.3382446909,5341333.980654553,True
175669,"Fasanerie, München",641999.0,375461,48.196392,11.524469,,,687591.5025670258,5341210.3327156035,True
175676,Fasaneriestraße,,21165,48.15731,11.543459,1.0,,689146.3149395455,5336913.415345135,True
175677,Fasaneriestraße,21165.0,478020,48.1572,11.543298,,,689134.7474431598,5336900.79410597,True
175678,Fasangarten,,102594,48.09338,11.604697,1.0,,693940.6572898184,5329961.009331378,True
175679,Fasangarten,102594.0,376263,48.093266,11.603745,,,693870.2072414847,5329945.940612132,True
175680,"Fasangarten Minnewitstraße, München",531555.0,346734,48.091125,11.596995,,,693375.6830854755,5329691.013093615,True
175681,"Fasangarten Minnewitstraße, München",531555.0,671504,48.09071,11.597509,,,693415.5105368599,5329646.18385328,True
175682,Fasangartenstraße,,603319,48.08982,11.611174,1.0,,694436.314470149,5329581.714732042,True
175683,Fasangartenstraße,603319.0,106558,48.08986,11.611255,,,694442.1946627793,5329586.364834864,True
175684,Fasangartenstraße,603319.0,388472,48.089787,11.611093,,,694430.4078660068,5329577.842582354,True
175935,Federseestraße,,26439,48.175507,11.398031,1.0,,678269.0549724207,5338588.174988394,True
175936,Federseestraße,26439.0,127466,48.17541,11.398013,,,678268.0533668764,5338577.352790828,True
175937,Federseestraße,26439.0,538343,48.17558,11.398112,,,678274.8229107978,5338596.476010043,True
176294,Feldbergstraße,,313983,48.108265,11.663833,1.0,,698286.1851492097,5331766.012055733,True
176295,Feldbergstraße,313983.0,245376,48.107944,11.663393,,,698254.6710227916,5331729.203538707,True
176296,Feldbergstraße,313983.0,255209,48.10869,11.664049,,,698300.6261569805,5331813.801289264,True
176297,Feldbergstraße,313983.0,310808,48.108856,11.663133,,,698231.8094586546,5331829.88859488,True
176298,Feldbergstraße,313983.0,347447,48.108536,11.663456,,,698257.0818317626,5331795.1578627555,True
176299,Feldbergstraße,313983.0,423803,48.10812,11.663717,,,698278.1092908061,5331749.598448924,True
176300,Feldbergstraße,313983.0,45915,48.10848,11.664004,,,698298.0851754503,5331790.346918673,True
176521,Feldmoching,,292699,48.213833,11.540827,1.0,,688742.8392772527,5343188.761971033,True
176522,Feldmoching,292699.0,105301,48.213886,11.540603,,,688726.0059912403,5343194.101776198,True
176523,Feldmoching,292699.0,225789,48.21354,11.540495,,,688719.2560837719,5343155.382674694,True
176524,Feldmoching,292699.0,433344,48.21393,11.539022,,,688608.4099482936,5343195.107767058,True
176525,Feldmoching,292699.0,461790,48.214,11.539632,,,688653.4625254488,5343204.38573059,True
176526,Feldmoching,292699.0,521520,48.21379,11.540827,,,688742.9974006489,5343183.983043239,True
176527,Feldmoching,292699.0,649752,48.213882,11.540827,,,688742.6590899962,5343194.207725995,True
176528,Feldmoching Bf. Ost,,4392,48.21384,11.543226,1.0,,688921.0078572339,5343195.438753597,True
176529,Feldmoching Bf. Ost,4392.0,290222,48.21406,11.543289,,,688924.8776175205,5343220.04406072,True
176530,Feldmoching Bf. Ost,4392.0,84003,48.213573,11.543145,,,688915.9740236639,5343165.565693533,True
176531,"Feldmoching, München",292699.0,472916,48.213383,11.540405,,,688713.1482063443,5343137.712870844,True
176532,Feldmochinger Anger,,178404,48.2091,11.543854,1.0,,688985.1052931146,5342670.190716695,True
176533,Feldmochinger Anger,178404.0,347262,48.209152,11.543872,,,688986.2509967254,5342676.014172267,True
176534,Feldmochinger Anger,178404.0,627819,48.209045,11.543819,,,688982.7077769308,5342663.992017065,True
176535,Feldmochinger See,,462640,48.21831,11.517911,1.0,,687024.3540204039,5343630.260810103,True
176536,Feldmochinger See,462640.0,370685,48.218384,11.518297,,,687052.7533895758,5343639.425196484,True
176537,Feldmochinger See,462640.0,643506,48.218166,11.51748,,,686992.8673704772,5343613.207318774,True
177108,Ferchenbachstraße,,385738,48.20258,11.494258,1.0,,685324.3698858244,5341824.720876315,True
177109,Ferchenbachstraße,385738.0,110213,48.20241,11.494196,,,685320.3771279459,5341805.677809206,True
177110,Ferchenbachstraße,385738.0,509902,48.20301,11.493917,,,685297.4834824852,5341871.687591657,True
177248,Fernpaßstraße,,458603,48.115005,11.522798,1.0,,687764.2261883037,5332161.136896547,True
177249,Fernpaßstraße,458603.0,263438,48.114826,11.522771,,,687762.8693336365,5332141.177555717,True
177250,Fernpaßstraße,458603.0,406077,48.115185,11.522879,,,687769.5981442374,5332181.339201084,True
177299,Fertigstraße,,666680,48.088856,11.509162,1.0,,686844.2004462795,5329221.833419125,True
177300,Fertigstraße,666680.0,404791,48.088806,11.509179,,,686845.6474752557,5329216.317889093,True
177301,Fertigstraße,666680.0,440582,48.088905,11.509162,,,686844.0228574417,5329227.279092615,True
178500,Finsterwalderstraße,,316961,48.17582,11.474756,1.0,,683971.2692446375,5338803.796871733,True
178501,Finsterwalderstraße,316961.0,374364,48.175556,11.475052,,,683994.2172088871,5338775.165162609,True
178502,Finsterwalderstraße,316961.0,517013,48.176083,11.47446,,,683948.3250812095,5338832.317530362,True
178922,Fischer-v.-Erlach-Straße,,237965,48.13845,11.479858,1.0,,684484.5211749153,5334662.814266575,True
178923,Fischer-v.-Erlach-Straße,237965.0,61548,48.138714,11.479652,,,684468.2509361346,5334691.660251106,True
178924,Fischer-v.-Erlach-Straße,237965.0,615504,48.13867,11.480083,,,684500.4697990561,5334687.804341595,True
179497,Flemischweg,,283304,48.128067,11.470318,1.0,,683811.9316129814,5333486.03035486,True
179498,Flemischweg,283304.0,151249,48.128067,11.470318,,1,683811.9316129814,5333486.03035486,True
180148,Florastraße,,36779,48.11725,11.682554,1.0,,699644.7699959155,5332812.989457025,True
180149,Florastraße,36779.0,116917,48.11741,11.682482,,,699638.7916706877,5332830.584151544,True
180150,Florastraße,36779.0,374233,48.11752,11.682482,,,699638.3652385289,5332842.809000726,True
180151,Florastraße,36779.0,590686,48.117104,11.682689,,,699655.3823942381,5332797.114207517,True
180168,Floriansmühlstraße,,498032,48.19161,11.620993,1.0,,694781.723756106,5340919.102551897,True
180169,Floriansmühlstraße,498032.0,245581,48.19131,11.62005,,,694712.7863879255,5340883.370931745,True
180170,Floriansmühlstraße,498032.0,471856,48.1918,11.621433,,,694813.6996512976,5340941.334268711,True
180171,Floriansmühlstraße,498032.0,539105,48.191483,11.621532,,,694822.2586906395,5340906.354993071,True
180247,Floßlände,,689114,48.094646,11.545579,1.0,,689534.5046973892,5329954.38061028,True
180248,Floßlände,689114.0,366194,48.094753,11.545346,,,689516.7641610294,5329965.698204025,True
180249,Floßlände,689114.0,456305,48.09469,11.545732,,,689545.7339060273,5329959.647508303,True
180363,Flurstraße,,692010,48.135628,11.604796,1.0,,693789.0033342782,5334656.5199662205,True
180366,Flurstraße,692010.0,115651,48.135597,11.604913,,,693797.8238625543,5334653.369644227,True
180367,Flurstraße,692010.0,161496,48.135757,11.604913,,,693797.2213816883,5334671.151408436,True
180368,Flurstraße,692010.0,534697,48.135494,11.604895,,,693796.8726595179,5334641.877264413,True
180369,Flurstraße,692010.0,61695,48.135662,11.604778,,,693787.5362679897,5334660.25322389,True
180624,Flößergasse,,61550,48.103405,11.538015,1.0,,688939.2409287904,5330909.215924874,True
180625,Flößergasse,61550.0,5490,48.103638,11.538267,,,688957.1449677792,5330935.729597495,True
180626,Flößergasse,61550.0,654993,48.103394,11.537935,,,688933.3261845112,5330907.7969484795,True
180690,Fockensteinstraße,,269241,48.109756,11.589156,1.0,,692722.3318612544,5331741.909229697,True
180691,Fockensteinstraße,269241.0,255325,48.109703,11.589282,,,692731.9082028214,5331736.334735238,True
180692,Fockensteinstraße,269241.0,477134,48.10982,11.589049,,,692714.1285364826,5331748.753835744,True
181402,Forst-Kasten-Allee,,286251,48.09521,11.476687,1.0,,684403.3873633891,5329849.649901321,True
181403,Forst-Kasten-Allee,286251.0,620523,48.095245,11.477676,,,684476.8938371845,5329855.9104780005,True
181417,Forstenried,,348370,48.084785,11.494771,1.0,,685787.319545872,5328734.5536097735,True
181418,Forstenried,348370.0,170919,48.08475,11.494878,,,685795.4134903272,5328730.922176277,True
181419,Forstenried,348370.0,229259,48.084846,11.494708,,,685782.4084178478,5328741.180822766,True
181420,Forstenrieder Allee,,545752,48.094994,11.498606,1.0,,686036.0504830736,5329878.410114524,True
181421,Forstenrieder Allee,545752.0,205172,48.094658,11.498193,,,686006.5148049754,5329840.0697694,True
181422,Forstenrieder Allee,545752.0,391728,48.094563,11.498418,,,686023.6092232827,5329830.05578072,True
181423,Forstenrieder Allee,545752.0,460102,48.095047,11.49937,,,686092.739601254,5329886.147917562,True
181424,Forstenrieder Allee,545752.0,597321,48.094677,11.498678,,,686042.5551397754,5329843.353974038,True
181425,Forstenrieder Allee,545752.0,678261,48.09513,11.49937,,,686092.4399332899,5329895.372237147,True
181426,Forstenrieder Park,,133320,48.07741,11.488482,1.0,,685345.5099851293,5327899.759334366,True
181427,Forstenrieder Park,133320.0,549161,48.0775,11.488446,,,685342.5054066214,5327909.674895281,True
183666,Frankfurter Ring,,401650,48.187363,11.572672,1.0,,691206.776710893,5340325.713096108,True
183667,Frankfurter Ring,401650.0,111892,48.187424,11.57314,,,691241.3298686899,5340333.657324666,True
183668,Frankfurter Ring,401650.0,171711,48.186825,11.572663,,,691208.1102152655,5340265.898919427,True
183669,Frankfurter Ring,401650.0,271107,48.187126,11.572583,,,691201.044573931,5340299.152095687,True
183670,Frankfurter Ring,401650.0,353881,48.186836,11.572753,,,691214.7578504055,5340267.345423243,True
183671,Frankfurter Ring,401650.0,361629,48.187855,11.572762,,,691211.6339821491,5340380.616564725,True
183672,Frankfurter Ring,401650.0,60023,48.187645,11.572115,,,691164.332940933,5340355.667660743,True
183708,Franz-Heubl-Straße,,321175,48.10176,11.659117,1.0,,697960.1629715473,5331030.932203375,True
183709,Franz-Heubl-Straße,321175.0,659795,48.10176,11.659117,,1,697960.1629715473,5331030.932203375,True
183731,Franz-Nißl-Straße,,152190,48.19616,11.460913,1.0,,682869.8526940572,5341031.298779816,True
183732,Franz-Nißl-Straße,152190.0,259384,48.196274,11.461012,,,682876.8029439324,5341044.2042225255,True
183733,Franz-Nißl-Straße,152190.0,302973,48.196346,11.461102,,,682883.2339747676,5341052.4204386985,True
183739,Franz-Sperr-Weg,,231389,48.2039,11.538779,1.0,,688627.2108789458,5342079.798876702,True
183740,Franz-Sperr-Weg,231389.0,373143,48.20397,11.538815,,,688629.6282609692,5342087.666927137,True
183741,Franz-Sperr-Weg,231389.0,408008,48.20383,11.538743,,,688624.7934893297,5342071.93082755,True
183811,Frasdorfer Straße,,588202,48.101173,11.590944,1.0,,692887.5413360652,5330792.512975557,True
183812,Frasdorfer Straße,588202.0,261363,48.10111,11.59116,,,692903.8565166037,5330786.053035108,True
183813,Frasdorfer Straße,588202.0,607481,48.101276,11.5908,,,692876.4362448303,5330803.598901157,True
183938,Frauendorferstraße,,695574,48.1637,11.476364,1.0,,684134.2050902677,5337460.658030381,True
183939,Frauendorferstraße,695574.0,376335,48.163483,11.476265,,,684127.6213395414,5337436.303980807,True
183940,Frauendorferstraße,695574.0,540261,48.163765,11.476867,,,684171.3711331948,5337469.087163323,True
184003,Frauenmantelanger,,2360,48.209362,11.568118,1.0,,690786.5915459985,5342759.29975887,True
184004,Frauenmantelanger,2360.0,300665,48.2095,11.568495,,,690814.0839913032,5342775.573339366,True
184005,Frauenmantelanger,2360.0,322632,48.209267,11.568019,,,690779.5904008367,5342748.49576562,True
184214,Fraunhoferstraße,,612837,48.128757,11.575035,1.0,,691600.6113160877,5333818.321771715,True
184217,Fraunhoferstraße,612837.0,281128,48.12853,11.575188,,,691612.8396667269,5333793.475087397,True
184218,Fraunhoferstraße,612837.0,317663,48.12923,11.574253,,,691540.6693775356,5333868.941029763,True
184219,Fraunhoferstraße,612837.0,31839,48.129288,11.574361,,,691548.4888603572,5333875.655951687,True
184220,Fraunhoferstraße,612837.0,368545,48.128143,11.575915,,,691668.3706854916,5333752.27717484,True
184221,Fraunhoferstraße,612837.0,529717,48.128197,11.576688,,,691725.6826697676,5333760.2055246625,True
184222,Fraunhoferstraße,612837.0,98778,48.127995,11.57667,,,691725.0957129062,5333737.7111381665,True
186203,Freiham,,678708,48.139866,11.410041,1.0,,679286.0170530187,5334655.029548399,True
186206,Freiham,678708.0,235743,48.140633,11.411137,,,679364.8713930581,5334742.828473049,True
186207,Freiham,678708.0,463683,48.140915,11.409538,,,679244.9469189625,5334770.440474618,True
186208,Freiham Bf (Süd),54081.0,22613,48.138588,11.410805,,,679347.3019427791,5334514.777067037,True
186209,Freiham Bf. (Süd),,54081,48.138767,11.411299,1.0,,679383.4258826459,5334535.823110596,True
186210,Freiham Bf. (Süd),54081.0,100234,48.13869,11.411209,,,679376.999328549,5334527.0555322245,True
186211,"Freiham, Möbel Höffner",,26499,48.134235,11.412907,1.0,,679518.848231513,5334035.899183079,True
186212,"Freiham, Möbel Höffner",26499.0,15914,48.134235,11.412907,,,679518.848231513,5334035.899183079,True
186213,"Freiham, Möbel Höffner",26499.0,333273,48.134235,11.412907,,1,679518.848231513,5334035.899183079,True
186401,Freiligrathstraße,,693185,48.17817,11.585249,1.0,,692175.8380401242,5339335.409376927,True
186402,Freiligrathstraße,693185.0,366773,48.17837,11.585024,,,692158.365949559,5339357.074036572,True
186403,Freiligrathstraße,693185.0,472704,48.17796,11.585536,,,692197.95613407,5339312.788480818,True
186416,Freimann,,507787,48.19196,11.614291,1.0,,694282.3723041224,5340941.028888243,True
186417,Freimann,507787.0,224037,48.191944,11.614345,,,694286.4455540676,5340939.387270131,True
186418,Freimann,507787.0,614490,48.19198,11.614237,,,694278.2839272273,5340943.115056418,True
186419,Freimanner Hölzl,,457550,48.19204,11.601239,1.0,,693312.1790082653,5340916.993029994,True
186420,Freimanner Hölzl,457550.0,488059,48.19204,11.601239,,1,693312.1790082653,5340916.993029994,True
186492,Freischützstraße,,56254,48.15869,11.642148,1.0,,696479.5688486298,5337314.352942353,True
186493,Freischützstraße,56254.0,137346,48.15881,11.641663,,,696443.0469009378,5337326.449539401,True
186494,Freischützstraße,56254.0,406422,48.15838,11.641843,,,696458.0740188676,5337279.121128506,True
186495,Freischützstraße,56254.0,564551,48.159084,11.642534,,,696506.765349883,5337359.127364483,True
188028,Friedastraße,,479866,48.081253,11.529014,1.0,,688350.1449099843,5328425.262379197,True
188029,Friedastraße,479866.0,444511,48.081226,11.529113,,,688357.616117985,5328422.504017981,True
188030,Friedastraße,479866.0,50872,48.081295,11.528924,,,688343.2891583634,5328429.709815108,True
188393,Friedenheimer Straße,,525565,48.13519,11.509871,1.0,,686728.9568804043,5334372.956216412,True
188394,Friedenheimer Straße,525565.0,573974,48.135002,11.511048,,,686817.1994172493,5334354.921453011,True
188395,Friedenheimer Straße,525565.0,83394,48.135254,11.510886,,,686804.2331521314,5334382.534369448,True
188413,Friedensengel/Villa Stuck,,176168,48.140717,11.600089,1.0,,693419.7149013787,5335210.238789953,True
188414,Friedensengel/Villa Stuck,176168.0,143534,48.140656,11.600736,,,693468.0707573456,5335205.0874124635,True
188415,Friedensengel/Villa Stuck,176168.0,205042,48.140537,11.600664,,,693463.1624942524,5335191.681030962,True
188416,Friedensengel/Villa Stuck,176168.0,423231,48.14047,11.600053,,,693417.9654883989,5335182.697592886,True
188417,Friedensengel/Villa Stuck,176168.0,655568,48.140938,11.600143,,,693422.9009241262,5335234.935734249,True
188440,Friedenspromenade,,372043,48.11838,11.683363,1.0,,699700.5916829809,5332940.672413846,True
188441,Friedenspromenade,372043.0,224494,48.118267,11.68401,,,699749.1770748103,5332929.794425015,True
188442,Friedenspromenade,372043.0,390091,48.11804,11.682914,,,699668.4972426085,5332901.72069513,True
188443,Friedenspromenade,372043.0,392693,48.118683,11.682923,,,699666.673854608,5332973.20386774,True
188762,Friedhof Obermenzing,,89130,48.164417,11.448004,1.0,,682023.0527256777,5337472.789940717,True
188763,Friedhof Obermenzing,89130.0,582573,48.16437,11.447968,,,682020.5424787197,5337467.481199913,True
188764,Friedhof Obermenzing,89130.0,605389,48.164425,11.447591,,,681992.3175510017,5337472.7010282045,True
188788,Friedhof Perlach,,480773,48.097996,11.640531,1.0,,696590.9776930163,5330564.958325964,True
188789,Friedhof Perlach,480773.0,418397,48.098007,11.64028,,,696572.2498759109,5330565.539438643,True
188790,Friedhof Perlach,480773.0,636566,48.09801,11.640684,,,696602.314467395,5330566.905204101,True
188796,Friedhof Riem,,85973,48.132576,11.679734,1.0,,699375.5528898617,5334508.929851977,True
188797,Friedhof Riem,85973.0,126497,48.132767,11.679779,,,699378.1608093217,5334530.273372569,True
188798,Friedhof Riem,85973.0,99867,48.13282,11.679967,,,699391.9417656591,5334536.651057296,True
188810,Friedhof Untermenzing,,633710,48.177845,11.461704,1.0,,682993.8502037904,5338997.686308431,True
188811,Friedhof Untermenzing,633710.0,267888,48.177814,11.461793,,,683000.5760663395,5338994.452979823,True
188812,Friedhof Untermenzing,633710.0,293159,48.177902,11.461623,,,682987.626424962,5339003.828284395,True
189101,Friedrich-Eckart-Straße,,378882,48.14032,11.636291,1.0,,696114.0768707849,5335257.829770676,True
189102,Friedrich-Eckart-Straße,378882.0,309966,48.140297,11.636902,,,696159.6134397399,5335256.83241399,True
189103,Friedrich-Eckart-Straße,378882.0,472712,48.140392,11.637701,,,696218.6843703062,5335269.429245901,True
189104,Friedrich-Eckart-Straße,378882.0,475203,48.141365,11.637522,,,696201.6595156041,5335377.107534368,True
189105,Friedrich-Eckart-Straße,378882.0,514404,48.14035,11.635411,,,696048.5042640835,5335258.919448442,True
189106,Friedrich-Eckart-Straße,378882.0,539505,48.141155,11.636911,,,696157.0121026527,5335352.2098886715,True
189107,Friedrich-Eckart-Straße,378882.0,612822,48.140244,11.635662,,,696067.578638808,5335247.779140159,True
189108,Friedrich-Engels-Bogen,,687709,48.106327,11.659027,1.0,,697935.9173887934,5331538.2542297235,True
189109,Friedrich-Engels-Bogen,687709.0,391116,48.106445,11.659189,,,697947.5222232962,5331551.78504259,True
189110,Friedrich-Engels-Bogen,687709.0,490750,48.106243,11.658866,,,697924.2563103017,5331528.504606987,True
189128,Friedrich-Hebbel-Straße,,485228,48.112797,11.526095,1.0,,688017.6544180007,5331923.801471173,True
189131,Friedrich-Hebbel-Straße,485228.0,121127,48.11272,11.526553,,,688052.0221616549,5331916.363598907,True
189132,Friedrich-Hebbel-Straße,485228.0,318769,48.11222,11.526023,,,688014.4018735202,5331859.49976929,True
190060,Friedrichstraße,,414227,48.159973,11.580551,1.0,,691894.5508533274,5337301.314113515,True
190065,Friedrichstraße,414227.0,689934,48.159973,11.580551,,1,691894.5508533274,5337301.314113515,True
190577,Friesplatz,,527817,48.100307,11.672089,1.0,,698931.4086877669,5330902.916505658,True
190578,Friesplatz,527817.0,316751,48.09971,11.67243,,,698959.098489363,5330837.4508799305,True
190579,Friesplatz,527817.0,572401,48.10071,11.672691,,,698974.6666661625,5330949.260759635,True
190675,Fritz-Meyer-Weg,,95038,48.172386,11.636632,1.0,,696017.1854097793,5338822.387824828,True
190676,Fritz-Meyer-Weg,95038.0,138714,48.17286,11.636848,,,696031.4346108641,5338875.617438865,True
190677,Fritz-Meyer-Weg,95038.0,165418,48.172497,11.636713,,,696022.7834639254,5338834.93057768,True
190678,Fritz-Meyer-Weg,95038.0,32697,48.172943,11.636534,,,696007.776169247,5338884.040754223,True
190679,Fritz-Meyer-Weg,95038.0,411674,48.1725,11.636579,,,696012.8107510284,5338834.922165227,True
191579,Fröttmaning,,526973,48.211807,11.616672,1.0,,694384.1538308739,5343152.788025485,True
191580,Fröttmaning,526973.0,101320,48.21177,11.616834,,,694396.3274896448,5343149.086015927,True
191581,Fröttmaning,526973.0,230235,48.211792,11.616753,,,694390.2274029893,5343151.325997305,True
191582,Fröttmaning,526973.0,25340,48.211823,11.616618,,,694380.0820628037,5343154.429537001,True
191583,Fröttmaning,526973.0,349354,48.211845,11.616519,,,694372.6449312816,5343156.623976857,True
191584,Fröttmaning Auensiedlung,,288021,48.21478,11.635644,1.0,,695782.0716387569,5343531.393768493,True
191585,Fröttmaning Auensiedlung,288021.0,645127,48.214767,11.635779,,,695792.1485748917,5343530.293181709,True
191586,Fröttmaning Auensiedlung,288021.0,675243,48.214794,11.635528,,,695773.4021482297,5343532.6539483955,True
191747,Fuggerstraße,,639683,48.123882,11.534746,1.0,,688620.9006351444,5333176.931338008,True
191748,Fuggerstraße,639683.0,239659,48.123814,11.534701,,,688617.8013343567,5333169.263686591,True
191749,Fuggerstraße,639683.0,637978,48.124073,11.534539,,,688604.7983674533,5333197.650730573,True
193364,Fürstenried West,,638902,48.088512,11.480442,1.0,,684706.9479960331,5329114.264003574,True
193365,Fürstenried West,638902.0,286342,48.088646,11.480595,,,684717.8603180724,5329129.523557682,True
193366,Fürstenried West,638902.0,292402,48.08831,11.480927,,,684743.7851211429,5329092.978742505,True
193367,Fürstenried West,638902.0,312509,48.088417,11.481071,,,684754.1240085465,5329105.21607487,True
193368,Fürstenried West,638902.0,437712,48.088364,11.480963,,,684746.2721980185,5329099.066541734,True
193369,Fürstenried West,638902.0,464695,48.088585,11.480254,,,684692.6879288495,5329121.925709354,True
193370,Fürstenried West,638902.0,587638,48.088795,11.480083,,,684679.2029611792,5329144.853944452,True
193371,Fürstenried West,638902.0,624362,48.08854,11.480856,,,684737.674253981,5329118.369666069,True
193372,Fürstenried West,638902.0,628991,48.088722,11.480344,,,684698.8985388507,5329137.367425211,True
193373,Fürstenrieder Straße,,82439,48.13969,11.503125,1.0,,686210.8214265286,5334856.712389505,True
193374,Fürstenrieder Straße,82439.0,16531,48.139744,11.503547,,,686242.0169726025,5334863.735913485,True
193375,Fürstenrieder Straße,82439.0,297543,48.13967,11.503601,,,686246.3016381272,5334855.642577684,True
193376,Fürstenrieder Straße,82439.0,319785,48.140297,11.502963,,,686196.574604129,5334923.780248381,True
193377,Fürstenrieder Straße,82439.0,446775,48.13935,11.503358,,,686229.3837895985,5334819.49012117,True
193378,Fürstenrieder Straße,82439.0,496987,48.13927,11.503125,,,686212.341164277,5334810.0348305255,True
193379,Fürstenrieder Straße,82439.0,647435,48.13923,11.503044,,,686206.4605647735,5334805.3931786595,True
195482,Gaiglstraße,,10798,48.152416,11.550403,1.0,,689680.7214824792,5336386.622716095,True
195483,Gaiglstraße,10798.0,237446,48.152397,11.550484,,,689686.8153150802,5336384.710992603,True
195484,Gaiglstraße,10798.0,349018,48.152428,11.55034,,,689675.9920810042,5336387.80090321,True
195861,Galileiplatz,,136323,48.144245,11.606647,1.0,,693894.2307010577,5335618.846468951,True
195862,Galileiplatz,136323.0,112824,48.144108,11.606728,,,693900.7716993548,5335603.825112811,True
195863,Galileiplatz,136323.0,226280,48.14436,11.606557,,,693887.1032297842,5335631.40013843,True
196394,Ganghoferbrücke,,592861,48.127934,11.539111,1.0,,688930.8256311506,5333637.971539344,True
196395,Ganghoferbrücke,592861.0,14413,48.127956,11.539165,,,688934.7626542756,5333640.549214602,True
196396,Ganghoferbrücke,592861.0,531262,48.127914,11.539039,,,688925.5420107907,5333635.5719176475,True
197005,Garmischer Straße,,333391,48.130196,11.528502,1.0,,688133.2174344701,5333863.352364446,True
197006,Garmischer Straße,333391.0,264833,48.13006,11.527622,,,688068.2424811923,5333846.085181214,True
197007,Garmischer Straße,333391.0,39999,48.130177,11.529077,,,688176.0667590128,5333862.647698902,True
197491,Gartenstraße,,222818,48.172153,11.56492,1.0,,690687.1053842274,5338616.053843722,True
197493,Gartenstraße,222818.0,270679,48.172325,11.564929,,,690687.1363514424,5338635.19173663,True
197494,Gartenstraße,222818.0,629317,48.172005,11.56492,,,690687.654428332,5338599.605571567,True
198168,Gautinger Straße,,19168,48.084877,11.478619,1.0,,684584.219948777,5328705.908769104,True
198169,Gautinger Straße,19168.0,257999,48.0849,11.478745,,,684593.5202771001,5328708.767144132,True
198170,Gautinger Straße,19168.0,412513,48.084877,11.478466,,,684572.8267070102,5328705.541786869,True
199667,Geisenhausenerstraße,,618609,48.098793,11.518711,1.0,,687519.0614579406,5330349.424767246,True
199668,Geisenhausenerstraße,618609.0,273186,48.098877,11.518073,,,687471.259809056,5330357.205372917,True
199669,Geisenhausenerstraße,618609.0,532725,48.09874,11.519312,,,687563.9959551101,5330344.999576219,True
200253,Gelbhofstraße,,663083,48.122314,11.475448,1.0,,684214.2017652998,5332858.9333427735,True
200254,Gelbhofstraße,663083.0,397877,48.122314,11.475448,,1,684214.2017652998,5332858.9333427735,True
200859,Gellertstraße,,274497,48.162567,11.61519,1.0,,694460.3663710955,5337676.665767624,True
200860,Gellertstraße,274497.0,296908,48.16241,11.615235,,,694464.3060084987,5337659.331223127,True
200861,Gellertstraße,274497.0,388094,48.162777,11.615235,,,694462.9179965706,5337700.11826044,True
202809,Georg-Birk-Straße,,76010,48.16397,11.556925,1.0,,690123.0266400125,5337686.811745015,True
202810,Georg-Birk-Straße,76010.0,222509,48.16397,11.556925,,-,690123.0266400125,5337686.811745015,True
202818,Georg-Brauchle-Haus,,385923,48.110207,11.637782,1.0,,696339.7883206317,5331915.009429127,True
202819,Georg-Brauchle-Haus,385923.0,259954,48.11016,11.638196,,,696370.7806844085,5331910.842934314,True
202820,Georg-Brauchle-Haus,385923.0,597775,48.11027,11.637369,,,696308.8094646827,5331920.956807782,True
202821,Georg-Brauchle-Ring,,113207,48.17687,11.529158,1.0,,688011.3412121275,5339052.166946886,True
202822,Georg-Brauchle-Ring,113207.0,220007,48.176613,11.530002,,,688075.0180816089,5339025.670047106,True
202823,Georg-Brauchle-Ring,113207.0,293492,48.177612,11.529697,,,688048.691256067,5339135.949831944,True
202824,Georg-Brauchle-Ring,113207.0,338336,48.177193,11.529122,,,688007.4836506299,5339087.976241877,True
202825,Georg-Brauchle-Ring,113207.0,399655,48.177193,11.529014,,,687999.4558219697,5339087.712002021,True
202826,Georg-Brauchle-Ring,113207.0,558106,48.17608,11.528933,,,687997.5062080754,5338963.817917333,True
202827,Georg-Brauchle-Ring,113207.0,591969,48.175987,11.529185,,,688016.5784310788,5338954.098701519,True
202828,Georg-Brauchle-Ring,113207.0,664325,48.176636,11.528278,,,687946.7845927444,5339024.008026471,True
202829,Georg-Brauchle-Ring,113207.0,684301,48.17688,11.529329,,,688024.0154356221,5339053.696730117,True
202848,Georg-Hirth-Platz,,653055,48.1346,11.556063,1.0,,690167.4762243086,5334420.594733641,True
202849,Georg-Hirth-Platz,653055.0,362226,48.134678,11.55609,,,690169.1966479736,5334429.330155819,True
202850,Georg-Hirth-Platz,653055.0,632082,48.13453,11.556036,,,690165.7262365489,5334412.748404015,True
202854,Georg-Reismüller-Straße,,332831,48.194298,11.464093,1.0,,683112.7797924685,5340831.934134579,True
202855,Georg-Reismüller-Straße,332831.0,124505,48.194393,11.463913,,,683099.065811034,5340842.063241303,True
202856,Georg-Reismüller-Straße,332831.0,261625,48.194225,11.464255,,,683125.0778518679,5340824.207194109,True
202870,Georg-Zech-Allee,,416948,48.208794,11.532796,1.0,,688164.7781223708,5342609.031534249,True
202871,Georg-Zech-Allee,416948.0,268165,48.20871,11.532796,,,688165.0860126596,5342599.695954554,True
202872,Georg-Zech-Allee,416948.0,465190,48.208878,11.532805,,,688165.1388041563,5342618.389163864,True
202968,Georgenstraße,,179499,48.155174,11.583461,1.0,,692128.8556733638,5336775.239185465,True
202969,Georgenstraße,179499.0,404708,48.15501,11.583192,,,692109.4645260554,5336756.34044784,True
202970,Georgenstraße,179499.0,76163,48.15533,11.583704,,,692146.3431395971,5336793.183905583,True
203753,Geretsrieder Straße,,560357,48.099983,11.533236,1.0,,688596.0232654983,5330517.181671439,True
203754,Geretsrieder Straße,560357.0,424509,48.099895,11.532796,,,688563.5901435639,5330506.3231574185,True
203789,Gerhardstraße,,598381,48.11293,11.565998,1.0,,690986.9356766543,5332036.892200017,True
203790,Gerhardstraße,598381.0,307529,48.113087,11.566231,,,691003.6944031954,5332054.919133827,True
203791,Gerhardstraße,598381.0,479294,48.112774,11.565971,,,690985.5046333789,5332019.487935562,True
203908,Gerlachweg,,57086,48.180107,11.446154,1.0,,681829.9955688994,5339212.166869804,True
203909,Gerlachweg,57086.0,321441,48.18008,11.445992,,,681818.0499522123,5339208.782803189,True
203910,Gerlachweg,57086.0,675078,48.180134,11.446297,,,681840.5289406612,5339215.505998446,True
204306,Germeringer Weg,,99922,48.158115,11.413635,1.0,,679489.6831070913,5336691.573586242,True
204307,Germeringer Weg,99922.0,693403,48.158115,11.413635,,1,679489.6831070913,5336691.573586242,True
204386,Gern,,224000,48.16279,11.529149,1.0,,688062.174521846,5337487.332040836,True
204391,Gern,224000.0,315097,48.16279,11.529095,,,688058.1594814502,5337487.19991075,True
204392,Gern,224000.0,686767,48.162796,11.529203,,,688066.1676171863,5337488.130996756,True
205208,Gertrud-Grunow-Straße,,435240,48.183117,11.596145,1.0,,692967.1586907378,5339912.51228144,True
205209,Gertrud-Grunow-Straße,435240.0,119248,48.181236,11.597511,,,693075.7514904316,5339706.895642526,True
205210,Gertrud-Grunow-Straße,435240.0,74443,48.18357,11.594744,,,692861.3321438511,5339959.339516463,True
205211,Gertrud-Grunow-Straße,435240.0,89521,48.18292,11.596568,,,692999.3371858059,5339891.680806261,True
206609,Giesing,,665246,48.110863,11.595247,1.0,,693171.5273225909,5331880.215494199,True
206610,Giesing,665246.0,153386,48.110825,11.595319,,,693177.0285959174,5331876.17315943,True
206611,Giesing,665246.0,218125,48.110916,11.595436,,,693185.3953204,5331886.580359537,True
206612,Giesing,665246.0,252712,48.111046,11.595705,,,693204.9286572712,5331901.7036549095,True
206613,Giesing,665246.0,270123,48.110664,11.595678,,,693204.3518827655,5331859.181986325,True
206614,Giesing,665246.0,325925,48.11097,11.595741,,,693207.8930900166,5331893.347766063,True
206615,Giesing,665246.0,36061,48.110573,11.59557,,,693196.6549960206,5331848.797364452,True
206616,Giesing,665246.0,393103,48.11047,11.594744,,,693135.5638538607,5331835.276039135,True
206617,Giesing,665246.0,405445,48.11049,11.594861,,,693144.19692877,5331837.792537362,True
206618,Giesing,665246.0,517193,48.110596,11.595427,,,693185.9255716363,5331850.994321137,True
206619,Giesing,665246.0,605894,48.1108,11.593989,,,693078.1338770159,5331870.055370633,True
206620,"Giesing, München",665246.0,248385,48.11148,11.594286,,,693097.6897245429,5331946.373245762,True
206621,"Giesing, München",665246.0,444933,48.110325,11.594695,,,693132.4605238591,5331819.038324181,True
207286,Gilchinger Straße,,399408,48.164207,11.413347,1.0,,679447.0081195445,5337367.955086555,True
207287,Gilchinger Straße,399408.0,15652,48.164288,11.413329,,,679445.3871190682,5337376.915260545,True
207288,Gilchinger Straße,399408.0,563817,48.16407,11.413311,,,679444.8095791056,5337352.645096464,True
207311,Gilgstraße,,314690,48.08187,11.508865,1.0,,686847.4006034718,5328444.715203974,True
207312,Gilgstraße,314690.0,221180,48.081852,11.508775,,,686840.7635411823,5328442.49624016,True
207313,Gilgstraße,314690.0,621609,48.08188,11.508946,,,686853.3964214716,5328446.023234365,True
207724,Giselastraße,,95053,48.15652,11.584,1.0,,692163.9082470945,5336926.176369184,True
207725,Giselastraße,95053.0,233320,48.157078,11.585087,,,692242.6531700535,5336990.908704871,True
207726,Giselastraße,95053.0,523963,48.156513,11.584045,,,692167.2806625761,5336925.51091731,True
207727,Giselastraße,95053.0,609831,48.157234,11.5848,,,692220.7286269367,5337007.528227127,True
207728,Giselastraße,95053.0,681542,48.156532,11.583946,,,692159.8478986924,5336927.375005611,True
209690,Glötzleweg,,576278,48.08622,11.51015,1.0,,686927.3237381513,5328931.278030272,True
209691,Glötzleweg,576278.0,145838,48.08605,11.510392,,,686945.9603048704,5328912.972777741,True
209692,Glötzleweg,576278.0,483618,48.086395,11.509817,,,686901.8930068545,5328949.917991135,True
209918,Gmunder Straße,,63908,48.095684,11.527595,1.0,,688191.7851480884,5330025.5942273345,True
209919,Gmunder Straße,63908.0,87681,48.0958,11.527559,,,688188.6814125101,5330038.397963419,True
209942,Gnadenwaldplatz,,72536,48.118027,11.653943,1.0,,697512.6275041457,5332825.466163458,True
209943,Gnadenwaldplatz,72536.0,76885,48.118004,11.65423,,,697534.0732874934,5332823.647163982,True
209944,Gnadenwaldplatz,72536.0,87963,48.11804,11.653736,,,697497.1734145959,5332826.379326497,True
210685,Goetheplatz,,203293,48.129524,11.558263,1.0,,690349.911270883,5333861.909709194,True
210688,Goetheplatz,203293.0,110395,48.130093,11.55838,,,690356.51207622,5333925.43593595,True
210689,Goetheplatz,203293.0,171396,48.12979,11.55918,,,690417.1526587813,5333893.742325661,True
210690,Goetheplatz,203293.0,205945,48.13007,11.558569,,,690370.6586834053,5333923.347686153,True
210691,Goetheplatz,203293.0,283525,48.129402,11.558245,,,690349.0231686945,5333848.306514646,True
210692,Goetheplatz,203293.0,447398,48.129158,11.55768,,,690307.8887633539,5333819.790805643,True
210693,Goetheplatz,203293.0,489537,48.129948,11.55821,,,690344.4002707059,5333908.900339267,True
210694,Goetheplatz,203293.0,509403,48.129997,11.559108,,,690411.0301781512,5333916.569265242,True
210695,Goetheplatz,203293.0,582873,48.129215,11.557608,,,690302.321174279,5333825.947393699,True
211128,Goldlackplatz,,684189,48.200195,11.550224,1.0,,689491.1661622556,5341696.204371029,True
211129,Goldlackplatz,684189.0,434127,48.20013,11.550502,,,689512.0609723123,5341689.666275526,True
211130,Goldlackplatz,684189.0,518449,48.20027,11.549936,,,689469.4915247561,5341703.829250754,True
211250,Gollierplatz,,522383,48.136303,11.534314,1.0,,688543.2576877044,5334556.29968769,True
211251,Gollierplatz,522383.0,380898,48.1363,11.534422,,,688551.3028959355,5334556.231113348,True
211252,Gollierplatz,522383.0,401998,48.136333,11.534225,,,688536.5269997941,5334559.415553085,True
211667,Gondrellplatz,,682093,48.124554,11.490099,1.0,,685296.3431140115,5333143.076655487,True
211668,Gondrellplatz,682093.0,99052,48.124428,11.490135,,,685299.4752539259,5333129.160141951,True
212532,Goteboldstraße,,146451,48.176777,11.443423,1.0,,681638.7745533404,5338835.617757972,True
212533,Goteboldstraße,146451.0,17749,48.177055,11.443324,,,681630.4331533697,5338866.280169522,True
212534,Goteboldstraße,146451.0,672963,48.176525,11.443531,,,681647.6931376655,5338807.866224771,True
213088,Gotzinger Platz,,399965,48.117626,11.550358,1.0,,689805.6288783298,5332520.071627138,True
213089,Gotzinger Platz,399965.0,15674,48.117626,11.550358,,1,689805.6288783298,5332520.071627138,True
213638,Graf-Lehndorff-Straße,,410676,48.140526,11.680255,1.0,,699383.5097984625,5335393.806628953,True
213639,Graf-Lehndorff-Straße,410676.0,145699,48.140453,11.679859,,,699354.3366142062,5335384.66681051,True
213640,Graf-Lehndorff-Straße,410676.0,163187,48.140656,11.680219,,,699380.3282563987,5335408.160862437,True
213641,Graf-Lehndorff-Straße,410676.0,643022,48.14036,11.679976,,,699363.3998596965,5335374.634618817,True
214101,Grafinger Straße,,39994,48.124653,11.619322,1.0,,694911.164278181,5333473.518240143,True
214102,Grafinger Straße,39994.0,571562,48.124725,11.619385,,,694915.5793560661,5333481.679692869,True
214103,Grafinger Straße,39994.0,686743,48.124596,11.61925,,,694906.0227370134,5333467.001016292,True
215024,Grashofstraße,,495309,48.217358,11.528942,1.0,,687847.135547458,5343551.381994269,True
215025,Grashofstraße,495309.0,102835,48.21763,11.528871,,,687840.8665556104,5343581.437862851,True
215026,Grashofstraße,495309.0,463693,48.21702,11.528799,,,687837.751525825,5343513.467551052,True
217253,Griechenstraße,,282851,48.09316,11.569852,1.0,,691347.1708313498,5329849.313208287,True
217254,Griechenstraße,282851.0,441841,48.09318,11.569654,,,691332.3548788409,5329851.043523012,True
217255,Griechenstraße,282851.0,614910,48.09312,11.569986,,,691357.2960445195,5329845.201041835,True
217268,Griegstraße,,144219,48.181744,11.584916,1.0,,692137.7223454762,5339731.779869639,True
217269,Griegstraße,144219.0,254096,48.182034,11.58506,,,692147.3406621078,5339764.369692404,True
217270,Griegstraße,144219.0,9119,48.181534,11.584746,,,692125.8723254852,5339708.016007209,True
217494,Grillparzerstraße,,544622,48.136333,11.609126,1.0,,694108.4591903576,5334745.793303141,True
217496,Grillparzerstraße,544622.0,168949,48.135796,11.609405,,,694131.239687515,5334686.8176779635,True
217497,Grillparzerstraße,544622.0,289408,48.135292,11.609863,,,694167.2122598971,5334631.961640048,True
217498,Grillparzerstraße,544622.0,413652,48.13623,11.608632,,,694072.098744136,5334733.099261235,True
217499,Grillparzerstraße,544622.0,485268,48.13646,11.610186,,,694186.8338018499,5334762.5841930825,True
217666,Grimmeisenstraße,,193631,48.16521,11.644699,1.0,,696644.3187464251,5338045.4843968935,True
217667,Grimmeisenstraße,193631.0,335618,48.165146,11.644601,,,696637.2773902235,5338038.120931358,True
217668,Grimmeisenstraße,193631.0,550032,48.16527,11.644807,,,696652.118866842,5338052.428916066,True
222088,Großhadern,,41147,48.115334,11.477164,1.0,,684366.8781262855,5332087.309041393,True
222089,Großhadern,41147.0,265316,48.11469,11.477083,,,684363.1550818975,5332015.542728289,True
222090,Großhadern,41147.0,274553,48.1147,11.476975,,,684355.081657143,5332016.3952383585,True
222091,Großhadern,41147.0,328285,48.115604,11.476741,,,684334.4314917708,5332116.302176445,True
222092,Großhadern,41147.0,393001,48.11536,11.47631,,,684303.2290473843,5332088.151945079,True
222093,Großhadern,41147.0,460156,48.11524,11.477038,,,684357.8374600237,5332076.560162516,True
222094,Großhadern,41147.0,646672,48.116013,11.477559,,,684393.8437806229,5332163.717876235,True
222095,Großhaderner Straße,,195824,48.11946,11.481386,1.0,,684666.2913868593,5332555.988499714,True
222096,Großhaderner Straße,195824.0,21397,48.119408,11.481475,,,684673.1008451516,5332550.423073951,True
222097,Großhaderner Straße,195824.0,87103,48.119522,11.481332,,,684662.0506275948,5332562.749335779,True
222601,Großlappen,,79166,48.204277,11.629518,1.0,,695367.0226064526,5342348.522507533,True
222602,Großlappen,79166.0,596650,48.204346,11.629671,,,695378.1266860369,5342356.580145061,True
222603,Großlappen,79166.0,616674,48.20418,11.62932,,,695352.6818954184,5342337.238602632,True
222680,Großmarkthalle,,161371,48.119755,11.552335,1.0,,689944.9002498777,5332761.561554605,True
222681,Großmarkthalle,161371.0,240402,48.1197,11.55237,,,689947.7076352097,5332755.535500911,True
222682,Großmarkthalle,161371.0,292333,48.119785,11.55229,,,689941.4409340376,5332764.784505555,True
224134,Gruithuisenstraße,,297659,48.183403,11.484045,1.0,,684634.5118249767,5339668.83561512,True
224135,Gruithuisenstraße,297659.0,525595,48.183475,11.484143,,,684641.5367545527,5339677.073044124,True
224136,Gruithuisenstraße,297659.0,528565,48.18335,11.483811,,,684617.3106610841,5339662.383028807,True
224471,Grusonstraße,,137992,48.20174,11.593298,1.0,,692685.6873790654,5341975.0704001095,True
224472,Grusonstraße,137992.0,325610,48.20168,11.593837,,,692725.9580070715,5341969.754465269,True
224473,Grusonstraße,137992.0,473030,48.201748,11.592687,,,692640.2626417343,5341974.42690285,True
224474,Grusonstraße,137992.0,61742,48.2022,11.593603,,,692706.621185905,5342026.958672206,True
224625,Gräfelfinger Straße,,166505,48.117165,11.495354,1.0,,685714.0036086142,5332334.561499639,True
224626,Gräfelfinger Straße,166505.0,153307,48.11727,11.495283,,,685708.3412614961,5332346.05942815,True
224627,Gräfelfinger Straße,166505.0,60352,48.117092,11.495345,,,685713.5970692284,5332326.426784739,True
225058,"Gröbenzell, Ziegelei-Ring",46847.0,309972,48.179276,11.380738,,,676970.6008947643,5338967.085707727,True
225060,"Gröbenzell, Ziegelei-Ring",46847.0,521390,48.179276,11.380738,,X,676970.6008947643,5338967.085707727,True
225062,Gröbenzeller Straße,,266019,48.18311,11.507778,1.0,,686399.4816045716,5339693.575526977,True
225063,Gröbenzeller Straße,266019.0,391771,48.183704,11.506997,,,686339.2809321645,5339757.696917066,True
225064,Gröbenzeller Straße,266019.0,68968,48.183247,11.507527,,,686380.3295138837,5339708.192497422,True
226524,Grünstraße,,641406,48.109955,11.526221,1.0,,688037.4059066067,5331608.259850643,True
226527,Grünstraße,641406.0,168875,48.109943,11.526185,,,688034.7702610147,5331606.83821155,True
226528,Grünstraße,641406.0,591866,48.109962,11.526265,,,688040.6552344325,5331609.145365745,True
226535,Grüntal,,441848,48.16868,11.621532,1.0,,694908.7324762704,5338372.108264617,True
226536,Grüntal,441848.0,149220,48.16874,11.621451,,,694902.4831695906,5338378.571009753,True
226537,Grüntal,441848.0,22533,48.168613,11.621505,,,694906.97923207,5338364.593647771,True
227531,Guido-Schneble-Straße,,20220,48.131477,11.498265,1.0,,685878.9629600729,5333932.185029587,True
227532,Guido-Schneble-Straße,20220.0,420257,48.1315,11.498184,,,685872.8536642182,5333934.545385084,True
227533,Guido-Schneble-Straße,20220.0,456788,48.131447,11.498346,,,685885.0975385972,5333929.046721752,True
227543,Gulbranssonstraße,,427923,48.08244,11.503763,1.0,,686465.3944630144,5328495.687858647,True
227544,Gulbranssonstraße,427923.0,132290,48.082153,11.503556,,,686451.0171079325,5328463.290239356,True
227545,Gulbranssonstraße,427923.0,58475,48.082333,11.503933,,,686478.4411407674,5328484.208221162,True
228265,Gundelkoferstraße,,400733,48.19589,11.584126,1.0,,692026.1201784414,5341301.949303307,True
228266,Gundelkoferstraße,400733.0,112289,48.196095,11.58462,,,692062.0598727844,5341325.967443558,True
228267,Gundelkoferstraße,400733.0,159526,48.19592,11.582985,,,691941.2268307107,5341302.431767641,True
228268,Gundelkoferstraße,400733.0,684390,48.19557,11.58409,,,692024.6416736728,5341266.295420824,True
228353,Gundermannstraße,,377555,48.20419,11.552595,1.0,,689652.57122556,5342146.050751936,True
228354,Gundermannstraße,377555.0,491376,48.204117,11.552514,,,689646.8231705376,5342137.737706284,True
228355,Gundermannstraße,377555.0,646714,48.20423,11.552649,,,689656.4352659823,5342150.629593415,True
228783,Gustav-Freytag-Straße,,137912,48.15886,11.611884,1.0,,694228.559049692,5337256.323724127,True
228784,Gustav-Freytag-Straße,137912.0,313177,48.15902,11.611929,,,694231.3008217356,5337274.219253273,True
228785,Gustav-Freytag-Straße,137912.0,510295,48.158707,11.611848,,,694226.4600387978,5337239.228894541,True
228805,Gustav-Mahler-Straße,,382692,48.202194,11.603089,1.0,,693411.4069335477,5342050.13508415,True
228806,Gustav-Mahler-Straße,382692.0,305591,48.202267,11.602856,,,693393.8212316671,5342057.66139677,True
228807,Gustav-Mahler-Straße,382692.0,330618,48.20214,11.603368,,,693432.3386845163,5342044.836273379,True
229478,Gärtnerplatztheater,,260361,48.13223,11.575295,1.0,,691607.0280431092,5334204.945755677,True
229479,Gärtnerplatztheater,260361.0,252996,48.132168,11.575466,,,691619.9806578688,5334198.481431205,True
229480,Gärtnerplatztheater,260361.0,636986,48.132298,11.57508,,,691590.7796819598,5334211.967292434,True
229487,Gärtnerstraße,,421263,48.1777,11.536533,1.0,,688556.4958849442,5339162.482087308,True
229492,Gärtnerstraße,421263.0,151283,48.177563,11.536416,,,688548.3017884225,5339146.969174273,True
229493,Gärtnerstraße,421263.0,181566,48.177826,11.536686,,,688567.4062027542,5339176.860847634,True
230895,Görresstraße,,13618,48.155994,11.56218,1.0,,690543.2913079726,5336813.397571095,True
230896,Görresstraße,13618.0,346481,48.15594,11.562207,,,690545.4991520997,5336807.463118275,True
230897,Görresstraße,13618.0,658169,48.156048,11.562162,,,690541.752727249,5336819.354334922,True
230980,Görzer Straße,,686146,48.09556,11.609396,1.0,,694282.2921845007,5330215.139945048,True
230981,Görzer Straße,686146.0,134559,48.095547,11.609261,,,694272.2905213493,5330213.354285217,True
230982,Görzer Straße,686146.0,164991,48.09554,11.609548,,,694293.6838856656,5330213.301087161,True
230983,Görzer Straße Schule,,36330,48.104557,11.609252,1.0,,694237.6558044376,5331214.661829661,True
230984,Görzer Straße Schule,36330.0,110567,48.104557,11.609252,,1,694237.6558044376,5331214.661829661,True
235269,Hackerbrücke,,451670,48.142395,11.548589,1.0,,689582.743008508,5335268.446830178,True
235270,Hackerbrücke,451670.0,505643,48.143707,11.548265,,,689553.8098914307,5335413.459253216,True
235271,Hackerbrücke,451670.0,526480,48.1436,11.548418,,,689565.58425757,5335401.944871863,True
235440,Haderner Stern,,609247,48.118393,11.489192,1.0,,685251.0174786111,5332456.177342115,True
235441,Haderner Stern,609247.0,226218,48.118423,11.488842,,,685224.8635977072,5332458.668500527,True
235442,Haderner Stern,609247.0,355364,48.118484,11.49036,,,685337.609156479,5332469.10468671,True
235443,Haderner Stern,609247.0,520235,48.118362,11.490333,,,685336.0389419093,5332455.480931266,True
235444,Haderner Stern,609247.0,68078,48.11837,11.488833,,,685224.3844610465,5332452.75657358,True
235451,Haderunstraße,,345747,48.122208,11.478906,1.0,,684471.896458604,5332855.441354887,True
235452,Haderunstraße,345747.0,32640,48.122246,11.479481,,,684514.5469880025,5332861.0439105425,True
235453,Haderunstraße,345747.0,348178,48.12205,11.478718,,,684458.4730455216,5332837.430791619,True
235454,Haderunstraße,345747.0,463776,48.121796,11.479005,,,684480.7392137172,5332809.890380022,True
238385,Haidenauplatz,,329250,48.132088,11.609629,1.0,,694161.8907260094,5334275.291156183,True
238386,Haidenauplatz,329250.0,171782,48.132057,11.609521,,,694153.97283193,5334271.573234338,True
238387,Haidenauplatz,329250.0,77855,48.132126,11.609782,,,694173.1300454906,5334279.900677168,True
239928,Halfinger Straße,,524932,48.12604,11.655479,1.0,,697596.1785881154,5333719.939428844,True
239929,Halfinger Straße,524932.0,126393,48.126003,11.655614,,,697606.3652774463,5333716.174325057,True
239930,Halfinger Straße,524932.0,47057,48.126118,11.655371,,,697587.8434900821,5333728.330477546,True
240884,Halligenplatz,,302827,48.119232,11.660555,1.0,,698000.0365983867,5332976.38619493,True
240885,Halligenplatz,302827.0,627143,48.119305,11.660582,,,698001.7651072757,5332984.568581344,True
240886,Halligenplatz,302827.0,71007,48.119156,11.66051,,,697996.9801500869,5332967.824061567,True
247170,Hanauer Straße,,223871,48.17215,11.528655,1.0,,687991.2149805501,5338526.36802751,True
247171,Hanauer Straße,223871.0,276861,48.17269,11.527891,,,687932.4456160606,5338584.513485919,True
247172,Hanauer Straße,223871.0,374533,48.17276,11.527981,,,687938.8801190694,5338592.513204414,True
247173,Hanauer Straße,223871.0,488898,48.171883,11.528646,,,687991.5224099129,5338496.672346886,True
247174,Hanauer Straße,223871.0,576009,48.171616,11.528511,,,687982.463010232,5338466.668441229,True
247394,Hanebergstraße,,105873,48.162617,11.537423,1.0,,688678.0025228855,5337488.38395856,True
247395,Hanebergstraße,105873.0,62731,48.162617,11.537423,,1,688678.0025228855,5337488.38395856,True
247727,Hanna-Kirchner-Weg,,151485,48.11769,11.469115,1.0,,683759.4525067927,5332329.885993792,True
247728,Hanna-Kirchner-Weg,151485.0,683933,48.11769,11.469115,,1,683759.4525067927,5332329.885993792,True
247752,Hannes-Meyer-Straße,,340594,48.178833,11.595238,1.0,,692915.8308889961,5339434.124548135,True
247753,Hannes-Meyer-Straße,340594.0,341268,48.178215,11.594771,,,692883.4388477365,5339364.269606155,True
249459,Hans-Fischer-Straße,,51026,48.127625,11.545067,1.0,,689375.1063331341,5333618.280582859,True
249460,Hans-Fischer-Straße,51026.0,315429,48.12746,11.544555,,,689337.6186126216,5333598.682326351,True
249461,Hans-Fischer-Straße,51026.0,511064,48.12742,11.544932,,,689365.8159120061,5333595.165160817,True
249497,Hans-Steinkohl-Straße,,359255,48.134857,11.411065,1.0,,679379.6456668564,5334100.728280081,True
249498,Hans-Steinkohl-Straße,359255.0,11151,48.134624,11.411039,,,679378.5234138172,5334074.7725199675,True
249499,Hans-Steinkohl-Straße,359255.0,327235,48.135147,11.411048,,,679377.3703407793,5334132.918587605,True
249502,Hans-Thonauer-Straße,,307094,48.134842,11.51704,1.0,,687263.5438817133,5334351.7151509635,True
249503,Hans-Thonauer-Straße,307094.0,187815,48.13478,11.517902,,,687327.8964056802,5334346.924352475,True
249504,Hans-Thonauer-Straße,307094.0,286870,48.135063,11.516878,,,687250.6881826891,5334375.881869988,True
249505,Hans-Thonauer-Straße,307094.0,567926,48.134884,11.51668,,,687236.6095693496,5334355.506212872,True
249519,Hansapark,,449160,48.128338,11.534494,1.0,,688585.8270679333,5333671.5377381705,True
249520,Hansapark,449160.0,249195,48.128384,11.534656,,,688597.7117444352,5333677.047318943,True
249521,Hansapark,449160.0,65222,48.128277,11.534314,,,688572.6580683084,5333664.316994159,True
249538,Hansastraße,,438670,48.130993,11.531125,1.0,,688325.4522611379,5333958.348924949,True
249539,Hansastraße,438670.0,243888,48.130814,11.531134,,,688326.7767131006,5333938.477506361,True
249540,Hansastraße,438670.0,648303,48.13113,11.531116,,,688324.2814668482,5333973.552604657,True
250719,Harras,,587201,48.116894,11.536668,1.0,,688789.5315083261,5332405.0257457085,True
250721,Harras,587201.0,119194,48.116806,11.536686,,,688791.1936297558,5332395.289927176,True
250722,Harras,587201.0,204471,48.116978,11.536497,,,688776.4979693383,5332413.941480733,True
250723,Harras,587201.0,598224,48.116978,11.535797,,,688724.4047716234,5332412.223620178,True
250724,Harras,587201.0,649520,48.11686,11.537908,,,688881.9357223223,5332404.291548004,True
250725,Harras,587201.0,656567,48.116806,11.535868,,,688730.3188044066,5332393.282380092,True
250726,Harras,587201.0,84166,48.116932,11.537908,,,688881.6716658126,5332412.29336652,True
251332,Harthaus (S) Nord,,505816,48.134315,11.38894,1.0,,677735.5540125867,5333989.115995627,True
251333,Harthaus (S) Nord,505816.0,342239,48.134296,11.388958,,,677736.9587224126,5333987.045978171,True
251334,Harthaus (S) Süd,,162957,48.13372,11.388985,1.0,,677740.9562861897,5333923.092904507,True
251335,Harthaus (S) Süd,162957.0,117971,48.133743,11.388976,,,677740.2073089494,5333925.6282755975,True
251416,Harthof,,592917,48.204716,11.569394,1.0,,690898.6542172545,5342246.125647953,True
251420,Harthof,592917.0,16179,48.204247,11.569447,,,690904.3355137075,5342194.133921822,True
251421,Harthof,592917.0,173868,48.20511,11.568082,,,690799.719393694,5342286.653720807,True
251422,Harthof,592917.0,23465,48.204247,11.569367,,,690898.3921293231,5342193.935084014,True
251423,Harthof,592917.0,541916,48.205387,11.568172,,,690805.3761445031,5342317.662377018,True
251424,Harthof,592917.0,6237,48.204967,11.569052,,,690872.3133487029,5342273.171177168,True
251425,Harthof,592917.0,687084,48.204903,11.569699,,,690920.6177856538,5342267.666457599,True
252253,Hasenbergl,,60728,48.213287,11.556,1.0,,689871.8875444531,5343165.482989399,True
252254,Hasenbergl,60728.0,161197,48.21337,11.555811,,,689857.5417431684,5343174.240152155,True
252255,Hasenbergl,60728.0,336507,48.213432,11.555038,,,689799.8946717118,5343179.2199550895,True
252256,Hasenbergl,60728.0,393611,48.21288,11.556152,,,689884.6836732918,5343120.6257631285,True
252257,Hasenbergl,60728.0,39810,48.213276,11.555793,,,689856.5524187309,5343163.748708225,True
252258,Hasenbergl,60728.0,427363,48.21337,11.555021,,,689798.8611926218,5343172.287402081,True
252259,Hasenbergl,60728.0,623696,48.21358,11.556539,,,689910.8399740702,5343199.379100292,True
252260,Hasenbergl Süd,,501184,48.208256,11.552397,1.0,,689622.8430904183,5342597.447457998,True
252261,Hasenbergl Süd,501184.0,162033,48.20787,11.552254,,,689613.6458006299,5342554.195271202,True
252262,Hasenbergl Süd,501184.0,163270,48.20678,11.552191,,,689612.9914892376,5342432.899703865,True
252263,Hasenbergl Süd,501184.0,569767,48.208447,11.551787,,,689576.8229246801,5342617.168865762,True
252264,Hasenbergl Süd,501184.0,653969,48.208057,11.552604,,,689638.9555284268,5342575.842160578,True
252265,Hasenbergl Süd,501184.0,658272,48.208313,11.551454,,,689552.5803527021,5342601.454505042,True
252266,Hasenberglstraße,,197900,48.207123,11.560249,1.0,,690210.33917333,5342490.944724624,True
252267,Hasenberglstraße,197900.0,18802,48.207123,11.560249,,1,690210.33917333,5342490.944724624,True
253780,Hatzelweg,,675206,48.08649,11.495813,1.0,,685858.7666264768,5328926.557165316,True
253781,Hatzelweg,675206.0,217634,48.08721,11.496046,,,685873.5208205662,5329007.138077153,True
253782,Hatzelweg,675206.0,555572,48.086613,11.496414,,,685903.075505473,5328941.678693033,True
253783,Hatzelweg,675206.0,619749,48.08633,11.496055,,,685877.363546745,5328909.359890814,True
253784,Hatzelweg,675206.0,85487,48.087,11.495813,,,685856.9281589888,5328983.236668794,True
254464,"Hauptbahnhof (U, Tram)",,555939,48.140026,11.561066,1.0,,690519.577637449,5335036.006830168,True
254465,"Hauptbahnhof (U, Tram)",555939.0,279927,48.140045,11.560887,,,690506.1923211308,5335037.674875855,True
254466,"Hauptbahnhof (U, Tram)",555939.0,287861,48.13935,11.55997,,,690440.5529647623,5334958.163228717,True
254467,"Hauptbahnhof (U, Tram)",555939.0,395528,48.13926,11.559979,,,690441.5555038628,5334948.183235352,True
254468,"Hauptbahnhof (U, Tram)",555939.0,437296,48.139774,11.560958,,,690512.4769594818,5335007.732810095,True
254469,"Hauptbahnhof (U, Tram)",555939.0,463319,48.140232,11.561434,,,690546.1886593305,5335059.812924091,True
254470,"Hauptbahnhof (U, Tram)",555939.0,4650,48.140034,11.561012,,,690515.5312108181,5335036.762111199,True
254471,"Hauptbahnhof (U, Tram)",555939.0,543280,48.140213,11.561183,,,690527.5883593818,5335057.079291627,True
254472,"Hauptbahnhof (U, Tram)",555939.0,545397,48.140003,11.561246,,,690533.0521590197,5335033.896747729,True
254473,"Hauptbahnhof (U, Tram)",555939.0,670317,48.140026,11.56112,,,690523.5944462429,5335036.1406440595,True
254519,Hauptbahnhof Nord,,27638,48.141346,11.559934,1.0,,690430.4884879587,5335179.902568145,True
254520,Hauptbahnhof Nord,27638.0,226368,48.142162,11.560437,,,690464.882939394,5335271.835991846,True
254521,Hauptbahnhof Nord,27638.0,57041,48.141396,11.559853,,,690424.2783974786,5335185.25876965,True
254522,Hauptbahnhof Nord,27638.0,576170,48.141376,11.559216,,,690376.9701816359,5335181.458500216,True
254523,Hauptbahnhof Nord,27638.0,645512,48.141327,11.560716,,,690488.7266756499,5335179.728205853,True
254524,Hauptbahnhof Nord,27638.0,670586,48.141556,11.561102,,,690516.5908348901,5335206.134920023,True
254525,Hauptbahnhof Nord,27638.0,81070,48.141293,11.559988,,,690434.7013374742,5335174.146085413,True
254535,"Hauptbahnhof Nord, München",27638.0,498483,48.142536,11.560491,,,690467.5151798029,5335313.534842757,True
254550,Hauptbahnhof Süd,,287853,48.13926,11.559126,1.0,,690378.1038480607,5334946.0707381405,True
254551,Hauptbahnhof Süd,287853.0,159712,48.139294,11.559126,,,690377.9780666286,5334949.849379774,True
254552,Hauptbahnhof Süd,287853.0,319976,48.139236,11.559557,,,690410.2532174585,5334944.470766794,True
254553,Hauptbahnhof Süd,287853.0,53036,48.13887,11.558524,,,690334.7656349591,5334901.237036047,True
254554,Hauptbahnhof Süd,287853.0,58335,48.13928,11.55741,,,690250.3827184492,5334944.045844022,True
255037,Hauseggerstraße,,197450,48.191948,11.45158,1.0,,682191.306087038,5340541.008993848,True
255038,Hauseggerstraße,197450.0,39840,48.191902,11.451256,,,682167.3924966799,5340535.128318126,True
255039,Hauseggerstraße,197450.0,465721,48.191986,11.451885,,,682213.8361060558,5340545.955600133,True
255635,Hauzenberger Straße,,325470,48.137505,11.522043,1.0,,687626.0243558994,5334659.868986899,True
255636,Hauzenberger Straße,325470.0,378313,48.137714,11.521918,,,687615.9637887515,5334682.791565146,True
255637,Hauzenberger Straße,325470.0,597808,48.137264,11.522214,,,687639.6235844997,5334633.502303711,True
255993,Haylerstraße,,108983,48.188354,11.503358,1.0,,686051.9818773281,5340265.668576187,True
255994,Haylerstraße,108983.0,115202,48.188374,11.503412,,,686055.9224950483,5340268.02210357,True
255995,Haylerstraße,108983.0,164609,48.188328,11.503278,,,686046.1307748661,5340262.585263213,True
256689,Hechtseestraße,,396291,48.115696,11.621226,1.0,,695086.7664098263,5332482.904012234,True
256690,Hechtseestraße,396291.0,413333,48.11576,11.621146,,,695080.5703766663,5332489.81376974,True
256691,Hechtseestraße,396291.0,615795,48.115635,11.621289,,,695091.6859490409,5332476.284545739,True
256821,Heckenstallerstraße,,639883,48.111244,11.539632,1.0,,689030.843581218,5331784.385271174,True
256822,Heckenstallerstraße,639883.0,610701,48.111324,11.539381,,,689011.8688315719,5331792.659366569,True
256823,Heckenstallerstraße,639883.0,649893,48.11116,11.539866,,,689048.5678049009,5331775.624910467,True
256890,Heckscherstraße,,504931,48.172436,11.58241,1.0,,691986.2332734105,5338691.054016925,True
256891,Heckscherstraße,504931.0,195175,48.17249,11.582455,,,691989.37679745,5338697.167832526,True
256892,Heckscherstraße,504931.0,477333,48.172356,11.582311,,,691979.1725788674,5338681.91573777,True
257329,Heerstraße,,273158,48.17084,11.481898,1.0,,684520.0393618944,5338267.4539691415,True
257332,Heerstraße,273158.0,369670,48.17077,11.482095,,,684534.9358696183,5338260.147351988,True
257333,Heerstraße,273158.0,620018,48.170902,11.481682,,,684503.7591252899,5338273.8259063,True
257334,Heerstraße West,,549189,48.169445,11.474531,1.0,,683977.3596677888,5338094.754545909,True
257335,Heerstraße West,549189.0,341807,48.169445,11.474531,,1,683977.3596677888,5338094.754545909,True
257910,Heideckstraße,,310180,48.162872,11.542255,1.0,,689036.3376875272,5337528.597263679,True
257911,Heideckstraße,310180.0,316320,48.162598,11.542615,,,689064.1120264336,5337499.031223394,True
257912,Heideckstraße,310180.0,513498,48.163193,11.541815,,,689002.4427067577,5337563.190139513,True
258215,Heidemannstraße,,36193,48.20109,11.5855,1.0,,692108.7605135336,5341883.298317795,True
258217,Heidemannstraße,36193.0,250263,48.20176,11.585671,,,692118.9584341618,5341958.187961583,True
258218,Heidemannstraße,36193.0,359427,48.20095,11.586021,,,692147.9930141694,5341869.0423055105,True
258219,Heidemannstraße,36193.0,494388,48.200603,11.58506,,,692077.8916117004,5341828.074103562,True
260423,Heimburgstraße,,516879,48.148933,11.445857,1.0,,681918.1810153882,5335746.849137936,True
260424,Heimburgstraße,516879.0,126326,48.148838,11.445669,,,681904.5347605763,5335735.8461999465,True
260507,Heimeranplatz,,673410,48.133533,11.533021,1.0,,688457.2123854667,5334245.28124495,True
260508,Heimeranplatz,673410.0,317291,48.133583,11.53241,,,688411.5740646294,5334249.340757317,True
260509,Heimeranplatz,673410.0,384876,48.1339,11.532796,,,688439.1299307522,5334285.516977258,True
260510,Heimeranplatz,673410.0,392608,48.133167,11.532895,,,688449.1786064049,5334204.296416599,True
260511,Heimeranplatz,673410.0,587517,48.13349,11.53241,,,688411.9144873428,5334239.005046085,True
260512,Heimeranplatz,673410.0,677119,48.133713,11.533668,,,688504.6866867172,5334266.8717832025,True
260513,Heimeranplatz Süd,,360060,48.13212,11.529436,1.0,,688195.6726443416,5334079.464825902,True
260514,Heimeranplatz Süd,360060.0,279370,48.13223,11.529383,,,688191.3274439126,5334091.560148238,True
260515,Heimeranplatz Süd,360060.0,548199,48.132046,11.529517,,,688201.9693583364,5334071.438957483,True
260988,Heinrich-Wieland-Straße,,1833,48.117153,11.639938,1.0,,696473.7569917387,5332692.461257156,True
260989,Heinrich-Wieland-Straße,1833.0,448215,48.117237,11.63957,,,696446.050766845,5332700.856591348,True
260990,Heinrich-Wieland-Straße,1833.0,572453,48.117226,11.640181,,,696491.5620245455,5332701.194946359,True
261846,Helene-Mayer-Ring,,221217,48.183025,11.553772,1.0,,689818.2153828312,5339796.734250688,True
261847,Helene-Mayer-Ring,221217.0,466044,48.18339,11.553772,,,689816.8669766893,5339837.299348388,True
261848,Helene-Mayer-Ring,221217.0,544173,48.18254,11.553934,,,689832.0475516825,5339743.232925877,True
262032,Hellensteinstraße,,28133,48.153248,11.43567,1.0,,681145.3461128866,5336202.35329511,True
262033,Hellensteinstraße,28133.0,331015,48.15312,11.43576,,,681152.4899199444,5336188.339729785,True
262034,Hellensteinstraße,28133.0,559018,48.15311,11.435589,,,681139.808347804,5336186.825399796,True
262842,Helmut-Schmidt-Allee,,597840,48.14251,11.407966,1.0,,679122.4617498448,5334944.041986116,True
262843,Helmut-Schmidt-Allee,597840.0,275957,48.142605,11.407823,,,679111.4943591831,5334954.266954868,True
262844,Helmut-Schmidt-Allee,597840.0,336351,48.14246,11.407823,,,679111.9990587595,5334938.151950994,True
262845,Helmut-Schmidt-Allee,597840.0,426087,48.14222,11.408209,,,679141.546302754,5334912.378125963,True
262846,Helmut-Schmidt-Allee,597840.0,457510,48.14205,11.408065,,,679131.4269071117,5334893.149173495,True
262847,Helmut-Schmidt-Allee,597840.0,76080,48.142647,11.408011,,,679125.3320793675,5334959.372723706,True
262948,Helsinkistraße,,550067,48.129482,11.689408,1.0,,700107.2812663671,5334190.208162366,True
262950,Helsinkistraße,550067.0,23593,48.129524,11.689408,,,700107.1179948878,5334194.875836857,True
262951,Helsinkistraße,550067.0,347329,48.129433,11.689408,,,700107.4717496231,5334184.762542161,True
262970,Heltauer Straße,,527475,48.130344,11.65803,1.0,,697769.4500217369,5334204.8243884975,True
262971,Heltauer Straße,527475.0,49398,48.130188,11.658048,,,697771.3885631249,5334187.533558574,True
262972,Heltauer Straße,527475.0,77547,48.130512,11.65803,,,697768.8045553718,5334223.495140774,True
266812,Herkomerplatz,,939,48.150864,11.608794,1.0,,694028.9565584091,5336359.874020422,True
266813,Herkomerplatz,939.0,170577,48.15086,11.609045,,,694047.6383560358,5336360.063064581,True
266814,Herkomerplatz,939.0,174349,48.150494,11.60883,,,694033.0295199021,5336318.844488607,True
266815,Herkomerplatz,939.0,26792,48.1509,11.608587,,,694013.426319471,5336363.3524488155,True
266816,Herkomerplatz,939.0,445813,48.15077,11.609045,,,694047.9778707806,5336350.060804781,True
266817,Herkomerplatz,939.0,510810,48.150738,11.609674,,,694094.8770241624,5336348.092473622,True
266947,Hermann-Gmeiner-Weg,,494287,48.1464,11.640037,1.0,,696369.514782765,5335943.09784024,True
266948,Hermann-Gmeiner-Weg,494287.0,126261,48.146385,11.640594,,,696410.9992656934,5335942.853779348,True
266949,Hermann-Gmeiner-Weg,494287.0,296096,48.14641,11.6393,,,696314.6617941676,5335942.326835094,True
266950,Hermann-Gmeiner-Weg,494287.0,43767,48.146004,11.63983,,,696355.6304328714,5335898.559294176,True
266951,Hermann-Gmeiner-Weg,494287.0,519316,48.146507,11.640459,,,696400.4928083427,5335956.067438442,True
266980,Hermann-Lingg-Straße,,190051,48.139046,11.551706,1.0,,689826.9454572985,5334903.941237714,True
266981,Hermann-Lingg-Straße,190051.0,364684,48.13913,11.551975,,,689846.6456292733,5334913.940893717,True
266982,Hermann-Lingg-Straße,190051.0,652039,48.138977,11.551382,,,689803.0986134247,5334895.4729237035,True
266998,Hermann-Pünder-Straße,,234240,48.088448,11.635842,1.0,,696278.2580192374,5329491.869028169,True
266999,Hermann-Pünder-Straße,234240.0,211739,48.08882,11.636093,,,696295.5308491369,5329533.851566514,True
267000,Hermann-Pünder-Straße,234240.0,355132,48.088257,11.635671,,,696266.2526164954,5329470.206045559,True
269843,Herthastraße,,333562,48.149426,11.503385,1.0,,686194.9263830521,5335939.373140192,True
269844,Herthastraße,333562.0,623960,48.148712,11.503484,,,686204.8735374947,5335860.260972337,True
270341,Herzog-Ernst-Platz,,336776,48.12534,11.540782,1.0,,689064.6786285574,5333353.790232565,True
270342,Herzog-Ernst-Platz,336776.0,140818,48.12598,11.540297,,,689026.2416591742,5333423.725323873,True
270343,Herzog-Ernst-Platz,336776.0,19735,48.125393,11.540135,,,689016.3429030774,5333358.090020236,True
270344,Herzog-Ernst-Platz,336776.0,239177,48.125008,11.540773,,,689065.2280972863,5333316.870797749,True
270345,Herzog-Ernst-Platz,336776.0,337727,48.125256,11.541213,,,689097.0564358545,5333345.514472001,True
270346,Herzog-Ernst-Platz,336776.0,337838,48.125717,11.540647,,,689053.2494086169,5333395.356796192,True
270347,Herzog-Ernst-Platz,336776.0,575053,48.125492,11.541043,,,689083.5405670493,5333371.324677445,True
270698,Herzogpark,,493060,48.156036,11.607231,1.0,,693893.2192377902,5336930.726807466,True
270699,Herzogpark,493060.0,106489,48.15593,11.607123,,,693885.5877654261,5336918.673925434,True
270700,Herzogpark,493060.0,558456,48.15614,11.607284,,,693896.7683217127,5336942.41868233,True
270708,Herzogstraße,,554638,48.163483,11.564183,1.0,,690664.4698602371,5337650.668237221,True
270709,Herzogstraße,554638.0,485537,48.163197,11.564049,,,690655.5672598619,5337618.550679959,True
270710,Herzogstraße,554638.0,513259,48.16372,11.564318,,,690673.6284072369,5337677.342587693,True
274877,Himalajastraße,,683624,48.112587,11.666412,1.0,,698461.4891996614,5332252.989267202,True
274878,Himalajastraße,683624.0,115164,48.113277,11.665765,,,698410.678615496,5332328.00320747,True
274879,Himalajastraße,683624.0,490458,48.111797,11.665989,,,698433.0511405854,5332164.101166127,True
274880,Himalajastraße,683624.0,530477,48.112137,11.666304,,,698455.185188798,5332202.699814185,True
274881,Himalajastraße,683624.0,609861,48.113277,11.666007,,,698428.6890734183,5332328.627522156,True
274995,Himmelschlüsselstraße,,663976,48.19543,11.534889,1.0,,688369.2778848541,5341128.916834613,True
274996,Himmelschlüsselstraße,663976.0,137832,48.19552,11.534781,,,688360.9228403055,5341138.654396685,True
274997,Himmelschlüsselstraße,663976.0,204660,48.19533,11.534952,,,688374.3258898326,5341117.9575583255,True
275308,Hinterbrühl,,63432,48.08711,11.541151,1.0,,689232.4970785677,5329105.961655865,True
275309,Hinterbrühl,63432.0,147351,48.087036,11.541177,,,689234.7047044889,5329097.801541169,True
275310,Hinterbrühl,63432.0,686623,48.08718,11.541168,,,689233.5060019968,5329113.782973696,True
275325,Hinterbärenbadstraße,,476728,48.120537,11.518235,1.0,,687404.508311498,5332764.815380107,True
275326,Hinterbärenbadstraße,476728.0,550644,48.120583,11.51836,,,687413.6426268662,5332770.232259386,True
275327,Hinterbärenbadstraße,476728.0,679558,48.12055,11.518028,,,687389.0573456631,5332765.755779404,True
275660,Hippelstraße,,406213,48.10217,11.665361,1.0,,698423.3878531024,5331092.58451025,True
275661,Hippelstraße,406213.0,553843,48.102463,11.665073,,,698400.8210810281,5331124.404214866,True
275662,Hippelstraße,406213.0,641419,48.102234,11.665298,,,698418.451712361,5331099.534644616,True
275849,Hirschauer Straße,,93041,48.1508,11.59531,1.0,,693026.399739259,5336318.8138836855,True
275850,Hirschauer Straße,93041.0,102599,48.15102,11.594969,,,693000.2142838205,5336342.407661453,True
276077,Hirschgarten,,28547,48.143467,11.519456,1.0,,687411.8650832158,5335316.157598666,True
276078,Hirschgarten,28547.0,12806,48.143616,11.519645,,,687425.3802802169,5335333.177742428,True
276079,Hirschgarten,28547.0,223984,48.143383,11.519295,,,687400.1957339401,5335306.429641582,True
276081,Hirschgartenallee,,288625,48.15291,11.508119,1.0,,686534.3697657045,5336338.051927656,True
276082,Hirschgartenallee,288625.0,87730,48.154106,11.509656,,,686644.3319904238,5336474.702859208,True
276995,Hochmuttinger Straße,,306820,48.21742,11.533928,1.0,,688217.2361020024,5343570.48114537,True
276996,Hochmuttinger Straße,306820.0,209079,48.21742,11.533928,,1,688217.2361020024,5343570.48114537,True
277075,Hochschule München,,333515,48.15547,11.55326,1.0,,689881.9145413416,5336733.088292555,True
277076,Hochschule München,333515.0,31459,48.15547,11.55326,,1,689881.9145413416,5336733.088292555,True
277077,Hochschule München (Lothstr.),,508205,48.154266,11.553835,1.0,,689929.1193071706,5336600.700154923,True
277078,Hochschule München (Lothstr.),508205.0,32381,48.154476,11.553484,,,689902.2419126316,5336623.171668747,True
277079,Hochschule München (Lothstr.),508205.0,403076,48.154095,11.55414,,,689952.432086935,5336582.449422849,True
277080,Hochschule München (Lothstr.),508205.0,482075,48.154556,11.554499,,,689977.4263664447,5336634.570697557,True
277081,Hochschule München (Lothstr.),508205.0,524604,48.154686,11.554446,,,689973.0048906653,5336648.887493123,True
277303,Hochäckerstraße,,68501,48.101048,11.606467,1.0,,694043.564704357,5330817.658905773,True
277304,Hochäckerstraße,68501.0,151979,48.10049,11.606449,,,694044.3259921812,5330755.599909572,True
277305,Hochäckerstraße,68501.0,225258,48.10107,11.607123,,,694092.315430884,5330821.758763521,True
277306,Hochäckerstraße,68501.0,426523,48.101406,11.60644,,,694040.2066764556,5330857.377304221,True
277727,Hofangerstraße,,167567,48.110615,11.627416,1.0,,695566.7182858096,5331933.9443457555,True
277728,Hofangerstraße,167567.0,153586,48.110867,11.627407,,,695565.091704132,5331961.927590032,True
277729,Hofangerstraße,167567.0,367234,48.110374,11.627335,,,695561.6046033051,5331906.954764169,True
277779,Hofbrunnstraße,,33202,48.083664,11.517237,1.0,,687464.3392817586,5328664.454229227,True
277780,Hofbrunnstraße,33202.0,110572,48.08383,11.517642,,,687493.8948635922,5328683.889500656,True
277781,Hofbrunnstraße,33202.0,274613,48.083157,11.517633,,,687495.6718248181,5328609.073023156,True
277782,Hofbrunnstraße,33202.0,416912,48.08346,11.517552,,,687488.5381960996,5328642.54988983,True
277783,Hofbrunnstraße,33202.0,443879,48.084866,11.518396,,,687546.274612905,5328800.863806272,True
277784,Hofbrunnstraße,33202.0,54435,48.08343,11.516833,,,687435.105153232,5328637.464300971,True
277785,Hofbräuallee,,439723,48.143845,11.700934,1.0,,700908.7317556476,5335816.501730945,True
277786,Hofbräuallee,439723.0,493130,48.143845,11.700934,,1,700908.7317556476,5335816.501730945,True
278412,Hofmannstraße,,470736,48.100464,11.529275,1.0,,688299.3951192639,5330560.93568674,True
278413,Hofmannstraße,470736.0,287448,48.100483,11.529356,,,688305.3555561991,5330563.245531703,True
278414,Hofmannstraße,470736.0,478219,48.097496,11.528583,,,688258.7226005838,5330229.390026758,True
278415,Hofmannstraße,470736.0,59235,48.10045,11.529203,,,688294.0863935736,5330559.203556643,True
278416,Hofmannstraße,470736.0,72556,48.099697,11.528646,,,688255.372521291,5330474.154890737,True
278933,Hohenadelweg,,279278,48.20277,11.457059,1.0,,682559.9829508802,5341756.756524449,True
278934,Hohenadelweg,279278.0,129349,48.20256,11.457095,,,682563.4042008448,5341733.503007448,True
278935,Hohenadelweg,279278.0,244288,48.202583,11.457221,,,682572.6836514692,5341736.358667968,True
280503,Hohensteinstraße,,539150,48.14598,11.422214,1.0,,680170.1151967557,5335362.98222373,True
280505,Hohensteinstraße,539150.0,204314,48.14587,11.422223,,,680171.1697832807,5335350.778147795,True
280506,Hohensteinstraße,539150.0,57121,48.14611,11.422223,,,680170.329371719,5335377.451240091,True
280850,Hohenzollernplatz,,418598,48.161793,11.568531,1.0,,690994.0269678358,5337473.642753831,True
280851,Hohenzollernplatz,418598.0,209050,48.16111,11.568073,,,690962.5093874414,5337396.598290681,True
280852,Hohenzollernplatz,418598.0,266508,48.16234,11.56881,,,691012.7396782729,5337535.1279349085,True
280853,Hohenzollernplatz,418598.0,488807,48.161224,11.568172,,,690969.447134803,5337409.513862535,True
280854,Hohenzollernplatz,418598.0,643673,48.162357,11.568711,,,691005.3155817743,5337536.771220558,True
280865,Hohenzollernstraße,,646610,48.15924,11.585402,1.0,,692257.9938896605,5337231.973849753,True
280866,Hohenzollernstraße,646610.0,125477,48.159397,11.585024,,,692229.2999149403,5337248.476833939,True
280867,Hohenzollernstraße,646610.0,625900,48.15883,11.585384,,,692258.1882911046,5337186.362828896,True
280868,Hohenzollernstraße,646610.0,950,48.159157,11.585159,,,692240.2353250923,5337222.141702429,True
281298,Holbeinstraße,,331000,48.143173,11.60132,1.0,,693502.0454986204,5335486.286880533,True
281299,Holbeinstraße,331000.0,204337,48.143337,11.60123,,,693494.7345078267,5335504.286690304,True
281300,Holbeinstraße,331000.0,226846,48.143013,11.60141,,,693509.3414870091,5335468.7316240035,True
282910,Holzapfelkreuth,,597622,48.116314,11.502397,1.0,,686241.2125901931,5332257.014009445,True
282911,Holzapfelkreuth,597622.0,200287,48.116367,11.502397,,,686241.0209396175,5332262.904253888,True
282912,Holzapfelkreuth,597622.0,280146,48.115894,11.502244,,,686231.3449683636,5332209.9661388565,True
282913,Holzapfelkreuth,597622.0,36574,48.116978,11.502658,,,686258.2348974688,5332331.440789856,True
282914,Holzapfelkreuth,597622.0,513086,48.11637,11.501499,,,686174.1809809649,5332261.063638323,True
282915,Holzapfelkreuth,597622.0,608949,48.11556,11.5022,,,686229.2781139144,5332172.739953537,True
282916,Holzapfelkreuth,597622.0,635771,48.11626,11.502424,,,686243.417199384,5332251.078006511,True
282920,Holzapfelstraße,,301796,48.13924,11.547133,1.0,,689486.0601123753,5334914.221356576,True
282921,Holzapfelstraße,301796.0,366939,48.13932,11.54672,,,689455.0439368958,5334922.09452321,True
282922,Holzapfelstraße,301796.0,670504,48.13914,11.547636,,,689523.8448401948,5334904.347470191,True
283790,Holzkirchner Bahnhof,,149669,48.13908,11.55582,1.0,,690132.8471861823,5334917.885344263,True
283791,Holzkirchner Bahnhof,149669.0,331225,48.139103,11.55556,,,690113.4216623575,5334919.798554207,True
283792,Holzkirchner Bahnhof,149669.0,471830,48.13887,11.556072,,,690152.3686005626,5334895.169880988,True
283793,Holzkirchner Bahnhof,149669.0,496127,48.13889,11.55582,,,690133.5491701381,5334896.769400665,True
283794,Holzkirchner Bahnhof,149669.0,605896,48.139214,11.554661,,,690046.1380782379,5334929.9121605735,True
284208,Holzwiesenstraße,,11876,48.103073,11.636597,1.0,,696278.7689124639,5331119.146214649,True
284209,Holzwiesenstraße,11876.0,28006,48.103256,11.637468,,,696342.9073457253,5331141.706712163,True
284210,Holzwiesenstraße,11876.0,573915,48.103584,11.636713,,,696285.4570626104,5331176.232297828,True
284211,Holzwiesenstraße,11876.0,692766,48.10256,11.636471,,,696271.343802679,5331061.812362728,True
284855,Hopfenstraße,,368587,48.142384,11.554284,1.0,,690006.3890066666,5335281.283340211,True
284858,Hopfenstraße,368587.0,520363,48.142395,11.55441,,,690015.7205149941,5335282.817249198,True
284859,Hopfenstraße,368587.0,684036,48.142323,11.554383,,,690013.9780814172,5335274.748681973,True
286439,Hortigstraße,,400558,48.187183,11.472259,1.0,,683745.0215164525,5340060.682896954,True
286440,Hortigstraße,400558.0,147497,48.187218,11.472097,,,683732.8568918663,5340064.185310429,True
286441,Hortigstraße,400558.0,182103,48.187145,11.472367,,,683753.1837319903,5340056.717943619,True
287204,Hubertusbrunnen,,489062,48.159218,11.530065,1.0,,688143.3502016722,5337092.591953614,True
287205,Hubertusbrunnen,489062.0,662339,48.159218,11.530065,,1,688143.3502016722,5337092.591953614,True
287222,Hubertusstraße,,66686,48.155956,11.519932,1.0,,687401.7686753346,5336705.30865627,True
287223,Hubertusstraße,66686.0,334930,48.155888,11.519636,,,687380.0051018907,5336697.029719541,True
287224,Hubertusstraße,66686.0,44760,48.15603,11.520229,,,687423.584687388,5336714.256938733,True
287394,Hufelandstraße,,328266,48.192585,11.578583,1.0,,691626.5816951805,5340920.79934264,True
287397,Hufelandstraße,328266.0,286510,48.19253,11.578547,,,691624.1117542685,5340914.596998426,True
287398,Hufelandstraße,328266.0,342726,48.19264,11.578547,,,691623.7013779173,5340926.82208617,True
287465,Hugo-Lang-Bogen,,397023,48.10344,11.659001,1.0,,697945.0737334077,5331217.340492363,True
287466,Hugo-Lang-Bogen,397023.0,109021,48.10346,11.659701,,,697997.1032341799,5331221.364696178,True
287467,Hugo-Lang-Bogen,397023.0,352022,48.10382,11.659207,,,697958.9478775251,5331260.101903513,True
287468,Hugo-Lang-Bogen,397023.0,616096,48.103046,11.658875,,,697937.2081930535,5331173.229079402,True
287472,Hugo-Troendle-Straße,,626696,48.179264,11.51492,1.0,,686944.2898446016,5339283.491481139,True
287473,Hugo-Troendle-Straße,626696.0,403110,48.179283,11.514767,,,686932.848418941,5339285.230865722,True
287474,Hugo-Troendle-Straße,626696.0,453371,48.179356,11.514821,,,686936.5966274834,5339293.475280165,True
287586,Humboldtstraße,,666278,48.119484,11.57534,1.0,,691657.8181667082,5332788.516440065,True
287596,Humboldtstraße,666278.0,129090,48.11992,11.575781,,,691689.012203764,5332838.070840416,True
287597,Humboldtstraße,666278.0,360529,48.119785,11.574801,,,691616.5884737123,5332820.62533196,True
287598,Humboldtstraße,666278.0,72070,48.119167,11.574999,,,691633.6222947813,5332752.436583543,True
289606,Höcherstraße,,103338,48.19397,11.461847,1.0,,682947.0536522899,5340790.129689019,True
289607,Höcherstraße,103338.0,439002,48.19398,11.46173,,,682938.3240154702,5340790.96245336,True
290259,Höglwörther Straße,,515884,48.10674,11.522394,1.0,,687764.2829116418,5331241.608249168,True
290260,Höglwörther Straße,515884.0,171344,48.1063,11.5226,,,687781.2199356632,5331193.211093658,True
290261,Höglwörther Straße,515884.0,346393,48.10637,11.521702,,,687714.1228185082,5331198.798955182,True
290262,Höglwörther Straße,515884.0,523660,48.106705,11.522771,,,687792.4720083468,5331238.638749443,True
290263,Höglwörther Straße,515884.0,75561,48.10644,11.521513,,,687699.7997188327,5331206.117321183,True
290778,Hönigschmidplatz,,531572,48.12996,11.489587,1.0,,685238.7945910267,5333742.649661722,True
290779,Hönigschmidplatz,531572.0,387690,48.130104,11.489003,,,685194.8267469702,5333757.24678087,True
290780,Hönigschmidplatz,531572.0,644366,48.12984,11.49018,,,685283.3459008322,5333730.741848017,True
291450,Hörweg,,14462,48.152016,11.406448,1.0,,678976.4778505532,5335996.984879602,True
291451,Hörweg,14462.0,458222,48.152092,11.406601,,,678987.591861802,5336005.787594454,True
291452,Hörweg,14462.0,679408,48.152016,11.406727,,,678997.2267864546,5335997.634469974,True
296360,Ilse-Fehling-Straße,,347071,48.15732,11.426499,1.0,,680449.0399354142,5336633.337076613,True
296361,Ilse-Fehling-Straße,347071.0,408607,48.157295,11.426795,,,680471.1385595006,5336631.25353319,True
296362,Ilse-Fehling-Straße,347071.0,580980,48.15731,11.426193,,,680426.3205040835,5336631.507401735,True
296524,Iltisstraße,,535384,48.103813,11.704078,1.0,,701299.0359747821,5331375.771932158,True
296525,Iltisstraße,535384.0,157771,48.103813,11.704078,,1,701299.0359747821,5331375.771932158,True
296636,Im Gefilde,,187388,48.090595,11.661624,1.0,,698189.7157123701,5329796.565828459,True
296637,Im Gefilde,187388.0,226083,48.09071,11.661318,,,698166.4900026463,5329808.55814821,True
296638,Im Gefilde,187388.0,325801,48.090813,11.661489,,,698178.825987991,5329820.44547451,True
296771,Im Wismat,,275740,48.173622,11.466402,1.0,,683358.1230186454,5338539.549324959,True
296772,Im Wismat,275740.0,227581,48.173622,11.466402,,1,683358.1230186454,5338539.549324959,True
297309,Implerstraße,,121510,48.11961,11.548337,1.0,,689647.924080036,5332735.580501972,True
297310,Implerstraße,121510.0,193608,48.119694,11.548211,,,689638.2384623473,5332744.605260451,True
297311,Implerstraße,121510.0,347245,48.12014,11.548472,,,689656.0181600163,5332794.815650946,True
297312,Implerstraße,121510.0,352690,48.11939,11.548858,,,689687.5046362656,5332712.4153645085,True
297313,Implerstraße,121510.0,372412,48.120155,11.548283,,,689641.8986358996,5332796.016639765,True
297314,Implerstraße,121510.0,625878,48.119316,11.548975,,,689696.4838113267,5332704.4798508305,True
297315,Implerstraße,121510.0,92155,48.11878,11.548202,,,689640.9345151265,5332643.004482488,True
297355,In den Kirschen,,323509,48.16723,11.509521,1.0,,686586.6671028407,5337932.941253076,True
297356,In den Kirschen,323509.0,401111,48.167156,11.509709,,,686600.9127919395,5337925.1735328,True
297357,In den Kirschen,323509.0,66763,48.167267,11.509368,,,686575.1578449055,5337936.6818913985,True
297627,Infanteriestraße,,354901,48.161446,11.55361,1.0,,689885.8746998274,5337398.106890748,True
297628,Infanteriestraße,354901.0,570208,48.161404,11.553961,,,689912.1282078878,5337394.306375027,True
297629,Infanteriestraße,354901.0,595569,48.16146,11.5537,,,689892.5148944702,5337399.885164037,True
297630,Infanteriestraße Süd,,390350,48.156487,11.559054,1.0,,690309.0106820873,5336860.443582528,True
297631,Infanteriestraße Süd,390350.0,525960,48.156414,11.559045,,,690308.6115530113,5336852.3083139965,True
297632,Infanteriestraße Süd,390350.0,630915,48.15652,11.559135,,,690314.9118508206,5336864.311647889,True
297848,Ingolstädter Straße,,9272,48.18784,11.584431,1.0,,692078.8833487821,5340408.058190403,True
297849,Ingolstädter Straße,9272.0,595307,48.18817,11.584566,,,692087.6820880678,5340445.070944318,True
297850,Ingolstädter Straße,9272.0,653915,48.187798,11.585482,,,692157.1465326583,5340406.018661472,True
297851,Ingolstädter Straße,9272.0,681786,48.18734,11.584225,,,692065.4435702682,5340351.9746590825,True
297852,Ingolstädter Straße,9272.0,688617,48.187996,11.583596,,,692016.2464223136,5340423.308254522,True
298082,Innsbrucker Ring,,41302,48.120415,11.619196,1.0,,694917.8314548568,5333002.205850924,True
298083,Innsbrucker Ring,41302.0,291126,48.1205,11.618702,,,694880.7495696292,5333010.4004531475,True
298084,Innsbrucker Ring,41302.0,304353,48.12034,11.618693,,,694880.6853763994,5332992.595941549,True
298085,Innsbrucker Ring,41302.0,39411,48.120407,11.618702,,,694881.1015329498,5333000.064836855,True
298086,Innsbrucker Ring,41302.0,618258,48.120564,11.618702,,,694880.5073580117,5333017.513135405,True
298489,Irisstraße,,691175,48.196663,11.545687,1.0,,689167.0846186535,5341292.483963008,True
298490,Irisstraße,691175.0,122332,48.19641,11.545777,,,689174.7038435217,5341264.587801441,True
298491,Irisstraße,691175.0,87578,48.19692,11.545624,,,689161.4569060475,5341320.89117149,True
298779,Isarring,,253023,48.154137,11.611812,1.0,,694241.0427864877,5336731.245124518,True
298780,Isarring,253023.0,107240,48.153824,11.611363,,,694208.8349473814,5336695.32494089,True
298781,Isarring,253023.0,393482,48.15437,11.612144,,,694264.8517737852,5336757.978896253,True
298786,Isartor,,135767,48.13387,11.582922,1.0,,692168.327286911,5334406.242755064,True
298787,Isartor,135767.0,137606,48.134117,11.583192,,,692187.4914075788,5334434.368228247,True
298788,Isartor,135767.0,386590,48.133305,11.58321,,,692191.8624878873,5334344.170622067,True
298789,Isartor,135767.0,531851,48.13405,11.583515,,,692211.7707991836,5334427.729490793,True
298790,Isartor,135767.0,538092,48.133575,11.583111,,,692183.4892574914,5334373.929948108,True
298791,Isartor/Zweibrückenstraße,,208219,48.13278,11.583964,1.0,,692249.9171585203,5334287.709040213,True
298792,Isartor/Zweibrückenstraße,208219.0,327880,48.132736,11.583767,,,692235.4255358471,5334282.3265160015,True
298948,Isengaustraße,,240457,48.086445,11.661866,1.0,,698223.6911478216,5329335.980000158,True
298949,Isengaustraße,240457.0,351369,48.08646,11.661803,,,698218.9423552505,5329337.484723668,True
298950,Isengaustraße,240457.0,486229,48.086426,11.66192,,,698227.7851629988,5329334.0075555155,True
300638,Ittlingerstraße,,163305,48.208344,11.555784,1.0,,689874.1263100724,5342615.595495691,True
300639,Ittlingerstraße,163305.0,218699,48.20841,11.555802,,,689875.219354154,5342622.975079538,True
300640,Ittlingerstraße,163305.0,408621,48.20829,11.555757,,,689872.3203001351,5342609.527313737,True
300641,Ittlingerstraße,163305.0,565019,48.208588,11.556143,,,689899.8925508172,5342643.60067286,True
300642,Ittlingerstraße,163305.0,683287,48.206936,11.556485,,,689931.4101737568,5342460.847021193,True
301201,Jagdhornstraße,,154892,48.11229,11.705039,1.0,,701337.4355838859,5332320.375465479,True
301202,Jagdhornstraße,154892.0,14603,48.11223,11.704931,,,701329.6322615477,5332313.4246717,True
301203,Jagdhornstraße,154892.0,585840,48.11239,11.70512,,,701343.0730627622,5332331.700976214,True
301512,Jakob-Gelb-Platz,,15853,48.113625,11.571927,1.0,,691425.6156272449,5332128.870699246,True
301513,Jakob-Gelb-Platz,15853.0,510944,48.11338,11.571864,,,691421.8374601672,5332101.485588699,True
301514,Jakob-Gelb-Platz,15853.0,609301,48.11383,11.571927,,,691424.8537487156,5332151.653579318,True
301517,Jakob-Kaiser-Straße,,54733,48.104355,11.640405,1.0,,696557.3392738041,5331271.34479802,True
301518,Jakob-Kaiser-Straße,54733.0,167456,48.104443,11.639974,,,696524.9214979636,5331280.0234902855,True
301519,Jakob-Kaiser-Straße,54733.0,244050,48.104225,11.640792,,,696586.6422008715,5331257.886161538,True
301824,Jaspersallee,,222514,48.16369,11.43541,1.0,,681089.2392849263,5337362.24328556,True
301825,Jaspersallee,222514.0,554617,48.163837,11.435131,,,681067.9774682542,5337377.9232683005,True
301826,Jaspersallee,222514.0,97782,48.163555,11.435742,,,681114.3996122193,5337348.021924222,True
303734,Johann-Clanze-Straße,,315446,48.11275,11.533847,1.0,,688594.7686397801,5331937.556064138,True
303735,Johann-Clanze-Straße,315446.0,328633,48.113064,11.533892,,,688596.9680809926,5331972.563212275,True
303736,Johann-Clanze-Straße,315446.0,601509,48.113247,11.533668,,,688579.6270045672,5331992.351954269,True
303831,Johanneskirchen,,165170,48.16853,11.645957,1.0,,696725.1440295716,5338417.67597761,True
303832,Johanneskirchen,165170.0,13307,48.1694,11.647601,,,696844.0333064287,5338518.574292483,True
303833,Johanneskirchen,165170.0,69121,48.16845,11.646209,,,696744.1847804637,5338409.430228877,True
303834,Johanneskirchen,165170.0,83161,48.169308,11.647601,,,696844.3856037682,5338508.349768722,True
303838,Johanneskirchen Bf. West,,353649,48.16934,11.644663,1.0,,696625.8452069672,5338504.3844777765,True
303839,Johanneskirchen Bf. West,353649.0,538727,48.16934,11.644663,,,696625.8452069672,5338504.3844777765,True
303840,"Johanneskirchener Straße, München",179248.0,88282,48.167507,11.643653,,,696557.7679681202,5338298.088115229,True
303841,Johanneskirchner Straße,,179248,48.16784,11.643585,1.0,,696551.4393129634,5338334.922526228,True
303842,Johanneskirchner Straße,179248.0,140483,48.16793,11.643145,,,696518.3836600694,5338343.799497505,True
303843,Johanneskirchner Straße,179248.0,484538,48.168396,11.643639,,,696553.3280486733,5338396.852340249,True
303844,Johanneskirchner Straße,179248.0,533720,48.16748,11.643576,,,696552.1466318285,5338294.8904962335,True
303845,"Johanneskirchner Straße, München",179248.0,219053,48.16788,11.643143,,,696518.4261100311,5338338.237575534,True
304120,Josef-Frankl-Straße,,18366,48.215145,11.530766,1.0,,687990.7164195201,5343309.897030662,True
304121,Josef-Frankl-Straße,18366.0,324380,48.2148,11.53055,,,687975.9361887459,5343271.025695869,True
304122,Josef-Frankl-Straße,18366.0,34781,48.21509,11.531278,,,688028.9476162002,5343305.037919088,True
304123,Josef-Frankl-Straße,18366.0,373244,48.214928,11.53073,,,687988.8372683502,5343285.69196529,True
304124,Josef-Frankl-Straße,18366.0,535391,48.215176,11.531359,,,688034.6489666842,5343314.794111484,True
304128,Josef-Lang-Straße,,693597,48.15011,11.472025,1.0,,683860.1695066881,5335939.911916542,True
304129,Josef-Lang-Straße,693597.0,161273,48.150055,11.471926,,,683853.0033101388,5335933.562583305,True
304130,Josef-Lang-Straße,693597.0,510449,48.15016,11.472106,,,683866.0148758246,5335945.662520072,True
304138,Josef-Wirth-Weg,,372398,48.19908,11.626392,1.0,,695154.5376126299,5341762.997551026,True
304139,Josef-Wirth-Weg,372398.0,14190,48.19907,11.626248,,,695143.8764982395,5341761.520330707,True
304140,Josef-Wirth-Weg,372398.0,251010,48.199062,11.626499,,,695162.5560599837,5341761.268950411,True
304166,Joseph-Dollinger-Bogen,,17763,48.186447,11.606692,1.0,,693738.4828209716,5340309.141143285,True
304167,Joseph-Dollinger-Bogen,17763.0,128246,48.186363,11.606224,,,693704.0187832431,5340298.625576877,True
304168,Joseph-Dollinger-Bogen,17763.0,286590,48.186493,11.607159,,,693773.0157527919,5340315.431200978,True
304173,Joseph-Suder-Bogen,,205810,48.156513,11.422833,1.0,,680179.2590023796,5336535.049180961,True
304174,Joseph-Suder-Bogen,205810.0,369372,48.156605,11.422977,,,680189.6448674141,5336545.611423418,True
304175,Joseph-Suder-Bogen,205810.0,473994,48.15651,11.423031,,,680193.9932560056,5336535.179892484,True
304181,Josephinenstraße,,439576,48.082413,11.537009,1.0,,688941.2865022079,5328573.778714958,True
304184,Josephinenstraße,439576.0,588511,48.082417,11.536937,,,688935.9100896002,5328574.046483449,True
304185,Josephinenstraße,439576.0,84111,48.082413,11.537099,,,688947.9886976723,5328573.999690596,True
304186,Josephsburg,,178117,48.126583,11.633812,1.0,,695981.9772721532,5333724.837837997,True
304187,Josephsburg,178117.0,114175,48.126556,11.63383,,,695983.4193340184,5333721.8830517195,True
304188,Josephsburg,178117.0,248424,48.127155,11.634926,,,696062.685286453,5333791.247152792,True
304189,Josephsburg,178117.0,338760,48.126747,11.634243,,,696013.4211247882,5333744.162617388,True
304190,Josephsburg,178117.0,473516,48.126915,11.634539,,,696034.80501805,5333763.587952576,True
304191,Josephsburg,178117.0,474543,48.12662,11.633803,,,695981.1667826017,5333728.926918047,True
304194,Josephsplatz,,247745,48.15566,11.567058,1.0,,690907.2699597384,5336788.381688764,True
304195,Josephsplatz,247745.0,230330,48.154797,11.56607,,,690837.0017345464,5336690.01732813,True
304196,Josephsplatz,247745.0,346372,48.155678,11.567004,,,690903.1875622774,5336790.248032878,True
304197,Josephsplatz,247745.0,456527,48.154854,11.566312,,,690854.7862935455,5336696.9529651515,True
304198,Josephsplatz,247745.0,641737,48.15565,11.567112,,,690911.3226642185,5336787.40444108,True
306168,Kafkastraße,,139263,48.0985,11.648769,1.0,,697202.3320786356,5330642.054597695,True
306169,Kafkastraße,139263.0,108697,48.098408,11.648876,,,697210.6497526106,5330632.104461191,True
306170,Kafkastraße,139263.0,377392,48.098614,11.648634,,,697191.8457960527,5330654.377945289,True
306513,Kaiserhölzlstraße,,51286,48.21628,11.508578,1.0,,686338.5411833229,5343381.962150176,True
306514,Kaiserhölzlstraße,51286.0,191197,48.216286,11.508838,,,686357.8309645804,5343383.259889866,True
306515,Kaiserhölzlstraße,51286.0,474738,48.216263,11.508335,,,686320.5540106164,5343379.483201225,True
308885,Kammerspiele,,421926,48.138515,11.583075,1.0,,692162.3654730557,5334922.853000191,True
308886,Kammerspiele,421926.0,134813,48.138462,11.583075,,,692162.5633786181,5334916.962777408,True
308887,Kammerspiele,421926.0,307709,48.138588,11.583057,,,692160.7539146682,5334930.920960624,True
309725,Kapuzinerplatz/Arbeitsagentur,,295833,48.126747,11.558434,1.0,,690372.9025638067,5333553.707367202,True
309726,Kapuzinerplatz/Arbeitsagentur,295833.0,47802,48.126747,11.558353,,,690366.8757927598,5333553.506848024,True
309727,Kapuzinerplatz/Arbeitsagentur,295833.0,624583,48.126747,11.558515,,,690378.9293348123,5333553.907892735,True
309728,Kapuzinerstraße,,326930,48.12509,11.561947,1.0,,690640.4212827706,5333378.257250939,True
309729,Kapuzinerstraße,326930.0,216313,48.12492,11.561569,,,690612.9248193956,5333358.427090437,True
309730,Kapuzinerstraße,326930.0,262601,48.125214,11.561488,,,690605.8094355143,5333390.900388739,True
309731,Kapuzinerstraße,326930.0,400722,48.125313,11.561542,,,690609.4608905768,5333402.036723735,True
309732,Kapuzinerstraße,326930.0,512012,48.12535,11.562171,,,690656.125650594,5333407.708002434,True
309924,Karl-Hänel-Straße,,261504,48.20023,11.44778,1.0,,681879.594100664,5341452.452980025,True
309925,Karl-Hänel-Straße,261504.0,481054,48.200417,11.447834,,,681882.9439224505,5341473.363741855,True
309926,Karl-Hänel-Straße,261504.0,82134,48.20008,11.447528,,,681861.4019832577,5341435.18556439,True
309946,Karl-Marx-Ring,,461265,48.10912,11.649928,1.0,,697247.9525937,5331825.28098255,True
309947,Karl-Marx-Ring,461265.0,21814,48.109028,11.650386,,,697282.3936362899,5331816.231139167,True
309948,Karl-Marx-Ring,461265.0,592987,48.10923,11.649389,,,697207.413983382,5331836.123787011,True
309984,Karl-Preis-Platz,,555917,48.118404,11.609378,1.0,,694194.8243013219,5332753.874784872,True
309985,Karl-Preis-Platz,555917.0,208306,48.11814,11.610006,,,694242.5535197683,5332726.120858654,True
309986,Karl-Preis-Platz,555917.0,242769,48.118587,11.610357,,,694266.9875413456,5332776.685074311,True
309987,Karl-Preis-Platz,555917.0,274010,48.11796,11.608398,,,694123.5699582874,5332702.05647367,True
309988,Karl-Preis-Platz,555917.0,312503,48.11791,11.608452,,,694127.7769535882,5332696.635988964,True
309989,Karl-Preis-Platz,555917.0,465499,48.118168,11.609782,,,694225.7785752268,5332728.666942438,True
309990,Karl-Preis-Platz,555917.0,646925,48.118725,11.609261,,,694184.9071707383,5332789.25393096,True
309991,Karl-Preis-Platz,555917.0,98869,48.118347,11.609117,,,694175.6165613895,5332746.881052773,True
309998,Karl-Schmid-Straße,,15629,48.132202,11.669116,1.0,,698587.0655405326,5334439.886947149,True
309999,Karl-Schmid-Straße,15629.0,203596,48.132294,11.669062,,,698582.6932092556,5334449.971931875,True
310000,Karl-Schmid-Straße,15629.0,3154,48.13212,11.66916,,,698590.6553418748,5334430.887490893,True
310006,Karl-Theodor-Straße,,416054,48.1669,11.574038,1.0,,691384.4823704286,5338054.917982283,True
310007,Karl-Theodor-Straße,416054.0,374920,48.166874,11.574092,,,691388.593865155,5338052.162903909,True
310008,Karl-Theodor-Straße,416054.0,563750,48.166733,11.574002,,,691382.4275753828,5338036.268485004,True
310013,Karl-von-Roth-Straße,,240159,48.179203,11.474693,1.0,,683954.4770002181,5339179.625590116,True
310014,Karl-von-Roth-Straße,240159.0,208344,48.1792,11.47463,,,683949.8050003783,5339179.1413569935,True
310015,Karl-von-Roth-Straße,240159.0,29272,48.17923,11.474747,,,683958.3941265321,5339182.7555911075,True
310126,Karlsfeld,,359643,48.21115,11.46067,1.0,,682798.4234379078,5342696.68574858,True
310130,Karlsfeld,359643.0,361799,48.211254,11.460617,,,682794.1161020487,5342708.118015489,True
310131,Karlsfeld,359643.0,490071,48.211006,11.460715,,,682802.278966609,5342680.788900627,True
310244,Karlsfelder Straße,,148095,48.21623,11.480775,1.0,,684273.6431694614,5343309.31680179,True
310245,Karlsfelder Straße,148095.0,121698,48.21641,11.480829,,,684277.0077562018,5343329.451301599,True
310246,Karlsfelder Straße,148095.0,273111,48.216072,11.480784,,,684274.878936889,5343291.778520548,True
310425,Karlsplatz (Stachus),,319414,48.139503,11.566133,1.0,,690898.428248322,5334990.450967555,True
310426,Karlsplatz (Stachus),319414.0,13017,48.13973,11.564938,,,690808.6951966828,5335012.712545804,True
310427,Karlsplatz (Stachus),319414.0,132470,48.140163,11.566878,,,690951.3968054594,5335065.65107282,True
310428,Karlsplatz (Stachus),319414.0,158413,48.13865,11.565189,,,690831.3709013769,5334893.308122018,True
310429,Karlsplatz (Stachus),319414.0,188178,48.13896,11.564902,,,690808.8723286829,5334927.048124949,True
310430,Karlsplatz (Stachus),319414.0,235669,48.13838,11.565019,,,690819.7262011906,5334862.879351588,True
310431,Karlsplatz (Stachus),319414.0,263455,48.13929,11.564606,,,690785.6303818871,5334962.98860714,True
310432,Karlsplatz (Stachus),319414.0,266175,48.13879,11.565648,,,690864.9954371788,5334910.006572008,True
310433,Karlsplatz (Stachus),319414.0,445341,48.13836,11.565189,,,690832.446274502,5334861.078551751,True
310434,Karlsplatz (Stachus),319414.0,577825,48.13854,11.565603,,,690862.5752152391,5334882.110750393,True
310435,Karlsplatz (Stachus),319414.0,685362,48.140434,11.567148,,,690970.4750713515,5335096.439670489,True
310436,Karlsplatz (Stachus),319414.0,70784,48.138638,11.56536,,,690844.1356331502,5334892.398923467,True
310437,Karlsplatz (Stachus),319414.0,92331,48.13995,11.564588,,,690781.8445569453,5335036.294012967,True
310903,Karlstraße,,102205,48.144768,11.559665,1.0,,690397.816385329,5335559.545667709,True
310904,Karlstraße,102205.0,368569,48.145184,11.560285,,,690442.3912414075,5335607.314174264,True
310905,Karlstraße,102205.0,3895,48.14487,11.55971,,,690400.7859540494,5335570.993049137,True
310906,Karlstraße,102205.0,64637,48.144665,11.559629,,,690395.5199109756,5335548.009440841,True
310980,Karolinenplatz,,554110,48.145393,11.569609,1.0,,691135.1139632483,5335653.681256416,True
310981,Karolinenplatz,554110.0,221022,48.145435,11.569699,,,691141.6519057595,5335658.572754903,True
310982,Karolinenplatz,554110.0,569331,48.145393,11.569528,,,691129.0893835962,5335653.479874709,True
311262,Karwinskistraße Ost,,568881,48.168045,11.475484,1.0,,684053.2209422527,5337941.443525409,True
311263,Karwinskistraße Ost,568881.0,150169,48.168045,11.475484,,1,684053.2209422527,5337941.443525409,True
311264,Karwinskistraße West,,77309,48.168415,11.464587,1.0,,683241.7607729323,5337956.525273583,True
311265,Karwinskistraße West,77309.0,218605,48.168415,11.464587,,1,683241.7607729323,5337956.525273583,True
312131,Kastenbauerstraße,,267558,48.138428,11.639615,1.0,,696368.5504887679,5335056.045402862,True
312132,Kastenbauerstraße,267558.0,322634,48.13822,11.639417,,,696354.6154767084,5335032.42347459,True
312133,Kastenbauerstraße,267558.0,412313,48.13864,11.639786,,,696380.4616690895,5335080.0429460285,True
313330,Kazmairstraße,,324237,48.13501,11.534063,1.0,,688529.3217955923,5334411.984483348,True
313331,Kazmairstraße,324237.0,399948,48.134895,11.534467,,,688559.7977815461,5334400.194411352,True
313332,Kazmairstraße,324237.0,630548,48.134804,11.533856,,,688514.6769925754,5334388.582803167,True
313333,Kazmairstraße,324237.0,98332,48.135265,11.534144,,,688534.4135299615,5334440.522946034,True
313606,Keilberthstraße,,565679,48.205296,11.599577,1.0,,693138.8134892059,5342386.044822864,True
313607,Keilberthstraße,565679.0,376102,48.205223,11.599685,,,693147.1115033022,5342378.203401905,True
313608,Keilberthstraße,565679.0,517582,48.20539,11.599487,,,693131.773728821,5342396.2653981205,True
314234,Kemnatenstraße,,248610,48.151325,11.504185,1.0,,686247.5485849453,5336152.360646791,True
314235,Kemnatenstraße,248610.0,156595,48.151318,11.504329,,,686258.2831174369,5336151.931580681,True
315326,Kemptener Straße,,254207,48.07877,11.484188,1.0,,685020.82935288,5328040.572441039,True
315327,Kemptener Straße,254207.0,468292,48.07877,11.484188,,1,685020.82935288,5328040.572441039,True
316891,Kieferngarten,,619115,48.203075,11.613016,1.0,,694145.602410581,5342173.091778416,True
316892,Kieferngarten,619115.0,16704,48.203842,11.613366,,,694168.7045888691,5342259.218609476,True
316893,Kieferngarten,619115.0,205077,48.203857,11.613213,,,694157.2810966446,5342260.498884331,True
316894,Kieferngarten,619115.0,265376,48.202435,11.612477,,,694107.9775815404,5342100.601807778,True
316895,Kieferngarten,619115.0,493369,48.201942,11.611749,,,694055.7542991933,5342043.971727865,True
316896,Kieferngarten,619115.0,540236,48.203846,11.613294,,,694163.3403945535,5342259.481140472,True
316897,Kieferngarten,619115.0,579437,48.202717,11.612728,,,694125.5593526448,5342132.57679475,True
316898,Kieferngarten,619115.0,606951,48.202232,11.611929,,,694068.031377496,5342076.6562386295,True
316899,Kieferngarten,619115.0,631984,48.203876,11.613133,,,694151.2658421267,5342262.408258367,True
316900,Kieferngarten,619115.0,635655,48.20253,11.612108,,,694080.2037656199,5342110.227350098,True
316901,Kieferngarten,619115.0,654957,48.2019,11.611983,,,694073.2981616734,5342039.89520255,True
316902,Kiefernstraße,,217498,48.087578,11.599415,1.0,,693569.1845415662,5329302.900930301,True
316903,Kiefernstraße,217498.0,343581,48.087757,11.599406,,,693567.8423036253,5329322.771514808,True
316904,Kiefernstraße,217498.0,652297,48.08743,11.599415,,,693569.7402358509,5329286.452900769,True
319304,Kirchenstraße,,77744,48.132767,11.605102,1.0,,693822.5407547762,5334339.3311568145,True
319309,Kirchenstraße,77744.0,193966,48.132244,11.605173,,,693829.7922979548,5334281.386016632,True
319310,Kirchenstraße,77744.0,35841,48.133324,11.604949,,,693809.0609036877,5334400.848239449,True
320692,Kirchtruderinger Straße,,389435,48.126297,11.674002,1.0,,698973.3876310196,5333796.264177298,True
320693,Kirchtruderinger Straße,389435.0,399960,48.126244,11.674029,,,698975.6013951541,5333790.443875341,True
320694,Kirchtruderinger Straße,389435.0,90583,48.12636,11.673948,,,698969.126303269,5333803.125969414,True
321452,Kistlerhofstraße,,566103,48.095257,11.523597,1.0,,687895.6918060906,5329968.367724084,True
321453,Kistlerhofstraße,566103.0,379341,48.095413,11.523544,,,687891.1772505138,5329985.57553407,True
321454,Kistlerhofstraße,566103.0,96629,48.094776,11.523166,,,687865.356885237,5329913.858762349,True
321925,Klagenfurter Straße,,315734,48.112503,11.603062,1.0,,693747.0079985295,5332082.134155415,True
321926,Klagenfurter Straße,315734.0,323237,48.112667,11.603116,,,693750.4100519584,5332100.496432968,True
321927,Klagenfurter Straße,315734.0,6390,48.112343,11.602973,,,693740.9859925907,5332064.128262681,True
322007,Klara-Ziegler-Bogen,,358844,48.083984,11.661336,1.0,,698193.6865017236,5329061.112245775,True
322008,Klara-Ziegler-Bogen,358844.0,339496,48.083984,11.661336,,1,698193.6865017236,5329061.112245775,True
322316,Kleiberweg,,455367,48.178432,11.402648,1.0,,678602.0949525523,5338923.976033198,True
322317,Kleiberweg,455367.0,124892,48.17857,11.403044,,,678631.050269427,5338940.233627696,True
322318,Kleiberweg,455367.0,468970,48.178307,11.402019,,,678555.7752024396,5338908.621961257,True
325738,Klenzestraße,,405584,48.125385,11.570804,1.0,,691298.3473623123,5333433.0369552225,True
325740,Klenzestraße,405584.0,586270,48.125732,11.57075,,,691293.0401440049,5333471.466887055,True
325741,Klenzestraße,405584.0,61014,48.125134,11.57128,,,691334.6976143469,5333406.325970659,True
325771,Kleselstraße,,677964,48.19905,11.457679,1.0,,682619.2746446866,5341344.795277705,True
325772,Kleselstraße,677964.0,257695,48.199978,11.458245,,,682658.0279985876,5341449.27744445,True
325773,Kleselstraße,677964.0,662941,48.199207,11.457032,,,682570.6440489308,5341360.706079611,True
325774,Kleselstraße,677964.0,76112,48.1988,11.458002,,,682644.1628333386,5341317.778604973,True
326782,Klinikum Großhadern,,484935,48.10897,11.473624,1.0,,684126.1717900252,5331371.5547227245,True
326783,Klinikum Großhadern,484935.0,211540,48.10882,11.4734,,,684110.0353382416,5331354.348056657,True
326784,Klinikum Großhadern,484935.0,258743,48.108875,11.474028,,,684156.5814276857,5331361.963815368,True
326785,Klinikum Großhadern,484935.0,406946,48.109074,11.473391,,,684108.4577460818,5331382.555272372,True
326786,Klinikum Großhadern,484935.0,468290,48.109028,11.473786,,,684138.022276717,5331378.388434078,True
326787,Klinikum Großhadern,484935.0,552271,48.10912,11.473714,,,684132.3344421607,5331388.44067523,True
326788,Klinikum Großhadern,484935.0,590256,48.109127,11.473921,,,684147.7165559116,5331389.714145722,True
326789,Klinikum Großhadern Nord,,692180,48.112343,11.466824,1.0,,683608.0197797504,5331730.165508681,True
326790,Klinikum Großhadern Nord,692180.0,123751,48.11243,11.467174,,,683633.7587297063,5331740.669924438,True
326791,Klinikum Großhadern Nord,692180.0,91266,48.11225,11.466501,,,683584.3116289182,5331719.058829068,True
326792,Klinikum Großhadern Ost,,269369,48.11122,11.473939,1.0,,684141.5748062717,5331622.366661652,True
326793,Klinikum Großhadern Ost,269369.0,370283,48.110874,11.473876,,,684138.1226440594,5331583.762494261,True
326794,Klinikum Großhadern Ost,269369.0,433400,48.1116,11.473948,,,684140.8862998436,5331664.620216806,True
326797,Klinikum Harlaching,,569204,48.086784,11.554859,1.0,,690254.4249037177,5329103.533292743,True
326798,Klinikum Harlaching,569204.0,442249,48.08709,11.554949,,,690259.9972711109,5329137.7633582875,True
326799,Klinikum Harlaching,569204.0,586545,48.08711,11.556251,,,690356.8728993259,5329143.206192069,True
326800,Klinikum Harlaching,569204.0,656462,48.086617,11.554832,,,690253.0306777951,5329084.906867236,True
326819,Klinikum Neuperlach,,601826,48.096237,11.655308,1.0,,697697.8080720492,5330407.338803578,True
326820,Klinikum Neuperlach,601826.0,120158,48.096535,11.654967,,,697671.278270976,5330439.580794345,True
326821,Klinikum Neuperlach,601826.0,33830,48.09601,11.654985,,,697674.6320116122,5330381.281201127,True
326822,Klinikum Neuperlach,601826.0,355449,48.096504,11.655704,,,697726.2651381372,5330438.029519367,True
327069,Klopstockstraße,,14979,48.176064,11.579284,1.0,,691740.3168122884,5339086.453398005,True
327070,Klopstockstraße,14979.0,343905,48.176083,11.578826,,,691706.2013971971,5339087.422248476,True
327071,Klopstockstraße,14979.0,378067,48.176025,11.579661,,,691768.4858979436,5339083.05986007,True
327525,Klärwerk Gut Großlappen,,419019,48.207096,11.631225,1.0,,695483.1046714874,5342666.160763953,True
327526,Klärwerk Gut Großlappen,419019.0,268872,48.207157,11.631162,,,695478.1922673327,5342672.77976023,True
327527,Klärwerk Gut Großlappen,419019.0,561211,48.207027,11.631314,,,695489.9790348283,5342658.718856777,True
327644,Knappertsbuschstraße,,366136,48.16029,11.640576,1.0,,696356.568681512,5337488.153198186,True
327645,Knappertsbuschstraße,366136.0,327662,48.16032,11.640855,,,696377.1992962235,5337492.200115728,True
327646,Knappertsbuschstraße,366136.0,486335,48.160133,11.640486,,,696350.4761853933,5337470.474906121,True
327647,Knappertsbuschstraße,366136.0,675115,48.160194,11.640298,,,696336.2643983774,5337476.773930499,True
327997,Knorrstraße,,173110,48.19162,11.572349,1.0,,691166.9298277381,5340798.020211421,True
327998,Knorrstraße,173110.0,166275,48.191547,11.570615,,,691038.3467755244,5340785.593688427,True
327999,Knorrstraße,173110.0,215968,48.19165,11.571666,,,691116.0640821218,5340799.654946519,True
328000,Knorrstraße,173110.0,482526,48.192062,11.572457,,,691173.3103213937,5340847.411615252,True
328001,Knorrstraße,173110.0,599834,48.191444,11.572259,,,691160.8968641139,5340778.236107171,True
330210,Kollwitzstraße,,133359,48.198273,11.584809,1.0,,692067.9575348314,5341568.496774921,True
330211,Kollwitzstraße,133359.0,100916,48.198,11.584593,,,692052.9295086246,5341537.616248554,True
330212,Kollwitzstraße,133359.0,160487,48.19856,11.585006,,,692081.521311103,5341600.885754925,True
330285,Kolumbusplatz,,32588,48.119324,11.576742,1.0,,691762.7437705295,5332774.229451879,True
330286,Kolumbusplatz,32588.0,180131,48.119774,11.576544,,,691746.3339838763,5332823.7470008535,True
330287,Kolumbusplatz,32588.0,349737,48.119797,11.576652,,,691754.2851113325,5332826.572400605,True
330288,Kolumbusplatz,32588.0,435629,48.119106,11.576544,,,691748.8212790056,5332749.50812248,True
330289,Kolumbusplatz,32588.0,449088,48.119797,11.576751,,,691761.6521488986,5332826.819241898,True
330290,Kolumbusplatz,32588.0,600864,48.1194,11.575808,,,691692.9570619507,5332780.347387973,True
330291,Kolumbusplatz (Nord),,22652,48.120647,11.576625,1.0,,691749.1108092213,5332920.970730218,True
330292,Kolumbusplatz (Nord),22652.0,133781,48.120705,11.576553,,,691743.5370844919,5332927.23710945,True
330293,Kolumbusplatz (Nord),22652.0,385175,48.12058,11.576688,,,691754.0483393706,5332913.681691612,True
330294,Kolumbusplatz/Humboldtstraße,,680616,48.119232,11.575817,1.0,,691694.2521672068,5332761.698963903,True
330295,Kolumbusplatz/Humboldtstraße,680616.0,550562,48.119232,11.575817,,,691694.2521672068,5332761.698963903,True
331307,Korbinian-Beer-Straße,,518085,48.183475,11.478259,1.0,,684204.2205155552,5339662.949969662,True
331308,Korbinian-Beer-Straße,518085.0,119382,48.183422,11.478259,,,684204.410516556,5339657.0596573,True
331309,Korbinian-Beer-Straße,518085.0,154272,48.18354,11.478259,,,684203.9874952434,5339670.173937714,True
331310,Korbinianplatz,,424648,48.185963,11.572753,1.0,,691218.0071032776,5340170.322716329,True
331311,Korbinianplatz,424648.0,144557,48.18603,11.572843,,,691224.4464152608,5340177.992906982,True
331312,Korbinianplatz,424648.0,3444,48.185852,11.572699,,,691214.4070131809,5340157.852098017,True
331313,Korbmacherweg,,461198,48.174908,11.415836,1.0,,679594.6815495457,5338563.0603460865,True
331314,Korbmacherweg,461198.0,394004,48.17524,11.413159,,,679394.5259670911,5338593.705540885,True
331315,Korbmacherweg,461198.0,466743,48.174686,11.418198,,,679771.0390251956,5338543.9103957005,True
331453,Kornwegerstraße,,222498,48.11209,11.494762,1.0,,685688.24255738,5331769.113337046,True
331454,Kornwegerstraße,222498.0,144283,48.11242,11.494178,,,685643.5883713993,5331804.378812044,True
331455,Kornwegerstraße,222498.0,454737,48.11205,11.495435,,,685738.4756045366,5331766.292739482,True
331456,Kornwegerstraße,222498.0,486143,48.1125,11.495022,,,685706.1152525865,5331815.307064222,True
331457,Kornwegerstraße,222498.0,617471,48.112015,11.494303,,,685654.3512472918,5331759.67014164,True
332544,Kraillinger Weg,,520500,48.138348,11.454975,1.0,,682633.8812948596,5334592.074689405,True
332545,Kraillinger Weg,520500.0,509946,48.13822,11.45476,,,682618.3419726426,5334577.338433659,True
332546,Kraillinger Weg,520500.0,561151,48.138454,11.455182,,,682648.9035080298,5334604.346961637,True
332994,Krankenhaus Martha Maria,,255762,48.086292,11.534216,1.0,,688719.0969874257,5328998.021134961,True
332995,Krankenhaus Martha Maria,255762.0,334088,48.086365,11.534377,,,688730.8183481785,5329006.5289223185,True
332996,Krankenhaus Martha Maria,255762.0,532169,48.08619,11.533964,,,688700.7055661426,5328986.067271449,True
332998,Krankenhaus Pasing,,86989,48.145626,11.453107,1.0,,682469.1145606095,5335396.498417617,True
332999,Krankenhaus Pasing,86989.0,646736,48.145607,11.453161,,,682473.1983507719,5335394.514967723,True
333000,Krankenhaus Pasing,86989.0,654346,48.14566,11.453044,,,682464.308177929,5335400.127574375,True
333286,Krauss-Maffei-Straße,,86690,48.193596,11.470821,1.0,,683615.2291937991,5340769.973781704,True
333287,Krauss-Maffei-Straße,86690.0,324603,48.19368,11.470974,,,683626.2980767109,5340779.6750877295,True
333288,Krauss-Maffei-Straße,86690.0,385330,48.193523,11.470705,,,683606.870366802,5340761.583447497,True
333289,Krauss-Maffei-Straße Ost,,50953,48.19374,11.47322,1.0,,683792.9796646246,5340791.714327703,True
333290,Krauss-Maffei-Straße Ost,50953.0,594753,48.193687,11.473121,,,683785.8127966444,5340785.587158707,True
333291,Krauss-Maffei-Straße Ost,50953.0,626840,48.193752,11.473274,,,683796.9493644265,5340793.1771783,True
333341,Krautheimstraße,,495373,48.182888,11.472681,1.0,,683791.7465015101,5339584.354313046,True
333342,Krautheimstraße,495373.0,11381,48.18284,11.472735,,,683795.9316804063,5339579.14885822,True
333343,Krautheimstraße,495373.0,438783,48.182922,11.472645,,,683788.9492328032,5339588.046893907,True
334652,Kreillerstraße,,336032,48.125885,11.646137,1.0,,696901.6797861758,5333678.750454981,True
334653,Kreillerstraße,336032.0,101485,48.125626,11.644636,,,696790.9874756304,5333646.124060197,True
334654,Kreillerstraße,336032.0,207607,48.12575,11.64673,,,696946.3185406536,5333665.26574649,True
334655,Kreillerstraße,336032.0,38585,48.125813,11.646756,,,696948.0120782085,5333672.333870808,True
334656,Kreillerstraße,336032.0,645561,48.125645,11.644538,,,696783.6230991766,5333647.984846922,True
335684,Kriegelsteinerstraße,,617464,48.089893,11.496846,1.0,,685923.414476748,5329307.249491155,True
335685,Kriegelsteinerstraße,617464.0,342055,48.089985,11.496935,,,685929.709451554,5329317.689083983,True
335686,Kriegelsteinerstraße,617464.0,38886,48.08983,11.496738,,,685915.6001839098,5329299.986952106,True
335730,Kriemhildenstraße,,334408,48.15231,11.515225,1.0,,687065.0037585472,5336288.637543867,True
335731,Kriemhildenstraße,334408.0,172071,48.15228,11.515333,,,687073.144591856,5336285.566252633,True
335891,Kristallstraße,,331390,48.212772,11.484826,1.0,,684586.9688380174,5342934.728670169,True
335892,Kristallstraße,331390.0,129288,48.213074,11.484539,,,684564.5644386059,5342967.6026988365,True
335893,Kristallstraße,331390.0,431266,48.212257,11.484745,,,684582.804038613,5342877.2977314275,True
335894,Kristallstraße,331390.0,501683,48.213078,11.485464,,,684633.2591013564,5342970.270632575,True
336044,Krokusstraße,,655566,48.125824,11.479041,1.0,,684468.9869978828,5333257.636645605,True
336045,Krokusstraße,655566.0,117577,48.12572,11.478852,,,684455.296768986,5333245.625057314,True
336046,Krokusstraße,655566.0,288812,48.125885,11.478852,,,684454.7056524345,5333263.962670914,True
336047,Krokusstraße,655566.0,575199,48.126076,11.479239,,,684482.8165272159,5333286.118141846,True
336530,Kronstadter Straße,,371186,48.138733,11.647322,1.0,,696940.6848526757,5335109.655116144,True
336531,Kronstadter Straße,371186.0,512238,48.138664,11.647233,,,696934.328498115,5335101.758778793,True
336532,Kronstadter Straße,371186.0,682908,48.138805,11.647403,,,696946.4346150467,5335117.864374826,True
336574,Kronwinkler Straße,,37121,48.16136,11.423327,1.0,,680199.0099739949,5337074.8935026415,True
336575,Kronwinkler Straße,37121.0,419825,48.161358,11.423004,,,680175.0002121974,5337073.9140331615,True
336576,Kronwinkler Straße,37121.0,52134,48.16137,11.423633,,,680221.7276560668,5337076.722317969,True
336947,Krumbadstraße,,310070,48.11662,11.625206,1.0,,695379.4532513494,5332595.696265956,True
336948,Krumbadstraße,310070.0,125618,48.11646,11.625206,,,695380.060247843,5332577.914580155,True
336949,Krumbadstraße,310070.0,15161,48.116726,11.625224,,,695380.3906510993,5332607.522359764,True
338003,Kuckucksblumenstraße,,190820,48.198868,11.522403,1.0,,687428.9539784659,5341480.466688037,True
338004,Kuckucksblumenstraße,190820.0,484132,48.198902,11.522385,,,687427.4924811295,5341484.20145323,True
338005,Kuckucksblumenstraße,190820.0,597557,48.19883,11.522412,,,687429.7613724687,5341476.265411829,True
338106,Kufsteiner Platz,,529829,48.150173,11.602263,1.0,,693545.8500813344,5336266.614366676,True
338107,Kufsteiner Platz,529829.0,416387,48.15032,11.602398,,,693555.3369636617,5336283.291313404,True
338108,Kufsteiner Platz,529829.0,519406,48.150055,11.601993,,,693526.2140056744,5336252.8205104405,True
338574,Kulturheimstraße,,579456,48.196526,11.621307,1.0,,694786.4121678597,5341466.247107878,True
338575,Kulturheimstraße,579456.0,456340,48.196445,11.621244,,,694782.0382840086,5341457.085272531,True
338576,Kulturheimstraße,579456.0,666018,48.19659,11.621397,,,694792.8566994322,5341473.588090285,True
338586,Kulturzentrum Trudering,,585475,48.11969,11.670741,1.0,,698756.2576127407,5333053.561118874,True
338587,Kulturzentrum Trudering,585475.0,415688,48.119564,11.670499,,,698738.7356984204,5333038.932681358,True
338588,Kulturzentrum Trudering,585475.0,79396,48.119804,11.670984,,,698773.9001732948,5333066.858575768,True
338749,Kunihohstraße,,149521,48.150036,11.657779,1.0,,697675.113560719,5336392.66071406,True
338750,Kunihohstraße,149521.0,113738,48.14966,11.657896,,,697685.2598629605,5336351.1745638745,True
338751,Kunihohstraße,149521.0,139540,48.149815,11.65803,,,697694.629846124,5336368.745219743,True
338845,Kunreuthstraße,,582461,48.150726,11.412988,1.0,,679467.3509890358,5335868.863574993,True
338846,Kunreuthstraße,582461.0,324591,48.150383,11.413293,,,679491.230816909,5335831.4552929,True
338847,Kunreuthstraße,582461.0,349455,48.15055,11.413024,,,679470.6423408597,5335849.387322045,True
338873,Kunstmannstraße,,543021,48.173885,11.477235,1.0,,684162.4764166006,5338594.683046594,True
338874,Kunstmannstraße,543021.0,350872,48.173805,11.477442,,,684178.1508025635,5338586.288116601,True
338875,Kunstmannstraße,543021.0,366989,48.173946,11.47702,,,684146.2754532883,5338600.947229364,True
339044,Kurfürstenplatz,,575743,48.160248,11.575008,1.0,,691481.3694932302,5337318.052416936,True
339045,Kurfürstenplatz,575743.0,18952,48.160397,11.574074,,,691411.3663710689,5337332.285314482,True
339046,Kurfürstenplatz,575743.0,549058,48.15991,11.574846,,,691470.5823408801,5337280.084633583,True
339047,Kurfürstenplatz,575743.0,638847,48.160507,11.574092,,,691412.2953159262,5337344.555179713,True
339048,Kurfürstenplatz,575743.0,68739,48.159996,11.574999,,,691481.6386490618,5337290.023548775,True
339238,Kurparkstraße,,14582,48.11948,11.496289,1.0,,685775.2342576638,5332594.101178996,True
339239,Kurparkstraße,14582.0,555096,48.119442,11.496163,,,685765.9949809738,5332589.5736413365,True
339240,Kurparkstraße,14582.0,640333,48.11951,11.496396,,,685783.0884876351,5332597.693741868,True
339390,Kurzstraße,,332483,48.104633,11.569861,1.0,,691305.2459972653,5331124.396501346,True
339391,Kurzstraße,332483.0,170800,48.104893,11.570067,,,691319.6144676013,5331153.80414397,True
339392,Kurzstraße,332483.0,401698,48.104355,11.569681,,,691292.8795548619,5331093.053107735,True
339486,Kustermannpark,,174651,48.12418,11.601293,1.0,,693571.4537110401,5333375.41230152,True
339487,Kustermannpark,174651.0,368166,48.12418,11.601293,,1,693571.4537110401,5333375.41230152,True
343340,Kölner Platz,,208249,48.170116,11.577398,1.0,,691622.2981059768,5338420.706862238,True
343341,Kölner Platz,208249.0,362799,48.17016,11.577389,,,691621.4650120779,5338425.574440673,True
343342,Kölner Platz,208249.0,68847,48.17007,11.577416,,,691623.8077321217,5338415.639452265,True
343544,Königinstraße,,51884,48.143784,11.585006,1.0,,692286.3171692839,5335513.25821075,True
343545,Königinstraße,51884.0,106706,48.14353,11.585168,,,692299.3159896719,5335485.434781739,True
343546,Königinstraße,51884.0,493084,48.143982,11.584827,,,692272.2632823855,5335534.815514578,True
344272,Königsplatz,,490604,48.145546,11.563555,1.0,,690684.2652498994,5335655.651247447,True
344283,Königsplatz,490604.0,168978,48.144997,11.563168,,,690657.515621574,5335593.677438819,True
344284,Königsplatz,490604.0,38796,48.146957,11.564462,,,690746.4940964594,5335814.715048818,True
344285,Königsplatz,490604.0,489876,48.14546,11.563662,,,690692.5423744956,5335646.358907078,True
344286,Königsplatz,490604.0,516985,48.14496,11.563294,,,690667.024382525,5335589.87787323,True
348087,Lagerhausstraße,,144899,48.120434,11.555371,1.0,,690168.3158770355,5332844.525673375,True
348088,Lagerhausstraße,144899.0,599595,48.120426,11.55556,,,690182.4096181667,5332844.103936522,True
348089,Lagerhausstraße,144899.0,639362,48.120445,11.555191,,,690154.880785578,5332845.303106129,True
348817,Laim,,201758,48.143906,11.50326,1.0,,686205.6069091798,5335325.593284463,True
348818,Laim,201758.0,240087,48.143055,11.503574,,,686232.0422842234,5335231.776158773,True
348819,Laim,201758.0,284320,48.143414,11.50184,,,686101.7666346545,5335267.475583335,True
348820,Laim,201758.0,450093,48.143414,11.502056,,,686117.8328907371,5335267.998457756,True
348821,Laim,201758.0,656686,48.14315,11.50281,,,686174.8712238193,5335240.483834492,True
348822,Laim,201758.0,667201,48.1433,11.50414,,,686273.255187706,5335260.375919854,True
348843,Laimer Platz,,362303,48.13546,11.501921,1.0,,686136.5585409894,5334383.687515447,True
348844,Laimer Platz,362303.0,118969,48.134758,11.503125,,,686228.6668544824,5334308.584657796,True
348845,Laimer Platz,362303.0,164551,48.135075,11.502918,,,686212.1205716046,5334343.3137591835,True
348846,Laimer Platz,362303.0,256626,48.135483,11.501921,,,686136.4753625906,5334386.24366629,True
348847,Laimer Platz,362303.0,360995,48.135178,11.499729,,,685974.5094909135,5334347.042894526,True
348848,Laimer Platz,362303.0,408688,48.13543,11.501921,,,686136.6670345075,5334380.353405663,True
348849,Laimer Platz,362303.0,501068,48.135944,11.502819,,,686201.6118488195,5334439.652052919,True
348850,Laimer Platz,362303.0,531557,48.135754,11.503035,,,686218.3678748137,5334419.0591191845,True
349325,Lamprechtstraße,,549041,48.101444,11.669205,1.0,,698712.3328701301,5331021.823004093,True
349326,Lamprechtstraße,549041.0,211934,48.101444,11.669475,,,698732.4317986516,5331022.520488309,True
349327,Lamprechtstraße,549041.0,483361,48.10129,11.66908,,,698703.6216781494,5331004.3853472965,True
349939,Landrichterstraße,,21759,48.088657,11.607545,1.0,,694170.4880663555,5329443.300190144,True
349940,Landrichterstraße,21759.0,355125,48.088707,11.607626,,,694176.3309434198,5329449.061362467,True
349941,Landrichterstraße,21759.0,647721,48.08857,11.607437,,,694162.7741276559,5329433.358886277,True
350911,Landshuter Allee,,315681,48.151863,11.536973,1.0,,688683.9940979893,5336292.111970026,True
350912,Landshuter Allee,315681.0,23835,48.15262,11.53736,,,688709.9974465958,5336377.192610525,True
350913,Landshuter Allee,315681.0,279416,48.152008,11.536264,,,688630.7351938419,5336306.486785273,True
350914,Landshuter Allee,315681.0,476454,48.151474,11.536677,,,688663.4077893747,5336248.153199298,True
350915,Landshuter Allee,315681.0,481368,48.151417,11.538276,,,688782.5328943678,5336245.744023362,True
351232,Langbürgener Straße,,95400,48.110634,11.612872,1.0,,694484.1725881752,5331899.179308076,True
351233,Langbürgener Straße,95400.0,321111,48.110332,11.611956,,,694417.1367600169,5331863.30068909,True
351234,Langbürgener Straße,95400.0,52015,48.110424,11.612692,,,694471.5684351522,5331875.385729837,True
354715,Langwied,,130983,48.16306,11.432418,1.0,,680868.9944276463,5337285.181220308,True
354717,Langwied,130983.0,367661,48.16313,11.432284,,,680858.7849459728,5337292.645565387,True
354718,Langwied,130983.0,610481,48.16301,11.432625,,,680884.5613440226,5337280.111449545,True
354728,Langwied Ortsmitte,,501862,48.181175,11.423858,1.0,,680169.0316011878,5339278.343411152,True
354729,Langwied Ortsmitte,501862.0,242153,48.181206,11.423831,,,680166.9160965035,5339281.725394845,True
354730,Langwied Ortsmitte,501862.0,75869,48.18114,11.423858,,,680169.1543120474,5339274.453566049,True
354731,"Langwied, München",130983.0,25295,48.163067,11.432252,,,680856.6272415466,5337285.568569528,True
354732,"Langwied, München",130983.0,536632,48.162994,11.43251,,,680876.067043839,5337278.062606251,True
354742,Langwieder See,,197320,48.198494,11.413769,1.0,,679358.6737856754,5341179.547060049,True
354743,Langwieder See,197320.0,237705,48.198494,11.413769,,,679358.6737856754,5341179.547060049,True
355024,Lassallestraße,,213002,48.187046,11.533901,1.0,,688326.5995743979,5340194.717225496,True
355025,Lassallestraße,213002.0,121650,48.187366,11.533874,,,688323.4199862101,5340230.215043977,True
355026,Lassallestraße,213002.0,381796,48.186764,11.533362,,,688287.5759764288,5340162.05536431,True
355027,Lassallestraße,213002.0,503418,48.18691,11.534144,,,688345.157297677,5340180.198208456,True
355028,Lassallestraße,213002.0,533644,48.1872,11.533281,,,688279.9583740676,5340210.312811676,True
356637,Lauinger Straße,,502203,48.17919,11.496145,1.0,,685549.0320036928,5339229.7594522005,True
356638,Lauinger Straße,502203.0,351012,48.179157,11.495822,,,685525.1428501059,5339225.311989118,True
356639,Lauinger Straße,502203.0,387322,48.179256,11.496711,,,685590.8638991104,5339238.461453036,True
356640,Lauinger Straße,502203.0,470932,48.179504,11.496145,,,685547.8982779465,5339264.656701913,True
357000,Lautensackstraße,,458801,48.139996,11.51836,1.0,,687342.9804300646,5334927.730175318,True
357001,Lautensackstraße,458801.0,125223,48.13965,11.519268,,,687411.7826706951,5334891.489678739,True
357002,Lautensackstraße,458801.0,265512,48.139603,11.518288,,,687339.0553335769,5334883.877934045,True
357003,Lautensackstraße,458801.0,421939,48.13974,11.518845,,,687379.9896200568,5334900.461013276,True
357004,Lautensackstraße,458801.0,457103,48.139618,11.518154,,,687329.0329761506,5334885.218495054,True
358009,Lebscheestraße,,57812,48.107807,11.565019,1.0,,690933.0613922025,5331465.111971057,True
358010,Lebscheestraße,57812.0,642248,48.107784,11.565207,,,690947.1398442712,5331463.022503482,True
358011,Lebscheestraße,57812.0,666139,48.10786,11.56483,,,690918.7973443987,5331470.533070272,True
358975,Lehel,,530810,48.139687,11.587845,1.0,,692512.8088147652,5335065.037561777,True
358976,Lehel,530810.0,202578,48.139572,11.588591,,,692568.7308650934,5335054.125111583,True
358977,Lehel,530810.0,581388,48.139614,11.587791,,,692509.0650788178,5335056.789403387,True
358978,Lehel,530810.0,648676,48.13974,11.587899,,,692516.6273614326,5335071.062997955,True
358979,Lehel,530810.0,669632,48.13956,11.588725,,,692578.7434739507,5335053.12711195,True
359421,Lehrer-Wirth-Straße,,444563,48.129513,11.694556,1.0,,700490.1704826385,5334207.063564726,True
359422,Lehrer-Wirth-Straße,444563.0,413414,48.129475,11.694583,,,700492.3272808392,5334202.910833596,True
359423,Lehrer-Wirth-Straße,444563.0,617652,48.12956,11.694538,,,700488.6482304959,5334212.239978789,True
360009,Leienfelsstraße,,249776,48.154568,11.428313,1.0,,680593.5935412792,5336331.745318969,True
360010,"Leienfelsstraße, München",249776.0,168097,48.152637,11.427244,,,680520.8738779152,5336114.627070415,True
360061,Leifstraße,,522184,48.091454,11.593765,1.0,,693133.9579254035,5329719.463821426,True
360062,Leifstraße,522184.0,570521,48.091484,11.593819,,,693137.8661125778,5329722.93343416,True
360063,Leifstraße,522184.0,603277,48.09141,11.593666,,,693126.7516905356,5329714.325361983,True
362143,Lenbachplatz,,204488,48.140873,11.568513,1.0,,691070.3801476054,5335148.619993506,True
362144,Lenbachplatz,204488.0,170349,48.14089,11.568405,,,691062.2835468495,5335150.240915742,True
362145,Lenbachplatz,204488.0,439832,48.141155,11.569888,,,691171.6105780785,5335183.378556159,True
362146,Lenbachplatz,204488.0,685242,48.140865,11.568612,,,691077.7738772182,5335147.976942855,True
362147,Lenbachplatz,204488.0,85494,48.140987,11.568136,,,691041.9141155444,5335160.352692821,True
363438,Leonrodplatz,,668093,48.15947,11.547394,1.0,,689430.9666869291,5337163.161820631,True
363439,Leonrodplatz,668093.0,101383,48.1599,11.546972,,,689398.0041981484,5337209.910742507,True
363440,Leonrodplatz,668093.0,14803,48.159184,11.546972,,,689400.6412560038,5337130.33668665,True
363441,Leonrodplatz,668093.0,175601,48.15975,11.547834,,,689462.6522920802,5337195.364674363,True
363442,Leonrodplatz,668093.0,98497,48.15972,11.547034,,,689403.2772781996,5337190.058871301,True
363763,Lerchenauer See,,255581,48.197998,11.535581,1.0,,688411.2759284994,5341416.015396013,True
363764,Lerchenauer See,255581.0,492514,48.19795,11.535401,,,688398.0777335621,5341410.239304485,True
363765,Lerchenauer See,255581.0,635605,48.19804,11.535734,,,688422.4899714511,5341421.058463572,True
363766,Lerchenauer Straße,,560107,48.186043,11.55149,1.0,,689637.4704046994,5340126.511371962,True
363767,Lerchenauer Straße,560107.0,170310,48.18618,11.550448,,,689559.5247461249,5340139.165747429,True
363768,Lerchenauer Straße,560107.0,358038,48.18547,11.551921,,,689671.6171637343,5340063.893618142,True
363769,Lerchenauer Straße,560107.0,372309,48.185936,11.552379,,,689703.9348925931,5340116.814377749,True
363770,Lerchenauer Straße,560107.0,692385,48.18666,11.551481,,,689634.5241093831,5340195.060886798,True
363816,Lerchenstraße,,436555,48.214603,11.534889,1.0,,688298.9479258903,5343259.761395829,True
363818,Lerchenstraße,436555.0,261304,48.214558,11.534925,,,688301.7870118979,5343254.848459929,True
363819,Lerchenstraße,436555.0,538096,48.21466,11.534844,,,688295.3963233046,5343265.985921002,True
365099,Leutstettener Straße,,326558,48.093403,11.522627,1.0,,687830.2310261133,5329759.952880798,True
365100,Leutstettener Straße,326558.0,212025,48.093372,11.522448,,,687817.0168883052,5329756.070699858,True
365101,Leutstettener Straße,326558.0,662718,48.09344,11.52278,,,687841.4875045837,5329764.438433985,True
368296,Lilienthalallee Süd,,402902,48.18691,11.602398,1.0,,693417.6187843191,5340349.778010268,True
368297,Lilienthalallee Süd,402902.0,411193,48.18707,11.60194,,,693382.9792248867,5340366.406950229,True
368298,Lilienthalallee Süd,402902.0,590448,48.186714,11.602865,,,693453.0629705908,5340329.171011636,True
368964,Limesstraße,,5624,48.154305,11.418243,1.0,,679845.6560143394,5336278.907685555,True
368965,Limesstraße,5624.0,528779,48.153927,11.418423,,,679860.3635546695,5336237.318637538,True
368966,Limesstraße,5624.0,605673,48.154198,11.418423,,,679859.4159595075,5336267.437048442,True
368967,Limmatstraße,,586295,48.09469,11.501068,1.0,,686220.4468577952,5329850.580520012,True
368968,Limmatstraße,586295.0,346813,48.094833,11.50069,,,686191.7876976867,5329865.558212175,True
368969,Limmatstraße,586295.0,366778,48.094635,11.500708,,,686193.8430671899,5329843.596771458,True
369037,Lincolnstraße,,640123,48.094105,11.590612,1.0,,692889.2792174702,5330006.174357426,True
369038,Lincolnstraße,640123.0,115351,48.09408,11.590684,,,692894.733293803,5330003.576480688,True
369039,Lincolnstraße,640123.0,285884,48.094147,11.590504,,,692881.081272713,5330010.571291877,True
369524,Lindberghstraße,,628248,48.191715,11.605928,1.0,,693661.8428501658,5340892.68368094,True
369526,Lindberghstraße,628248.0,433926,48.191715,11.605928,,1,693661.8428501658,5340892.68368094,True
373058,Lochhausen,,681661,48.176426,11.407984,1.0,,679005.7102212077,5338713.448046975,True
373059,Lochhausen,681661.0,341683,48.177982,11.407311,,,678950.2659468828,5338884.81210364,True
373060,Lochhausen,681661.0,351175,48.17621,11.407661,,,678982.4526451568,5338688.689780462,True
373061,Lochhausen,681661.0,356850,48.177,11.408218,,,679021.104964664,5338777.786656475,True
373062,Lochhausen,681661.0,451171,48.17713,11.408182,,,679017.9761815382,5338792.150796189,True
373063,Lochhausen,681661.0,488474,48.176346,11.40776,,,678989.3380900923,5338704.035202329,True
373064,Lochhausen,681661.0,631534,48.17709,11.407598,,,678974.7052420395,5338786.344934301,True
373065,"Lochhausen, München",681661.0,653103,48.17716,11.407928,,,678998.9912229162,5338794.89326433,True
373066,Lochhausener Straße,,112838,48.169514,11.45705,1.0,,682677.5182159015,5338060.7228974365,True
373067,Lochhausener Straße,112838.0,293599,48.169674,11.456951,,,682669.5897008853,5338078.269651381,True
373068,Lochhausener Straße,112838.0,295961,48.16932,11.456996,,,682674.1930266677,5338039.033780414,True
373069,Lochhausener Straße,112838.0,497912,48.16934,11.457131,,,682684.1583410564,5338041.577435072,True
373414,Lohengrinstraße,,671356,48.164196,11.621846,1.0,,694949.0789855269,5337874.569380217,True
373415,Lohengrinstraße,671356.0,136763,48.16385,11.621756,,,694943.6993734413,5337835.887925804,True
373416,Lohengrinstraße,671356.0,478927,48.16463,11.621972,,,694956.8013919272,5337923.122161754,True
373418,Lohensteinstraße,,373150,48.141644,11.481601,1.0,,684602.7218222205,5335021.970214602,True
373419,Lohensteinstraße,373150.0,139157,48.14158,11.481224,,,684574.908799983,5335013.952311448,True
373420,Lohensteinstraße,373150.0,167497,48.141586,11.482095,,,684639.6753819723,5335016.71047682,True
373421,Lohensteinstraße,373150.0,76027,48.141724,11.481116,,,684566.3588870838,5335029.696814491,True
373422,Lohensteinstraße,373150.0,80344,48.14179,11.481125,,,684566.7916143236,5335037.053480227,True
375210,Lorettoplatz,,576096,48.103664,11.488653,1.0,,685263.8701617105,5330817.946365289,True
375211,Lorettoplatz,576096.0,311827,48.10356,11.488491,,,685252.1850419217,5330805.998041558,True
375212,Lorettoplatz,576096.0,506527,48.103832,11.488743,,,685269.9655603316,5330836.834058427,True
375496,Lotte-Branz-Straße,,585257,48.192356,11.590333,1.0,,692500.5718643909,5340924.725861224,True
375498,Lotte-Branz-Straße,585257.0,538731,48.192463,11.590423,,,692506.8586860617,5340936.843055634,True
375499,Lotte-Branz-Straße,585257.0,63980,48.192253,11.590261,,,692495.607595421,5340913.098326796,True
376176,Ludmillastraße,,553246,48.11006,11.567031,1.0,,691074.461802026,5331720.497345728,True
376177,Ludmillastraße,553246.0,407716,48.110058,11.567202,,,691087.1965230636,5331720.699863845,True
376178,Ludmillastraße,553246.0,507481,48.11009,11.566905,,,691064.9725197298,5331723.518440352,True
376268,Ludwig-Beck-Straße,,163123,48.217033,11.536623,1.0,,688418.8238508991,5343534.079690085,True
376269,Ludwig-Beck-Straße,163123.0,527019,48.217052,11.536866,,,688436.8026676608,5343536.787564922,True
376270,Ludwig-Beck-Straße,163123.0,668982,48.216938,11.53683,,,688434.5473766567,5343524.029501816,True
376273,Ludwig-Erhard-Allee,,43947,48.085236,11.639444,1.0,,696558.7069364919,5329144.098371766,True
376274,Ludwig-Erhard-Allee,43947.0,292322,48.0851,11.639821,,,696587.298472027,5329129.947125165,True
376275,Ludwig-Erhard-Allee,43947.0,292749,48.08518,11.639103,,,696533.5281429684,5329137.003800313,True
376291,Ludwig-Linsert-Straße,,450523,48.086273,11.634836,1.0,,696211.6296152772,5329247.58465447,True
376292,Ludwig-Linsert-Straße,450523.0,187317,48.08649,11.634899,,,696215.494873039,5329271.861596353,True
376293,Ludwig-Linsert-Straße,450523.0,330724,48.08606,11.634836,,,696212.4402580326,5329223.912904309,True
376415,Ludwigsbrücke,,598463,48.132534,11.585321,1.0,,692351.7913980418,5334263.763285867,True
376416,Ludwigsbrücke,598463.0,331174,48.132534,11.585321,,,692351.7913980418,5334263.763285867,True
376652,Ludwigsfeld (Campingplatz),,483466,48.199,11.49734,1.0,,685566.2841403421,5341434.287194695,True
376653,Ludwigsfeld (Campingplatz),483466.0,147159,48.199,11.49734,,,685566.2841403421,5341434.287194695,True
377369,Luise-Kiesselbach-Platz,,194062,48.113373,11.517237,1.0,,687356.3027378074,5331966.201712387,True
377370,Luise-Kiesselbach-Platz,194062.0,32256,48.114075,11.517121,,,687345.1162191979,5332043.936996692,True
377371,Luise-Kiesselbach-Platz,194062.0,351084,48.11317,11.517696,,,687391.20195334,5331944.759138179,True
377372,Luise-Kiesselbach-Platz,194062.0,399984,48.113667,11.516662,,,687312.4396922217,5331997.475421108,True
377373,Luise-Kiesselbach-Platz,194062.0,691368,48.113537,11.517462,,,687372.4516006944,5331984.9761789,True
377394,Luisenstraße,,502855,48.15252,11.568064,1.0,,690993.7384397809,5336441.911619589,True
377398,Luisenstraße,502855.0,175751,48.1525,11.567965,,,690986.450345368,5336439.442909314,True
377399,Luisenstraße,502855.0,268183,48.15266,11.567795,,,690973.2138681986,5336456.80240882,True
377749,Lustheimstraße,,480389,48.163784,11.486344,1.0,,684875.9318391876,5337493.951394338,True
377750,Lustheimstraße,480389.0,113220,48.163857,11.486767,,,684907.1199750149,5337503.082014345,True
377751,Lustheimstraße,480389.0,286090,48.163723,11.485931,,,684845.4439889188,5337486.178648264,True
380690,Lübecker Straße,,424444,48.167095,11.659351,1.0,,697726.420109338,5338292.570873247,True
380691,Lübecker Straße,424444.0,163384,48.166843,11.659557,,,697742.7046022163,5338265.094656695,True
380692,Lübecker Straße,424444.0,250256,48.167336,11.659575,,,697742.1464934095,5338319.931009145,True
382742,Lüneburger Straße,,242195,48.18311,11.563087,1.0,,690510.2200370282,5339829.235961583,True
382743,Lüneburger Straße,242195.0,104053,48.183235,11.56298,,,690501.8040305392,5339842.862800309,True
382744,Lüneburger Straße,242195.0,182584,48.18296,11.563204,,,690519.4720104194,5339812.855502101,True
383518,Lützelsteiner Straße,,395933,48.199127,11.614561,1.0,,694275.322931346,5341738.229613744,True
383519,Lützelsteiner Straße,395933.0,125375,48.199272,11.614381,,,694261.4005002872,5341753.889216482,True
383520,Lützelsteiner Straße,395933.0,578967,48.199135,11.614031,,,694235.913974094,5341737.778341344,True
383669,"MAN, Siedlung",,208282,48.21831,11.483137,1.0,,684441.6065890149,5343546.155190889,True
383670,MAN-Siedlung,208282.0,197034,48.218357,11.483245,,,684449.4590933383,5343551.638099186,True
384126,Machtlfinger Straße,,669268,48.09722,11.514075,1.0,,687179.6461051397,5330163.318171857,True
384127,Machtlfinger Straße,669268.0,3129,48.098305,11.513743,,,687150.9894476709,5330283.093382958,True
384128,Machtlfinger Straße,669268.0,345615,48.09794,11.513132,,,687106.8280840863,5330241.04252194,True
384129,Machtlfinger Straße,669268.0,55462,48.09733,11.514992,,,687247.5148737733,5330177.774526492,True
384130,Machtlfinger Straße,669268.0,92757,48.097393,11.514947,,,687243.9358544176,5330184.666592895,True
384802,Mahirstraße,,291133,48.156258,11.61413,1.0,,694405.4025100772,5336972.825342209,True
384803,Mahirstraße,291133.0,189798,48.15593,11.613752,,,694378.533538598,5336935.416661481,True
384804,Mahirstraße,291133.0,330962,48.156467,11.614417,,,694425.954140844,5336996.778754994,True
385249,Maillingerstraße,,298333,48.149982,11.545579,1.0,,689330.9311078137,5336104.223410883,True
385250,Maillingerstraße,298333.0,161269,48.15002,11.545588,,,689331.4605887374,5336108.468776065,True
385251,Maillingerstraße,298333.0,47709,48.14996,11.545561,,,689329.6733989128,5336101.734068698,True
385252,Maillingerstraße,298333.0,484149,48.15087,11.545004,,,689284.9002194079,5336201.49689691,True
385253,Maillingerstraße,298333.0,566993,48.150436,11.544178,,,689225.0672606592,5336151.229940231,True
385320,Mainaustraße,,535503,48.149307,11.433757,1.0,,681016.9492477545,5335759.852881167,True
385321,Mainaustraße,535503.0,5125,48.149426,11.433919,,,681028.5788851241,5335773.459744032,True
385322,Mainaustraße,535503.0,604107,48.149216,11.433505,,,680998.5274845731,5335749.1460053595,True
385971,Maistraße,,308346,48.12939,11.562126,1.0,,690637.8168321311,5333856.587110301,True
385972,Maistraße,308346.0,178732,48.12939,11.562126,,,690637.8168321311,5333856.587110301,True
386954,Mangfallplatz,,87586,48.097446,11.579967,1.0,,692084.2895210675,5330350.845730471,True
386955,Mangfallplatz,87586.0,157812,48.097122,11.579203,,,692028.6193760238,5330312.930559349,True
386956,Mangfallplatz,87586.0,226275,48.097748,11.580371,,,692113.2402613326,5330385.417457199,True
386957,Mangfallplatz,87586.0,2722,48.097874,11.581305,,,692182.3033215827,5330401.753273694,True
386958,Mangfallplatz,87586.0,508634,48.09707,11.579257,,,692032.8332880028,5330307.286288876,True
386959,Mangfallplatz Süd,,124014,48.096504,11.577694,1.0,,691918.5797108363,5330240.4833707595,True
386960,Mangfallplatz Süd,124014.0,458160,48.09656,11.577613,,,691912.3408789992,5330246.504915285,True
386961,Mangfallplatz Süd,124014.0,87271,48.09644,11.577775,,,691924.8483469592,5330233.57274731,True
387577,Manzostraße,,219357,48.183994,11.489174,1.0,,685013.586558874,5339746.855849316,True
387578,Manzostraße,219357.0,415113,48.183884,11.48886,,,684990.6454371392,5339733.874628884,True
387579,Manzostraße,219357.0,554365,48.184093,11.489399,,,685029.9525343573,5339758.400315966,True
388270,Marchioninistraße,,144579,48.113674,11.476867,1.0,,684350.7160758197,5331902.109945309,True
388271,Marchioninistraße,144579.0,369466,48.113747,11.476723,,,684339.7377705115,5331909.8778237235,True
388272,Marchioninistraße,144579.0,442208,48.113613,11.477047,,,684364.3307281147,5331895.762016407,True
388355,Margarete-Steiff-Straße,,253868,48.180534,11.501535,1.0,,685944.8023929739,5339392.158151665,True
388356,Margarete-Steiff-Straße,253868.0,193077,48.180576,11.5014,,,685934.616269497,5339396.499248324,True
388357,Margarete-Steiff-Straße,253868.0,384170,48.180515,11.501643,,,685952.8984715882,5339390.307897632,True
388369,Margaretenplatz,,89953,48.120026,11.540737,1.0,,689080.8426942043,5332763.100599379,True
388370,Margaretenplatz,89953.0,105989,48.119976,11.540567,,,689068.3758173517,5332757.125848012,True
388371,Margaretenplatz,89953.0,675904,48.12009,11.540872,,,689090.6536372129,5332770.545235277,True
388421,Margot-Kalinke-Straße,,200144,48.1928,11.5961,1.0,,692927.4463155003,5340988.538050011,True
388422,Margot-Kalinke-Straße,200144.0,17511,48.19287,11.596047,,,692923.2450296734,5340996.184534974,True
388423,Margot-Kalinke-Straße,200144.0,597429,48.192715,11.596145,,,692931.1094841382,5340979.2044211645,True
388499,Maria-Eich-Straße,,70006,48.13695,11.441402,1.0,,681629.1400721559,5334404.554085721,True
388500,Maria-Eich-Straße,70006.0,177578,48.13695,11.441402,,1,681629.1400721559,5334404.554085721,True
388501,Maria-Einsiedel-Straße,,98908,48.09692,11.544088,1.0,,689415.140778048,5330203.431931896,True
388502,Maria-Einsiedel-Straße,98908.0,195940,48.09692,11.544088,,1,689415.140778048,5330203.431931896,True
388514,Maria-Probst-Straße,,379237,48.19283,11.599281,1.0,,693163.7094778029,5340999.865933438,True
388515,Maria-Probst-Straße,379237.0,224477,48.192753,11.599703,,,693195.3573511809,5340992.36959937,True
388516,Maria-Probst-Straße,379237.0,355532,48.192913,11.598777,,,693125.9458366095,5341007.823109091,True
388529,Maria-Ward-Straße,,614254,48.163986,11.506296,1.0,,686358.6581642883,5337564.58673103,True
388530,Maria-Ward-Straße,614254.0,299892,48.163826,11.506152,,,686348.5314905038,5337546.455594995,True
388531,Maria-Ward-Straße,614254.0,312422,48.163826,11.506655,,,686385.9301654821,5337547.675289829,True
388532,Maria-Ward-Straße,614254.0,549850,48.16406,11.506224,,,686353.0366924595,5337572.636320412,True
388533,Maria-Ward-Straße,614254.0,674930,48.164036,11.506997,,,686410.5969504019,5337571.843577998,True
388534,Maria-Ward-Straße,614254.0,93185,48.164154,11.507455,,,686444.2217984616,5337586.068731233,True
388546,Mariabrunner Straße,,111821,48.160637,11.420255,1.0,,679973.120677427,5336987.343174394,True
388547,Mariabrunner Straße,111821.0,244358,48.160664,11.420094,,,679961.0548141446,5336989.966944915,True
388548,Mariabrunner Straße,111821.0,44167,48.160606,11.420471,,,679989.2901563926,5336984.403665754,True
388575,Mariahilfplatz,,216103,48.124073,11.581296,1.0,,692083.9143851441,5333313.37942847,True
388576,Mariahilfplatz,216103.0,191625,48.123894,11.581269,,,692082.5731382007,5333293.418632644,True
388577,Mariahilfplatz,216103.0,333993,48.124767,11.581709,,,692112.0555189026,5333391.539519851,True
388578,Mariahilfplatz,216103.0,377351,48.12472,11.580775,,,692042.7344062978,5333383.983273917,True
388579,Mariahilfplatz,216103.0,426318,48.124218,11.580676,,,692037.2404209524,5333327.945736969,True
388580,Mariahilfplatz,216103.0,486941,48.124165,11.581278,,,692082.2318185762,5333323.55898774,True
388581,Mariahilfplatz,216103.0,561364,48.124,11.581296,,,692084.1867219803,5333305.266495232,True
388606,Mariannenplatz,,693922,48.135212,11.586794,1.0,,692451.363236008,5334565.071825805,True
388609,Mariannenplatz,693922.0,319196,48.13523,11.586911,,,692459.9998080082,5334567.3651321735,True
388610,Mariannenplatz,693922.0,83167,48.13524,11.586659,,,692441.2156017863,5334567.8457462005,True
388864,Marienburger Straße,,21275,48.147182,11.643774,1.0,,696644.4672769259,5336039.558781094,True
388865,Marienburger Straße,21275.0,198205,48.147137,11.644097,,,696668.6622572417,5336035.383972556,True
388866,Marienburger Straße,21275.0,254252,48.14716,11.643397,,,696616.5121875778,5336036.149473571,True
389121,Marienplatz,,645177,48.137245,11.575421,1.0,,691597.7323167424,5334762.60825085,True
389131,Marienplatz,645177.0,117634,48.137913,11.575152,,,691575.234938058,5334836.1770292,True
389132,Marienplatz,645177.0,301508,48.136417,11.577784,,,691776.5995585227,5334676.478551276,True
389133,Marienplatz,645177.0,438772,48.13772,11.576364,,,691666.1123661589,5334817.748336869,True
389134,Marienplatz (Theatinerstraße),,691758,48.13947,11.575322,1.0,,691582.0844607226,5335009.63993387,True
389135,Marienplatz (Theatinerstraße),691758.0,37509,48.13954,11.575215,,,691573.8645593971,5335017.152860177,True
389136,Marienplatz (Theatinerstraße),691758.0,646102,48.139397,11.575403,,,691588.3815121806,5335001.728819978,True
389172,Marienstern,,630111,48.087715,11.519708,1.0,,687633.604677597,5329120.688853733,True
389173,Marienstern,630111.0,523476,48.08768,11.519564,,,687623.0096266037,5329116.447966894,True
389174,Marienstern,630111.0,621801,48.08771,11.51986,,,687644.9409902323,5329120.503826065,True
389627,Markgrafenstraße,,422481,48.111214,11.673742,1.0,,699012.324509514,5332119.340762096,True
389628,Markgrafenstraße,422481.0,353882,48.11139,11.674056,,,699035.0142920277,5332139.7130242335,True
389629,Markgrafenstraße,422481.0,391486,48.110947,11.673499,,,698995.2704079511,5332089.039001017,True
389630,Markgrafenstraße,422481.0,523297,48.111084,11.673454,,,698991.3919480586,5332104.148070159,True
391729,Marschnerstraße,,541049,48.153297,11.455873,1.0,,682647.6071506552,5336255.603727853,True
391732,Marschnerstraße,541049.0,275533,48.153236,11.45582,,,682643.8823057832,5336248.698401708,True
391733,Marschnerstraße,541049.0,446783,48.15335,11.455927,,,682651.4347598634,5336261.622331189,True
391764,Marsopstraße,,693907,48.15727,11.467066,1.0,,683465.8220859432,5336723.808748971,True
391765,Marsopstraße,693907.0,316568,48.15727,11.466968,,,683458.5347102729,5336723.574846879,True
391766,Marsopstraße,693907.0,558717,48.157284,11.467138,,,683471.1261333122,5336725.536528537,True
391770,Marsstraße,,89894,48.145073,11.541752,1.0,,689064.3526423069,5335549.234327058,True
391771,Marsstraße,89894.0,440229,48.145092,11.541806,,,689068.2992434727,5335551.478726815,True
391875,Martin-Empl-Ring,,512303,48.14072,11.682069,1.0,,699517.6898644934,5335420.073027752,True
391876,Martin-Empl-Ring,512303.0,428130,48.14104,11.681342,,,699462.3725550664,5335453.74987288,True
391877,Martin-Empl-Ring,512303.0,43065,48.140793,11.681997,,,699512.05119956,5335427.999054963,True
392756,Matterhornstraße,,664119,48.11467,11.652299,1.0,,697403.1537278942,5332448.164255042,True
392757,Matterhornstraße,664119.0,22165,48.114807,11.65256,,,697422.052579069,5332464.059708194,True
392758,Matterhornstraße,664119.0,35156,48.114513,11.652003,,,697381.7266613547,5332429.956339735,True
392963,Mauerkircherstraße,,454630,48.148838,11.600619,1.0,,693428.6048865666,5336114.1094478,True
392964,Mauerkircherstraße,454630.0,352833,48.148777,11.601239,,,693474.9451558854,5336108.890389554,True
392965,Mauerkircherstraße,454630.0,480171,48.14889,11.600215,,,693398.3629667923,5336118.872052914,True
393292,Max-Bill-Straße,,574623,48.18748,11.597053,1.0,,693018.2516446238,5340399.683347307,True
393293,Max-Bill-Straße,574623.0,455469,48.187393,11.597026,,,693016.5719740287,5340389.946602115,True
393294,Max-Bill-Straße,574623.0,538410,48.187576,11.59708,,,693019.8974927831,5340410.42032541,True
393297,Max-Born-Straße,,263780,48.19186,11.502164,1.0,,685950.5574296662,5340652.427108226,True
393298,Max-Born-Straße,263780.0,30276,48.19188,11.502244,,,685956.4298810043,5340654.84350669,True
393299,Max-Born-Straße,263780.0,49631,48.19185,11.502074,,,685943.9056676778,5340651.097890826,True
393308,Max-Diamand-Straße,,178289,48.191555,11.567561,1.0,,690811.3721689852,5340778.892721681,True
393309,Max-Diamand-Straße,178289.0,390893,48.19161,11.567534,,,690809.1614724295,5340784.938208101,True
393310,Max-Diamand-Straße,178289.0,4931,48.191494,11.567579,,,690812.9363610918,5340772.1580580715,True
393336,Max-Lebsche-Platz,,16223,48.10857,11.475403,1.0,,684260.0148408606,5331331.35973526,True
393337,Max-Lebsche-Platz,16223.0,362312,48.108643,11.475412,,,684260.4236332932,5331339.49428042,True
393338,Max-Lebsche-Platz,16223.0,514662,48.108505,11.475394,,,684259.5774338713,5331324.114284727,True
393366,Max-Weber-Platz,,357577,48.135693,11.598355,1.0,,693309.603834023,5334647.529935153,True
393367,Max-Weber-Platz,357577.0,127638,48.13573,11.598894,,,693349.561786114,5334652.997249421,True
393368,Max-Weber-Platz,357577.0,153203,48.135765,11.600628,,,693478.424756933,5334661.248946274,True
393369,Max-Weber-Platz,357577.0,191935,48.13549,11.599909,,,693425.9709592306,5334628.877504476,True
393370,Max-Weber-Platz,357577.0,380940,48.135754,11.599864,,,693421.631170768,5334658.10422343,True
393371,Max-Weber-Platz,357577.0,392950,48.13566,11.598894,,,693349.8247618144,5334645.217723517,True
393372,Max-Weber-Platz,357577.0,430747,48.13616,11.598023,,,693283.1520537417,5334698.595840585,True
393373,Max-Weber-Platz,357577.0,442243,48.136017,11.597843,,,693270.2987338968,5334682.2509017335,True
393374,Max-Weber-Platz,357577.0,444296,48.134834,11.597628,,,693258.7467898853,5334550.236487317,True
393375,Max-Weber-Platz,357577.0,487904,48.135567,11.598894,,,693350.1741433672,5334634.882067787,True
393376,Max-Weber-Platz,357577.0,544646,48.135597,11.599927,,,693426.9078730589,5334640.814346569,True
393377,Max-Weber-Platz,357577.0,555046,48.13568,11.598571,,,693325.7212044873,5334646.628249652,True
393378,Max-Weber-Platz,357577.0,598679,48.135128,11.597637,,,693258.3123728682,5334582.933117741,True
393379,Max-Weber-Platz (Johannispl.),,306227,48.134453,11.598122,1.0,,693296.9276376208,5334509.135417614,True
393380,Max-Weber-Platz (Johannispl.),306227.0,268228,48.134403,11.598229,,,693305.0754954645,5334503.847613068,True
393381,Max-Weber-Platz (Johannispl.),306227.0,306880,48.134453,11.598023,,,693289.5627130393,5334508.886540554,True
393382,Max-Wönner-Straße,,331366,48.199364,11.535743,1.0,,688418.3008635929,5341568.226812526,True
393383,Max-Wönner-Straße,331366.0,121431,48.19941,11.535913,,,688430.7630051931,5341573.756155909,True
393384,Max-Wönner-Straße,331366.0,667533,48.199333,11.535554,,,688404.3719732666,5341564.317960039,True
393433,Maxhofstraße,,122007,48.08819,11.479221,1.0,,684617.1849478957,5329075.547917675,True
393434,Maxhofstraße,122007.0,295739,48.08819,11.479221,,1,684617.1849478957,5329075.547917675,True
393463,Maximilianeum,,97369,48.13606,11.595966,1.0,,693130.5056130284,5334682.313298196,True
393464,Maximilianeum,97369.0,196490,48.136005,11.596029,,,693135.398634361,5334676.359060462,True
393465,Maximilianeum,97369.0,40882,48.136143,11.595867,,,693122.8294648697,5334691.288927359,True
393491,Maximiliansplatz,,103830,48.1423,11.572277,1.0,,691345.0552881288,5335316.5728878975,True
393492,Maximiliansplatz,103830.0,694913,48.14201,11.572744,,,691380.8702808744,5335285.50571911,True
393493,Maximiliansplatz,103830.0,75084,48.142784,11.572295,,,691344.5943111789,5335370.407726437,True
393502,Maxmonument,,427002,48.13757,11.588079,1.0,,692538.1354300941,5334830.348107197,True
393503,Maxmonument,427002.0,173573,48.137455,11.58824,,,692550.5422863807,5334817.970631137,True
393504,Maxmonument,427002.0,311231,48.137856,11.587674,,,692506.9381599326,5334861.118945797,True
393505,Maxmonument,427002.0,392626,48.137672,11.588034,,,692534.4063355328,5334841.571313471,True
393506,Maxmonument,427002.0,393594,48.137257,11.588474,,,692568.6901670643,5334796.551707447,True
393507,Maxmonument,427002.0,86038,48.137318,11.587728,,,692512.9676516068,5334801.462865983,True
393521,Maxvorstadt/Samml. Brandhorst,,511148,48.148346,11.57428,1.0,,691471.5407525415,5335993.491081785,True
393522,Maxvorstadt/Samml. Brandhorst,511148.0,584470,48.148346,11.57428,,1,691471.5407525415,5335993.491081785,True
397375,Melchiorstraße,,201841,48.072384,11.519932,1.0,,687706.0785269698,5327417.409734751,True
397376,Melchiorstraße,201841.0,262816,48.07211,11.519735,,,687692.4022631557,5327386.478093234,True
397377,Melchiorstraße,201841.0,341697,48.07218,11.519474,,,687672.7073059562,5327393.621160288,True
397378,Melchiorstraße,201841.0,503034,48.072243,11.520399,,,687741.3754716602,5327402.878602255,True
397379,Melchiorstraße,201841.0,682680,48.072353,11.520337,,,687736.3571444202,5327414.952312573,True
397927,Memeler Straße,,288055,48.153297,11.641295,1.0,,696436.7395680964,5336712.816341634,True
397930,Memeler Straße,288055.0,117198,48.15357,11.641411,,,696444.323284863,5336743.452910417,True
397931,Memeler Straße,288055.0,367145,48.153023,11.64116,,,696427.7466197326,5336682.020096377,True
398250,Menaristraße,,611126,48.128742,11.494205,1.0,,685586.7662022356,5333618.419306791,True
398251,Menaristraße,611126.0,307730,48.128887,11.494537,,,685610.9449156559,5333635.335451124,True
398252,Menaristraße,611126.0,331101,48.128925,11.493899,,,685563.3395439093,5333638.018931071,True
399154,Menterstraße,,612161,48.16122,11.467066,1.0,,683451.7310329273,5337162.802621269,True
399155,Menterstraße,612161.0,115874,48.161213,11.466986,,,683445.8075836934,5337161.833718935,True
399156,Menterstraße,612161.0,43494,48.161232,11.467138,,,683457.0418006608,5337164.308123663,True
400138,Merseburger Straße,,633352,48.185947,11.521145,1.0,,687382.6139706201,5340041.387598707,True
400139,Merseburger Straße,633352.0,325721,48.18592,11.521226,,,687388.7322961101,5340038.584438198,True
400140,Merseburger Straße,633352.0,531451,48.185955,11.521064,,,687376.5649454289,5340042.079151072,True
400912,Messestadt Ost,,255998,48.133385,11.703261,1.0,,701122.6894203243,5334660.112671579,True
400913,Messestadt Ost,255998.0,189854,48.133278,11.703521,,,701142.4500333823,5334648.901371451,True
400914,Messestadt Ost,255998.0,241179,48.133278,11.704087,,,701184.5571425884,5334650.382227327,True
400915,Messestadt Ost,255998.0,263659,48.13364,11.704877,,,701241.9131085312,5334692.680539941,True
400916,Messestadt Ost,255998.0,490972,48.133347,11.703261,,,701122.8379130452,5334655.889540528,True
400917,Messestadt Ost,255998.0,543962,48.13342,11.703261,,,701122.5526506342,5334664.002397569,True
400918,Messestadt Ost,255998.0,579111,48.13345,11.703889,,,701169.1548127644,5334668.9793777885,True
400919,Messestadt West,,267677,48.13343,11.690756,1.0,,700192.2164635647,5334632.478602276,True
400920,Messestadt West,267677.0,401693,48.13347,11.690756,,,700192.0608791928,5334636.924008413,True
400921,Messestadt West,267677.0,531793,48.133396,11.690756,,,700192.3487102034,5334628.700007078,True
400922,Messestadt West,267677.0,554251,48.133514,11.689516,,,700099.6412564178,5334638.586100691,True
400923,Messestadt West,267677.0,572856,48.13333,11.690154,,,700147.8201159327,5334619.797828588,True
401337,Mettenstraße,,153245,48.16824,11.514498,1.0,,686953.015669173,5338057.285306027,True
401338,Mettenstraße,153245.0,538119,48.16838,11.514282,,,686936.4481208378,5338072.3191138925,True
401339,Mettenstraße,153245.0,97068,48.168068,11.514767,,,686973.6399699518,5338038.824090227,True
402960,Michaelibad,,554308,48.1184,11.63144,1.0,,695836.6109768222,5332809.372914888,True
402961,Michaelibad,554308.0,13817,48.119106,11.630928,,,695795.8255752007,5332886.530963986,True
402962,Michaelibad,554308.0,230295,48.11877,11.63144,,,695835.203914781,5332850.49305268,True
402963,Michaelibad,554308.0,445083,48.1193,11.630659,,,695775.0703484534,5332907.406447246,True
402964,Michaelibad,554308.0,499797,48.118694,11.630192,,,695742.6220521498,5332838.869617602,True
402965,Michaelibad,554308.0,507188,48.118465,11.631467,,,695838.373025478,5332816.665475585,True
402966,Michaelibad,554308.0,574592,48.118362,11.631413,,,695834.7462467675,5332805.081013542,True
403936,Milbertshofen,,668303,48.180954,11.573158,1.0,,691266.7514710443,5339614.645203756,True
403937,Milbertshofen,668303.0,223993,48.182083,11.572987,,,691249.8395928743,5339739.6932642795,True
403938,Milbertshofen,668303.0,434828,48.180954,11.573193,,,691269.3528817126,5339614.732330909,True
403939,Milbertshofen,668303.0,618669,48.182083,11.573175,,,691263.8125771955,5339740.16124231,True
403940,Milbertshofen,668303.0,656160,48.180946,11.573104,,,691262.7676430215,5339613.621685064,True
403947,Milbertshofener Platz,,449556,48.18458,11.566537,1.0,,690761.1764194558,5340001.167790728,True
403948,Milbertshofener Platz,449556.0,527619,48.18435,11.566393,,,690751.3281240728,5339975.248720547,True
403949,Milbertshofener Platz,449556.0,5976,48.1848,11.566681,,,690771.0617461968,5340025.975509626,True
403950,Milbertshofener Straße,,7469,48.1844,11.575367,1.0,,691418.0995361712,5340003.124731425,True
403951,Milbertshofener Straße,7469.0,133696,48.18434,11.575358,,,691417.6541826143,5339996.434084655,True
403952,Milbertshofener Straße,7469.0,194159,48.184464,11.575385,,,691419.1988737492,5340010.282349622,True
404031,Mildred-Scheel-Bogen,,499955,48.175343,11.581817,1.0,,691931.2949646842,5339012.647445141,True
404032,Mildred-Scheel-Bogen,499955.0,340153,48.175327,11.581898,,,691937.3757783853,5339011.071577976,True
404033,Mildred-Scheel-Bogen,499955.0,363034,48.175312,11.581674,,,691920.7809503672,5339008.84503104,True
404429,Mindelheimer Straße,,514996,48.08006,11.492129,1.0,,685607.5877612053,5328203.059647894,True
404430,Mindelheimer Straße,514996.0,242743,48.079967,11.491977,,,685596.6026373991,5328192.357400658,True
404431,Mindelheimer Straße,514996.0,310722,48.080143,11.492264,,,685617.3428063679,5328212.6095526535,True
404995,Minnewitstraße,,531555,48.091053,11.597295,1.0,,693398.289977402,5329683.765371112,True
404996,Minnewitstraße,531555.0,255593,48.09118,11.597673,,,693425.9577799889,5329698.829766261,True
404997,Minnewitstraße,531555.0,312174,48.091137,11.596855,,,693365.2142496869,5329691.994869157,True
404998,Minnewitstraße,531555.0,589630,48.090885,11.597295,,,693398.9202849802,5329665.094622524,True
406081,Mitterfeldstraße,,519493,48.13752,11.483928,1.0,,684790.6200520427,5334569.230109911,True
406082,Mitterfeldstraße,519493.0,523336,48.137436,11.483973,,,684794.26918752,5334560.002736146,True
406083,Mitterfeldstraße,519493.0,65017,48.13763,11.483847,,,684784.1995601198,5334581.260535706,True
406271,Mitterweg,,181368,48.101376,11.610483,1.0,,694341.28447729,5330864.248945934,True
406273,Mitterweg,181368.0,636948,48.101322,11.610429,,,694337.4683237049,5330858.1112159295,True
406274,Mitterweg,181368.0,92092,48.101433,11.610491,,,694341.6650273344,5330870.603876274,True
408750,Moosach,,27339,48.180794,11.507643,1.0,,686397.8489918327,5339435.8531801505,True
408751,Moosach,27339.0,202109,48.18048,11.505371,,,686230.116731022,5339395.446846022,True
408752,Moosach,27339.0,254717,48.180397,11.507284,,,686372.6055543816,5339390.860702411,True
408753,Moosach,27339.0,255433,48.18163,11.508784,,,686479.6218715457,5339531.532816836,True
408754,Moosach,27339.0,255946,48.180935,11.508146,,,686434.7237488577,5339452.743930054,True
408755,Moosach,27339.0,313885,48.180576,11.505083,,,686208.3626497716,5339405.418081511,True
408756,Moosach,27339.0,39430,48.18044,11.507482,,,686387.1663847124,5339396.119896891,True
408757,Moosach,27339.0,599195,48.180637,11.507356,,,686377.0866618693,5339417.708380036,True
408758,Moosach,27339.0,607142,48.180775,11.506107,,,686283.7521001801,5339430.016551626,True
408759,Moosach,27339.0,624652,48.181114,11.506035,,,686277.171701203,5339467.517668022,True
408760,Moosach,27339.0,687751,48.181,11.508146,,,686434.4879248403,5339459.967877377,True
408761,"Moosach Bahnhof, München",27339.0,19074,48.180634,11.504674,,,686177.7527718233,5339410.872975111,True
408768,Moosacher St.-Martins-Platz,,268741,48.18187,11.517875,1.0,,687154.4401478264,5339580.30952312,True
408769,Moosacher St.-Martins-Platz,268741.0,116182,48.18189,11.518594,,,687207.8069886321,5339584.283851507,True
408770,Moosacher St.-Martins-Platz,268741.0,315601,48.181816,11.518594,,,687208.0765885469,5339576.059671564,True
408771,Moosacher St.-Martins-Platz,268741.0,326909,48.18187,11.517354,,,687115.7167985607,5339579.040612525,True
408772,Moosacher St.-Martins-Platz,268741.0,584023,48.181763,11.517381,,,687118.1132135896,5339567.21464454,True
408773,Moosacher Straße,,239637,48.187176,11.566079,1.0,,690717.5005055148,5340288.542844719,True
408774,Moosacher Straße,239637.0,116764,48.187183,11.564704,,,690615.2885781941,5340285.908400904,True
408775,Moosacher Straße,239637.0,370143,48.186836,11.565953,,,690709.3986795834,5340250.443421463,True
408776,Moosacher Straße,239637.0,388541,48.18756,11.566285,,,690731.3841692386,5340331.730926934,True
408777,Moosacher Straße,239637.0,626617,48.187134,11.566797,,,690771.0161094746,5340285.657705899,True
408886,Moosfeld,,131649,48.13077,11.670993,1.0,,698732.2355601375,5334285.5907109855,True
408887,Moosfeld,131649.0,132148,48.130756,11.671038,,,698735.6375243387,5334284.15112417,True
408888,Moosfeld,131649.0,502446,48.130787,11.670957,,,698729.4915974806,5334287.386966649,True
408889,Moosfeld Gewerbegebiet,,403536,48.135933,11.668217,1.0,,698505.792994136,5334852.211564481,True
408890,Moosfeld Gewerbegebiet,403536.0,33485,48.136135,11.668217,,,698505.0138507256,5334874.660918441,True
408891,Moosfeld Gewerbegebiet,403536.0,594504,48.13568,11.668388,,,698519.4897000592,5334824.53581594,True
408892,Moosfeld Gewerbegebiet,403536.0,693193,48.13587,11.667651,,,698463.9308732185,5334843.748861818,True
409724,Moselstraße,,264577,48.14183,11.627245,1.0,,695435.4597631153,5335402.609376506,True
409725,Moselstraße,264577.0,24929,48.141777,11.627326,,,695441.6860408102,5335396.925086766,True
409726,Moselstraße,264577.0,544386,48.14188,11.627155,,,695428.5754517093,5335407.937386871,True
410508,Munckerstraße,,529266,48.089523,11.502909,1.0,,686376.1924995322,5329280.796682387,True
410509,Munckerstraße,529266.0,173543,48.089424,11.503089,,,686389.953013472,5329270.2301937165,True
410510,Munckerstraße,529266.0,415966,48.08961,11.502739,,,686363.2200028197,5329290.053787452,True
410725,Munich East (Bus station Messestadt Ost),255998.0,644508,48.135117,11.705083,,,701251.4625364316,5334857.366174302,True
410726,Munich Fröttmaning,526973.0,59142,48.21082,11.618642,,,694534.2280916243,5343048.084036619,True
410728,Munich central bus station,166775.0,14692,48.14248,11.55001,,,689688.126474214,5335281.398468719,True
410954,Murnauer Straße,,159797,48.101967,11.524253,1.0,,687920.0622513811,5330715.693927142,True
410955,Murnauer Straße,159797.0,365763,48.10198,11.524047,,,687904.6800742534,5330716.635522223,True
410956,Murnauer Straße,159797.0,540824,48.101936,11.524451,,,687934.914558924,5330712.732377373,True
411166,Muspillistraße,,32729,48.169903,11.624496,1.0,,695124.444184984,5338515.5498823775,True
411167,Muspillistraße,32729.0,603746,48.169903,11.624415,,,695118.4225081732,5338515.344213437,True
411168,Muspillistraße,32729.0,69323,48.169903,11.624577,,,695130.4658617518,5338515.755557673,True
411347,Mutschellestraße,,338698,48.12667,11.638267,1.0,,696313.1167725669,5333745.870297083,True
411348,Mutschellestraße,338698.0,322697,48.126686,11.637908,,,696286.3446677208,5333746.73202901,True
411349,Mutschellestraße,338698.0,672162,48.12667,11.638582,,,696336.5540892541,5333746.674516114,True
411370,Mutter-Teresa-Straße,,14327,48.12954,11.699739,1.0,,700875.6786568112,5334223.591535956,True
411371,Mutter-Teresa-Straße,14327.0,178170,48.129597,11.699694,,,700872.1082422894,5334229.808671929,True
411372,Mutter-Teresa-Straße,14327.0,178679,48.129482,11.699802,,,700880.5921756948,5334217.31029213,True
412523,Mönchbergstraße,,76902,48.11578,11.659782,1.0,,697955.7828001163,5332590.757561834,True
412524,Mönchbergstraße,76902.0,198513,48.1157,11.66024,,,697990.1746165415,5332583.045683111,True
412525,Mönchbergstraße,76902.0,274294,48.115948,11.659378,,,697925.0715554071,5332608.388508404,True
415685,Mühldorfstraße,,460761,48.126423,11.613474,1.0,,694469.3449273474,5333655.422871238,True
415686,Mühldorfstraße,460761.0,210515,48.126854,11.613375,,,694460.3508833275,5333703.072046386,True
415687,Mühldorfstraße,460761.0,315663,48.126488,11.613654,,,694482.4922286508,5333663.101917182,True
417480,Müllerstraße,,410199,48.131374,11.57155,1.0,,691331.5947046923,5334100.487850533,True
417481,Müllerstraße,410199.0,131243,48.13164,11.572232,,,691381.3450257118,5334131.747308663,True
417482,Müllerstraße,410199.0,343203,48.131203,11.571064,,,691296.0728528142,5334080.27437307,True
417483,Müllerstraße,410199.0,433082,48.131172,11.571334,,,691316.2755429443,5334077.500883641,True
417792,München Hbf,,633503,48.14029,11.559602,1.0,,690409.7006296247,5335061.720106556,True
417793,München Hbf,633503.0,409891,48.141304,11.559126,,,690370.5420444079,5335173.2338141175,True
417794,München Hbf,633503.0,90601,48.140232,11.558335,,,690315.669365969,5335052.137127286,True
417795,München ZOB (Hackerbrücke),166775.0,635282,48.142273,11.549865,,,689678.1041534443,5335258.035436382,True
417799,"München, Seidlstraße",145644.0,385329,48.14269,11.556314,,,690156.2535642067,5335320.310111409,True
417948,Münchner Freiheit,,584968,48.16196,11.586497,1.0,,692329.2415373137,5337537.004983045,True
417949,Münchner Freiheit,584968.0,128068,48.161507,11.586489,,,692330.3411015595,5337486.640080912,True
417950,Münchner Freiheit,584968.0,163647,48.16243,11.586659,,,692339.528687253,5337589.644597465,True
417951,Münchner Freiheit,584968.0,280209,48.162334,11.586632,,,692337.8802628131,5337578.907912971,True
417952,Münchner Freiheit,584968.0,313606,48.161545,11.586264,,,692313.4693091011,5337490.300249824,True
417953,Münchner Freiheit,584968.0,33939,48.161526,11.586372,,,692321.5706089928,5337488.458898785,True
417954,Münchner Freiheit,584968.0,378025,48.16186,11.585797,,,692277.5680691251,5337524.139855838,True
417955,Münchner Freiheit,584968.0,424524,48.162838,11.586183,,,692302.6108596752,5337633.79721897,True
417956,Münchner Freiheit,584968.0,534714,48.16216,11.586515,,,692329.8318119646,5337559.277349235,True
417957,Münchner Freiheit,584968.0,597579,48.16156,11.586111,,,692302.0370438056,5337491.584471975,True
418252,Münsinger Straße,,661638,48.09049,11.517633,1.0,,687469.0061576851,5329424.033927254,True
418253,Münsinger Straße,661638.0,462280,48.090405,11.517255,,,687441.170370424,5329413.666466701,True
418254,Münsinger Straße,661638.0,625729,48.09054,11.517857,,,687485.5027415791,5329430.136511142,True
421448,Nailastraße,,674651,48.08861,11.633587,1.0,,696109.7355771675,5329504.122989591,True
421449,Nailastraße,674651.0,163770,48.088844,11.633866,,,696129.6194402644,5329530.839726388,True
421450,Nailastraße,674651.0,560568,48.08854,11.633021,,,696067.8578639807,5329494.901096463,True
421954,Nationalmuseum/Haus der Kunst,,464831,48.143078,11.588519,1.0,,692550.2552354914,5335443.58854304,True
421955,Nationalmuseum/Haus der Kunst,464831.0,147906,48.142754,11.588573,,,692555.4842968358,5335407.715631802,True
421956,Nationalmuseum/Haus der Kunst,464831.0,246052,48.14332,11.587881,,,692501.8949169694,5335468.885808912,True
421957,Nationalmuseum/Haus der Kunst,464831.0,326401,48.14332,11.588573,,,692553.3661591694,5335470.618775818,True
421958,Nationalmuseum/Haus der Kunst,464831.0,451750,48.142838,11.589201,,,692601.8812769969,5335418.6241773255,True
421962,Nationaltheater,,292310,48.139355,11.5787,1.0,,691833.7892388145,5335005.282161611,True
421963,Nationaltheater,292310.0,49018,48.139362,11.579131,,,691865.8235946754,5335007.135592574,True
421964,Nationaltheater,292310.0,661726,48.139355,11.57844,,,691814.4488247131,5335004.633469208,True
422244,Nauestraße,,428194,48.098824,11.677254,1.0,,699321.6383021987,5330751.472993203,True
422245,Nauestraße,428194.0,509015,48.098824,11.677254,,1,699321.6383021987,5330751.472993203,True
422783,Nawiaskystraße,,9766,48.107166,11.63657,1.0,,696261.1668645046,5331573.9539075745,True
422784,Nawiaskystraße,9766.0,475994,48.10658,11.636381,,,696249.3313971492,5331508.346423214,True
422785,Nawiaskystraße,9766.0,678081,48.107567,11.636686,,,696268.2733000835,5331618.815133603,True
423719,Nederlinger Straße,,264565,48.170074,11.510581,1.0,,686655.1479406705,5338251.59015929,True
423720,Nederlinger Straße,264565.0,206909,48.169373,11.510302,,,686636.951483593,5338173.005198575,True
423721,Nederlinger Straße,264565.0,463846,48.170357,11.511156,,,686696.8668870713,5338284.438795002,True
423722,Nederlinger Straße,264565.0,505288,48.16954,11.511335,,,686713.1414455271,5338194.074374911,True
423723,Nederlinger Straße (West),,554714,48.170696,11.50891,1.0,,686528.6651982465,5338316.660450707,True
423724,Nederlinger Straße (West),554714.0,104121,48.17053,11.509018,,,686537.2964261017,5338298.473772677,True
423725,Nederlinger Straße (West),554714.0,404423,48.17086,11.508784,,,686518.7031387293,5338334.581178228,True
425130,Nesselwanger Straße,,517338,48.08476,11.490827,1.0,,685493.7168444148,5328722.26074127,True
425131,Nesselwanger Straße,517338.0,307118,48.0847,11.490827,,,685493.9326952782,5328715.59256359,True
425132,Nesselwanger Straße,517338.0,589558,48.084824,11.490836,,,685494.1567939823,5328729.39515853,True
425257,Nettelbeckstraße,,308223,48.14309,11.639004,1.0,,696305.3137085533,5335572.599999062,True
425258,Nettelbeckstraße,308223.0,305820,48.14332,11.639229,,,696321.1717079759,5335598.735792294,True
425259,Nettelbeckstraße,308223.0,64047,48.14275,11.638645,,,696279.908158541,5335533.897187245,True
426953,Neuaubing Bf./Limesstraße,,189907,48.143112,11.423696,1.0,,680290.3915775106,5335047.712958135,True
426954,Neuaubing Bf./Limesstraße,189907.0,171490,48.143425,11.423462,,,680271.8897019357,5335081.950412028,True
426955,Neuaubing Bf./Limesstraße,189907.0,228686,48.142982,11.424172,,,680326.2528482022,5335034.381337489,True
426956,Neuaubing Bf./Limesstraße,189907.0,389754,48.143665,11.423525,,,680275.7348910809,5335108.771210151,True
426957,Neuaubing Bf./Limesstraße,189907.0,621720,48.142735,11.423444,,,680272.9681303619,5335005.223106864,True
426958,Neuaubing West,,153944,48.15256,11.409691,1.0,,679215.7610576537,5336064.999273869,True
426959,Neuaubing West,153944.0,14752,48.152542,11.41023,,,679255.9082092489,5336064.255489549,True
426960,Neuaubing West,153944.0,246559,48.15295,11.409961,,,679234.481561729,5336108.972615121,True
426961,Neuaubing West,153944.0,458781,48.153046,11.409907,,,679230.1312220757,5336119.515971649,True
426962,Neuaubing West,153944.0,47010,48.15259,11.409853,,,679227.7041709805,5336068.7110971995,True
430154,Neuer Südfriedhof,,324171,48.100914,11.622592,1.0,,695244.4400542035,5330843.565806267,True
430155,Neuer Südfriedhof,324171.0,114496,48.100975,11.622259,,,695219.4199189206,5330849.499965641,True
430156,Neuer Südfriedhof,324171.0,328397,48.100857,11.62305,,,695278.7502924924,5330838.393592191,True
430517,Neufreimann,,507334,48.19824,11.598337,1.0,,693073.2230304873,5341598.743910565,True
430518,Neufreimann,507334.0,443325,48.198395,11.598041,,,693050.6473010152,5341615.226187045,True
431070,Neuhausen,,31448,48.156345,11.531503,1.0,,688260.7934117136,5336776.816095728,True
431074,Neuhausen,31448.0,271541,48.156364,11.531574,,,688266.0035568771,5336779.101596654,True
431075,Neuhausen,31448.0,619561,48.15628,11.531233,,,688240.9535990943,5336768.930933504,True
431076,Neuhausen,31448.0,628223,48.156322,11.531413,,,688254.1850270068,5336774.039517776,True
431414,"Neuherberg, FC Bayern Campus",,207487,48.213253,11.587741,1.0,,692229.7106985825,5343240.668643497,True
431415,"Neuherberg, FC Bayern Campus",207487.0,391417,48.211845,11.587692,,,692231.3441458531,5343084.064557381,True
431422,Neuherbergstraße,,529538,48.210308,11.587036,1.0,,692188.3703426777,5342911.604597651,True
431423,Neuherbergstraße,529538.0,141027,48.210564,11.586524,,,692149.3789515104,5342938.7746160785,True
431424,Neuherbergstraße,529538.0,244018,48.21006,11.587324,,,692210.6925864692,5342884.763291275,True
431425,Neuherbergstraße,529538.0,684287,48.2101,11.586866,,,692176.5208697498,5342888.062619528,True
431692,Neuhofen,,150876,48.107143,11.54001,1.0,,689074.0278931346,5331329.544609112,True
431695,Neuhofen,150876.0,538682,48.107304,11.540162,,,689084.7508232718,5331347.811151726,True
431696,Neuhofen,150876.0,590452,48.10701,11.53983,,,689061.1180079908,5331314.321085007,True
433548,Neumarkter Straße,,342566,48.131275,11.628072,1.0,,695537.0731644826,5334231.673484353,True
433549,Neumarkter Straße,342566.0,587893,48.13132,11.628134,,,695541.5148664144,5334236.83226042,True
433550,Neumarkter Straße,342566.0,670799,48.13125,11.627973,,,695529.802769067,5334228.643338483,True
434496,Neunkirchner Straße,,53948,48.092754,11.539974,1.0,,689124.1481325242,5329730.319010523,True
434497,Neunkirchner Straße,53948.0,377660,48.092487,11.539722,,,689106.3652922462,5329700.026316142,True
434498,Neunkirchner Straße,53948.0,627803,48.093014,11.54027,,,689145.2324131653,5329759.941978875,True
434612,Neuperlach Süd,,321051,48.08937,11.644609,1.0,,696927.5219588529,5329616.736782756,True
434613,Neuperlach Süd,321051.0,136893,48.08897,11.64514,,,696968.5875760417,5329573.642006278,True
434614,Neuperlach Süd,321051.0,148114,48.088936,11.645059,,,696962.6863300703,5329569.656066392,True
434615,Neuperlach Süd,321051.0,211633,48.089905,11.644601,,,696924.8825053377,5329676.173498539,True
434616,Neuperlach Süd,321051.0,232324,48.089817,11.644744,,,696935.8660969536,5329666.759630303,True
434617,Neuperlach Süd,321051.0,496807,48.08961,11.644762,,,696937.9971545788,5329643.800770621,True
434618,Neuperlach Süd,321051.0,528939,48.08975,11.644304,,,696903.3607399564,5329658.187478651,True
434619,Neuperlach Süd,321051.0,542115,48.089188,11.644789,,,696941.619732524,5329596.970938469,True
434620,"Neuperlach Süd, München",321051.0,571388,48.08948,11.644079,,,696887.6390310111,5329627.605264815,True
434621,Neuperlach Zentrum,,138085,48.101124,11.646505,1.0,,697023.7559268356,5330927.872042414,True
434622,Neuperlach Zentrum,138085.0,187025,48.10104,11.647403,,,697090.9253130779,5330920.837000971,True
434623,Neuperlach Zentrum,138085.0,224023,48.101215,11.646101,,,696993.3338311375,5330936.950709837,True
434624,Neuperlach Zentrum,138085.0,413248,48.100956,11.647861,,,697125.3407310334,5330912.67516269,True
434625,Neuperlach Zentrum,138085.0,422233,48.10112,11.646972,,,697058.5352110723,5330928.623665972,True
434626,Neuperlach Zentrum,138085.0,433363,48.101017,11.646846,,,697049.5495163033,5330916.853997131,True
434627,Neuperlach Zentrum,138085.0,449723,48.10088,11.64832,,,697159.8000901544,5330905.405172001,True
434628,Neuperlach Zentrum,138085.0,450240,48.10086,11.647825,,,697123.0280923827,5330901.913946955,True
434629,Neuperlach Zentrum,138085.0,49617,48.101185,11.646226,,,697002.7536473079,5330933.936759496,True
434630,Neuperlach Zentrum,138085.0,673055,48.10094,11.647367,,,697088.6279149789,5330909.63126036,True
434959,"Neuried, Starnberger Weg",,68214,48.090122,11.472119,1.0,,684081.4652999466,5329273.248982392,True
434960,"Neuried, Starnberger Weg",68214.0,374592,48.090164,11.472259,,,684091.7394512361,5329278.251649839,True
434965,Neurieder Straße,,621401,48.086838,11.485419,1.0,,685083.5465890166,5328940.180396731,True
434966,Neurieder Straße,621401.0,248797,48.08673,11.48532,,,685076.5624604,5328927.939555936,True
434967,Neurieder Straße,621401.0,610622,48.086918,11.485473,,,685087.2803861903,5328949.201190214,True
444474,Nikolaus-Prugger-Weg,,195522,48.119747,11.676778,1.0,,699205.2747208185,5333075.51582214,True
444475,Nikolaus-Prugger-Weg,195522.0,242534,48.11991,11.676976,,,699219.378062313,5333094.14373949,True
444476,Nikolaus-Prugger-Weg,195522.0,330466,48.119587,11.676248,,,699166.4541712963,5333056.361483954,True
444477,Nikolaus-Prugger-Weg,195522.0,446651,48.12011,11.676581,,,699189.210991887,5333115.3475883445,True
444478,Nikolaus-Prugger-Weg,195522.0,481044,48.119324,11.677398,,,699253.0481338634,5333030.111859519,True
445310,Nordbad,,245978,48.160927,11.563411,1.0,,690616.5456777527,5337364.687594478,True
445311,Nordbad,245978.0,237234,48.161034,11.562584,,,690554.6575118942,5337374.528538193,True
445312,Nordbad,245978.0,444918,48.160873,11.562881,,,690577.3376168108,5337357.371898914,True
445313,Nordbad,245978.0,530213,48.160877,11.564318,,,690684.1711440517,5337361.380586762,True
445314,Nordbad,245978.0,691643,48.161373,11.563608,,,690629.5402086524,5337414.743209554,True
445616,Nordendstraße,,370064,48.154873,11.575412,1.0,,691531.4263346171,5336721.699506702,True
445617,Nordendstraße,370064.0,359161,48.154903,11.575484,,,691536.6688045001,5336725.213014374,True
445618,Nordendstraße,370064.0,498727,48.154823,11.575358,,,691527.5968841695,5336716.008122554,True
445941,Nordfriedhof,,248906,48.17353,11.597466,1.0,,693101.3598128458,5338850.362825284,True
445943,Nordfriedhof,248906.0,168775,48.17379,11.596918,,,693059.6467401363,5338877.8814160805,True
445944,Nordfriedhof,248906.0,261554,48.173065,11.597637,,,693115.8184733063,5338799.113998017,True
445945,Nordfriedhof,248906.0,529207,48.17312,11.596855,,,693057.4801310719,5338803.261555323,True
445946,Nordfriedhof,248906.0,81916,48.17307,11.596954,,,693065.0273250255,5338797.953449416,True
445947,Nordfriedhof,248906.0,92540,48.1737,11.597888,,,693132.091073297,5338870.316610105,True
448049,Nusselstraße,,506393,48.15011,11.469151,1.0,,683646.4263401378,5335933.042251644,True
448050,Nusselstraße,506393.0,142148,48.150055,11.469204,,,683650.564366794,5335927.05630024,True
448051,Nusselstraße,506393.0,410364,48.15016,11.469124,,,683644.2398232665,5335938.534628313,True
448322,Nymphenburg Süd,,194150,48.146362,11.50246,1.0,,686137.2175546134,5335596.608826191,True
448323,Nymphenburg Süd,194150.0,257181,48.146362,11.50246,,,686137.2175546134,5335596.608826191,True
454052,Oberföhring Post,,56352,48.172028,11.626742,1.0,,695283.3422787801,5338757.420043618,True
454053,Oberföhring Post,56352.0,276159,48.17183,11.626203,,,695244.0258746803,5338734.0454118205,True
454054,Oberföhring Post,56352.0,335283,48.172302,11.627155,,,695313.0029514811,5338788.921055987,True
455742,Oberhofer Platz,,426778,48.187607,11.575825,1.0,,691440.1881071851,5340360.6825442035,True
455743,Oberhofer Platz,426778.0,200594,48.18751,11.57587,,,691443.8938162716,5340350.0143788,True
455744,Oberhofer Platz,426778.0,493686,48.1877,11.575799,,,691437.9093241884,5340370.953507812,True
455748,Oberhofer Weg,,547368,48.192326,11.574954,1.0,,691357.8786879512,5340882.968747577,True
455751,Oberhofer Weg,547368.0,344768,48.192364,11.574882,,,691352.3868371291,5340887.012614306,True
455752,Oberhofer Weg,547368.0,403319,48.19231,11.575008,,,691361.951011798,5340881.325065762,True
456941,Obermenzing,,228700,48.164223,11.478035,1.0,,684256.572453774,5337522.787677205,True
456942,Obermenzing,228700.0,264422,48.16411,11.478682,,,684305.0824909736,5337511.780417967,True
456943,Obermenzing,228700.0,46354,48.16427,11.478682,,,684304.5089791536,5337529.562443675,True
457713,Obernzeller Straße,,207301,48.092785,11.609845,1.0,,694326.1821782847,5329907.873315294,True
457714,Obernzeller Straße,207301.0,53975,48.092854,11.609926,,,694331.9527580158,5329915.746238075,True
457715,Obernzeller Straße,207301.0,607918,48.09271,11.609728,,,694317.753876115,5329899.242664708,True
459019,Obersendling,,585054,48.098312,11.536569,1.0,,688850.2666229644,5330339.649220407,True
459020,Obersendling,585054.0,393306,48.098473,11.537926,,,688950.6993452703,5330360.874006051,True
459021,Obersendling,585054.0,412537,48.0984,11.538105,,,688964.2927759594,5330353.200708587,True
459022,Obersendling,585054.0,433624,48.09812,11.535572,,,688776.7474010782,5330315.864266759,True
459023,Obersendling,585054.0,68886,48.09823,11.535554,,,688775.0044447589,5330328.045070938,True
460461,Oberwiesenfeld,,479184,48.186085,11.546765,1.0,,689286.1593189194,5340119.527252523,True
460462,Oberwiesenfeld,479184.0,166443,48.185974,11.547645,,,689351.9689196824,5340109.359454372,True
460463,Oberwiesenfeld,479184.0,321875,48.18607,11.545759,,,689211.4498878886,5340115.382179818,True
460464,Oberwiesenfeld,479184.0,396228,48.18604,11.547654,,,689352.3945425479,5340116.716701074,True
460465,Oberwiesenfeld,479184.0,667809,48.18631,11.545687,,,689205.2150806211,5340141.877835293,True
461974,Odeonsplatz,,255742,48.14268,11.577487,1.0,,691731.1693866171,5335371.784756893,True
461975,Odeonsplatz,255742.0,139790,48.14292,11.5764,,,691649.4228795728,5335395.747208965,True
461976,Odeonsplatz,255742.0,228385,48.143017,11.577658,,,691742.6327813277,5335409.664192444,True
461977,Odeonsplatz,255742.0,259570,48.14272,11.57632,,,691644.217303703,5335373.32050318,True
461978,Odeonsplatz,255742.0,567884,48.143414,11.577937,,,691761.9054730858,5335454.481222071,True
461979,Odeonsplatz,255742.0,685082,48.143383,11.578107,,,691774.6656725255,5335451.46004181,True
461980,Odeonsplatz,255742.0,7663,48.14309,11.577981,,,691766.3857478624,5335418.582778994,True
462084,Odinpark,,478111,48.15803,11.619394,1.0,,694790.1295377257,5337183.086133049,True
462085,Odinpark,478111.0,174208,48.158,11.619555,,,694802.2149635232,5337180.160086812,True
462086,Odinpark,478111.0,484085,48.158054,11.619205,,,694775.9848024693,5337185.274430452,True
462087,Odinstraße,,559043,48.15872,11.616286,1.0,,694556.4115149077,5337251.898119297,True
462088,Odinstraße,559043.0,361937,48.158375,11.616061,,,694540.9861157457,5337212.9865836045,True
462089,Odinstraße,559043.0,612983,48.159027,11.616447,,,694567.221582632,5337286.424509762,True
464014,Offenbachstraße,,174189,48.146175,11.465485,1.0,,683387.8070978249,5335486.964923691,True
464015,Offenbachstraße,174189.0,238657,48.1464,11.464776,,,683334.2720271505,5335510.279875721,True
464016,Offenbachstraße,174189.0,318655,48.146015,11.465719,,,683405.7816724173,5335469.74112876,True
464017,Offenbachstraße,174189.0,566502,48.146088,11.465746,,,683407.5296355168,5335477.91857729,True
464018,Offenbachstraße,174189.0,639566,48.146626,11.465539,,,683390.2159035573,5335537.216747596,True
464019,Offenbachstraße,174189.0,94231,48.146175,11.465656,,,683400.5255721936,5335487.372836756,True
464669,Ohlauer Straße,,642978,48.18357,11.501023,1.0,,685895.763257573,5339728.333417481,True
464670,Ohlauer Straße,642978.0,240703,48.183643,11.501014,,,685894.8302477881,5339736.424698957,True
464671,Ohlauer Straße,642978.0,4631,48.183506,11.501014,,,685895.325897743,5339721.198825973,True
466665,Olschewskibogen,,456175,48.200256,11.558937,1.0,,690138.3011252012,5341724.5149166845,True
466666,Olschewskibogen,456175.0,207039,48.200256,11.558937,,1,690138.3011252012,5341724.5149166845,True
466718,Olympia-Einkaufszentrum,,578943,48.182198,11.530029,1.0,,688056.5858595085,5339646.43862511,True
466719,Olympia-Einkaufszentrum,578943.0,181512,48.181763,11.529185,,,687995.4474700985,5339596.028440062,True
466720,Olympia-Einkaufszentrum,578943.0,224376,48.182068,11.530407,,,688085.1563648969,5339632.915997949,True
466721,Olympia-Einkaufszentrum,578943.0,246275,48.18202,11.530371,,,688082.6563712092,5339627.493275594,True
466722,Olympia-Einkaufszentrum,578943.0,496411,48.18245,11.530173,,,688066.3662571486,5339674.797723281,True
466723,Olympia-Einkaufszentrum,578943.0,524631,48.182594,11.530245,,,688071.1905323211,5339690.977754438,True
466724,Olympia-Einkaufszentrum,578943.0,687936,48.18214,11.529113,,,687988.7168137028,5339637.751103427,True
466725,Olympia-Einkaufszentrum,578943.0,74228,48.182636,11.530137,,,688063.0098290365,5339695.38117637,True
466726,Olympia-Einkaufszentrum,578943.0,79298,48.18214,11.530398,,,688084.223897579,5339640.895863807,True
466727,Olympia-Einkaufszentrum Ost,,459770,48.18317,11.536803,1.0,,688556.4929223126,5339771.066099715,True
466728,Olympia-Einkaufszentrum Ost,459770.0,113935,48.18318,11.536731,,,688551.1049673981,5339772.000781201,True
466729,Olympia-Einkaufszentrum Ost,459770.0,471307,48.183163,11.536893,,,688563.207684841,5339770.509010718,True
466730,Olympia-Einkaufszentrum West,,250267,48.184013,11.531404,1.0,,688152.1357472196,5339851.519419612,True
466731,Olympia-Einkaufszentrum West,250267.0,147560,48.183857,11.531431,,,688154.7137017873,5339834.24809269,True
466732,Olympia-Einkaufszentrum West,250267.0,636578,48.18416,11.531395,,,688150.9285500022,5339867.834589559,True
466733,Olympia-Pressestadt,,61343,48.179916,11.536758,1.0,,688565.0890288322,5339409.314598804,True
466734,Olympia-Pressestadt,61343.0,345277,48.18003,11.536677,,,688558.6501781993,5339421.785480688,True
466735,Olympia-Pressestadt,61343.0,449402,48.17977,11.536848,,,688572.3142825011,5339393.309415615,True
466736,Olympiaberg,,481409,48.169205,11.549199,1.0,,689529.2930774889,5338249.530695671,True
466737,Olympiaberg,481409.0,202737,48.16911,11.549199,,,689529.643325811,5338238.97267322,True
466738,Olympiaberg,481409.0,612057,48.169296,11.549208,,,689529.6266634553,5338259.666366116,True
466739,Olympiapark Nord,,527621,48.186375,11.541501,1.0,,688893.8790566793,5340138.801500558,True
466740,Olympiapark Nord,527621.0,624868,48.186188,11.542462,,,688965.9868061643,5340120.381985047,True
466741,Olympiapark Nord,527621.0,642899,48.18661,11.54063,,,688828.2840288724,5340162.777706889,True
466742,Olympiapark Ost,,686301,48.176083,11.559611,1.0,,690277.8909130206,5339039.66218098,True
466743,Olympiapark Ost,686301.0,328668,48.175884,11.559575,,,690275.9516661942,5339017.456756273,True
466744,Olympiapark Ost,686301.0,581413,48.17633,11.559746,,,690287.0113704397,5339067.447345122,True
466745,Olympiapark West,,78843,48.16639,11.537423,1.0,,688664.157479658,5337907.704302271,True
466746,Olympiapark West,78843.0,321308,48.166534,11.537351,,,688658.2760614138,5337923.53130432,True
466747,Olympiapark West,78843.0,432175,48.166126,11.537342,,,688659.1040906615,5337878.165255428,True
466748,Olympiapark West,78843.0,519809,48.16492,11.538159,,,688724.2729540017,5337746.139762257,True
466749,Olympiapark West,78843.0,602406,48.16644,11.537324,,,688656.6136197686,5337913.018133361,True
466750,Olympiasee,,397360,48.17144,11.545983,1.0,,689281.9755635404,5338489.995762381,True
466751,Olympiasee,397360.0,158107,48.17149,11.545957,,,689279.8586111044,5338495.488579322,True
466752,Olympiasee,397360.0,84950,48.171387,11.546073,,,689288.8613295521,5338484.327176876,True
466753,Olympiazentrum,,509444,48.178894,11.55617,1.0,,690011.7170719685,5339343.553621841,True
466754,Olympiazentrum,509444.0,265774,48.178658,11.556557,,,690041.3551746724,5339318.282336179,True
466755,Olympiazentrum,509444.0,46461,48.17939,11.556054,,,690001.2610186476,5339398.390808016,True
466756,Olympiazentrum,509444.0,478869,48.179314,11.555784,,,689981.4733204651,5339389.27676745,True
466757,Olympiazentrum,509444.0,534300,48.17874,11.556808,,,690059.7085980026,5339328.016405177,True
466758,Olympiazentrum,509444.0,60964,48.17934,11.555865,,,689987.3978056232,5339392.366611195,True
466759,Olympiazentrum,509444.0,628839,48.17937,11.555955,,,689993.9764516596,5339395.923264076,True
466894,Opalstraße,,367963,48.216,11.486623,1.0,,684708.8339838528,5343297.803990029,True
466895,Opalstraße,367963.0,108619,48.21613,11.486524,,,684701.0128427627,5343312.013873219,True
466896,Opalstraße,367963.0,617938,48.216312,11.486623,,,684707.7111303848,5343332.479173236,True
467522,Orleansstraße,,390090,48.12532,11.599487,1.0,,693432.7898261913,5333497.562885341,True
467525,Orleansstraße,390090.0,160525,48.125538,11.599757,,,693452.060428798,5333522.46969986,True
467526,Orleansstraße,390090.0,29447,48.125183,11.599972,,,693469.3917318771,5333483.557332432,True
467527,Orleansstraße,390090.0,535498,48.125626,11.600197,,,693484.4683866864,5333533.3566300385,True
467528,Orleansstraße,390090.0,591311,48.1251,11.599002,,,693397.5291215738,5333471.8931434015,True
467729,Orthstraße,,410229,48.154053,11.466752,1.0,,683453.9468102221,5336365.52956772,True
467730,Orthstraße,410229.0,123129,48.153866,11.46686,,,683462.6452827365,5336345.004585915,True
467731,Orthstraße,410229.0,58717,48.15424,11.466671,,,683447.256258962,5336386.118995506,True
467735,Ortlerstraße,,102050,48.120552,11.534799,1.0,,688637.042966699,5332806.976850711,True
467736,Ortlerstraße,102050.0,345826,48.120186,11.534602,,,688623.7240796235,5332765.817736327,True
467737,Ortlerstraße,102050.0,539649,48.120895,11.535006,,,688651.1900289317,5332845.604394306,True
468215,Oskar-Maria-Graf-Ring,,201083,48.09893,11.657285,1.0,,697834.6535456625,5330711.707434227,True
468216,Oskar-Maria-Graf-Ring,201083.0,319612,48.099014,11.657204,,,697828.3010935942,5330720.834472743,True
468217,Oskar-Maria-Graf-Ring,201083.0,550111,48.098766,11.657357,,,697840.6431517687,5330693.666460757,True
468223,Oskar-von-Miller-Ring,,578818,48.145367,11.57552,1.0,,691574.8562219942,5335665.504754837,True
468224,Oskar-von-Miller-Ring,578818.0,223000,48.145367,11.57552,,,691574.8562219942,5335665.504754837,True
468764,Ostbahnhof,,544739,48.12815,11.604545,1.0,,693798.4838681286,5333824.812579538,True
468765,Ostbahnhof,544739.0,139065,48.128056,11.603565,,,693725.9233848493,5333811.896432569,True
468766,Ostbahnhof,544739.0,158313,48.127934,11.603943,,,693754.5066561301,5333799.290212201,True
468767,Ostbahnhof,544739.0,179925,48.127995,11.603862,,,693748.2504725424,5333805.865413944,True
468768,Ostbahnhof,544739.0,270939,48.128716,11.603628,,,693728.1270156085,5333885.404861092,True
468769,Ostbahnhof,544739.0,300975,48.12773,11.603655,,,693733.8464113165,5333775.892863417,True
468770,Ostbahnhof,544739.0,497385,48.12716,11.602496,,,693649.7575456332,5333709.626074442,True
468771,Ostbahnhof,544739.0,509290,48.128296,11.604329,,,693781.8634046832,5333840.494074099,True
468772,Ostbahnhof,544739.0,588562,48.128056,11.603709,,,693736.6373303107,5333812.259220632,True
468773,Ostbahnhof,544739.0,669674,48.128757,11.603395,,,693710.6372002207,5333889.374452936,True
468776,Ostbahnhof (Bildungszentrum),,280422,48.12743,11.602667,1.0,,693661.4649042544,5333740.063409863,True
468777,Ostbahnhof (Bildungszentrum),280422.0,635825,48.127483,11.602559,,,693653.2299812539,5333745.681629169,True
468780,Ostbahnhof (Post),,404952,48.12877,11.604661,1.0,,693804.7804085285,5333894.009202668,True
468781,Ostbahnhof (Post),404952.0,562262,48.128822,11.604554,,,693796.6237050432,5333899.5185991395,True
468782,Ostbahnhof (Post),404952.0,626811,48.12872,11.604796,,,693815.0128381819,5333888.792662279,True
468783,Ostbahnhof Friedenstraße,,551264,48.12706,11.606871,1.0,,693975.6504673548,5333709.539166632,True
468784,Ostbahnhof Friedenstraße,551264.0,197372,48.127415,11.607491,,,694020.4429335222,5333750.556539657,True
468785,Ostbahnhof Friedenstraße,551264.0,37500,48.12721,11.607635,,,694031.9296430965,5333728.137022713,True
468786,Ostbahnhof Friedenstraße,551264.0,375246,48.127148,11.6075,,,694022.1188194901,5333720.905969811,True
468787,"Ostbahnhof Friedenstraße, München",551264.0,546293,48.12758,11.607709,,,694036.0409573987,5333769.444017839,True
469231,Osterangerstraße,,389527,48.179592,11.418243,1.0,,679757.2245640577,5339089.260745473,True
469232,Osterangerstraße,389527.0,318460,48.179634,11.418225,,,679755.7397359037,5339093.886453095,True
469233,Osterangerstraße,389527.0,686172,48.179558,11.418252,,,679758.0124505755,5339085.503091857,True
470204,Osterwaldstraße,,596982,48.16341,11.596154,1.0,,693041.8284496493,5337722.36410677,True
470205,Osterwaldstraße,596982.0,193829,48.163605,11.595597,,,692999.6828229362,5337742.636826154,True
470206,Osterwaldstraße,596982.0,648033,48.163322,11.596855,,,693094.2791741192,5337714.345082571,True
470326,Ostfriedhof,,36621,48.11905,11.583659,1.0,,692278.4966458012,5332761.048149204,True
470327,Ostfriedhof,36621.0,139842,48.11947,11.582877,,,692218.7359658682,5332805.770484977,True
470328,Ostfriedhof,36621.0,577231,48.118755,11.584081,,,692311.001649223,5332729.318165055,True
470329,Ostfriedhof,36621.0,608490,48.1194,11.583991,,,692301.895620474,5332800.7758237235,True
470330,Ostfriedhof,36621.0,683069,48.11873,11.58321,,,692246.2786542866,5332724.362193217,True
470331,Ostfriedhof,36621.0,75450,48.11883,11.584135,,,692314.7400292084,5332737.788391012,True
470577,Ostpark Eislaufzentrum,,363510,48.111107,11.632069,1.0,,695911.1580529644,5332000.464002438,True
470578,Ostpark Eislaufzentrum,363510.0,267386,48.110832,11.63215,,,695918.2325648919,5331970.108087706,True
470579,Ostpark Eislaufzentrum,363510.0,291624,48.11136,11.631997,,,695904.8371093266,5332028.39786944,True
471844,Ottilienstraße,,627156,48.11425,11.677721,1.0,,699296.7190226362,5332467.049635416,True
471848,Ottilienstraße,627156.0,18685,48.1141,11.677416,,,699274.6007132467,5332449.589094243,True
471849,Ottilienstraße,627156.0,85486,48.114033,11.677506,,,699281.5579430716,5332442.376241694,True
472019,Otto-Hahn-Ring,,505805,48.092228,11.64902,1.0,,697245.0200764129,5329945.659428217,True
472020,Otto-Hahn-Ring,505805.0,26478,48.092175,11.648993,,,697243.2126337328,5329939.700057847,True
472021,Otto-Hahn-Ring,505805.0,404468,48.09228,11.649074,,,697248.841595833,5329951.576884653,True
472042,Otto-Meitinger-Straße,,671018,48.14951,11.40493,1.0,,678872.2990244123,5335714.93975294,True
472043,Otto-Meitinger-Straße,671018.0,237572,48.14946,11.405047,,,678881.174469078,5335709.655078549,True
472044,Otto-Meitinger-Straße,671018.0,395019,48.14966,11.404804,,,678862.4065732161,5335731.317311311,True
472061,Otto-Warburg-Straße,,563225,48.206207,11.457679,1.0,,682593.8229356437,5342140.213261813,True
472062,Otto-Warburg-Straße,563225.0,384686,48.205368,11.457472,,,682581.4284166163,5342046.475974549,True
472063,Otto-Warburg-Straße,563225.0,75532,48.206554,11.457643,,,682589.9144338932,5342178.69274864,True
472211,Ottostraße,,457576,48.142345,11.567777,1.0,,691010.1692401358,5335310.384026192,True
472215,Ottostraße,457576.0,455507,48.14225,11.567687,,,691003.8275066008,5335299.602460209,True
472216,Ottostraße,457576.0,682626,48.142418,11.567866,,,691016.5182368486,5335318.718112758,True
474662,Paidarstraße,,71990,48.2148,11.54495,1.0,,689045.5281519652,5343306.373589719,True
474663,Paidarstraße,71990.0,382429,48.214725,11.545328,,,689073.8812129262,5343298.968839512,True
474664,Paidarstraße,71990.0,571264,48.214874,11.544483,,,689010.5681955516,5343313.448287427,True
475428,Pappelallee,,623090,48.20045,11.51271,1.0,,686703.0081793343,5341632.681367449,True
475429,Pappelallee,623090.0,132971,48.200413,11.512683,,,686701.1366514047,5341628.503638664,True
475430,Pappelallee,623090.0,544826,48.20049,11.512728,,,686704.2001138148,5341637.17063506,True
475525,Paracelsusstraße,,14295,48.201332,11.589597,1.0,,692412.2475166598,5341920.448603876,True
475526,Paracelsusstraße,14295.0,121137,48.201344,11.588869,,,692358.1147843208,5341919.95882778,True
475527,Paracelsusstraße,14295.0,271413,48.201332,11.590261,,,692461.5803225175,5341922.112173023,True
475560,Paradiesstraße,,325517,48.146446,11.59301,1.0,,692871.6731325025,5335829.15334175,True
475562,Paradiesstraße,325517.0,208281,48.14636,11.593064,,,692876.0118418278,5335819.73110095,True
475563,Paradiesstraße,325517.0,216150,48.14632,11.592938,,,692866.790420944,5335814.969529483,True
475877,Parkstadt Solln,,384112,48.07981,11.503655,1.0,,686466.8615110986,5328203.138176791,True
475878,Parkstadt Solln,384112.0,122148,48.079475,11.503736,,,686474.1051308857,5328166.103846291,True
475879,Parkstadt Solln,384112.0,567109,48.080116,11.503538,,,686457.041812963,5328236.862346128,True
476186,Partnachplatz,,70888,48.116974,11.526436,1.0,,688027.7841910841,5332388.851987259,True
476187,Partnachplatz,70888.0,272143,48.116684,11.526571,,,688038.8895488547,5332356.952450799,True
476188,Partnachplatz,70888.0,496634,48.11702,11.526445,,,688028.2860211419,5332393.986267324,True
476189,Partnachplatz,70888.0,512258,48.11643,11.526742,,,688052.5426804654,5332329.14186545,True
476190,Partnachplatz,70888.0,637602,48.116936,11.526418,,,688026.5833821734,5332384.584797104,True
476219,Parzivalplatz,,30537,48.171776,11.585923,1.0,,692249.8521749789,5338626.486508924,True
476220,Parzivalplatz,30537.0,224701,48.171616,11.585887,,,692247.7743779575,5338608.614562747,True
476221,Parzivalplatz,30537.0,356225,48.171032,11.585446,,,692217.1745053905,5338542.607514905,True
476222,Parzivalplatz,30537.0,462428,48.17189,11.585958,,,692252.027664486,5338639.243663441,True
476223,Parzivalplatz,30537.0,651194,48.171207,11.585446,,,692216.520106491,5338562.05644823,True
476355,Pasing,,392432,48.149143,11.460697,1.0,,683021.1311247387,5335805.4111448135,True
476356,Pasing,392432.0,102249,48.149197,11.459296,,,682916.7428581985,5335808.078151745,True
476357,Pasing,392432.0,11628,48.14897,11.460509,,,683007.7644540388,5335785.736785902,True
476358,Pasing,392432.0,2041,48.148838,11.461218,,,683060.9646269577,5335772.754663979,True
476359,Pasing,392432.0,339445,48.14893,11.459575,,,682938.4422796937,5335779.068290504,True
476360,Pasing,392432.0,39757,48.149014,11.459862,,,682959.4886235078,5335789.086840434,True
476361,Pasing,392432.0,456613,48.14933,11.458901,,,682886.8928262137,5335821.91968474,True
476362,Pasing,392432.0,457084,48.14948,11.459009,,,682894.3917869491,5335838.847259982,True
476363,Pasing,392432.0,496014,48.148804,11.459898,,,682962.9128943493,5335765.833623469,True
476364,Pasing,392432.0,512736,48.149826,11.458766,,,682875.08935595,5335876.722788241,True
476365,Pasing,392432.0,541456,48.149364,11.459377,,,682922.1732511926,5335826.8308618795,True
476366,Pasing,392432.0,579240,48.148846,11.460329,,,682994.8183796344,5335771.527245609,True
476367,Pasing,392432.0,582807,48.149654,11.458631,,,682865.6605561792,5335857.285984732,True
476368,Pasing,392432.0,70092,48.149124,11.460087,,,682975.8313063836,5335801.847477964,True
476369,Pasing,392432.0,85547,48.148766,11.461165,,,683057.2790388917,5335764.626555264,True
476370,"Pasing Bahnhof Nord, München",694929.0,630603,48.150936,11.463583,,,683229.3846341504,5336011.555577835,True
476371,Pasing Bf. Nord,,694929,48.15056,11.462314,1.0,,683136.3474498359,5335966.743974307,True
476372,Pasing Bf. Nord,694929.0,206218,48.15045,11.462449,,,683146.7791164978,5335954.84045337,True
476373,Pasing Bf. Nord,694929.0,460187,48.150772,11.462162,,,683124.2884285076,5335989.943052357,True
476374,Pasing Bf. Nord,694929.0,556373,48.15119,11.462674,,,683160.8777750097,5336037.618337499,True
476375,Pasinger Heuweg,,687598,48.18319,11.447196,1.0,,681896.5320479581,5339557.272278156,True
476376,Pasinger Heuweg,687598.0,184964,48.182457,11.447699,,,681936.5120916545,5339476.998833976,True
476377,Pasinger Heuweg,687598.0,236255,48.182507,11.447905,,,681951.6459196483,5339483.04353663,True
476378,Pasinger Marienplatz,,250736,48.146633,11.459359,1.0,,682930.544804755,5335523.27129796,True
476379,Pasinger Marienplatz,250736.0,472946,48.14629,11.45908,,,682911.0131758348,5335484.48729001,True
476380,Pasinger Marienplatz,250736.0,66111,48.146267,11.459314,,,682928.4991484266,5335482.487878411,True
477368,Paul-Gerhardt-Allee,,133909,48.156425,11.478655,1.0,,684330.6194994313,5336657.623224989,True
477369,Paul-Gerhardt-Allee,133909.0,299152,48.156498,11.478798,,,684340.9916385129,5336666.079194123,True
477370,Paul-Gerhardt-Allee,133909.0,347832,48.156372,11.478502,,,684319.4320324404,5336651.366047396,True
477380,Paul-Henri-Spaak-Straße,,421408,48.138443,11.689337,1.0,,700067.1622155127,5335185.905697036,True
477381,Paul-Henri-Spaak-Straße,421408.0,168131,48.138515,11.689462,,,700076.1806270392,5335194.232727744,True
477382,Paul-Henri-Spaak-Straße,421408.0,456429,48.13841,11.68922,,,700058.5872529236,5335181.933773215,True
477385,Paul-Hindemith-Allee,,299570,48.200546,11.605775,1.0,,693617.177479109,5341873.748397719,True
477386,Paul-Hindemith-Allee,299570.0,353049,48.200806,11.605991,,,693632.2452827593,5341903.188522737,True
477387,Paul-Hindemith-Allee,299570.0,621385,48.20069,11.605344,,,693584.6124084704,5341888.665784858,True
477388,Paul-Hindemith-Allee,299570.0,679867,48.20002,11.605425,,,693593.1564422991,5341814.40813014,True
477389,Paul-Hindemith-Allee,299570.0,70582,48.200397,11.606207,,,693649.8358808721,5341858.27802811,True
477424,Paul-Wassermann-Straße,,157664,48.135452,11.684683,1.0,,699732.5741182333,5334841.3995701,True
477425,Paul-Wassermann-Straße,157664.0,410554,48.135525,11.684549,,,699722.3224070582,5334849.164345725,True
477426,Paul-Wassermann-Straße,157664.0,580276,48.13537,11.684522,,,699720.915358274,5334831.868245772,True
477431,Paulaner Brauerei,,147434,48.17587,11.437027,1.0,,681166.5383353701,5338719.716776724,True
477432,Paulaner Brauerei,147434.0,653559,48.17587,11.437027,,1,681166.5383353701,5338719.716776724,True
479316,Pelkovenstraße,,391404,48.181072,11.510931,1.0,,686641.2253185556,5339474.730975675,True
479317,Pelkovenstraße,391404.0,294702,48.181038,11.510931,,,686641.3488099445,5339470.952296379,True
479318,Pelkovenstraße,391404.0,411263,48.18111,11.510868,,,686636.4047487595,5339478.801176415,True
479319,Pelkovenstraße,391404.0,508617,48.18145,11.513015,,,686794.7471189604,5339521.805264469,True
479320,Pelkovenstraße,391404.0,80994,48.181217,11.512225,,,686736.8765463901,5339493.989949451,True
480002,Perlach,,468088,48.093555,11.630569,1.0,,695866.2266727355,5330045.998293316,True
480003,"Perlach, München",468088.0,128089,48.09374,11.630578,,,695866.1937186485,5330066.581205003,True
480063,Perlschneiderstraße,,64416,48.13546,11.463437,1.0,,683273.6397317917,5334291.244144668,True
480064,Perlschneiderstraße,64416.0,336941,48.13539,11.463698,,,683293.3054700264,5334284.086653978,True
480065,Perlschneiderstraße,64416.0,457713,48.135536,11.463186,,,683254.6966079152,5334299.092358231,True
480163,Peschelanger,,179684,48.10912,11.654734,1.0,,697605.6606864341,5331837.616638654,True
480164,Peschelanger,179684.0,41432,48.10922,11.654868,,,697615.2506151248,5331849.074413445,True
480165,Peschelanger,179684.0,62744,48.109013,11.654204,,,697566.6234378333,5331824.363719085,True
480185,Peslmüllerstraße,,66462,48.14127,11.446208,1.0,,681971.3852377171,5334896.031935972,True
480186,Peslmüllerstraße,66462.0,12841,48.14127,11.446208,,,681971.3852377171,5334896.031935972,True
480187,Peslmüllerstraße,66462.0,24378,48.14127,11.446208,,1,681971.3852377171,5334896.031935972,True
480305,Peter-Anders-Straße,,657957,48.15331,11.476651,1.0,,684192.7525426378,5336306.626095631,True
480306,Peter-Anders-Straße,657957.0,311102,48.153675,11.476786,,,684201.4849386758,5336347.514771795,True
480307,Peter-Anders-Straße,657957.0,431914,48.15287,11.476472,,,684181.016386424,5336257.2967027705,True
480308,Peter-Auzinger-Straße,,638434,48.098667,11.582734,1.0,,692285.7280970924,5330493.4545008475,True
480309,Peter-Auzinger-Straße,638434.0,390181,48.098774,11.582671,,,692280.6388271371,5330505.188557482,True
480310,Peter-Auzinger-Straße,638434.0,82899,48.098522,11.582725,,,692285.5991170601,5330477.317335133,True
480939,Petuelring,,299300,48.175434,11.566294,1.0,,690777.0683413581,5338984.104707206,True
480940,Petuelring,299300.0,128345,48.175434,11.566681,,,690805.8356209031,5338985.065598341,True
480941,Petuelring,299300.0,157379,48.175354,11.566537,,,690795.4285004192,5338975.8170797005,True
480942,Petuelring,299300.0,338796,48.174934,11.566492,,,690793.6425921575,5338929.027804182,True
480943,Petuelring,299300.0,520681,48.175396,11.566609,,,690800.6246401008,5338980.663610545,True
480944,Petuelring,299300.0,528698,48.175243,11.566187,,,690769.823547727,5338962.61189066,True
480945,Petuelring,299300.0,596994,48.175312,11.566465,,,690790.2323518436,5338970.970553848,True
480946,Petuelring,299300.0,636055,48.17503,11.566231,,,690773.8848791934,5338939.048944556,True
480947,Petuelring,299300.0,693641,48.175648,11.565872,,,690744.905142351,5339006.840401107,True
480948,Petuelring,299300.0,85141,48.175747,11.565881,,,690745.2067213996,5339017.865307157,True
481776,Pfanzeltplatz,,195459,48.10022,11.630578,1.0,,695841.5676048925,5330786.737197839,True
481777,Pfanzeltplatz,195459.0,203370,48.100628,11.630461,,,695831.3072842085,5330831.782531248,True
481778,Pfanzeltplatz,195459.0,453940,48.09979,11.630757,,,695856.5271415777,5330739.40475057,True
481779,Pfarrer-Grimm-Straße,,150255,48.179432,11.461326,1.0,,682960.103067023,5339173.162284424,True
481780,Pfarrer-Grimm-Straße,150255.0,273431,48.179607,11.461165,,,682947.5131181772,5339192.228110664,True
481781,Pfarrer-Grimm-Straße,150255.0,439550,48.18043,11.460994,,,682931.8732555648,5339283.287628833,True
481782,Pfarrer-Grimm-Straße,150255.0,71032,48.17927,11.461488,,,682972.7211395033,5339155.543660242,True
483733,Phantasiestraße,,531826,48.113216,11.701185,1.0,,701046.9887451145,5332413.204586143,True
483734,Phantasiestraße,531826.0,170296,48.11302,11.70141,,,701064.4991131118,5332392.010355065,True
483735,Phantasiestraße,531826.0,647090,48.11339,11.701024,,,701034.3274422134,5332432.121188145,True
484365,Pilsenseestraße,,155140,48.109356,11.520157,1.0,,687588.2490556531,5331526.883279297,True
484366,Pilsenseestraße,155140.0,354422,48.10915,11.520534,,,687617.0593840153,5331504.908625383,True
484367,Pilsenseestraße,155140.0,687237,48.10956,11.519699,,,687553.4174256725,5331548.4383010045,True
484415,Pinakotheken,,497489,48.14897,11.5719,1.0,,691292.2121269227,5336056.915091846,True
484416,Pinakotheken,497489.0,274515,48.149155,11.571433,,,691256.7924459348,5336076.313368643,True
484417,Pinakotheken,497489.0,293495,48.146908,11.570274,,,691178.9452913294,5335823.706643125,True
484418,Pinakotheken,497489.0,332756,48.146732,11.57084,,,691221.6958920929,5335805.554334302,True
484419,Pinakotheken,497489.0,535034,48.148705,11.571873,,,691291.1894664315,5336027.396720132,True
484420,Pinakotheken,497489.0,566063,48.149193,11.57199,,,691298.0763789124,5336081.922503837,True
485329,Pirolstraße,,502211,48.1798,11.395677,1.0,,678079.1950043165,5339059.835031947,True
485330,Pirolstraße,502211.0,471393,48.179737,11.395767,,,678086.102908059,5339053.041872209,True
485331,Pirolstraße,502211.0,478048,48.179863,11.395579,,,678071.6924871079,5339066.609660685,True
485649,Planegger Straße,,63845,48.140163,11.457023,1.0,,682779.782463131,5334798.65576132,True
485650,Planegger Straße,63845.0,306866,48.140392,11.45758,,,682820.4018135905,5334825.430511974,True
485651,Planegger Straße,63845.0,523852,48.140495,11.456754,,,682758.5936295503,5334834.913965149,True
485652,Planegger Straße,63845.0,601644,48.140038,11.456637,,,682751.5134440782,5334783.846036536,True
485653,Planegger Straße,63845.0,678289,48.139797,11.457374,,,682807.1919990671,5334758.813914942,True
485704,Plankenfelser Straße,,647571,48.149845,11.420624,1.0,,680038.3292302196,5335788.805431444,True
485705,Plankenfelser Straße,647571.0,243615,48.149708,11.420579,,,680035.4619276864,5335773.474146718,True
485706,Plankenfelser Straße,647571.0,24710,48.150005,11.420633,,,680038.438637262,5335806.608582395,True
485796,Plassenburgstraße,,448399,48.09736,11.607868,1.0,,694161.7521275053,5330411.326199518,True
485797,Plassenburgstraße,448399.0,37092,48.097336,11.60803,,,694173.9029313931,5330409.067810594,True
485798,Plassenburgstraße,448399.0,689912,48.097404,11.607689,,,694148.2603950782,5330415.7644211305,True
485802,Platanenstraße,,672884,48.114574,11.483335,1.0,,684828.8608531622,5332017.655165547,True
485805,Platanenstraße,672884.0,119516,48.11444,11.483524,,,684843.4076134185,5332003.217005168,True
485806,Platanenstraße,672884.0,262693,48.11471,11.483092,,,684810.2881758134,5332032.185886975,True
486064,Plattlinger Straße,,176022,48.078857,11.512719,1.0,,687145.3410791487,5328119.226982378,True
486065,Plattlinger Straße,176022.0,122788,48.078793,11.512746,,,687147.584128143,5328112.179935548,True
486066,Plattlinger Straße,176022.0,582178,48.078922,11.512692,,,687143.0944061165,5328126.385166015,True
487069,Plettstraße,,314733,48.109135,11.644304,1.0,,696829.3036801158,5331812.541194651,True
487070,Plettstraße,314733.0,368871,48.10903,11.644421,,,696838.413146385,5331801.171397753,True
487071,Plettstraße,314733.0,485173,48.10923,11.644232,,,696823.5817780584,5331822.914801066,True
487710,Poccistraße,,188135,48.125214,11.549828,1.0,,689738.2259593327,5333362.06625883,True
487711,Poccistraße,188135.0,223383,48.126106,11.551697,,,689874.0027405291,5333465.812911869,True
487712,Poccistraße,188135.0,226791,48.12593,11.550852,,,689811.7789088155,5333444.166893557,True
487713,Poccistraße,188135.0,298836,48.125538,11.548831,,,689662.8487900582,5333395.615072839,True
487714,Poccistraße,188135.0,391478,48.12549,11.550412,,,689780.6622152356,5333394.180947135,True
487715,Poccistraße,188135.0,444708,48.12577,11.548777,,,689657.976230119,5333421.265540033,True
487716,Poccistraße,188135.0,520586,48.12558,11.550583,,,689793.0539518783,5333404.6052341005,True
487717,Poccistraße,188135.0,554108,48.12555,11.550322,,,689773.7444799881,5333400.6270299805,True
488416,Polkostraße,,598084,48.160393,11.445983,1.0,,681887.0227992798,5337020.786591573,True
488417,Polkostraße,598084.0,520419,48.160374,11.445893,,,681880.3979053346,5337018.462003244,True
488418,Polkostraße,598084.0,571427,48.160393,11.446082,,,681894.3841010835,5337021.020865674,True
489089,Poschingerstraße,,575823,48.152607,11.605874,1.0,,693805.2306487795,5336546.218178043,True
489090,Poschingerstraße,575823.0,167356,48.152573,11.605937,,,693810.043872152,5336542.598387941,True
489091,Poschingerstraße,575823.0,560521,48.152634,11.605802,,,693799.7745048897,5336549.037327056,True
489104,Posener Platz,,33687,48.14818,11.640513,1.0,,696398.1220205835,5336142.135696532,True
489105,Posener Platz,33687.0,676425,48.147976,11.640612,,,696406.2638061494,5336119.71691774,True
489106,"Posener Platz, München",33687.0,599641,48.14797,11.640529,,,696400.1137265607,5336118.838041874,True
489107,"Posener Platz, München",33687.0,74098,48.14838,11.640405,,,696389.3262068048,5336164.086949252,True
489756,Potsdamer Straße,,237191,48.16731,11.586228,1.0,,692289.2305408637,5338130.912961848,True
489757,Potsdamer Straße,237191.0,299006,48.166622,11.586057,,,692279.0905901899,5338054.023069538,True
489758,Potsdamer Straße,237191.0,301119,48.16772,11.586282,,,692291.7116359038,5338176.6141239405,True
489759,Potsdamer Straße,237191.0,391937,48.16788,11.586426,,,692301.8188266621,5338194.756318481,True
489760,Potsdamer Straße,237191.0,568127,48.166786,11.586192,,,692288.5139934707,5338072.587259741,True
489761,Potsdamer Straße,237191.0,592476,48.1673,11.587019,,,692348.0753960081,5338131.781075445,True
490539,Pregerstraße,,675556,48.20128,11.453376,1.0,,682291.6432491139,5341582.41337138,True
490540,Pregerstraße,675556.0,454168,48.201317,11.453403,,,682293.5179297848,5341586.589570396,True
490541,Pregerstraße,675556.0,611575,48.201244,11.453349,,,682289.7650156192,5341578.348311559,True
491174,Preußenstraße,,361478,48.18642,11.557176,1.0,,690058.6522691464,5340182.460510018,True
491175,Preußenstraße,361478.0,140696,48.186478,11.556323,,,689995.0443447031,5340186.796673779,True
491176,Preußenstraße,361478.0,394789,48.18638,11.557895,,,690112.2350743285,5340179.793931491,True
491274,Priel,,167314,48.161015,11.621882,1.0,,694963.816897682,5337521.136203637,True
491275,Priel,167314.0,296028,48.160877,11.621783,,,694956.9790121897,5337505.5482706055,True
491276,Priel,167314.0,491199,48.16116,11.621747,,,694953.2292788397,5337536.908512643,True
491558,Prinz-Eugen-Park,,94947,48.16247,11.629203,1.0,,695502.6343340537,5337701.436625341,True
491559,Prinz-Eugen-Park,94947.0,399932,48.162567,11.629149,,,695498.2504909144,5337712.079473707,True
491560,Prinz-Eugen-Park,94947.0,576960,48.162567,11.629266,,,695506.949707684,5337712.377098017,True
491561,Prinz-Eugen-Park,94947.0,668047,48.16248,11.628988,,,695486.6105439413,5337702.00109405,True
491594,Prinzregentenplatz,,277102,48.139214,11.60697,1.0,,693937.2161469173,5335060.53544621,True
491595,Prinzregentenplatz,277102.0,172218,48.13954,11.606925,,,693932.6401908256,5335096.652292325,True
491596,Prinzregentenplatz,277102.0,433720,48.139236,11.606934,,,693934.4553325241,5335062.8896308,True
491597,Prinzregentenplatz,277102.0,54956,48.139145,11.607024,,,693941.4930483759,5335053.003273567,True
491598,Prinzregentenplatz,277102.0,613038,48.139194,11.607024,,,693941.308378736,5335058.448940502,True
491857,Pronnerplatz,,389327,48.143715,11.496882,1.0,,685731.8999774738,5335288.938389286,True
491858,Pronnerplatz,389327.0,126910,48.14381,11.497232,,,685757.5901576778,5335300.342011368,True
491859,Pronnerplatz,389327.0,134506,48.14358,11.496495,,,685703.6019819267,5335273.000026905,True
492788,Pulverturm,,89599,48.196003,11.564866,1.0,,690594.5985087205,5341266.5411415035,True
492789,Pulverturm,89599.0,308096,48.196075,11.564731,,,690584.3002476739,5341274.208083547,True
492790,Pulverturm,89599.0,361950,48.19597,11.565028,,,690606.7582746991,5341263.275568881,True
492791,Pulverturmstraße,,92847,48.20193,11.553502,1.0,,689728.3052787723,5341897.119808433,True
492792,Pulverturmstraße,92847.0,149451,48.20216,11.553422,,,689721.5118015481,5341922.483840868,True
492793,Pulverturmstraße,92847.0,271560,48.20166,11.553574,,,689734.6522394733,5341867.290520279,True
493016,Putzbrunner Straße,,549284,48.09649,11.646496,1.0,,697040.8038724298,5330412.849129018,True
493017,Putzbrunner Straße,549284.0,561634,48.09626,11.64611,,,697012.9462585845,5330386.29952655,True
493018,Putzbrunner Straße,549284.0,688874,48.09663,11.646801,,,697062.9751209544,5330429.189239634,True
493282,Pöllatstraße,,169920,48.105206,11.590729,1.0,,692856.4406883905,5331240.184038368,True
493283,Pöllatstraße,169920.0,162948,48.10512,11.590738,,,692857.4325223849,5331230.648932746,True
493284,Pöllatstraße,169920.0,250158,48.10528,11.590711,,,692854.8238553262,5331248.362952352,True
493422,Pörtschacher Straße,,241686,48.144367,11.490252,1.0,,685236.4104823531,5335345.404364687,True
493423,Pörtschacher Straße,241686.0,131176,48.14419,11.490396,,,685247.7583802734,5335326.080033975,True
493424,Pörtschacher Straße,241686.0,321886,48.144493,11.490234,,,685234.6180449235,5335359.364288549,True
493650,Pühnstraße,,549020,48.146763,11.632087,1.0,,695776.8470516136,5335963.1629492855,True
493651,Pühnstraße,549020.0,138875,48.146847,11.632006,,,695770.5030129835,5335972.292084986,True
493652,Pühnstraße,549020.0,493896,48.146667,11.632141,,,695781.2286442582,5335952.631425195,True
493675,Pündterplatz,,589777,48.1626,11.576868,1.0,,691610.9070528669,5337584.0814537285,True
493676,Pündterplatz,589777.0,589843,48.1626,11.576868,,1,691610.9070528669,5337584.0814537285,True
494655,Quiddestraße,,536781,48.1089,11.646478,1.0,,696992.0120777863,5331791.989849816,True
494656,Quiddestraße,536781.0,182249,48.10881,11.646604,,,697001.7344175323,5331782.310380908,True
494657,Quiddestraße,536781.0,23885,48.109222,11.646864,,,697019.5104699738,5331828.764026133,True
494658,Quiddestraße,536781.0,364861,48.10858,11.646577,,,697000.6043685877,5331756.680131374,True
494659,Quiddestraße,536781.0,468878,48.108223,11.646622,,,697005.3189794347,5331717.12011608,True
494660,Quiddestraße,536781.0,615745,48.10908,11.646972,,,697028.091959814,5331813.259465168,True
494661,Quiddestraße,536781.0,643998,48.108547,11.646307,,,696980.6343716828,5331752.321194192,True
494662,Quiddestraße,536781.0,656672,48.108223,11.646712,,,697012.0177529585,5331717.35062776,True
497768,Ramersdorf,,145029,48.115417,11.613393,1.0,,694504.8866871884,5332432.058328876,True
497769,Ramersdorf,145029.0,111431,48.1155,11.614193,,,694564.1096326597,5332443.306043105,True
497770,Ramersdorf,145029.0,206660,48.114742,11.613124,,,694487.4164475799,5332356.361530515,True
497771,Ramersdorf,145029.0,220422,48.11569,11.613761,,,694531.2423251694,5332463.329069505,True
498401,Rangierbahnhof,,361394,48.194088,11.496145,1.0,,685495.2352304561,5340885.491183962,True
498402,Rangierbahnhof,361394.0,143685,48.193993,11.496118,,,685493.5720101907,5340874.867882368,True
498403,Rangierbahnhof,361394.0,652963,48.194206,11.496199,,,685498.8216763742,5340898.735855553,True
498687,Rappelhofstraße,,94753,48.14008,11.648203,1.0,,697001.0626699985,5335261.611981736,True
498688,Rappelhofstraße,94753.0,264297,48.140095,11.64832,,,697009.7082519738,5335263.57882646,True
498689,Rappelhofstraße,94753.0,570646,48.1401,11.64805,,,696989.6052454496,5335263.442656511,True
499364,Rathaus Pasing,,306467,48.14665,11.461371,1.0,,683080.129652858,5335529.950022666,True
499365,Rathaus Pasing,306467.0,356684,48.14672,11.461838,,,683114.6142864748,5335538.841862694,True
499366,Rathaus Pasing,306467.0,690631,48.146572,11.461003,,,683053.0366579918,5335520.405010133,True
499556,Rathenaustraße,,512380,48.2007,11.573607,1.0,,691226.6008930547,5341810.277803101,True
499561,Rathenaustraße,512380.0,38141,48.20045,11.57367,,,691232.2126548784,5341782.650315063,True
499562,Rathenaustraße,512380.0,634270,48.200356,11.573445,,,691215.8456883875,5341771.643261857,True
500669,Ratzingerplatz,,220504,48.09935,11.523588,1.0,,687880.1002833691,5330423.226186523,True
500670,Ratzingerplatz,220504.0,121418,48.099728,11.523588,,,687878.722195231,5330465.2356810635,True
500671,Ratzingerplatz,220504.0,21312,48.09902,11.523148,,,687848.5476098245,5330385.476808627,True
500672,Ratzingerplatz,220504.0,550455,48.099594,11.522951,,,687831.7898466224,5330448.788017093,True
500673,Ratzingerplatz,220504.0,657555,48.09891,11.523984,,,687911.1846424092,5330375.293391129,True
501304,Ravensburger Ring,,487493,48.15031,11.436874,1.0,,681245.2352368244,5335878.668154835,True
501305,Ravensburger Ring,487493.0,117346,48.150463,11.436703,,,681231.9787501092,5335895.269101957,True
501306,Ravensburger Ring,487493.0,403276,48.15018,11.437063,,,681259.7494452356,5335864.665847135,True
502657,Redwitzstraße,,463434,48.155483,11.608596,1.0,,693996.8091288485,5336872.712648441,True
502658,Redwitzstraße,463434.0,151617,48.155415,11.608389,,,693981.6725323568,5336864.632953425,True
502659,Redwitzstraße,463434.0,227585,48.155556,11.608758,,,694008.5805070858,5336881.234482681,True
503481,Regerplatz,,325863,48.124367,11.588132,1.0,,692591.4696896044,5333363.150715694,True
503482,Regerplatz,325863.0,51126,48.124405,11.588079,,,692587.3839361704,5333367.241153594,True
503483,Regerplatz,325863.0,694718,48.124588,11.589201,,,692670.1846574349,5333390.389504257,True
503484,Regerplatz,325863.0,695280,48.124607,11.589381,,,692683.5069039561,5333392.95207778,True
503485,Regerplatz,325863.0,96794,48.124325,11.588186,,,692595.6448191663,5333358.618240961,True
503511,Regina-Ullmann-Straße,,643245,48.169888,11.635114,1.0,,695913.861035478,5338540.898262531,True
503512,Regina-Ullmann-Straße,643245.0,220787,48.17003,11.635024,,,695906.6291054613,5338556.450165292,True
503513,Regina-Ullmann-Straße,643245.0,605240,48.169872,11.635186,,,695919.2746155639,5338539.303645093,True
503514,Regina-Ullmann-Straße,643245.0,637799,48.169918,11.63506,,,695909.7322511103,5338544.094681602,True
503515,Regina-Ullmann-Straße,643245.0,71412,48.169918,11.635348,,,695931.1426309732,5338544.828947361,True
503516,Reginbaldstraße,,165923,48.16902,11.484772,1.0,,684740.2363953686,5338072.087960389,True
503517,Reginbaldstraße,165923.0,163500,48.16913,11.484718,,,684735.8265460639,5338084.183299318,True
503518,Reginbaldstraße,165923.0,435054,48.1689,11.484817,,,684744.0131009927,5338058.859612775,True
504752,Reichenbachplatz,,232105,48.133278,11.576625,1.0,,691702.0722691335,5334324.731585748,True
504753,Reichenbachplatz,232105.0,27404,48.133312,11.576508,,,691693.2414275659,5334328.218527344,True
504754,Reichenbachplatz,232105.0,49359,48.133263,11.576733,,,691710.1627994459,5334323.333807128,True
506909,Reitmorstraße/Sammlung Schack,,273063,48.142036,11.593684,1.0,,692938.3389032354,5335340.733618843,True
506910,Reitmorstraße/Sammlung Schack,273063.0,215454,48.142105,11.593756,,,692943.4356920004,5335348.582711559,True
506911,Reitmorstraße/Sammlung Schack,273063.0,327461,48.141945,11.593621,,,692933.9940305287,5335330.46211972,True
508424,Renatastraße,,316464,48.156624,11.52658,1.0,,687893.6903454289,5336795.777570998,True
508425,Renatastraße,316464.0,199406,48.156544,11.526364,,,687877.920495318,5336786.358624734,True
508426,Renatastraße,316464.0,682349,48.156727,11.526831,,,687911.9787591038,5336807.838279029,True
508825,Rennbahnstraße,,147014,48.140583,11.662504,1.0,,698062.9016010268,5335354.257374218,True
508826,Rennbahnstraße,147014.0,260610,48.140446,11.662738,,,698080.8348101352,5335339.6346788285,True
508827,Rennbahnstraße,147014.0,452638,48.140705,11.662315,,,698048.373482572,5335367.329013187,True
512433,Richard-Strauss-Straße,,238860,48.148533,11.6166,1.0,,694618.3023208261,5336120.54863265,True
512435,Richard-Strauss-Straße,238860.0,210481,48.148647,11.616286,,,694594.5180673858,5336132.423236971,True
512436,Richard-Strauss-Straße,238860.0,288119,48.148796,11.616708,,,694625.339548971,5336150.050861863,True
512437,Richard-Strauss-Straße,238860.0,491224,48.148525,11.616672,,,694623.6874200429,5336119.841830234,True
512438,Richard-Strauss-Straße,238860.0,61994,48.148983,11.616744,,,694627.3094528915,5336170.924461792,True
512439,Richard-Strauss-Straße,238860.0,654422,48.148533,11.616546,,,694614.2861961332,5336120.411921091,True
512440,Richard-Strauss-Straße,238860.0,7791,48.149143,11.616331,,,694595.9885526183,5336187.660667133,True
512668,Ridlerstraße,,73990,48.130775,11.539246,1.0,,688930.4432544132,5333954.042163958,True
512669,Ridlerstraße,73990.0,492181,48.131027,11.53939,,,688940.2317494822,5333982.402392721,True
512670,Ridlerstraße,73990.0,596736,48.13056,11.539102,,,688920.5188616533,5333929.794008706,True
513091,Riedenburger Straße,,277662,48.13598,11.623706,1.0,,695194.4091625998,5334743.473972208,True
513092,Riedenburger Straße,277662.0,284935,48.13583,11.623822,,,695203.607428354,5334727.09809396,True
513093,Riedenburger Straße,277662.0,487470,48.135914,11.623903,,,695209.3144888438,5334736.639154321,True
513094,Riedenburger Straße,277662.0,690688,48.136173,11.624478,,,695251.106648123,5334766.883376003,True
513204,Riederstraße,,633725,48.186157,11.445579,1.0,,681765.8545528991,5339883.192887076,True
513205,Riederstraße,633725.0,253878,48.186363,11.445561,,,681763.7880326548,5339906.04479699,True
513206,Riederstraße,633725.0,338056,48.186333,11.44539,,,681751.1856103351,5339902.306124935,True
513706,Riem,,112504,48.143383,11.679015,1.0,,699280.2082679147,5335708.105311083,True
513707,Riem,112504.0,171330,48.143436,11.678898,,,699271.3005681674,5335713.692203449,True
513708,Riem,112504.0,56194,48.14335,11.679141,,,699289.707935497,5335704.764471711,True
513709,Riem (S) Dornach,,132168,48.14465,11.681117,1.0,,699431.6431561646,5335854.364895927,True
513710,Riem (S) Dornach,132168.0,362594,48.14465,11.681117,,,699431.6431561646,5335854.364895927,True
513714,Riemer Straße,,552665,48.139732,11.674209,1.0,,698936.8545673469,5335289.902718217,True
513715,Riemer Straße,552665.0,40428,48.13968,11.674092,,,698928.3525428728,5335283.8209322225,True
513716,Riemer Straße,552665.0,663404,48.139763,11.674029,,,698923.3454205316,5335292.88216082,True
514214,Riesenburgstraße,,289182,48.148598,11.413742,1.0,,679530.8525140582,5335634.12235164,True
514215,Riesenburgstraße,289182.0,176415,48.14887,11.413778,,,679532.580789165,5335664.435957988,True
514216,Riesenburgstraße,289182.0,192554,48.148315,11.41376,,,679533.1788012288,5335602.712332208,True
514231,Riesstraße,,11207,48.184566,11.53329,1.0,,688290.2801971268,5339917.598716475,True
514232,Riesstraße,11207.0,143791,48.184566,11.53329,,2,688290.2801971268,5339917.598716475,True
514233,Riesstraße Süd,,532027,48.176342,11.536309,1.0,,688544.8277292944,5339011.007954694,True
514234,Riesstraße Süd,532027.0,3737,48.176197,11.535868,,,688512.5787555557,5338993.811062455,True
514235,Riesstraße Süd,532027.0,658692,48.17645,11.53674,,,688576.4689489019,5339024.068412827,True
514866,Ringelnatzweg,,328563,48.075363,11.523229,1.0,,687940.7957095722,5327756.529321498,True
514867,Ringelnatzweg,328563.0,297663,48.075363,11.523085,,,687930.0707167846,5327756.177689993,True
514868,Ringelnatzweg,328563.0,411950,48.075348,11.523409,,,687954.2566116317,5327755.301851363,True
516148,Robinienstraße,,544424,48.200607,11.543154,1.0,,688964.3609207149,5341724.576047669,True
516149,Robinienstraße,544424.0,244552,48.200806,11.544124,,,689035.6971523406,5341749.079170953,True
516150,Robinienstraße,544424.0,45162,48.20087,11.543962,,,689023.4253759319,5341755.793306059,True
516151,Robinienstraße,544424.0,573167,48.199986,11.543549,,,688995.9940890805,5341656.531395336,True
516152,Robinienstraße,544424.0,614329,48.200428,11.543342,,,688978.9876460102,5341705.144925896,True
516261,Rockefellerstraße,,452308,48.21068,11.575278,1.0,,691313.5591209227,5342923.590449808,True
516262,Rockefellerstraße,452308.0,327890,48.210712,11.57517,,,691305.4173029584,5342926.877816328,True
516263,Rockefellerstraße,452308.0,568575,48.210644,11.575421,,,691324.3157623968,5342919.9457373945,True
517353,Roecklplatz,,471356,48.120705,11.561659,1.0,,690635.226061738,5332890.210927295,True
517354,Roecklplatz,471356.0,133366,48.12083,11.561902,,,690652.8456952842,5332904.705321456,True
517355,Roecklplatz,471356.0,638804,48.120583,11.561381,,,690614.9907621759,5332875.96325062,True
517544,Rofanstraße,,102295,48.11979,11.650305,1.0,,697235.1473065137,5333012.061066995,True
517545,Rofanstraße,102295.0,272359,48.119846,11.650314,,,697235.60253883,5333018.307728144,True
517546,Rofanstraße,102295.0,53275,48.119743,11.650305,,,697235.3273276782,5333006.837705886,True
518515,Romanplatz,,629320,48.15507,11.511452,1.0,,686774.3914352228,5336586.201521407,True
518516,Romanplatz,629320.0,127955,48.15566,11.512333,,,686837.7627478556,5336653.9135150965,True
518517,Romanplatz,629320.0,262357,48.155903,11.511228,,,686754.7092466764,5336678.2345735775,True
518518,Romanplatz,629320.0,303181,48.155132,11.511524,,,686779.5204837129,5336593.266977566,True
518519,Romanplatz,629320.0,48180,48.15572,11.512198,,,686827.5057903262,5336660.253617833,True
518520,Romanplatz,629320.0,538548,48.154808,11.511326,,,686765.9729537689,5336556.777423203,True
518521,Romanplatz,629320.0,631002,48.154938,11.51174,,,686796.2876290089,5336572.23123573,True
518522,Romanplatz,629320.0,672075,48.155178,11.511443,,,686773.3299737582,5336598.182472256,True
519125,Rose-Pichler-Weg,,27329,48.210846,11.582114,1.0,,691820.7368619218,5342959.091016879,True
519126,Rose-Pichler-Weg,27329.0,111728,48.210815,11.58126,,,691757.415273095,5342953.513062235,True
519127,Rose-Pichler-Weg,27329.0,219853,48.210846,11.582823,,,691873.4032673904,5342960.862139566,True
519780,Rosenheimer Platz,,591653,48.12884,11.594061,1.0,,693015.8631824773,5333875.127473544,True
519781,Rosenheimer Platz,591653.0,106693,48.12908,11.593477,,,692971.513153191,5333900.334401278,True
519782,Rosenheimer Platz,591653.0,185485,48.128853,11.594124,,,693020.5017226611,5333876.730378655,True
519783,Rosenheimer Platz,591653.0,334528,48.128834,11.593989,,,693010.5287827447,5333874.2799343355,True
519784,Rosenheimer Platz,591653.0,589401,48.128998,11.593055,,,692940.4232701232,5333890.162319548,True
522467,Rotkreuzplatz,,188754,48.153423,11.53312,1.0,,688391.7390876564,5336456.035415355,True
522468,Rotkreuzplatz,188754.0,108910,48.154167,11.532877,,,688370.9433616402,5336538.125818721,True
522469,Rotkreuzplatz,188754.0,272590,48.15421,11.533012,,,688380.8251560235,5336543.235545582,True
522470,Rotkreuzplatz,188754.0,374055,48.152843,11.533982,,,688457.9677357154,5336393.688932981,True
522471,Rotkreuzplatz,188754.0,444716,48.153194,11.533955,,,688454.6738264312,5336432.631815264,True
522472,Rotkreuzplatz,188754.0,556118,48.15298,11.53267,,,688359.8965799402,5336405.698962744,True
522473,Rotkreuzplatz,188754.0,662988,48.15259,11.534072,,,688465.5877479662,5336365.791933751,True
522474,Rotkreuzplatz,188754.0,6928,48.15266,11.533766,,,688442.5748967269,5336372.821333149,True
522475,Rotkreuzplatz,188754.0,94586,48.153164,11.534251,,,688476.7962262302,5336430.023429498,True
523960,Rubensstraße,,478327,48.157436,11.450205,1.0,,682211.4326898603,5336702.15139601,True
523961,Rubensstraße,478327.0,432952,48.157173,11.450403,,,682227.0879783027,5336673.391524439,True
523962,Rubensstraße,478327.0,579230,48.157677,11.449963,,,682192.5836231165,5336728.36198422,True
524287,Rudolf-Zorn-Straße,,561804,48.09089,11.634818,1.0,,696192.717199184,5329760.649116827,True
524288,Rudolf-Zorn-Straße,561804.0,186090,48.090733,11.635492,,,696243.4982269588,5329744.919786278,True
524289,Rudolf-Zorn-Straße,561804.0,23427,48.090675,11.634333,,,696157.4242131304,5329735.518479658,True
524442,Rueßstraße,,199194,48.184277,11.472546,1.0,,683776.7448014749,5339738.4021167,True
524443,Rueßstraße,199194.0,203361,48.18435,11.472618,,,683781.8348673708,5339746.68740982,True
524444,Rueßstraße,199194.0,592312,48.1842,11.472492,,,683773.0068215642,5339729.715328876,True
525167,Rupert-Mayer-Straße,,7781,48.096367,11.541079,1.0,,689193.1572560248,5330134.570042998,True
525168,Rupert-Mayer-Straße,7781.0,137005,48.09642,11.541133,,,689196.9829231589,5330140.593042354,True
525169,Rupert-Mayer-Straße,7781.0,536766,48.096294,11.541061,,,689192.0851504524,5330126.412850877,True
525708,Ruth-Schaumann-Straße,,398806,48.142185,11.647457,1.0,,696937.514983929,5335493.6413298985,True
525709,Ruth-Schaumann-Straße,398806.0,649259,48.142185,11.647457,,1,696937.514983929,5335493.6413298985,True
526073,Röblingweg,,259237,48.204918,11.572798,1.0,,691150.790809767,5342277.041505153,True
526074,Röblingweg,259237.0,127880,48.205097,11.572511,,,691128.8028437216,5342296.220870653,True
526075,Röblingweg,259237.0,547011,48.204414,11.572843,,,691156.0103814406,5342221.1402482055,True
528486,Rümannstraße,,655880,48.17559,11.573068,1.0,,691280.0265015385,5339018.282342507,True
528487,Rümannstraße,655880.0,15597,48.175808,11.57305,,,691277.8771536489,5339042.465390955,True
528488,Rümannstraße,655880.0,218099,48.175617,11.573193,,,691289.2177324593,5339021.594209551,True
528489,Rümannstraße,655880.0,37036,48.1764,11.572574,,,691240.2915431169,5339107.07368786,True
528490,Rümelinstraße,,273251,48.166286,11.618199,1.0,,694670.0108214426,5338097.599634625,True
528491,Rümelinstraße,273251.0,614842,48.16594,11.617858,,,694645.9684807983,5338058.282720515,True
528492,Rümelinstraße,273251.0,99728,48.16686,11.618747,,,694708.5790074309,5338162.780193217,True
531458,Saalburgstraße,,114281,48.113705,11.48753,1.0,,685144.1873931789,5331931.166197436,True
531459,Saalburgstraße,114281.0,145061,48.113865,11.48718,,,685117.5640093803,5331948.105684846,True
531460,Saalburgstraße,114281.0,333601,48.113537,11.487952,,,685176.1982331759,5331913.511068522,True
532345,Sadelerstraße,,354162,48.168606,11.52234,1.0,,687534.6922811222,5338117.068098711,True
532346,Sadelerstraße,354162.0,111720,48.16866,11.522304,,,687531.8189049662,5338122.9816665705,True
532347,Sadelerstraße,354162.0,97882,48.16856,11.522412,,,687540.2128734919,5338112.13148096,True
533674,Salzmannstraße,,447691,48.081276,11.676814,1.0,,699356.7371021316,5328800.142551095,True
533675,Salzmannstraße,447691.0,429125,48.081276,11.676733,,2,699350.7050647448,5328799.932706499,True
533676,Salzmannstraße,447691.0,491541,48.081276,11.676895,,1,699362.7691394757,5328800.35240205,True
533677,Salzmannstraße,447691.0,508757,48.081276,11.676733,,,699350.7050647448,5328799.932706499,True
533678,Salzmannstraße,447691.0,549626,48.081276,11.676895,,,699362.7691394757,5328800.35240205,True
534683,Sandstraße,,548081,48.15058,11.558129,1.0,,690262.0753235624,5336201.669003081,True
534688,Sandstraße,548081.0,303677,48.150673,11.558138,,,690262.400676569,5336212.026992234,True
535236,Sankt Michael,,435115,48.12403,11.632446,1.0,,695890.0544180907,5333437.62815323,True
535237,Sankt Michael,435115.0,388346,48.123913,11.632545,,,695897.8659746614,5333424.87747885,True
535238,Sankt Michael,435115.0,660430,48.123913,11.632294,,,695879.1895143463,5333424.2381102275,True
535290,Sankt Pius,,268832,48.12469,11.61307,1.0,,694445.830462016,5333461.802944697,True
535291,Sankt Pius,268832.0,211636,48.124767,11.611345,,,694317.1874063523,5333466.000124249,True
535292,Sankt Pius,268832.0,490213,48.1245,11.613007,,,694441.8603539824,5333440.527851346,True
535293,Sankt Pius,268832.0,576765,48.124683,11.612288,,,694387.6704512262,5333459.047978217,True
535294,Sankt Pius,268832.0,615685,48.12446,11.613303,,,694464.0360482874,5333436.830890877,True
535385,Sapporobogen,,312878,48.16941,11.537449,1.0,,688655.0078975393,5338243.402382955,True
535386,Sapporobogen,312878.0,36949,48.16941,11.537449,,1,688655.0078975393,5338243.402382955,True
535387,Sarasatestraße,,21152,48.164585,11.473391,1.0,,683909.9922666765,5337551.896620041,True
535388,Sarasatestraße,21152.0,314085,48.164654,11.473337,,,683905.7305531034,5337559.435909365,True
535389,Sarasatestraße,21152.0,603842,48.16455,11.473543,,,683921.4187156332,5337548.370526241,True
536390,Scapinellistraße,,323985,48.148228,11.454131,1.0,,682536.0457941579,5335688.109343091,True
536391,Scapinellistraße,323985.0,249296,48.148083,11.454185,,,682540.5764707783,5335672.122603408,True
536392,Scapinellistraße,323985.0,475889,48.148365,11.454059,,,682530.20479158,5335703.164247655,True
538234,Schatzbogen,,120888,48.133102,11.660384,1.0,,697933.9786075053,5334517.393149253,True
538235,Schatzbogen,120888.0,172676,48.132946,11.660043,,,697909.2098454521,5334499.178243157,True
538236,Schatzbogen,120888.0,29470,48.133278,11.660644,,,697952.6443384598,5334537.622335502,True
538795,Scheidplatz,,16859,48.171535,11.572933,1.0,,691285.0819080919,5338567.286085028,True
538796,Scheidplatz,16859.0,11338,48.17155,11.572906,,,691283.0189179243,5338568.885930238,True
538797,Scheidplatz,16859.0,235635,48.171608,11.572583,,,691258.7914065506,5338574.527916483,True
538798,Scheidplatz,16859.0,340067,48.17155,11.572681,,,691266.2924990901,5338568.3258900065,True
538799,Scheidplatz,16859.0,383432,48.171783,11.572933,,,691284.1590169005,5338594.848033913,True
538800,Scheidplatz,16859.0,422586,48.17127,11.572951,,,691287.4061787867,5338537.879615914,True
538801,Scheidplatz,16859.0,429262,48.17155,11.572762,,,691272.3140099079,5338568.527498841,True
538802,Scheidplatz,16859.0,49278,48.170177,11.574343,,,691394.957104529,5338419.872961783,True
538803,Scheidplatz,16859.0,57926,48.170307,11.574325,,,691393.1349305913,5338434.275922658,True
538804,Scheidplatz,16859.0,90075,48.171535,11.572987,,,691289.0962497271,5338567.420503399,True
539022,Schellingstraße,,547009,48.15105,11.57331,1.0,,691389.3382406788,5336291.588750173,True
539025,Schellingstraße,547009.0,151550,48.15124,11.573337,,,691390.6392759614,5336312.771922118,True
539026,Schellingstraße,547009.0,37144,48.151,11.573616,,,691412.2813063229,5336286.793835178,True
539027,Schellingstraße,547009.0,393956,48.15107,11.572933,,,691361.2266060909,5336292.872909327,True
539028,Schellingstraße,547009.0,584771,48.15081,11.57322,,,691383.537930721,5336264.691899484,True
539915,Schichtlstraße,,205784,48.147076,11.658471,1.0,,697737.9554062024,5336065.478811742,True
539916,Schichtlstraße,205784.0,138548,48.147182,11.658569,,,697744.8366600348,5336077.5112836035,True
539917,Schichtlstraße,205784.0,450614,48.14697,11.658426,,,697735.0159789788,5336053.582677294,True
541069,Schittgablerstraße,,601474,48.191402,11.548966,1.0,,689430.1277871121,5340715.869728398,True
541070,Schittgablerstraße,601474.0,121896,48.19162,11.548921,,,689425.9798671002,5340739.986728066,True
541071,Schittgablerstraße,601474.0,6450,48.191265,11.548957,,,689429.9642111694,5340700.621708767,True
543079,Schloss Blutenburg,,119411,48.164165,11.454885,1.0,,682535.5546730636,5337461.1022403035,True
543080,Schloss Blutenburg,119411.0,169389,48.16406,11.455308,,,682567.3779889196,5337450.437451384,True
543081,Schloss Blutenburg,119411.0,432911,48.164383,11.454535,,,682508.7580076236,5337484.49912793,True
543108,Schloss Nymphenburg,,502960,48.158524,11.51147,1.0,,686763.186814263,5336970.113285442,True
543109,Schloss Nymphenburg,502960.0,231814,48.15794,11.511434,,,686762.6307028297,5336905.121651798,True
543110,Schloss Nymphenburg,502960.0,287770,48.159073,11.511668,,,686775.9159645981,5337031.608765299,True
543111,Schloss Nymphenburg,502960.0,432918,48.15906,11.511515,,,686764.5863886501,5337029.792204554,True
543551,Schlörstraße,,548103,48.150013,11.53683,1.0,,688680.1449660539,5336086.157692871,True
543552,Schlörstraße,548103.0,141528,48.14992,11.536551,,,688659.7365121472,5336075.137210487,True
543553,Schlörstraße,548103.0,647921,48.150085,11.537108,,,688700.5560054774,5336094.841920795,True
543554,Schlösselgarten,,74608,48.158726,11.628997,1.0,,695501.5518793294,5337284.818779607,True
543555,Schlösselgarten,74608.0,150873,48.158726,11.628934,,,695496.8673352341,5337284.658532765,True
543556,Schlösselgarten,74608.0,155274,48.15875,11.628763,,,695484.0609102808,5337286.890864031,True
543557,Schlösselgarten,74608.0,98608,48.158726,11.629051,,,695505.5672028188,5337284.956137103,True
543659,Schlüsselbergstraße,,456226,48.129723,11.623041,1.0,,695168.6631424003,5334046.409182499,True
543660,Schlüsselbergstraße,456226.0,105382,48.130047,11.622888,,,695156.0516234557,5334082.028845379,True
543661,Schlüsselbergstraße,456226.0,159413,48.12963,11.623382,,,695194.3861392816,5334036.93912042,True
543662,Schlüsselbergstraße,456226.0,173129,48.12987,11.622385,,,695119.2996370683,5334061.081326692,True
543663,Schlüsselbergstraße,456226.0,561261,48.1301,11.62305,,,695167.90337999,5334088.330208351,True
543793,Schmaedelstraße,,567210,48.150906,11.475115,1.0,,684087.1283250409,5336035.772237849,True
543794,Schmaedelstraße,567210.0,541483,48.150925,11.475187,,,684092.4149807771,5336038.056267851,True
543795,Schmaedelstraße,567210.0,625799,48.150833,11.474972,,,684076.7546131127,5336027.316775435,True
544921,Schmuckerweg,,319703,48.121758,11.670355,1.0,,698719.5527337616,5333282.39110557,True
544922,Schmuckerweg,319703.0,177519,48.121613,11.670472,,,698728.8184626026,5333266.57884682,True
544923,Schmuckerweg,319703.0,448116,48.121956,11.67014,,,698702.7902566468,5333303.8403209355,True
545419,Schneemannstraße,,451536,48.105667,11.532518,1.0,,688521.7760125998,5331147.119948631,True
545420,Schneemannstraße,451536.0,316369,48.10531,11.532212,,,688500.3049325644,5331106.694448546,True
545421,Schneemannstraße,451536.0,598944,48.106007,11.532661,,,688531.1761162032,5331185.256728125,True
546210,Schopenhauerstraße,,220565,48.17941,11.563914,1.0,,690585.4078222376,5339420.079517428,True
546211,Schopenhauerstraße,220565.0,312394,48.17948,11.563806,,,690577.1207639844,5339427.591237666,True
546212,Schopenhauerstraße,220565.0,424925,48.179337,11.56404,,,690595.0439402214,5339412.279046535,True
546932,Schrannenhalle,,607919,48.13408,11.574694,1.0,,691555.4307156451,5334409.050429574,True
546933,Schrannenhalle,607919.0,549102,48.13408,11.574694,,1,691555.4307156451,5334409.050429574,True
547057,Schrenkstraße,,470741,48.139606,11.541285,1.0,,689049.7027685463,5334940.501434113,True
547058,Schrenkstraße,470741.0,408497,48.13966,11.541177,,,689041.4707028456,5334946.237265162,True
547059,Schrenkstraße,470741.0,438264,48.139576,11.541357,,,689055.1687790544,5334937.344373249,True
547895,Schumacherring,,109893,48.099487,11.640971,1.0,,696618.0449206318,5330731.785244143,True
547896,Schumacherring,109893.0,471934,48.09954,11.640396,,,696575.0377342177,5330736.205977423,True
547897,Schumacherring,109893.0,512917,48.099426,11.641492,,,696657.0627705205,5330726.337708655,True
548529,Schwabing Nord,,348740,48.187004,11.591016,1.0,,692571.3875983611,5340331.632386612,True
548530,Schwabing Nord,348740.0,188681,48.187794,11.59186,,,692631.149023246,5340421.546466428,True
548531,Schwabing Nord,348740.0,192466,48.187992,11.593621,,,692761.2765292613,5340447.96857404,True
548532,Schwabing Nord,348740.0,308690,48.187057,11.591609,,,692615.2589500517,5340339.009209689,True
548533,Schwabing Nord,348740.0,312813,48.186672,11.590944,,,692567.2812035636,5340294.554448198,True
548534,Schwabing Nord,348740.0,336803,48.186638,11.591025,,,692573.4283772144,5340290.978821709,True
548535,Schwabinger Tor,,437355,48.17272,11.586435,1.0,,692284.382429299,5338732.680659041,True
548536,Schwabinger Tor,437355.0,494398,48.172752,11.586282,,,692272.8890337655,5338735.854200146,True
548537,Schwabinger Tor,437355.0,627802,48.17269,11.586596,,,692296.4630596604,5338729.749433643,True
549871,Schwanseestraße,,691842,48.10308,11.596747,1.0,,693312.3700209165,5331019.014831889,True
549872,Schwanseestraße,691842.0,232080,48.102913,11.596639,,,693304.957170926,5331000.183796405,True
549873,Schwanseestraße,691842.0,390009,48.10238,11.596361,,,693286.2625536795,5330940.249995886,True
549874,Schwanseestraße,691842.0,598648,48.103302,11.596747,,,693311.537129584,5331043.686935628,True
549908,Schwanthalerhöhe,,133749,48.133858,11.540171,1.0,,688987.9426075418,5334298.949367797,True
549909,Schwanthalerhöhe,133749.0,189780,48.133312,11.53983,,,688964.5785895034,5334237.430715361,True
549910,Schwanthalerhöhe,133749.0,386719,48.133804,11.541007,,,689050.334666108,5334295.003073008,True
549911,Schwanthalerhöhe,133749.0,555933,48.133636,11.539659,,,688950.6676242931,5334273.018758734,True
549912,Schwanthalerhöhe,133749.0,578512,48.13373,11.541007,,,689050.606461657,5334286.778964378,True
550778,Schwarzhölzlstraße,,217263,48.218147,11.524981,1.0,,687550.0544423189,5343629.388282213,True
550779,Schwarzhölzlstraße,217263.0,606809,48.218197,11.524954,,,687547.8663590451,5343634.879243775,True
550780,Schwarzhölzlstraße,217263.0,612,48.218094,11.524963,,,687548.9112294115,5343623.454002662,True
550815,Schwarzwaldstraße,,403125,48.139088,11.628646,1.0,,695550.089358893,5335101.437250436,True
550816,Schwarzwaldstraße,403125.0,361717,48.13903,11.628655,,,695550.979239316,5335095.014262579,True
550817,Schwarzwaldstraße,403125.0,593888,48.13914,11.628628,,,695548.5528042916,5335107.170532111,True
551390,Schweigerstraße,,561750,48.12654,11.583434,1.0,,692233.7880175568,5333592.894534083,True
551391,Schweigerstraße,561750.0,33764,48.126842,11.58303,,,692202.6010507324,5333625.447793252,True
551392,Schweigerstraße,561750.0,497832,48.12661,11.583021,,,692202.7975368174,5333599.641724074,True
553302,Schwester-Eubulina-Platz,,144412,48.123447,11.593199,1.0,,692971.9421413178,5333273.607746473,True
553303,Schwester-Eubulina-Platz,144412.0,291801,48.12337,11.593298,,,692979.597239363,5333265.298703312,True
553304,Schwester-Eubulina-Platz,144412.0,294701,48.12352,11.593136,,,692966.9807807555,5333281.562587283,True
554120,Schäftlarnstraße / Gasteig HP8,,506018,48.11233,11.553574,1.0,,690064.4988376915,5331939.43595875,True
554121,Schäftlarnstraße / Gasteig HP8,506018.0,368050,48.11209,11.554428,,,690128.944044503,5331914.873882312,True
554122,Schäftlarnstraße / Gasteig HP8,506018.0,52477,48.112354,11.552811,,,690007.6236731389,5331940.218126476,True
554158,Schäufeleinstraße,,141624,48.141598,11.512261,1.0,,686883.484160781,5335090.928548559,True
554159,Schäufeleinstraße,141624.0,517789,48.14147,11.512099,,,686871.8988887474,5335076.309249241,True
554160,Schäufeleinstraße,141624.0,97834,48.141727,11.512369,,,686891.0490473304,5335105.52774425,True
558330,Seeholzenweg,,27524,48.132465,11.468764,1.0,,683680.6161465445,5333971.098592807,True
558331,Seeholzenweg,27524.0,507708,48.13265,11.468252,,,683641.8649517699,5333990.436110736,True
558332,Seeholzenweg,27524.0,55499,48.132282,11.469276,,,683719.3604738233,5333951.98360553,True
559328,Seidlstraße,,145644,48.142574,11.556314,1.0,,690156.6822514813,5335307.418266108,True
560218,Selma-Lagerlöf-Straße,,580193,48.12965,11.702722,1.0,,701097.1829667091,5334243.613638088,True
560219,Selma-Lagerlöf-Straße,580193.0,379334,48.12979,11.702748,,,701098.5704092189,5334259.240534151,True
560220,Selma-Lagerlöf-Straße,580193.0,501946,48.129536,11.70247,,,701078.8796277582,5334230.285215375,True
560940,Sendlinger Kirche,,362702,48.12198,11.541151,1.0,,689104.474428912,5332981.279033292,True
560941,Sendlinger Kirche,362702.0,179538,48.121895,11.541222,,,689110.0698172532,5332972.007021352,True
560942,Sendlinger Kirche,362702.0,314290,48.122074,11.541043,,,689096.0927828434,5332991.460302524,True
560943,Sendlinger Tor,,607669,48.133446,11.566681,1.0,,690961.6646393691,5334318.658558368,True
560944,Sendlinger Tor,607669.0,105671,48.13344,11.566519,,,690949.6349348912,5334317.589424275,True
560945,Sendlinger Tor,607669.0,114067,48.13363,11.566196,,,690924.9006233065,5334337.903260521,True
560946,Sendlinger Tor,607669.0,134399,48.133793,11.56607,,,690914.9223112639,5334355.705633045,True
560947,Sendlinger Tor,607669.0,218514,48.133175,11.565675,,,690887.8284580547,5334286.042682665,True
560948,Sendlinger Tor,607669.0,268579,48.133335,11.566564,,,690953.3722396127,5334306.031858715,True
560949,Sendlinger Tor,607669.0,320890,48.133804,11.566223,,,690926.2638412587,5334357.308030417,True
560950,Sendlinger Tor,607669.0,377735,48.13364,11.56775,,,691040.472664149,5334342.874435752,True
560951,Sendlinger Tor,607669.0,46720,48.133263,11.565827,,,690898.8101593256,5334296.200039438,True
560952,Sendlinger Tor,607669.0,558428,48.132946,11.565773,,,690895.968485431,5334260.835749863,True
560953,Sendlinger Tor,607669.0,597309,48.133385,11.566672,,,690961.2213977712,5334311.856889098,True
560954,Sendlinger Tor,607669.0,635053,48.133167,11.567076,,,690992.0858587832,5334288.6325786915,True
560955,Sendlinger Tor,607669.0,80434,48.1336,11.567363,,,691011.8304155426,5334337.467535693,True
560967,Senftenauerstraße,,318050,48.125717,11.497807,1.0,,685865.6828427901,5333290.929351856,True
560968,Senftenauerstraße,318050.0,484307,48.125763,11.498076,,,685885.5321017709,5333296.691820394,True
560969,Senftenauerstraße,318050.0,690544,48.12559,11.497528,,,685845.3818545819,5333276.140700026,True
561194,Senserstraße,,230563,48.12295,11.54858,1.0,,689653.7052121172,5333107.375103312,True
561195,Senserstraße,230563.0,259173,48.122944,11.548714,,,689663.6982709388,5333107.038747846,True
561196,Senserstraße,230563.0,670614,48.122986,11.548472,,,689645.5363262222,5333111.109682016,True
561481,Servetstraße,,15419,48.194763,11.456475,1.0,,682545.053361741,5340865.483423712,True
561482,Servetstraße,15419.0,133718,48.194878,11.456664,,,682558.6885951299,5340878.713453442,True
561483,Servetstraße,15419.0,371660,48.194633,11.456206,,,682525.5268147569,5340850.39627457,True
562376,Siedlung Ludwigsfeld,,466234,48.21727,11.489381,1.0,,684909.1109333842,5343445.586960123,True
562377,Siedlung Ludwigsfeld,466234.0,416568,48.217358,11.489201,,,684895.4245858588,5343454.933741183,True
562378,Siedlung Ludwigsfeld,466234.0,78089,48.21719,11.489758,,,684937.4004908404,5343437.603718821,True
562401,Siedlung am Haidelweg,,44016,48.13581,11.453295,1.0,,682517.9089262751,5334306.018728994,True
562402,Siedlung am Haidelweg,44016.0,336757,48.135777,11.453107,,,682504.0402209044,5334301.904962081,True
562403,Siedlung am Haidelweg,44016.0,417412,48.13588,11.453457,,,682529.712204784,5334314.1828958,True
562404,Siedlung am Hart,,629634,48.201206,11.577011,1.0,,691477.622405601,5341874.993401841,True
562405,Siedlung am Hart,629634.0,103179,48.201164,11.576877,,,691467.8232617399,5341869.991599429,True
563093,Siegenburger Straße,,640671,48.126442,11.522304,1.0,,687685.772833079,5333431.000061007,True
563094,Siegenburger Straße,640671.0,241210,48.126015,11.521531,,,687629.8136893358,5333381.6584183695,True
563095,Siegenburger Straße,640671.0,268131,48.126778,11.523076,,,687741.9884404088,5333470.226401648,True
563139,Siegestor,,500368,48.151512,11.581754,1.0,,692015.5879012457,5336363.991909472,True
563140,Siegestor,500368.0,351486,48.15142,11.581871,,,692024.6324706206,5336354.059617723,True
563141,Siegestor,500368.0,371696,48.151474,11.581611,,,692005.0950356876,5336359.411527321,True
563144,Siegfried-Mollier-Straße,,623746,48.10655,11.646379,1.0,,696993.6295236291,5331530.568598546,True
563145,Siegfried-Mollier-Straße,623746.0,220433,48.106655,11.646559,,,697006.6259842059,5331542.698783942,True
563146,Siegfried-Mollier-Straße,623746.0,69585,48.106476,11.646217,,,696981.8542794606,5331521.929729527,True
563181,Siegmannstraße,,178019,48.137352,11.461174,1.0,,683098.5584754436,5334496.124716597,True
563182,Siegmannstraße,178019.0,253988,48.137444,11.460985,,,683084.1715219808,5334505.899312864,True
563183,Siegmannstraße,178019.0,645801,48.137268,11.461335,,,683110.8340967806,5334487.172573946,True
563349,Siemensallee,,486830,48.09053,11.521136,1.0,,687729.6843014148,5329437.020009004,True
563350,Siemensallee,486830.0,514987,48.090607,11.520525,,,687683.9106104869,5329444.086959856,True
563351,Siemensallee,486830.0,552985,48.09032,11.520813,,,687706.3992772005,5329412.893424362,True
563352,Siemensallee,486830.0,55647,48.0907,11.521361,,,687745.8180309404,5329456.462124598,True
563373,Siemenswerke,,287454,48.09455,11.532832,1.0,,688585.827312576,5329912.388899537,True
563374,Siemenswerke,287454.0,148536,48.095337,11.531476,,,688481.9933614917,5329996.53022032,True
563375,Siemenswerke,287454.0,156244,48.095318,11.531637,,,688494.0493266615,5329994.813058844,True
563884,Siglstraße,,611079,48.134937,11.514219,1.0,,687053.3355974382,5334355.406709647,True
563885,Siglstraße,611079.0,143385,48.1349,11.514327,,,687061.5045138566,5334351.5573804425,True
563886,Siglstraße,611079.0,198950,48.13498,11.514084,,,687043.1362785443,5334359.857192335,True
563887,Siglstraße,611079.0,258875,48.135452,11.51377,,,687018.0618422148,5334411.550027249,True
564079,Sigmund-Riefler-Bogen,,247517,48.136654,11.715298,1.0,,702005.3383618197,5335054.969651896,True
564080,Sigmund-Riefler-Bogen,247517.0,529663,48.136417,11.715199,,,701998.904095982,5335028.370553942,True
564081,Sigmund-Riefler-Bogen,247517.0,8238,48.13694,11.715334,,,702006.8937123595,5335086.848839118,True
564129,Silberdistelstraße,,659486,48.129494,11.479544,1.0,,684493.2614956532,5333666.716374564,True
564130,Silberdistelstraße,659486.0,649489,48.12942,11.479553,,,684494.1963026775,5333658.513821229,True
564131,Silberdistelstraße,659486.0,658166,48.12956,11.479526,,,684491.6857510493,5333674.008239075,True
564156,Silberhorn-/Ichostraße,,419141,48.115967,11.57967,1.0,,691993.1460665849,5332408.450738826,True
564157,Silberhorn-/Ichostraße,419141.0,116083,48.115967,11.57967,,,691993.1460665849,5332408.450738826,True
564158,Silberhorn-/Ichostraße,419141.0,315656,48.11616,11.580649,,,692065.2835432582,5332432.344279194,True
564159,Silberhorn-/Ichostraße,419141.0,629545,48.115543,11.581557,,,692135.1584220736,5332366.041264222,True
564160,Silberhornstraße,,188879,48.11513,11.579715,1.0,,691999.615182673,5332315.542277018,True
564161,Silberhornstraße,188879.0,197219,48.11471,11.581018,,,692098.1525459975,5332272.118699319,True
564162,Silberhornstraße,188879.0,264195,48.114765,11.581063,,,692101.2963927566,5332278.343567363,True
564163,Silberhornstraße,188879.0,401231,48.11533,11.578601,,,691915.9646572348,5332334.989181069,True
564164,Silberhornstraße,188879.0,555488,48.11558,11.579994,,,692018.7010012297,5332366.249962436,True
564165,Silberhornstraße,188879.0,65102,48.11548,11.579688,,,691996.3010784589,5332354.372460055,True
565103,Simplonstraße,,589060,48.114586,11.662755,1.0,,698181.6273121367,5332465.7186011495,True
565104,Simplonstraße,589060.0,519153,48.114513,11.66316,,,698212.0489637434,5332458.649405945,True
565105,Simplonstraße,589060.0,662270,48.11468,11.66245,,,698158.5670874723,5332475.379436183,True
566135,Sipplinger Straße,,116108,48.149254,11.43099,1.0,,680811.3462272094,5335747.451056286,True
566136,Sipplinger Straße,116108.0,452335,48.149364,11.430999,,,680811.6289765146,5335759.697388229,True
566137,Sipplinger Straße,116108.0,591297,48.149185,11.430972,,,680810.2500211434,5335739.740209388,True
566338,Situlistraße,,553056,48.19014,11.615594,1.0,,694386.0853447296,5340742.056144707,True
566339,Situlistraße,553056.0,174804,48.190117,11.615756,,,694398.2110019658,5340739.909927204,True
566340,Situlistraße,553056.0,291631,48.19015,11.615405,,,694372.0024542965,5340742.689295158,True
566521,Skagerrakstraße,,139857,48.17276,11.50449,1.0,,686192.6003721772,5338535.329552061,True
566522,Skagerrakstraße,139857.0,504513,48.172718,11.503493,,,686118.6371398352,5338528.246620322,True
566523,Skagerrakstraße,139857.0,544401,48.172813,11.504598,,,686200.4369204864,5338541.481521795,True
566524,Skagerrakstraße,139857.0,582857,48.17269,11.504374,,,686184.2306760498,5338527.268872733,True
568326,Solln,,454121,48.079105,11.526939,1.0,,688203.4575253855,5328181.4659880735,True
568327,Solln,454121.0,228723,48.078835,11.527361,,,688235.8709207743,5328152.491396448,True
568328,Solln,454121.0,367749,48.079205,11.527415,,,688238.5419885935,5328193.7437505955,True
568329,Solln Bf. Wendeschleife,,664329,48.081444,11.527577,1.0,,688242.4334645882,5328442.97327153,True
568330,Solln Bf. Wendeschleife,664329.0,535756,48.081444,11.527577,,,688242.4334645882,5328442.97327153,True
568335,Sollner Straße,,390143,48.076912,11.525214,1.0,,688082.987945654,5327933.5279384535,True
568336,Sollner Straße,390143.0,432801,48.07665,11.525062,,,688072.6228597105,5327904.038887342,True
568337,Sollner Straße,390143.0,87853,48.07711,11.525322,,,688090.3093519497,5327955.796781676,True
568866,Sondermeierstraße,,518509,48.19078,11.624388,1.0,,695037.1586183696,5340835.472891502,True
568867,Sondermeierstraße,518509.0,133464,48.19081,11.624811,,,695068.4784347893,5340839.8810130935,True
568868,Sondermeierstraße,518509.0,138818,48.19082,11.624038,,,695010.9977498313,5340839.029820114,True
569263,Sonnentaustraße,,387150,48.1992,11.518765,1.0,,687157.4391221054,5341508.494117566,True
569264,Sonnentaustraße,387150.0,491687,48.199238,11.518711,,,687153.2884378061,5341512.585786945,True
569265,Sonnentaustraße,387150.0,647991,48.199158,11.5188,,,687160.192690477,5341503.911605794,True
570032,Soyerhofstraße,,333076,48.101593,11.581952,1.0,,692216.597554036,5330816.6833171705,True
570033,Soyerhofstraße,333076.0,188915,48.10179,11.581889,,,692211.1729361987,5330838.419643758,True
570034,Soyerhofstraße,333076.0,412405,48.101406,11.582042,,,692223.9948114536,5330796.125816784,True
570809,Sperberstraße,,235975,48.107563,11.699973,1.0,,700978.8431227786,5331781.792581028,True
570810,Sperberstraße,235975.0,506089,48.10765,11.700296,,,701002.5450131278,5331792.305313228,True
570811,Sperberstraße,235975.0,542588,48.107468,11.699586,,,700950.4087370317,5331770.223668676,True
570868,Spertentalstraße,,381359,48.117855,11.670194,1.0,,698722.634299569,5332848.214598091,True
570869,Spertentalstraße,381359.0,230362,48.117764,11.670203,,,698723.6552109267,5332838.124557828,True
570870,Spertentalstraße,381359.0,318055,48.117996,11.66996,,,698704.6767273614,5332863.280034502,True
570871,Spertentalstraße,381359.0,340385,48.117645,11.670203,,,698724.1144204529,5332824.899478921,True
570872,Spertentalstraße,381359.0,582972,48.117878,11.670086,,,698714.5085418145,5332850.491645788,True
571442,Spiegelbergstraße,,166786,48.19798,11.467255,1.0,,683334.5960563519,5341248.686984187,True
571443,Spiegelbergstraße,166786.0,242050,48.197968,11.467579,,,683358.7127571622,5341248.126637494,True
571444,Spiegelbergstraße,166786.0,690287,48.197987,11.466923,,,683309.9027966596,5341248.672650734,True
571557,Spielmannsauer Straße,,641831,48.082397,11.494016,1.0,,685739.6996852981,5328467.337730137,True
571558,Spielmannsauer Straße,641831.0,318009,48.08256,11.493971,,,685735.761459785,5328485.344325207,True
571559,Spielmannsauer Straße,641831.0,514374,48.082195,11.494016,,,685740.4272865849,5328444.888212195,True
571610,Spindlerplatz,,441151,48.089966,11.514183,1.0,,687214.0314670231,5329357.398775745,True
571611,Spindlerplatz,441151.0,644668,48.089924,11.51421,,,687216.1943627214,5329352.796749763,True
571612,Spindlerplatz,441151.0,93374,48.090015,11.514147,,,687211.1730317776,5329362.756858401,True
571624,Spiridon-Louis-Ring,,505047,48.16788,11.55476,1.0,,689947.6110964918,5338116.003874333,True
571625,Spiridon-Louis-Ring,505047.0,216277,48.16778,11.55485,,,689954.6716455325,5338105.112625144,True
571626,Spiridon-Louis-Ring,505047.0,424964,48.16799,11.554679,,,689941.182730291,5338128.028745749,True
571758,Spixstraße,,542041,48.111034,11.579571,1.0,,692004.1663657869,5331859.970097515,True
571759,Spixstraße,542041.0,250786,48.11121,11.579913,,,692028.964354109,5331880.383773361,True
571760,Spixstraße,542041.0,275473,48.110832,11.579185,,,691976.1902906039,5331836.557183506,True
572945,St. Achaz,,350141,48.11053,11.538941,1.0,,688982.0338137962,5331703.336066027,True
572946,St. Achaz,350141.0,163212,48.11054,11.538995,,,688986.0162480936,5331704.58010009,True
572947,St. Achaz,350141.0,596796,48.110844,11.540108,,,689067.7390109382,5331741.100655918,True
573131,St. Emmeram,,566559,48.17623,11.630838,1.0,,695571.8431132375,5339234.83241274,True
573132,St. Emmeram,566559.0,162151,48.176136,11.631817,,,695644.9724588532,5339226.877849143,True
573133,St. Emmeram,566559.0,416202,48.176113,11.631494,,,695621.0505712164,5339223.499342676,True
573134,St. Emmeram,566559.0,462579,48.17643,11.630443,,,695541.7208028659,5339256.054398169,True
573135,St. Emmeram,566559.0,525559,48.175976,11.631153,,,695596.2245458271,5339207.405568352,True
573136,St. Emmeram,566559.0,594958,48.176556,11.630686,,,695559.3040648531,5339270.676014223,True
573137,St. Emmeram,566559.0,641581,48.176785,11.630829,,,695569.0620899115,5339296.490209151,True
573138,St. Emmeram,566559.0,659210,48.176556,11.631449,,,695616.0193894847,5339272.618201649,True
573889,St. Wolfgang,,202367,48.156597,11.45767,1.0,,682769.5176756999,5336626.629395744,True
573894,St. Wolfgang,202367.0,418849,48.156513,11.457742,,,682775.1702517036,5336617.465023902,True
573895,St. Wolfgang,202367.0,423574,48.15652,11.457589,,,682763.7679715579,5336617.879198959,True
573911,St.-Augustinus-Straße,,48755,48.1171,11.656467,1.0,,697704.0137161983,5332728.928998277,True
573912,St.-Augustinus-Straße,48755.0,24197,48.11727,11.656333,,,697693.3891196308,5332747.477531501,True
573913,St.-Augustinus-Straße,48755.0,404189,48.116703,11.655695,,,697648.0867192955,5332682.824052682,True
573914,St.-Augustinus-Straße,48755.0,510389,48.11667,11.655937,,,697666.2226541714,5332679.778535237,True
573915,St.-Augustinus-Straße,48755.0,77326,48.117188,11.656261,,,697688.3458212828,5332738.179366546,True
573916,St.-Cajetan-Straße,,544876,48.121304,11.599047,1.0,,693415.1362486962,5333050.1344770035,True
573917,St.-Cajetan-Straße,544876.0,162891,48.121223,11.599182,,,693425.4861603109,5333041.47200352,True
573918,St.-Cajetan-Straße,544876.0,294416,48.12135,11.598858,,,693400.8995720805,5333054.7714128615,True
573926,St.-Jakobs-Platz,,678827,48.135323,11.572511,1.0,,691388.4067238787,5334541.756749922,True
573927,St.-Jakobs-Platz,678827.0,115429,48.135147,11.571846,,,691339.5902901938,5334520.541691088,True
573928,St.-Johann-Straße,,394845,48.191776,11.466429,1.0,,683295.3611574179,5340557.214210474,True
573929,St.-Johann-Straße,394845.0,267375,48.191795,11.466483,,,683299.3061540491,5340559.454674802,True
573930,St.-Johann-Straße,394845.0,322965,48.191753,11.466348,,,683289.4240320383,5340554.464779411,True
573939,St.-Martin-Straße,,78269,48.11856,11.595777,1.0,,693182.1020342007,5332736.958844833,True
573940,St.-Martin-Straße Ost,,3012,48.119186,11.60035,1.0,,693520.0547527338,5332818.026626136,True
573941,St.-Martin-Straße Ost,3012.0,242545,48.11924,11.600179,,,693507.1268295397,5332823.59769363,True
573942,St.-Martin-Straße Ost,3012.0,97563,48.119167,11.600529,,,693533.4464886278,5332816.365472105,True
573943,"St.-Martin-Straße, München",78269.0,435495,48.118774,11.596478,,,693233.4647911488,5332762.50295182,True
573944,"St.-Martin-Straße, München",78269.0,51335,48.118645,11.596554,,,693239.6044576508,5332748.357381848,True
573947,St.-Martins-Platz,,83766,48.11723,11.588402,1.0,,692638.2574103208,5332570.649628159,True
573951,St.-Martins-Platz,83766.0,173888,48.117184,11.588393,,,692637.7597101978,5332565.514834513,True
573952,St.-Martins-Platz,83766.0,513726,48.117268,11.588411,,,692638.7850334154,5332574.895334714,True
573953,St.-Martins-Platz,83766.0,630176,48.117104,11.58842,,,692640.0682457149,5332556.69158991,True
573960,St.-Quirin-Platz,,46064,48.104366,11.58144,1.0,,692168.141645329,5331123.583576178,True
573961,St.-Quirin-Platz,46064.0,141520,48.10377,11.582024,,,692213.836132502,5331058.805711561,True
573962,St.-Quirin-Platz,46064.0,341050,48.104694,11.581206,,,692149.5001998437,5331159.451583949,True
573963,St.-Quirin-Platz,46064.0,41134,48.10413,11.581575,,,692179.0708667133,5331097.692786277,True
573964,St.-Quirin-Platz,46064.0,584665,48.10465,11.581108,,,692142.3695244842,5331154.316824997,True
573965,St.-Veit-Straße,,577465,48.122112,11.642229,1.0,,696625.3123176245,5333249.437011893,True
573966,St.-Veit-Straße,577465.0,206540,48.12225,11.642256,,,696626.7944222266,5333264.842739215,True
573967,St.-Veit-Straße,577465.0,374762,48.12199,11.64204,,,696611.7145324034,5333235.3952669045,True
573968,St.-Veit-Straße,577465.0,481825,48.12198,11.642238,,,696626.486083115,5333234.790142994,True
574454,Stadelheimer Straße,,108000,48.099926,11.586147,1.0,,692535.1051350771,5330641.910335639,True
574455,Stadelheimer Straße,108000.0,144185,48.0999,11.586471,,,692559.3218878916,5330639.831729501,True
574456,Stadelheimer Straße,108000.0,632549,48.099983,11.585788,,,692508.1670876057,5330647.346666609,True
575306,Stadtwerke München,,405800,48.171272,11.530586,1.0,,688137.977177326,5338433.515118749,True
575307,Stadtwerke München,405800.0,523878,48.171272,11.530586,,1,688137.977177326,5338433.515118749,True
575389,Staffelseestraße,,356941,48.091747,11.506125,1.0,,686607.6010479046,5329535.758312196,True
575390,Staffelseestraße,356941.0,47337,48.091465,11.505865,,,686589.2633509203,5329503.787356576,True
575391,Staffelseestraße,356941.0,646261,48.091934,11.506323,,,686621.666242047,5329557.021009545,True
575491,Stahlgruberring,,408970,48.13441,11.663824,1.0,,698184.8597848457,5334671.619566969,True
575492,Stahlgruberring,408970.0,302284,48.134212,11.663923,,,698192.9871368096,5334649.869939428,True
575493,Stahlgruberring,408970.0,500592,48.13456,11.663438,,,698155.5666385057,5334687.294998376,True
575981,Stanigplatz,,35687,48.216503,11.553242,1.0,,689655.1410152643,5343516.086801672,True
575982,Stanigplatz,35687.0,653090,48.216827,11.55352,,,689674.5919146603,5343552.782055748,True
575983,Stanigplatz,35687.0,666043,48.21686,11.553332,,,689660.5064142421,5343555.98526605,True
576437,Staudingerstraße,,440632,48.109253,11.639345,1.0,,696459.7576244818,5331812.977275355,True
576438,Staudingerstraße,440632.0,20528,48.10964,11.639399,,,696462.300856233,5331856.12455756,True
576439,Staudingerstraße,440632.0,300311,48.10904,11.639795,,,696494.0633074541,5331790.454919943,True
576440,Staudingerstraße,440632.0,547991,48.10924,11.638905,,,696427.058269588,5331810.408790149,True
576578,Staufener Straße,,60895,48.15775,11.430343,1.0,,680733.373086348,5336690.15742152,True
576579,Staufener Straße,60895.0,426155,48.157684,11.430128,,,680717.6174888243,5336682.316820368,True
576580,Staufener Straße,60895.0,568286,48.1578,11.430101,,,680715.2021556642,5336695.1453511445,True
577238,Stegener Weg,,359734,48.125885,11.508245,1.0,,686641.7280049984,5333334.880356474,True
577239,Stegener Weg,359734.0,114195,48.125927,11.508146,,,686634.2095507049,5333339.307835571,True
577240,Stegener Weg,359734.0,478703,48.125813,11.508434,,,686656.0517889638,5333327.33722397,True
577275,Stegmühlstraße,,478159,48.162464,11.645122,1.0,,696686.272637337,5337741.387204176,True
577276,Stegmühlstraße,478159.0,145556,48.162537,11.644996,,,696676.6250096298,5337749.1776824035,True
577277,Stegmühlstraße,478159.0,284230,48.16243,11.645238,,,696695.0275732978,5337737.905454017,True
578895,Steinerstraße,,111003,48.104244,11.54036,1.0,,689110.7198051388,5331008.221182684,True
578896,Steinerstraße,111003.0,493236,48.104183,11.540189,,,689098.2149066844,5331001.021524857,True
578897,Steinerstraße,111003.0,76314,48.104294,11.540558,,,689125.274852398,5331014.264749623,True
580214,Steirerstraße,,623134,48.172752,11.460185,1.0,,682899.0634681113,5338428.044176802,True
580215,Steirerstraße,623134.0,312265,48.17292,11.460374,,,682912.5156481436,5338447.165191969,True
580216,Steirerstraße,623134.0,56933,48.172626,11.459988,,,682884.8670534448,5338413.571952161,True
580859,Stephansplatz,,27126,48.130783,11.565899,1.0,,690913.3645085475,5334020.760667951,True
580860,Stephansplatz,27126.0,79444,48.130783,11.565899,,,690913.3645085475,5334020.760667951,True
581136,Sternwartstraße,,570430,48.14619,11.603359,1.0,,693642.3520413635,5335826.718855625,True
581137,Sternwartstraße,570430.0,325321,48.145996,11.603179,,,693629.6944742785,5335804.705042555,True
581138,Sternwartstraße,570430.0,679789,48.146393,11.603592,,,693658.9175481871,5335849.866438981,True
581503,Stettnerstraße,,420207,48.096985,11.586875,1.0,,692600.2909038089,5330316.882681182,True
581504,Stettnerstraße,420207.0,183018,48.0974,11.586911,,,692601.4200819688,5330363.094079926,True
581505,Stettnerstraße,420207.0,37470,48.096573,11.586839,,,692599.1504611342,5330271.004692864,True
581513,Steubenplatz,,204293,48.150127,11.520274,1.0,,687448.441656823,5336058.324364979,True
581514,Steubenplatz,204293.0,575996,48.150257,11.519744,,,687408.5514320792,5336071.479965409,True
581515,Steubenplatz,204293.0,58354,48.149982,11.520849,,,687491.7334510965,5336043.611734734,True
582057,Stiftsbogen,,408994,48.120605,11.491357,1.0,,685404.1667076123,5332707.228894661,True
582058,Stiftsbogen,408994.0,438182,48.12057,11.491779,,,685435.6953984129,5332704.356492224,True
582059,Stiftsbogen,408994.0,478475,48.12069,11.491411,,,685407.8790231841,5332716.805704815,True
582070,Stiglmaierplatz,,24278,48.14764,11.558488,1.0,,690299.6495527481,5335875.815780852,True
582071,Stiglmaierplatz,24278.0,119904,48.147934,11.556979,,,690186.3317875564,5335904.755626646,True
582072,Stiglmaierplatz,24278.0,268580,48.146637,11.558398,,,690296.6658173171,5335764.122937349,True
582073,Stiglmaierplatz,24278.0,422157,48.14714,11.558838,,,690327.5303282822,5335821.113920225,True
582074,Stiglmaierplatz,24278.0,523283,48.14703,11.558668,,,690315.2934840815,5335808.468020146,True
582075,Stiglmaierplatz,24278.0,617941,48.14785,11.556943,,,690183.9648570691,5335895.331083598,True
583460,Storchenweg,,75735,48.196613,11.482374,1.0,,684462.8775507701,5341132.954981345,True
583463,Storchenweg,75735.0,490855,48.19661,11.482266,,,684454.8635021992,5341132.362236042,True
583464,Storchenweg,75735.0,677688,48.196644,11.482482,,,684470.7910283362,5341136.659605803,True
585331,Stridbeckstraße,,467982,48.076374,11.519483,1.0,,687658.1184374699,5327859.746944943,True
585332,Stridbeckstraße,467982.0,35360,48.076347,11.519869,,,687686.9650741454,5327857.687538086,True
585333,Stridbeckstraße,467982.0,659545,48.07639,11.519169,,,687634.6742382466,5327860.759535757,True
585440,Stroblstraße,,114204,48.136147,11.49274,1.0,,685451.0869504684,5334437.854495145,True
585441,Stroblstraße,114204.0,204863,48.136215,11.493288,,,685491.608358217,5334446.733663362,True
585442,Stroblstraße,114204.0,520788,48.135902,11.494016,,,685546.893592749,5334413.704237895,True
586095,Studentenstadt,,48338,48.183674,11.607895,1.0,,693838.3490408021,5340003.993282374,True
586096,Studentenstadt,48338.0,163189,48.183537,11.60759,,,693816.1976702112,5339987.998094994,True
586097,Studentenstadt,48338.0,19207,48.18399,11.608407,,,693875.2094269854,5340040.404366957,True
586098,Studentenstadt,48338.0,354539,48.183067,11.607967,,,693845.990280239,5339936.7149404595,True
586099,Studentenstadt,48338.0,391870,48.184467,11.608875,,,693908.1915798573,5340094.597666722,True
586100,Studentenstadt,48338.0,425382,48.183468,11.607832,,,693834.4439148912,5339980.94017077,True
586101,Studentenstadt,48338.0,524198,48.18348,11.607707,,,693825.1083769829,5339981.958458083,True
586102,Studentenstadt,48338.0,562261,48.183735,11.608093,,,693852.8346171216,5340011.272185941,True
586103,Studentenstadt,48338.0,61202,48.184193,11.608623,,,693890.4967757969,5340063.51021038,True
586104,Studentenstadt,48338.0,671906,48.183495,11.608165,,,693859.0913191309,5339984.7810382005,True
586584,Stäblistraße,,245835,48.08692,11.502999,1.0,,686392.3044479203,5328991.727047793,True
586585,Stäblistraße,245835.0,391680,48.086376,11.503188,,,686408.3446960032,5328931.726770701,True
586586,Stäblistraße,245835.0,614202,48.0869,11.502846,,,686380.9839810225,5328989.133730344,True
586601,Ständlerstraße,,91859,48.1046,11.605182,1.0,,693934.5379085515,5331209.171826657,True
586602,Ständlerstraße,91859.0,299478,48.105545,11.604545,,,693883.5657877286,5331312.589195483,True
586603,Ständlerstraße,91859.0,37046,48.10379,11.605668,,,693973.763390014,5331120.377405249,True
586921,Stösserstraße,,431226,48.219765,11.557078,1.0,,689927.9855926249,5343888.099089607,True
586922,Stösserstraße,431226.0,109176,48.219795,11.5567,,,689899.800550543,5343890.498353854,True
586923,Stösserstraße,431226.0,270021,48.219746,11.557554,,,689963.4084003258,5343887.164911702,True
586996,Stücklenstraße,,547238,48.171722,11.474064,1.0,,683934.4939541675,5338346.697470972,True
586997,Stücklenstraße,547238.0,425076,48.171722,11.474064,,1,683934.4939541675,5338346.697470972,True
587505,Sudermannallee,,634070,48.09755,11.652649,1.0,,697494.8188162132,5330546.429534568,True
587506,Sudermannallee,634070.0,647,48.0974,11.652658,,,697496.0636760951,5330529.782392021,True
587507,Sudermannallee,634070.0,684113,48.097656,11.652739,,,697501.1127394577,5330558.440889009,True
587534,Sudetendeutsche Straße,,358049,48.19615,11.578476,1.0,,691605.33068612,5341316.736520814,True
587536,Sudetendeutsche Straße,358049.0,219650,48.1961,11.578359,,,691596.8236524257,5341310.887829479,True
587537,Sudetendeutsche Straße,358049.0,403847,48.196205,11.578556,,,691611.0698036412,5341323.048617556,True
588553,Sumpfmeisenweg,,604231,48.17969,11.398444,1.0,,678285.2443582912,5339054.025920907,True
588554,Sumpfmeisenweg,604231.0,427416,48.179623,11.398417,,,678283.469907175,5339046.516988606,True
588555,Sumpfmeisenweg,604231.0,510985,48.17976,11.398471,,,678287.0083963478,5339061.868269867,True
589338,Sylvensteinstraße,,480779,48.112972,11.539722,1.0,,689031.2006112067,5331976.649937378,True
589339,Sylvensteinstraße,480779.0,435782,48.113037,11.539309,,,689000.2247383894,5331982.85889573,True
589340,Sylvensteinstraße,480779.0,689798,48.11284,11.540225,,,689069.1207132062,5331963.216236618,True
589428,Säbener Straße,,215639,48.094837,11.573876,1.0,,691640.5347089458,5330045.7031119205,True
589429,Säbener Straße,215639.0,256980,48.09493,11.573786,,,691633.4883711298,5330055.814559063,True
589430,Säbener Straße,215639.0,680838,48.094784,11.573984,,,691648.7724507152,5330040.081937312,True
589466,Säulingstraße,,469799,48.127472,11.512108,1.0,,686923.396977323,5333520.637031933,True
589467,Säulingstraße,469799.0,332624,48.127583,11.512503,,,686952.3834107369,5333533.933416827,True
589468,Säulingstraße,469799.0,358642,48.127262,11.511479,,,686877.3592346825,5333495.769587914,True
590661,Südpark,,149796,48.100933,11.511129,1.0,,686946.8539258405,5330568.804306218,True
590662,Südpark,149796.0,187960,48.101162,11.511542,,,686976.7676570372,5330595.258205627,True
590663,Südpark,149796.0,33497,48.10068,11.510662,,,686913.0070698792,5330539.552101321,True
590725,Südtiroler Straße,,628545,48.100735,11.566636,1.0,,691079.642733909,5330683.173754268,True
590726,Südtiroler Straße,628545.0,140822,48.100716,11.566672,,,691082.3931058459,5330681.151589675,True
590727,Südtiroler Straße,628545.0,371552,48.100754,11.566591,,,691076.2223847362,5330685.17356652,True
591023,Süskindstraße,,352400,48.139866,11.647655,1.0,,696961.1189600939,5335236.424886668,True
591024,Süskindstraße,352400.0,104491,48.139782,11.647493,,,696949.3900863661,5335226.674476328,True
591025,Süskindstraße,352400.0,174584,48.13994,11.647745,,,696967.5303585815,5335244.879500698,True
591491,Taimerhofstraße,,185026,48.166805,11.630865,1.0,,695609.7142333345,5338187.441263603,True
591492,Taimerhofstraße,185026.0,250319,48.166725,11.630677,,,695596.0415327826,5338178.071852376,True
591493,Taimerhofstraße,185026.0,550356,48.166683,11.630784,,,695604.1563834372,5338173.676469589,True
591494,Taimerhofstraße,185026.0,608149,48.166862,11.630713,,,695598.1967524069,5338193.389146398,True
591506,Tal,,567870,48.13603,11.579589,1.0,,691912.317417486,5334637.9724885225,True
591507,Tal,567870.0,473451,48.13603,11.579589,,2,691912.317417486,5334637.9724885225,True
592294,Tannenweg,,283590,48.16539,11.489785,1.0,,685125.9925915881,5337680.7210848825,True
592297,Tannenweg,283590.0,198501,48.165314,11.489722,,,685121.5822371814,5337672.122880879,True
592298,Tannenweg,283590.0,350581,48.165447,11.489686,,,685118.4268069104,5337686.817467189,True
592854,Taubenstraße,,577544,48.121872,11.578871,1.0,,691911.6775085101,5333062.714708436,True
592855,Taubenstraße,577544.0,202910,48.12162,11.578781,,,691905.9196437404,5333034.483836658,True
592856,Taubenstraße,577544.0,598229,48.122124,11.579015,,,691921.4535054013,5333091.080347744,True
593481,Technische Universität,,604092,48.14844,11.565531,1.0,,690820.5005161158,5335982.18360146,True
593482,Technische Universität,604092.0,521217,48.14997,11.566411,,,690880.2716943561,5336154.407364261,True
593483,Technische Universität,604092.0,8762,48.1481,11.566106,,,690864.5264995337,5335945.824616271,True
593698,Tegernseer Landstraße,,306517,48.112247,11.576364,1.0,,691760.9626382614,5331986.777615253,True
593699,Tegernseer Landstraße,306517.0,119341,48.1125,11.576724,,,691786.8137931231,5332015.792582022,True
593700,Tegernseer Landstraße,306517.0,453065,48.11112,11.576948,,,691808.6236218363,5331862.983562195,True
593701,Tegernseer Landstraße,306517.0,478239,48.111946,11.57534,,,691685.8710965416,5331950.773279448,True
593702,Tegernseer Landstraße,306517.0,608033,48.112457,11.576499,,,691770.2282404588,5332010.452737865,True
593703,Tegernseer Landstraße,306517.0,631234,48.11206,11.576266,,,691754.3650829344,5331965.750877168,True
594729,Terofalstraße,,542898,48.125656,11.47534,1.0,,684194.2098490658,5333230.094701343,True
594730,Terofalstraße,542898.0,308643,48.12558,11.474702,,,684147.0102046626,5333220.120402411,True
594731,Terofalstraße,542898.0,429425,48.125847,11.475313,,,684191.5175851589,5333251.257216795,True
594732,Terofalstraße,542898.0,552933,48.12573,11.475942,,,684238.7378708201,5333239.760874192,True
594901,Tessiner Straße,,569913,48.090717,11.475178,1.0,,684307.1053114187,5329346.697814231,True
594902,Tessiner Straße,569913.0,460840,48.090717,11.475178,,2,684307.1053114187,5329346.697814231,True
595440,Tettnanger Straße,,289824,48.15171,11.440566,1.0,,681514.8738336712,5336042.972033055,True
595441,Tettnanger Straße,289824.0,297505,48.152058,11.440746,,,681527.0322476684,5336082.073021428,True
595442,Tettnanger Straße,289824.0,333973,48.152058,11.440557,,,681512.976567066,5336081.626741509,True
596183,Thalkirchen (Tierpark),,68429,48.101532,11.546415,1.0,,689571.4145225126,5330721.722841087,True
596184,Thalkirchen (Tierpark),68429.0,327142,48.10101,11.546684,,,689593.35974987,5330664.372725591,True
596185,Thalkirchen (Tierpark),68429.0,69750,48.10271,11.546064,,,689540.9525388146,5330851.776255096,True
596186,Thalkirchen (Tierpark),68429.0,83702,48.10271,11.545983,,,689534.9229448913,5330851.576688356,True
596813,Theodolindenplatz,,131648,48.09034,11.556979,1.0,,690399.1515089443,5329503.9758808175,True
596814,Theodolindenplatz,131648.0,433036,48.090374,11.557096,,,690407.7374229806,5329508.044022143,True
596815,Theodolindenplatz,131648.0,582762,48.090298,11.556844,,,690389.2548981527,5329498.974127393,True
596816,Theodolindenstraße,,438362,48.08853,11.559611,1.0,,690601.8149891291,5329309.336476346,True
596817,Theodolindenstraße,438362.0,154888,48.088657,11.559719,,,690609.3870896515,5329323.718243802,True
596818,Theodolindenstraße,438362.0,547880,48.088406,11.559467,,,690591.5511956209,5329295.198956739,True
596891,Therese-Giehse-Allee,,653683,48.094772,11.642777,1.0,,696770.491629726,5330212.40075986,True
596892,Therese-Giehse-Allee,653683.0,12349,48.094753,11.642849,,,696775.9245921329,5330210.473344085,True
596893,Therese-Giehse-Allee,653683.0,286643,48.09479,11.642714,,,696765.7325414179,5330214.24006348,True
596910,Theresienhöhe,,326081,48.132557,11.545974,1.0,,689424.4410071591,5334168.63979856,True
596911,Theresienhöhe,326081.0,191234,48.132557,11.545974,,1,689424.4410071591,5334168.63979856,True
596918,Theresienstraße,,289258,48.15142,11.564408,1.0,,690725.9304646674,5336310.583811257,True
596919,Theresienstraße,289258.0,565895,48.151432,11.564354,,,690721.8700547633,5336311.783471116,True
596920,Theresienstraße,289258.0,669955,48.1514,11.564453,,,690729.351219725,5336308.47273031,True
596929,Theresienwiese,,153889,48.135166,11.551544,1.0,,689829.205608252,5334472.331441914,True
596930,Theresienwiese,153889.0,140718,48.135754,11.552209,,,689876.5073183409,5334539.321705156,True
596931,Theresienwiese,153889.0,9619,48.135674,11.552326,,,689885.5062863542,5334530.71971758,True
597041,Thiemestraße,,84244,48.156647,11.588707,1.0,,692513.4515488372,5336952.069248348,True
597042,Thiemestraße,84244.0,438191,48.15655,11.589372,,,692563.2648803061,5336942.954797409,True
597043,Thiemestraße,84244.0,69474,48.15672,11.588716,,,692513.847537578,5336960.204755003,True
597285,Thomas-Dehler-Straße,,617110,48.09735,11.644367,1.0,,696879.0190826653,5330502.974697849,True
597286,Thomas-Dehler-Straße,617110.0,216793,48.097446,11.644169,,,696863.9119427276,5330513.13697732,True
597287,Thomas-Dehler-Straße,617110.0,41712,48.097286,11.644529,,,696891.3239389416,5330496.276644067,True
597290,Thomas-Hauser-Straße,,645435,48.129456,11.650772,1.0,,697232.8662245302,5334087.493762376,True
597291,Thomas-Hauser-Straße,645435.0,467249,48.129414,11.650709,,,697228.339939331,5334082.664478134,True
597292,Thomas-Hauser-Straße,645435.0,691226,48.129513,11.650808,,,697235.326228444,5334093.920826145,True
597345,Thomasiusplatz,,396790,48.11582,11.602263,1.0,,693675.0692733064,5332448.759002602,True
597346,Thomasiusplatz,396790.0,339712,48.11594,11.602838,,,693717.4094774807,5332463.543386416,True
597347,Thomasiusplatz,396790.0,345729,48.116337,11.603494,,,693764.7353236862,5332509.316752379,True
597348,Thomasiusplatz,396790.0,396023,48.115643,11.601643,,,693629.5942498642,5332427.526909687,True
597349,Thomasiusplatz,396790.0,689139,48.116116,11.602083,,,693660.5606220384,5332481.201933485,True
597486,Thuillestraße,,692341,48.1737,11.469546,1.0,,683591.5608885022,5338555.724483514,True
597487,Thuillestraße,692341.0,45360,48.1737,11.469546,,1,683591.5608885022,5338555.724483514,True
598635,Tierheim,,555684,48.139774,11.669232,1.0,,698566.4780644546,5335281.703839611,True
598640,Tierheim,555684.0,637160,48.139996,11.668415,,,698504.8491044696,5335304.266094877,True
598641,Tierheim,555684.0,646399,48.1397,11.670158,,,698635.6442372261,5335275.87189896,True
598642,Tierheim,555684.0,76005,48.139378,11.66899,,,698550.0048491376,5335237.069188815,True
598663,Tierpark (Alemannenstr.),,492152,48.10064,11.558856,1.0,,690500.8337449413,5330653.32139605,True
598664,Tierpark (Alemannenstr.),492152.0,434014,48.100826,11.559171,,,690523.5953914126,5330674.772739844,True
598665,Tierpark (Alemannenstr.),492152.0,628612,48.10061,11.558731,,,690491.6393505317,5330649.677796244,True
598960,Tiroler Platz,,636239,48.09621,11.563689,1.0,,690877.0207736916,5330172.968599673,True
598961,Tiroler Platz,636239.0,397640,48.09622,11.563635,,,690872.9635080992,5330173.94598721,True
598962,Tiroler Platz,636239.0,596782,48.0962,11.563743,,,690881.078040822,5330171.991214976,True
599158,Tischlerstraße,,506063,48.095158,11.480577,1.0,,684693.1868823847,5329853.20123926,True
599159,Tischlerstraße,506063.0,336290,48.095158,11.480577,,1,684693.1868823847,5329853.20123926,True
599392,Tivolistraße,,515623,48.14994,11.596352,1.0,,693107.121219493,5336225.853702835,True
599393,Tivolistraße,515623.0,15026,48.149822,11.596289,,,693102.8788169035,5336212.581356033,True
599394,Tivolistraße,515623.0,177894,48.149822,11.596127,,,693090.8307237669,5336212.174419166,True
599395,Tivolistraße,515623.0,179939,48.150284,11.596388,,,693108.5071835209,5336264.175036823,True
599396,Tivolistraße,515623.0,565156,48.150146,11.596253,,,693098.9852252968,5336248.499094537,True
599607,Togostraße,,247339,48.10647,11.697215,1.0,,700777.8210173424,5331653.119682572,True
599608,Togostraße,247339.0,487731,48.106506,11.697386,,,700790.408752356,5331657.566895371,True
599609,Togostraße,247339.0,560068,48.106453,11.697035,,,700764.489322892,5331650.7605663715,True
599709,Toni-Merkens-Weg,,684160,48.170536,11.539641,1.0,,688813.8318223422,5338373.926220565,True
599710,Toni-Merkens-Weg,684160.0,467391,48.1705,11.539731,,,688820.6547760363,5338370.1464128,True
599711,Toni-Merkens-Weg,684160.0,605585,48.17056,11.539578,,,688809.0601678347,5338376.438726087,True
600294,Trabrennbahn,,549163,48.14288,11.66139,1.0,,697971.1999860997,5335606.666416195,True
600297,Trabrennbahn,549163.0,188000,48.142857,11.661282,,,697963.2553776233,5335603.832185339,True
600298,Trabrennbahn,549163.0,341638,48.142918,11.661462,,,697976.4091712134,5335611.074982994,True
600585,Trappentreustraße,,464226,48.1401,11.534377,1.0,,688534.0337193051,5334978.440354829,True
600586,Trappentreustraße,464226.0,18806,48.13993,11.535267,,,688600.8597756138,5334961.729909234,True
600587,Trappentreustraße,464226.0,254053,48.13944,11.533964,,,688505.7301698236,5334904.077433373,True
600588,Trappentreustraße,464226.0,344611,48.140266,11.533102,,,688438.584451234,5334993.763347978,True
600589,Trappentreustraße,464226.0,401632,48.140022,11.535132,,,688590.4805539664,5334971.623341854,True
600590,Trappentreustraße,464226.0,51296,48.13971,11.534808,,,688567.5229061239,5334936.153988851,True
600591,Trappentreustraße,464226.0,629156,48.14044,11.534377,,,688532.7880630512,5335016.226855571,True
600761,Traunsteiner Straße,,351796,48.104675,11.587405,1.0,,692611.001983954,5331172.842810075,True
600762,Traunsteiner Straße,351796.0,195281,48.1048,11.586929,,,692575.103083953,5331185.543047971,True
600763,Traunsteiner Straße,351796.0,438308,48.1046,11.587845,,,692644.0343910647,5331165.609423529,True
601500,Trenkleweg,,306652,48.210045,11.571756,1.0,,691054.2979484259,5342844.250502603,True
601501,Trenkleweg,306652.0,522875,48.210026,11.57208,,,691078.4366529499,5342842.944952957,True
601502,Trenkleweg,306652.0,552027,48.210045,11.571487,,,691034.3155818934,5342843.581348724,True
601968,Tribulaunstraße,,335250,48.094227,11.65388,1.0,,697599.2023681086,5330180.289002952,True
601969,Tribulaunstraße,335250.0,588998,48.093884,11.654455,,,697643.3269979879,5330143.646699157,True
601970,Tribulaunstraße,335250.0,665796,48.094585,11.653952,,,697603.1902768707,5330220.260228957,True
601971,Tribulaunstraße,335250.0,80312,48.094357,11.654123,,,697616.7955162528,5330195.360683382,True
602490,Trimburgstraße,,281260,48.138325,11.426427,1.0,,680510.3184914313,5334522.10410098,True
602491,Trimburgstraße,281260.0,351712,48.1383,11.426346,,,680504.3806930393,5334519.135504064,True
602492,Trimburgstraße,281260.0,454653,48.13833,11.426508,,,680516.3264337351,5334522.849949742,True
603326,Truchthari-Anger,,532890,48.129105,11.676554,1.0,,699152.4045405836,5334114.938415895,True
603327,Truchthari-Anger,532890.0,27176,48.129215,11.676769,,,699167.9750263874,5334127.720161767,True
603328,Truchthari-Anger,532890.0,660067,48.128983,11.676338,,,699136.8060063504,5334100.820502,True
603344,Trudering,,300405,48.125706,11.663241,1.0,,698174.9955235731,5333702.794695606,True
603345,Trudering,300405.0,109417,48.12577,11.662324,,,698106.5194857911,5333707.544536413,True
603346,Trudering,300405.0,128206,48.125225,11.664022,,,698234.9582067044,5333651.351651152,True
603347,Trudering,300405.0,193095,48.125416,11.663483,,,698194.1180339988,5333671.189151339,True
603348,Trudering,300405.0,21330,48.125572,11.663007,,,698158.1004192382,5333687.299542753,True
603349,Trudering,300405.0,549663,48.125656,11.66227,,,698102.9402600757,5333694.7359947935,True
603350,Trudering,300405.0,659249,48.125565,11.663591,,,698201.5802420683,5333688.026672245,True
603351,"Trudering, München",300405.0,251215,48.12565,11.663222,,,698173.797380801,5333696.522153158,True
603352,Truderinger Straße,,489713,48.12599,11.661165,1.0,,698019.4375172813,5333729.00909827,True
603353,Truderinger Straße,489713.0,322256,48.126087,11.661049,,,698010.4334574968,5333739.490518883,True
603354,Truderinger Straße,489713.0,72385,48.1259,11.661354,,,698033.8462590973,5333719.49363256,True
603355,"Truderinger Straße, Brücke",,497984,48.1277,11.655946,1.0,,697624.5532551467,5333905.624297868,True
603356,"Truderinger Straße, Brücke",497984.0,479525,48.127666,11.656198,,,697643.4332381686,5333902.493375229,True
603357,"Truderinger Straße, Brücke",497984.0,517599,48.1277,11.655578,,,697597.1731070596,5333904.6785882665,True
603695,Tubeufstraße,,261881,48.191513,11.473525,1.0,,683823.6131581082,5340544.93938454,True
603696,Tubeufstraße,261881.0,254594,48.191326,11.473445,,,683818.3374108257,5340523.965136063,True
603697,Tubeufstraße,261881.0,395322,48.191757,11.473588,,,683827.4215898167,5340572.20783589,True
603770,Tumblingerstraße,,118519,48.12321,11.553961,1.0,,690053.146395382,5333149.554517598,True
603771,Tumblingerstraße,118519.0,334524,48.12309,11.55405,,,690060.2118011891,5333136.438107976,True
603772,Tumblingerstraße,118519.0,83812,48.123363,11.553727,,,690035.1698407924,5333165.980120462,True
603923,Turnerstraße,,17776,48.111694,11.690693,1.0,,700272.0576784638,5332216.684451738,True
603924,Turnerstraße,17776.0,394779,48.112072,11.690738,,,700273.9370642145,5332258.8105910085,True
603925,Turnerstraße,17776.0,646304,48.11139,11.690756,,,700277.928517816,5332183.063511472,True
604702,Tölzer Straße,,541970,48.100418,11.538258,1.0,,688968.2830754673,5330577.849144482,True
604703,Tölzer Straße,541970.0,330977,48.10004,11.538141,,,688960.9593276214,5330535.552317887,True
604704,Tölzer Straße,541970.0,651875,48.100704,11.53833,,,688972.5941615559,5330609.81092667,True
605862,Türkenstraße,,351108,48.150288,11.575951,1.0,,691588.5856263909,5336213.481555079,True
605863,Türkenstraße,351108.0,21927,48.150307,11.575691,,,691569.1785645782,5336214.94517624,True
605864,Türkenstraße,351108.0,330300,48.150257,11.576167,,,691604.7651004164,5336210.574688515,True
607460,Ubostraße,,562651,48.157074,11.415889,1.0,,679660.9271137359,5336581.144461806,True
607461,Ubostraße,562651.0,142309,48.156857,11.415889,,,679661.685128076,5336557.027490473,True
607462,Ubostraße,562651.0,429752,48.157005,11.415054,,,679599.0761452906,5336571.52467052,True
607463,Ubostraße,562651.0,541604,48.157257,11.415871,,,679658.9493611117,5336601.440667561,True
607464,Ubostraße,562651.0,559864,48.156876,11.415216,,,679611.5732275094,5336557.566367973,True
609729,Umschlagbahnhof,,104108,48.144432,11.705803,1.0,,701268.5862155482,5335894.474527733,True
609730,Umschlagbahnhof,104108.0,407747,48.144337,11.705875,,,701274.3130893101,5335884.105198107,True
609731,Umschlagbahnhof,104108.0,581297,48.1445,11.705767,,,701265.6425895306,5335901.9374655355,True
609906,Ungsteiner Straße,,375094,48.115036,11.596801,1.0,,693271.5285375429,5332347.888872154,True
609907,Ungsteiner Straße,375094.0,164539,48.114956,11.596873,,,693277.1870813428,5332339.178938129,True
609908,Ungsteiner Straße,375094.0,228379,48.115135,11.596783,,,693269.8174550286,5332358.8460835805,True
609959,Universität,,177521,48.149513,11.58082,1.0,,691953.5869250125,5336139.497419748,True
609964,Universität,177521.0,138159,48.150055,11.581045,,,691968.2978779372,5336200.295249867,True
609965,Universität,177521.0,180057,48.149166,11.580119,,,691902.7469664069,5336099.182866408,True
609966,Universität,177521.0,401091,48.149036,11.580182,,,691907.9173679069,5336084.892398876,True
609967,Universität,177521.0,495904,48.150074,11.580946,,,691960.8642763922,5336202.159618369,True
609968,Universität,177521.0,633034,48.149406,11.580955,,,691964.0263622868,5336127.942928561,True
609969,Universität,177521.0,97567,48.14882,11.580299,,,691917.4247370423,5336061.179012035,True
610887,Untere Länge,,540977,48.20582,11.59425,1.0,,692741.1002272766,5342430.898760484,True
610888,Untere Länge,540977.0,293683,48.205894,11.594133,,,692732.1305130947,5342438.829307654,True
610889,Untere Länge,540977.0,435728,48.205727,11.594313,,,692746.1296395597,5342420.721101195,True
612399,Untermenzing,,463620,48.177635,11.472986,1.0,,683833.2058314824,5339001.2761763325,True
612400,Untermenzing,463620.0,183791,48.177826,11.473732,,,683887.9736900476,5339024.28848122,True
612401,Untermenzing,463620.0,20485,48.17734,11.474244,,,683927.7705384444,5338971.500834018,True
612402,Untermenzing,463620.0,282294,48.177666,11.473813,,,683894.56702169,5339006.700255854,True
612403,Untermenzing,463620.0,335446,48.177456,11.474406,,,683939.3971379437,5338984.780602566,True
612404,Untermenzinger Straße,,450446,48.178066,11.494815,1.0,,685454.2304400258,5339101.629856154,True
612405,Untermenzinger Straße,450446.0,191110,48.17838,11.494267,,,685412.3643648776,5339135.204661528,True
612406,Untermenzinger Straße,450446.0,267324,48.17776,11.495112,,,685477.4110153513,5339068.338560021,True
612407,Untermenzinger Straße,450446.0,532255,48.178463,11.495211,,,685482.232552388,5339146.707350723,True
612888,Untersbergstraße,,666127,48.112514,11.58771,1.0,,692604.3949624405,5332044.799846082,True
612889,Untersbergstraße,666127.0,229371,48.11254,11.587737,,,692606.3072157823,5332047.756988238,True
612890,Untersbergstraße,666127.0,25827,48.11248,11.587674,,,692601.8427952975,5332040.931081526,True
614351,Ursberger Straße,,80339,48.13093,11.645157,1.0,,696809.4740230163,5334236.920299473,True
614352,Ursberger Straße,80339.0,124986,48.129986,11.646685,,,696926.7655245959,5334135.920482723,True
614353,Ursberger Straße,80339.0,408575,48.130806,11.645391,,,696827.3572989849,5334223.738452904,True
614354,Ursberger Straße,80339.0,572018,48.12996,11.646882,,,696941.5216654084,5334133.535503908,True
614355,Ursberger Straße,80339.0,60731,48.131096,11.644933,,,696792.1742355088,5334254.795487095,True
615555,Valeppstraße,,502056,48.11094,11.584252,1.0,,692352.9109368816,5331861.218697055,True
615556,Valeppstraße,502056.0,211313,48.11093,11.583982,,,692332.8529068434,5331859.432172821,True
615557,Valeppstraße,502056.0,368534,48.110928,11.584494,,,692370.9671539891,5331860.490275622,True
615860,Varnhagenstraße,,547660,48.150604,11.449019,1.0,,682147.432438368,5335940.047445754,True
615861,Varnhagenstraße,547660.0,192655,48.150696,11.449451,,,682179.2347881602,5335951.295780608,True
615862,Varnhagenstraße,547660.0,6942,48.150486,11.448552,,,682113.1190332568,5335925.826797047,True
617711,Veldener Straße,,361474,48.14506,11.482823,1.0,,684681.3575325143,5335404.5499826735,True
617712,Veldener Straße,361474.0,271661,48.144875,11.483551,,,684736.1693416673,5335385.738620862,True
617713,Veldener Straße,361474.0,403885,48.145237,11.482149,,,684630.5912426781,5335422.602442932,True
617714,Veldensteinstraße,,236328,48.14054,11.42516,1.0,,680408.3031716957,5334765.30057182,True
617715,Veldensteinstraße,236328.0,162005,48.140594,11.425196,,,680410.7917388745,5334771.386481417,True
617716,Veldensteinstraße,236328.0,182036,48.140488,11.425133,,,680406.4770571606,5334759.45805609,True
618932,Vesaliusstraße,,269944,48.18872,11.460724,1.0,,682882.2957819975,5340203.9801279,True
618933,Vesaliusstraße,269944.0,432726,48.188812,11.461443,,,682935.4010114196,5340215.916581452,True
618934,Vesaliusstraße,269944.0,571466,48.18833,11.460679,,,682880.3398888218,5340160.529109376,True
618935,Vesaliusstraße,269944.0,635815,48.18917,11.460644,,,682874.7486669996,5340253.801899773,True
620134,Viktualienmarkt,,468019,48.135254,11.574927,1.0,,691568.3947988404,5334540.1049338225,True
620135,Viktualienmarkt,468019.0,266196,48.135086,11.574855,,,691563.6638548367,5334521.254650355,True
620878,Vinzenz-Schüpfer-Straße,,8085,48.08348,11.48382,1.0,,684976.5271502344,5328563.139774815,True
620879,Vinzenz-Schüpfer-Straße,8085.0,207432,48.08343,11.483766,,,684972.6852603732,5328557.453159415,True
620880,Vinzenz-Schüpfer-Straße,8085.0,442718,48.083534,11.483874,,,684980.3546825545,5328569.270938387,True
622034,Vogelloh,,359525,48.2134,11.467435,1.0,,683292.9132905756,5342962.871051831,True
622035,Vogelloh,359525.0,175104,48.2134,11.467435,,,683292.9132905756,5342962.871051831,True
622253,Vogelweideplatz,,542478,48.137352,11.619681,1.0,,694889.790452685,5334885.741896555,True
622254,Vogelweideplatz,542478.0,185818,48.13715,11.620355,,,694940.6936966842,5334865.001129497,True
622255,Vogelweideplatz,542478.0,195322,48.13749,11.619735,,,694893.2848358427,5334901.215533568,True
622256,Vogelweideplatz,542478.0,336455,48.137306,11.619915,,,694907.371658236,5334881.222817965,True
622257,Vogelweideplatz,542478.0,680500,48.137257,11.62022,,,694930.2458747824,5334876.550391482,True
622264,Vogesenstraße,,532135,48.10948,11.671478,1.0,,698850.5170798794,5331920.777193999,True
622269,Vogesenstraße,532135.0,175270,48.109386,11.671047,,,698818.8010550042,5331909.216345133,True
622270,Vogesenstraße,532135.0,182152,48.109673,11.671505,,,698851.7816221018,5331942.296047788,True
622271,Vogesenstraße,532135.0,370449,48.109474,11.671846,,,698877.9300560121,5331921.061828365,True
622666,Volkartstraße,,619372,48.15521,11.532599,1.0,,688346.4504564094,5336653.360497917,True
622667,Volkartstraße,619372.0,17965,48.155262,11.532626,,,688348.2678469673,5336659.205781075,True
622668,Volkartstraße,619372.0,605984,48.155155,11.532572,,,688344.6440474538,5336647.181804429,True
622669,Volkartstraße Ost,,663151,48.15627,11.537557,1.0,,688711.2555206645,5336783.326149687,True
622670,Volkartstraße Ost,663151.0,119637,48.15627,11.537557,,1,688711.2555206645,5336783.326149687,True
623091,Vollmannstraße,,147948,48.147465,11.628341,1.0,,695495.5700609058,5336031.647108329,True
623092,Vollmannstraße,147948.0,587290,48.147682,11.627928,,,695464.029039572,5336054.713397478,True
623093,Vollmannstraße,147948.0,597926,48.146606,11.62826,,,695492.8099332775,5335935.975317144,True
623094,Vollmannstraße,147948.0,690125,48.147243,11.629167,,,695557.8469958366,5336009.0758583695,True
623095,Vollmannstraße,147948.0,85944,48.146942,11.628143,,,695482.8312828634,5335973.019475367,True
623149,Volmstraße,,485843,48.150803,11.454517,1.0,,682555.6164486024,5335975.205364783,True
623150,Volmstraße,485843.0,162897,48.150875,11.45449,,,682553.3529424166,5335983.143160275,True
623151,Volmstraße,485843.0,655241,48.150738,11.454535,,,682557.1857842873,5335968.024161211,True
623235,Von-Erckert-Straße,,494302,48.111412,11.709459,1.0,,701669.8297011752,5332234.379208389,True
623236,Von-Erckert-Straße,494302.0,130415,48.11122,11.709836,,,701698.6400682784,5332214.029941341,True
623237,Von-Erckert-Straße,494302.0,488796,48.111652,11.708884,,,701626.0953921906,5332259.544003818,True
623245,Von-Kahr-Straße,,523890,48.177185,11.462952,1.0,,683088.9667664232,5338927.307986238,True
623246,Von-Kahr-Straße,523890.0,55965,48.177,11.462566,,,683060.9334890791,5338905.827828178,True
623247,Von-Kahr-Straße,523890.0,561068,48.177345,11.463168,,,683104.4524792023,5338945.604740028,True
623257,Von-Reuter-Straße,,593390,48.181526,11.475304,1.0,,683991.5746905343,5339439.2619499955,True
623258,Von-Reuter-Straße,593390.0,189626,48.18169,11.475142,,,683978.9467390276,5339457.100671193,True
623259,Von-Reuter-Straße,593390.0,338962,48.181145,11.475133,,,683980.2290632869,5339396.508930191,True
623285,Von-der-Tann-Straße,,273250,48.14514,11.578754,1.0,,691816.2394126405,5335648.340847429,True
623286,Von-der-Tann-Straße,273250.0,306130,48.145668,11.579167,,,691844.9886415969,5335708.051435389,True
623287,Von-der-Tann-Straße,273250.0,451130,48.14493,11.578493,,,691797.609640105,5335624.351011851,True
623288,Von-der-Tann-Straße,273250.0,482328,48.14493,11.578817,,,691821.7081570677,5335625.15939184,True
626684,Wahnfriedallee,,144492,48.161926,11.61934,1.0,,694771.3567469879,5337615.936153988,True
626685,Wahnfriedallee,144492.0,468656,48.161873,11.619403,,,694776.2417693804,5337610.205590006,True
626686,Wahnfriedallee,144492.0,688764,48.16198,11.619232,,,694763.1220524304,5337621.663820913,True
628525,Waldfriedhof,,650823,48.112137,11.502316,1.0,,686250.2878093646,5331792.60007115,True
628535,Waldfriedhof,650823.0,231518,48.11299,11.502514,,,686261.9397204479,5331887.879062147,True
628536,Waldfriedhof,650823.0,412766,48.11209,11.502846,,,686289.9035968413,5331788.66010659,True
628537,Waldfriedhof,650823.0,559304,48.112247,11.501723,,,686205.7555192236,5331803.389404583,True
628538,Waldfriedhof,650823.0,631306,48.112804,11.502164,,,686236.5635150918,5331866.36016715,True
628539,Waldfriedhof,650823.0,76934,48.11221,11.501292,,,686173.8116772743,5331798.234081324,True
628540,Waldfriedhof (Wendeschleife),,294593,48.1123,11.50299,1.0,,686299.8614589542,5331812.347555901,True
628541,Waldfriedhof (Wendeschleife),294593.0,677504,48.112312,11.503098,,,686307.8560461281,5331813.94277811,True
628545,Waldfriedhof Haupteingang,,325858,48.10765,11.502244,1.0,,686261.1516976174,5331293.755867702,True
628546,Waldfriedhof Haupteingang,325858.0,113420,48.1086,11.502065,,,686244.3939256828,5331398.902198278,True
628547,Waldfriedhof Haupteingang,325858.0,46882,48.107124,11.502334,,,686269.7523523334,5331235.515967543,True
628551,Waldfriedhof Solln,,133313,48.068916,11.516986,1.0,,687499.2548190383,5327024.810190324,True
628552,Waldfriedhof Solln,133313.0,139752,48.069134,11.517013,,,687500.4736927054,5327049.103568362,True
628741,Waldheimplatz,,19406,48.085632,11.67473,1.0,,699184.7136379555,5329278.847713807,True
628742,Waldheimplatz,19406.0,458350,48.085392,11.674892,,,699197.7039878127,5329252.59478865,True
628743,Waldheimplatz,19406.0,520316,48.086,11.67438,,,699157.2298942227,5329318.839274438,True
628744,Waldheimplatz,19406.0,662628,48.08553,11.67491,,,699198.5111366969,5329267.977959439,True
628745,Waldheimplatz,19406.0,664196,48.08514,11.675026,,,699208.65582108,5329224.935784881,True
628860,Waldhornstraße,,223091,48.179474,11.489704,1.0,,685069.2556270519,5339245.789190665,True
628861,Waldhornstraße,223091.0,434555,48.179592,11.489246,,,685034.7882137034,5339257.800450116,True
628862,Waldhornstraße,223091.0,463220,48.179802,11.489857,,,685079.4466236853,5339282.610904655,True
628863,Waldhornstraße,223091.0,594665,48.179348,11.490216,,,685107.7657692409,5339233.019118848,True
628889,Waldhüterstraße,,380516,48.11468,11.467111,1.0,,683621.0489909453,5331990.577696104,True
628890,Waldhüterstraße,380516.0,272802,48.114647,11.4673,,,683635.2325136769,5331987.361380363,True
628891,Waldhüterstraße,380516.0,339139,48.114716,11.46695,,,683608.9386234811,5331994.194295338,True
629528,Waldperlach,,40732,48.081963,11.672781,1.0,,699053.7490469207,5328866.051515519,True
629529,Waldperlach,40732.0,313249,48.08226,11.672448,,,699027.8045784488,5328898.197127535,True
629530,Waldperlach,40732.0,605567,48.081985,11.672637,,,699042.9406387437,5328868.123986651,True
629531,Waldperlach (Süd),,386694,48.08131,11.672664,1.0,,699047.5569698587,5328793.178009777,True
629532,Waldperlach (Süd),386694.0,598246,48.08131,11.672664,,,699047.5569698587,5328793.178009777,True
631039,Wallnerstraße,,674088,48.21036,11.6333,1.0,,695624.812768487,5343034.195125484,True
631040,Wallnerstraße,674088.0,104316,48.210194,11.633003,,,695603.383274138,5343014.989897831,True
631041,Wallnerstraße,674088.0,6082,48.21053,11.633515,,,695640.1356836635,5343053.6360876495,True
631770,Waltherstraße,,111396,48.127533,11.563842,1.0,,690772.3698660098,5333654.46261455,True
631771,Waltherstraße,111396.0,104201,48.12751,11.563941,,,690779.8210353837,5333652.152085407,True
631772,Waltherstraße,111396.0,401002,48.127567,11.563752,,,690765.5475734217,5333658.0179789765,True
634148,Warschauer Straße,,283359,48.17435,11.502748,1.0,,686057.3474916129,5338707.819082892,True
634149,Warschauer Straße,283359.0,429702,48.17442,11.502721,,,686055.0870306911,5338715.5333426725,True
634150,Warschauer Straße,283359.0,666643,48.174362,11.502837,,,686063.9199581915,5338709.368224879,True
634476,Warthestraße,,468773,48.146275,11.637261,1.0,,696163.5246728908,5335922.118445706,True
634477,Warthestraße,468773.0,246247,48.146328,11.636884,,,696135.2829328685,5335927.046703352,True
634478,Warthestraße,468773.0,573550,48.146183,11.637585,,,696187.9732711108,5335912.720765981,True
634949,Wasserburger Landstraße,,426232,48.12123,11.66519,1.0,,698337.2532152678,5333210.377962893,True
634950,Wasserburger Landstraße,426232.0,253170,48.12132,11.665307,,,698345.6127215547,5333220.681889346,True
634951,Wasserburger Landstraße,426232.0,418338,48.12111,11.665145,,,698334.3668962792,5333196.925679837,True
635145,Wastl-Witt-Straße,,353484,48.1266,11.469609,1.0,,683764.4158040682,5333321.297718321,True
635146,Wastl-Witt-Straße,353484.0,244410,48.1266,11.469609,,1,683764.4158040682,5333321.297718321,True
635758,Weddigenstraße,,197422,48.103806,11.624667,1.0,,695387.9394964336,5331170.237567211,True
635759,Weddigenstraße,197422.0,268761,48.1037,11.624604,,,695383.6519051341,5331158.2972045215,True
635760,Weddigenstraße,197422.0,440031,48.103897,11.624658,,,695386.9244723471,5331180.328024061,True
636779,Wehnerstraße,,486458,48.14052,11.448085,1.0,,682113.6586229603,5334817.122850614,True
636780,Wehnerstraße,486458.0,569284,48.140636,11.448148,,,682117.9343830838,5334830.1640301775,True
636781,Wehnerstraße,486458.0,606198,48.140404,11.448004,,,682108.0439018926,5334804.039041899,True
637112,Wehrlestraße,,255687,48.148216,11.608084,1.0,,693986.1397080659,5336063.793443797,True
637113,Wehrlestraße,255687.0,412476,48.14827,11.607994,,,693979.242502206,5336069.567689221,True
637114,Wehrlestraße,255687.0,613882,48.14819,11.608165,,,693992.2619815842,5336061.108307589,True
638163,Weidener Straße,,70058,48.09252,11.628107,1.0,,695686.8548834751,5329924.708630294,True
638164,Weidener Straße,70058.0,241536,48.092503,11.628188,,,695692.9501713755,5329923.025352269,True
638165,Weidener Straße,70058.0,263654,48.09254,11.628009,,,695679.4824988141,5329926.682083647,True
640239,Weinbergerstraße,,8868,48.140373,11.461748,1.0,,683130.5079732642,5334833.237859511,True
640240,Weinbergerstraße,8868.0,207638,48.140316,11.462207,,,683164.8537778007,5334827.9963773,True
640241,Weinbergerstraße,8868.0,565748,48.14047,11.460913,,,683068.0510428244,5334842.029720506,True
641518,Weitlstraße,,410945,48.208523,11.563033,1.0,,690411.9647322607,5342653.435832813,True
641519,Weitlstraße,410945.0,336219,48.208523,11.563033,,,690411.9647322607,5342653.435832813,True
643410,Weltistraße,,684142,48.0875,11.50723,1.0,,686705.254963568,5329066.443249835,True
643411,Weltistraße,684142.0,125715,48.0875,11.50732,,,686711.9565134869,5329066.661624767,True
643412,Weltistraße,684142.0,277203,48.087494,11.507104,,,686695.8945208406,5329065.470720974,True
645204,Werdenfelsstraße,,5896,48.112534,11.507805,1.0,,686657.3738060052,5331850.026724982,True
645205,Werdenfelsstraße,5896.0,266925,48.112473,11.508281,,,686693.0214080219,5331844.40259996,True
645206,Werdenfelsstraße,5896.0,564532,48.112595,11.507374,,,686625.0754281419,5331855.760250553,True
645768,Werinherstraße,,103226,48.114956,11.59248,1.0,,692950.253825093,5332328.148967614,True
645769,Werinherstraße,103226.0,374408,48.115246,11.592363,,,692940.4601418201,5332360.084849114,True
645770,Werinherstraße,103226.0,413459,48.11448,11.592813,,,692976.8196142103,5332276.083761706,True
645771,Werinherstraße,103226.0,519234,48.11467,11.59248,,,692951.3252606932,5332296.364122324,True
645772,Werinherstraße,103226.0,661770,48.114574,11.592354,,,692942.3077331606,5332285.378997434,True
646742,Werner-Egk-Bogen,,152304,48.20145,11.598032,1.0,,693038.4937753235,5341954.727363114,True
646743,Werner-Egk-Bogen,152304.0,277480,48.20159,11.597726,,,693015.2328863972,5341969.517558479,True
646744,Werner-Egk-Bogen,152304.0,330240,48.201218,11.599038,,,693114.1082466713,5341931.472347472,True
646745,Werner-Egk-Bogen,152304.0,333790,48.2011,11.597664,,,693012.4683987659,5341914.904574767,True
647464,Wertheimer Straße,,520677,48.14852,11.425753,1.0,,680424.429933591,5335653.572019769,True
647465,Wertheimer Straße,520677.0,15357,48.148396,11.425501,,,680406.122530763,5335639.1995396605,True
647466,Wertheimer Straße,520677.0,71463,48.148647,11.42596,,,680439.3799059978,5335668.172355518,True
648677,Westbad,,587950,48.14226,11.474729,1.0,,684089.3545289707,5335073.95385201,True
648680,Westbad,587950.0,290954,48.142235,11.475529,,,684148.9501153483,5335073.091218382,True
648681,Westbad,587950.0,445448,48.14231,11.475475,,,684144.665057726,5335081.297183125,True
648682,Westbad,587950.0,462683,48.141724,11.473373,,,683990.4081203097,5335011.138362881,True
648683,Westbad,587950.0,636047,48.141544,11.473148,,,683974.3153766984,5334990.595226399,True
648864,Westendstraße,,146398,48.134636,11.521971,1.0,,687631.127268927,5334340.841764996,True
648865,Westendstraße,146398.0,131364,48.134697,11.521441,,,687591.4764456248,5334346.327944861,True
648866,Westendstraße,146398.0,217295,48.134686,11.523508,,,687745.2875255567,5334350.150320941,True
648867,Westendstraße,146398.0,253355,48.13439,11.52216,,,687646.0844583698,5334313.963327793,True
648868,Westendstraße,146398.0,330154,48.13457,11.522097,,,687640.7414459207,5334333.814208371,True
648869,Westendstraße,146398.0,647175,48.13478,11.522349,,,687658.722951876,5334357.767924249,True
648870,Westendstraße,146398.0,661077,48.13479,11.52145,,,687591.8070311507,5334356.685624472,True
649628,Westerlandanger,,11630,48.16222,11.662585,1.0,,697985.6258206404,5337759.109315202,True
649629,Westerlandanger,11630.0,522619,48.16222,11.662585,,,697985.6258206404,5337759.109315202,True
650236,Westfriedhof,,146721,48.16983,11.528538,1.0,,687991.0015886452,5338268.243273218,True
650239,Westfriedhof,146721.0,204158,48.16934,11.528197,,,687967.4424822655,5338212.9518988645,True
650240,Westfriedhof,146721.0,261648,48.16932,11.527864,,,687942.7593408764,5338209.914723569,True
650241,Westfriedhof,146721.0,355160,48.169647,11.528655,,,688000.3689024565,5338248.191365159,True
650242,Westfriedhof,146721.0,456050,48.169247,11.527505,,,687916.3369940051,5338200.923803212,True
650243,Westfriedhof,146721.0,462660,48.170303,11.528529,,,687988.6027697079,5338320.789194647,True
650244,Westfriedhof,146721.0,487370,48.16986,11.528691,,,688002.2662623569,5338271.951674948,True
650245,Westfriedhof,146721.0,562489,48.169266,11.527873,,,687943.625850853,5338203.93532052,True
650246,Westfriedhof,146721.0,611487,48.170135,11.528565,,,687991.8934496518,5338302.206193992,True
650247,Westfriedhof,146721.0,678493,48.170135,11.52843,,,687981.8572837046,5338301.875959769,True
650248,Westfriedhof,146721.0,83676,48.169285,11.528197,,,687967.6435856742,5338206.839348483,True
650578,Westkreuz,,175851,48.148952,11.443854,1.0,,681769.1444101107,5335744.2229205845,True
650579,Westkreuz,175851.0,381312,48.14934,11.441051,,,681559.307124305,5335780.7207676945,True
650580,Westkreuz,175851.0,38688,48.149197,11.441024,,,681557.803725777,5335764.764301883,True
650583,"Westkreuz Heimburgstraße, München",516879.0,468390,48.148815,11.445812,,,681915.2514720905,5335733.62840292,True
650587,Westpark,,408573,48.1179,11.516788,1.0,,687306.4223657787,5332468.223270605,True
650588,Westpark,408573.0,136407,48.118404,11.517112,,,687328.7004114517,5332525.025203422,True
650589,Westpark,408573.0,202253,48.11836,11.517417,,,687351.5576357453,5332520.878107326,True
650590,Westpark,408573.0,351390,48.1179,11.516582,,,687291.0923317765,5332467.721614207,True
650591,Westpark,408573.0,8044,48.11797,11.516591,,,687291.5075234291,5332475.523091122,True
651287,Wettersteinplatz,,400068,48.108948,11.574846,1.0,,691660.2587982614,5331616.35680568,True
651288,Wettersteinplatz,400068.0,222689,48.10941,11.574981,,,691668.587947203,5331668.037973649,True
651289,Wettersteinplatz,400068.0,333658,48.1083,11.575691,,,691725.5639518782,5331546.446542966,True
651290,Wettersteinplatz,400068.0,363219,48.10916,11.574649,,,691644.8073728123,5331639.426780432,True
651291,Wettersteinplatz,400068.0,441596,48.108234,11.575619,,,691720.4505274183,5331538.932119079,True
651959,Weyprechtstraße,,5013,48.20476,11.563959,1.0,,690494.7158853284,5342237.521550307,True
651960,Weyprechtstraße,5013.0,144505,48.2046,11.564228,,,690515.2940303176,5342220.406758865,True
651961,Weyprechtstraße,5013.0,433081,48.204987,11.563968,,,690494.5422727212,5342262.772083051,True
651962,Weyprechtstraße,5013.0,649534,48.20499,11.563537,,,690462.5116066042,5342262.036620065,True
651986,Whistlerweg,,190617,48.0719,11.523912,1.0,,688004.2865800213,5327373.33405938,True
651987,Whistlerweg,190617.0,597996,48.071857,11.52402,,,688012.4875897148,5327368.819032051,True
651988,Whistlerweg,190617.0,8498,48.07194,11.523804,,,687996.0965169505,5327377.515690742,True
653173,Wiener Platz,,446323,48.13408,11.59575,1.0,,693121.8665591904,5334461.721272806,True
653174,Wiener Platz,446323.0,147599,48.134132,11.595687,,,693116.9846469,5334467.342116643,True
653175,Wiener Platz,446323.0,589575,48.134045,11.595822,,,693127.3542367616,5334458.012351983,True
654561,Wiesentfelser Straße,,469503,48.14649,11.414434,1.0,,679589.6772515789,5335401.459709749,True
654562,Wiesentfelser Straße,469503.0,124202,48.14641,11.414048,,,679561.2469620613,5335391.667076094,True
654563,Wiesentfelser Straße,469503.0,422906,48.14654,11.414776,,,679614.9396013243,5335407.815552084,True
654564,Wiesentfelser Straße,469503.0,464339,48.14641,11.415054,,,679636.0702352613,5335394.01713539,True
654565,Wiesentfelser Straße,469503.0,75044,48.146656,11.414263,,,679576.3794244158,5335419.509182244,True
655227,Wildanger,,318021,48.11968,11.473489,1.0,,684077.8448275186,5332561.508001335,True
655228,Wildanger,318021.0,444928,48.11968,11.473489,,1,684077.8448275186,5332561.508001335,True
656078,Wilhelm-Busch-Straße,,21115,48.082256,11.506215,1.0,,686648.6584521135,5328481.182999127,True
656081,Wilhelm-Busch-Straße,21115.0,230431,48.08228,11.505919,,,686626.5286918831,5328483.132387397,True
656082,Wilhelm-Busch-Straße,21115.0,349307,48.082268,11.506503,,,686670.0621566647,5328483.21519043,True
656091,Wilhelm-Dieß-Weg,,630700,48.15512,11.637387,1.0,,696139.1664427307,5336905.4373860145,True
656092,Wilhelm-Dieß-Weg,630700.0,473391,48.15521,11.637288,,,696131.4612869967,5336915.187004257,True
656093,Wilhelm-Dieß-Weg,630700.0,600735,48.15506,11.637495,,,696147.4264772163,5336899.044824861,True
656102,Wilhelm-Hale-Straße,,534170,48.14652,11.520319,1.0,,687464.9315862743,5335657.562846757,True
656103,Wilhelm-Hale-Straße,534170.0,597156,48.146896,11.520444,,,687472.858504991,5335699.655175523,True
656104,Wilhelm-Hale-Straße,534170.0,90642,48.146233,11.520175,,,687455.2670950943,5335625.315398079,True
656111,Wilhelm-Hertz-Straße,,376888,48.175808,11.585446,1.0,,692199.3143770767,5339073.396859753,True
656112,Wilhelm-Hertz-Straße,376888.0,268187,48.176018,11.585159,,,692177.1954425707,5339096.01776809,True
656113,Wilhelm-Hertz-Straße,376888.0,268585,48.17564,11.58568,,,692217.336716094,5339055.311198487,True
656114,Wilhelm-Hoegner-Straße,,23287,48.098877,11.636399,1.0,,696280.012627997,5330652.317774882,True
656115,Wilhelm-Hoegner-Straße,23287.0,179942,48.09866,11.636255,,,696270.1191098841,5330627.834056779,True
656116,Wilhelm-Hoegner-Straße,23287.0,268392,48.098713,11.637153,,,696336.7685369537,5330636.015628288,True
656117,Wilhelm-Hoegner-Straße,23287.0,433939,48.099182,11.636623,,,696295.5263702105,5330686.785531895,True
656118,Wilhelm-Hoegner-Straße,23287.0,589093,48.099026,11.635851,,,696238.6496916091,5330667.478902159,True
656129,Wilhelm-Kuhnert-Straße,,549433,48.10373,11.561614,1.0,,690694.7099691808,5331003.564530903,True
656130,Wilhelm-Kuhnert-Straße,549433.0,397320,48.10391,11.561812,,,690708.7824366951,5331024.059837791,True
656131,Wilhelm-Kuhnert-Straße,549433.0,431718,48.103523,11.56139,,,690678.8019226257,5330980.004145793,True
656998,Willi-Wien-Straße,,620686,48.177498,11.468046,1.0,,683466.4974198336,5338974.243884957,True
656999,Willi-Wien-Straße,620686.0,449979,48.177395,11.468531,,,683502.9160484583,5338963.954758397,True
657000,Willi-Wien-Straße,620686.0,506971,48.177593,11.467453,,,683422.0796790363,5338983.386335859,True
657004,Willibaldplatz,,451555,48.140896,11.488797,1.0,,685140.6764915709,5334956.142430356,True
657005,Willibaldplatz,451555.0,465078,48.140465,11.488662,,,685132.1851277993,5334907.917227026,True
657006,Willibaldplatz,451555.0,477165,48.14086,11.488779,,,685139.4670885755,5334952.098147323,True
657007,Willibaldplatz,451555.0,569509,48.14093,11.488806,,,685141.2236277913,5334959.94276719,True
657008,Willibaldstraße,,206627,48.130135,11.483173,1.0,,684760.9624796836,5333746.668107359,True
657009,Willibaldstraße,206627.0,603596,48.1301,11.483901,,,684815.2514368121,5333744.5276970165,True
657010,Willibaldstraße,206627.0,92438,48.13013,11.482455,,,684707.5611133098,5333744.387567516,True
659346,Winfriedstraße,,554538,48.14739,11.503322,1.0,,686197.6096683643,5335712.945246489,True
659347,Winfriedstraße,554538.0,432640,48.1474,11.503394,,,686202.92847948,5335714.231005314,True
660493,Winterstraße,,201430,48.115635,11.572861,1.0,,691487.654206606,5332354.579012859,True
660494,Winterstraße,201430.0,201933,48.11531,11.57278,,,691482.8344312453,5332318.2581468485,True
660495,Winterstraße,201430.0,366328,48.115906,11.572915,,,691490.6653310936,5332384.831318362,True
660538,Winthirplatz,,131429,48.151924,11.528008,1.0,,688017.0584611637,5336276.925116758,True
660539,Winthirplatz,131429.0,219324,48.151974,11.527891,,,688008.1746167019,5336282.195806358,True
660540,Winthirplatz,131429.0,585415,48.151882,11.528116,,,688025.2437642332,5336272.521522747,True
660558,Wintrichring,,377431,48.175934,11.521738,1.0,,687463.2100532565,5338930.014026304,True
660559,Wintrichring,377431.0,246158,48.176025,11.52145,,,687441.4700908778,5338939.424975658,True
660560,Wintrichring,377431.0,66210,48.176094,11.521531,,,687447.2394490463,5338947.291045942,True
660561,Wintrichring,377431.0,67920,48.17522,11.521325,,,687435.1141102952,5338849.654429044,True
660562,Wintrichring,377431.0,91222,48.17527,11.520651,,,687384.8302609613,5338853.567510472,True
660660,Winzererstraße,,364077,48.15773,11.560204,1.0,,690389.9247887253,5337001.434537568,True
660661,Winzererstraße,364077.0,22265,48.157715,11.559988,,,690373.9186139262,5336999.232474907,True
660662,Winzererstraße,364077.0,549531,48.15773,11.560374,,,690402.5659424533,5337001.855642583,True
663918,Woferlstraße,,130847,48.108402,11.618945,1.0,,694944.6174079364,5331666.498193564,True
663919,Woferlstraße,130847.0,390670,48.10876,11.618711,,,694925.8459950968,5331705.691675584,True
663920,Woferlstraße,130847.0,610226,48.108433,11.619061,,,694953.1340584547,5331670.2373877745,True
665267,Wolframstraße,,413558,48.094864,11.635797,1.0,,696250.4780719174,5330204.796732279,True
665270,Wolframstraße,413558.0,267434,48.094887,11.635537,,,696231.0334472574,5330206.689654607,True
665271,Wolframstraße,413558.0,276668,48.09496,11.635968,,,696262.8434901271,5330215.90190936,True
665352,Wolfratshauser Straße,,314550,48.089966,11.537396,1.0,,688942.4247082857,5329414.138363788,True
665353,Wolfratshauser Straße,314550.0,37754,48.090214,11.537054,,,688916.0512643651,5329440.860340811,True
665354,Wolfratshauser Straße,314550.0,581934,48.09002,11.537908,,,688980.3492017484,5329421.397071815,True
665355,Wolfratshauser Straße,314550.0,680536,48.089577,11.53718,,,688927.7674164022,5329370.376103467,True
666663,Wolkerweg,,459385,48.12058,11.486605,1.0,,685050.641700912,5332693.005923181,True
666664,Wolkerweg,459385.0,396482,48.120647,11.486668,,,685055.0890126147,5332700.603679323,True
666665,Wolkerweg,459385.0,523328,48.120506,11.486524,,,685044.880077157,5332684.586904688,True
671686,Wöhlerstraße,,634767,48.164772,11.463554,1.0,,683177.9413906563,5337549.187664492,True
671690,Wöhlerstraße,634767.0,409962,48.164864,11.462746,,,683117.5388269036,5337557.486926281,True
671691,Wöhlerstraße,634767.0,79395,48.164696,11.464183,,,683224.9784515754,5337542.240499877,True
672382,Wörthstraße,,454962,48.131958,11.597834,1.0,,693284.8714121435,5334231.126978123,True
672385,Wörthstraße,454962.0,111999,48.131992,11.598122,,,693306.1700017531,5334235.629589799,True
672386,Wörthstraße,454962.0,546635,48.131855,11.597457,,,693257.2105345892,5334218.732369026,True
672387,Wörthstraße,454962.0,682703,48.131832,11.59761,,,693268.6796248348,5334216.560792274,True
672388,Wörthstraße,454962.0,85100,48.131756,11.598229,,,693315.0167759799,5334209.670487856,True
674626,ZOB,,166775,48.14229,11.549936,1.0,,689683.3226196977,5335260.0999287,True
675018,Zamdorf Siedlung,,663288,48.13998,11.643567,1.0,,696656.5972612366,5335238.629446921,True
675019,Zamdorf Siedlung,663288.0,135276,48.140057,11.643055,,,696618.2179853407,5335245.877365162,True
675020,Zamdorf Siedlung,663288.0,317744,48.13992,11.644079,,,696694.9116676378,5335233.271090593,True
675021,Zamdorfer Straße,,281741,48.138023,11.634917,1.0,,696020.6222364713,5334999.046871514,True
675022,Zamdorfer Straße,281741.0,160426,48.13822,11.635204,,,696041.2210572732,5335021.672384267,True
675025,Zamilapark,,43878,48.142384,11.649775,1.0,,697109.1693342947,5335521.697899077,True
675026,Zamilapark,43878.0,520759,48.142384,11.649775,,1,697109.1693342947,5335521.697899077,True
675328,Zauberwaldstraße,,421865,48.113834,11.671802,1.0,,698857.8218879355,5332405.496701276,True
675329,Zauberwaldstraße,421865.0,273331,48.11365,11.671802,,,698858.5323074609,5332385.047853761,True
675330,Zauberwaldstraße,421865.0,537474,48.114033,11.671784,,,698855.7139509999,5332427.566035471,True
675331,Zaubzerstraße,,49872,48.139446,11.614812,1.0,,694519.675793272,5335106.130094543,True
675332,Zaubzerstraße,49872.0,169780,48.13941,11.614848,,,694522.4897675026,5335102.220282381,True
675333,Zaubzerstraße,49872.0,319070,48.139477,11.614785,,,694517.5501949289,5335109.506998477,True
675359,Zaunerstraße,,219864,48.178085,11.48073,1.0,,684407.2137680457,5339069.843602876,True
675360,Zaunerstraße,219864.0,522711,48.178158,11.480344,,,684378.260197128,5339077.030399237,True
675361,Zaunerstraße,219864.0,67350,48.178013,11.48126,,,684446.8674743241,5339063.11373084,True
675365,Zaunweg,,637478,48.180733,11.601383,1.0,,693365.4324276221,5339660.731116252,True
675366,Zaunweg,637478.0,366222,48.180916,11.601257,,,693355.3787226256,5339680.752050461,True
675367,Zaunweg,637478.0,443129,48.180546,11.601535,,,693377.4337373642,5339640.331088329,True
676672,Zenettistraße,,515085,48.12246,11.559081,1.0,,690436.8979334478,5333078.867995953,True
676673,Zenettistraße,515085.0,247812,48.122482,11.559189,,,690444.8529291649,5333081.580434426,True
676674,Zenettistraße,515085.0,483189,48.12244,11.558919,,,690424.9173505665,5333076.24413072,True
676763,Zentralländstraße,,583411,48.100555,11.548157,1.0,,689704.6876512408,5330617.437010869,True
676764,Zentralländstraße,583411.0,443390,48.100555,11.548157,,1,689704.6876512408,5330617.437010869,True
677760,Ziegeleistraße,,228206,48.176334,11.403457,1.0,,678669.521746559,5338692.687963239,True
677761,Ziegeleistraße,228206.0,248922,48.17628,11.403547,,,678676.3995082702,5338686.895739032,True
677762,Ziegeleistraße,228206.0,582445,48.176373,11.403376,,,678663.365143499,5338696.834041864,True
678188,Zielstattstraße,,403770,48.102585,11.53011,1.0,,688353.8019862466,5330798.699635801,True
678189,Zielstattstraße,403770.0,318964,48.102806,11.530065,,,688349.6443811769,5330823.150564396,True
678190,Zielstattstraße,403770.0,327565,48.10248,11.529652,,,688320.0923393717,5330785.909080099,True
678191,Zielstattstraße,403770.0,673138,48.10235,11.530056,,,688350.6412277867,5330772.450414567,True
678632,Zinckgrafstraße,,608733,48.11505,11.47163,1.0,,683956.0432269176,5332042.496168676,True
678633,Zinckgrafstraße,608733.0,637832,48.115078,11.471324,,,683933.1700938368,5332044.876216472,True
678634,Zinckgrafstraße,608733.0,654011,48.11503,11.471944,,,683979.4831854166,5332041.024442575,True
679536,Zoppoter Straße,,348219,48.15059,11.640702,1.0,,696402.9768389079,5336410.456082682,True
679537,Zoppoter Straße,348219.0,568,48.15037,11.640711,,,696404.4861700276,5336386.029178714,True
679538,Zoppoter Straße,348219.0,614976,48.150803,11.640657,,,696398.816945493,5336434.0130553655,True
681851,Zöllerstraße,,4178,48.10526,11.47525,1.0,,684260.464213918,5330963.1305006165,True
681852,Zöllerstraße,4178.0,122582,48.10524,11.475169,,,684254.506404226,5330960.713757104,True
681853,Zöllerstraße,4178.0,254393,48.105267,11.475313,,,684265.1286593778,5330964.059357673,True
682229,Züricher Straße,,333870,48.094498,11.50432,1.0,,686463.2570520111,5329837.11831425,True
682231,Züricher Straße,333870.0,223217,48.094208,11.504679,,,686491.0344101872,5329805.758866439,True
682232,Züricher Straße,333870.0,472343,48.094994,11.505173,,,686524.969294957,5329894.30949535,True
682233,Züricher Straße,333870.0,82690,48.094456,11.503493,,,686401.8374941521,5329830.446716726,True
683524,Überlinger Weg,,44448,48.14444,11.435086,1.0,,681132.9242462013,5335222.075432231,True
683525,Überlinger Weg,44448.0,298374,48.145008,11.435015,,,681125.6438360687,5335285.034404071,True
683526,Überlinger Weg,44448.0,586397,48.144997,11.434808,,,681110.2861186715,5335283.324243537,True
683527,Überlinger Weg,44448.0,645726,48.14443,11.434673,,,681102.2406100443,5335219.991130773,True
683528,Überlinger Weg,44448.0,663955,48.144253,11.434583,,,681096.1693852277,5335200.107754082,True
