route_long_name,route_short_name,agency_id,route_type,route_id,route_color,route_text_color
,0,323,0,962,,
,000,138,3,385,,
,000,151,3,22467,,
,001,149,3,19889,,
,001,151,3,4693,,
,001,243,3,1510,73D700,FFFFFF
,002,149,3,3250,,
,002,151,3,6028,,
,003,149,3,4772,,
,003,151,3,15553,,
,004,149,3,22248,,
,004,151,3,15710,,
,005,149,3,22423,,
,005,151,3,18311,,
,006,149,3,12090,,
,006,151,3,8481,,
,006,243,3,9406,73D700,FFFFFF
,007,149,3,342,,
,007,151,3,5313,,
,007,243,3,20972,73D700,FFFFFF
,008,106,3,2573,,
,008,149,3,19650,,
,008,151,3,21582,,
,008,243,3,23229,73D700,FFFFFF
,009,106,3,16785,,
,009,149,3,3899,,
,009,151,3,21880,,
,010,149,3,21543,,
,010,151,3,18874,,
,011,151,3,13776,,
,011,243,3,1336,73D700,FFFFFF
,013,149,3,5259,,
,014,149,3,15548,,
,015,149,3,3076,,
,016,149,3,9530,,
,017,149,3,16548,,
,018,149,3,23572,,
,019,149,3,15735,,
,020,149,3,19905,,
,020,243,3,2317,73D700,FFFFFF
,021,149,3,735,,
,022,149,3,12262,,
,023,149,3,9102,,
,023,243,3,6576,73D700,FFFFFF
,024,149,3,10245,,
,024,243,3,7341,73D700,FFFFFF
,025,149,3,12273,,
,025,243,3,19870,73D700,FFFFFF
,026,149,3,19964,,
,027,149,3,423,,
,027,243,3,18106,73D700,FFFFFF
,029,149,3,282,,
,031,149,3,12958,,
,032,149,3,23664,,
,032,243,3,8766,73D700,FFFFFF
,033,149,3,16160,,
,034,149,3,3560,,
,034,243,3,10904,73D700,FFFFFF
,035,149,3,17882,,
,036,149,3,15825,,
,036,243,3,4659,73D700,FFFFFF
,037,243,3,17651,73D700,FFFFFF
,038,102,3,18471,,
,038,169,3,2187,,
,039,243,3,3350,73D700,FFFFFF
,040,243,3,9760,73D700,FFFFFF
,041,102,0,3060,,
,042,102,0,10097,,
,043,102,0,15023,,
,044,102,0,2238,,
,045,102,3,5230,,
,046,102,3,20490,,
,047,102,3,13145,,
,049,102,3,4753,,
,050,243,3,5902,73D700,FFFFFF
,051,102,3,10882,,
,052,102,3,4670,,
,053,102,3,5935,,
,054,102,3,17516,,
,055,102,3,21948,,
,056,102,3,7226,,
,056,243,3,4644,73D700,FFFFFF
,057,102,3,3041,,
,057,243,3,4230,73D700,FFFFFF
,057A,243,3,23322,73D700,FFFFFF
,058,102,3,9506,,
,059,102,3,21532,,
,060,102,3,20529,,
,060,243,3,20086,73D700,FFFFFF
,061,102,3,5586,,
,062,102,3,301,,
,063,322,3,8555,,
,064,102,3,13662,,
,065,102,3,22160,,
,065,243,3,8497,73D700,FFFFFF
,066,102,3,7075,,
,067,102,3,23038,,
,068,102,3,4523,,
,068,243,3,2955,73D700,FFFFFF
,068A,243,3,15976,73D700,FFFFFF
,069,102,3,5669,,
,070,243,3,14365,73D700,FFFFFF
,071,111,3,12593,,
,072,102,3,20644,,
,073,102,3,10555,,
,074,102,3,12674,,
,075,243,3,22027,73D700,FFFFFF
,076,111,3,2320,,
,076,243,3,23550,73D700,FFFFFF
,077,111,3,22879,,
,078,111,3,11045,,
,079,111,3,13728,,
,080,371,3,13411,,
,081,243,3,20208,73D700,FFFFFF
,081,371,3,19620,,
,082,243,3,8640,73D700,FFFFFF
,082,371,3,9192,,
,083,243,3,4932,73D700,FFFFFF
,083,371,3,13435,,
,084,243,3,11323,73D700,FFFFFF
,084,371,3,6354,,
,085,371,3,2963,,
,086,371,3,12034,,
,087,371,3,21437,,
,089,371,3,1049,,
,090,111,3,13976,,
,090,243,3,1666,73D700,FFFFFF
,091,111,3,2869,,
,091,243,3,22802,73D700,FFFFFF
,092,111,3,16832,,
,093,111,3,13864,,
,094,111,3,23331,,
,095,111,3,23495,,
,095,243,3,3128,73D700,FFFFFF
,096,111,3,1149,,
,097,149,3,1782,,
,098,149,3,1883,,
,1,106,0,781,,
,1,106,3,8688,,
,1,110,3,12515,,
,1,116,3,7751,,
,1,119,0,7434,,
,1,119,3,13234,,
,1,121,3,5396,,
,1,127,3,10128,,
,1,130,0,22490,,
,1,132,3,18648,,
,1,134,3,23142,,
,1,135,3,6143,,
,1,138,3,22175,,
,1,139,3,11689,,
,1,141,0,16048,009640,FFFFFF
,1,145,3,14331,,
,1,151,0,15113,,
,1,151,3,7044,,
,1,154,0,6405,,
,1,154,3,16631,,
,1,156,0,2976,,
,1,158,3,19265,,
,1,159,0,23052,,
,1,161,3,1359,,
,1,164,3,393,,
,1,166,0,8528,,
,1,169,3,1658,,
,1,172,3,14273,,
,1,175,3,16477,,
,1,178,3,8604,4F94CD,FFFFFF
,1,182,3,8134,,
,1,184,3,11034,,
,1,195,3,16233,,
,1,2,3,1716,,
,1,201,3,8709,,
,1,203,3,9830,,
,1,207,0,20068,,
,1,21,3,8983,,
,1,210,0,22161,65B32E,FFFFFF
,1,212,0,18016,,
,1,212,3,9249,,
,1,216,3,16171,,
,1,218,1,12506,,
,1,22,3,17665,,
,1,221,3,5284,,
,1,222,3,18057,,
,1,227,3,476,,
,1,239,3,15638,,
,1,245,0,5279,E2001A,FFFFFF
,1,247,3,16302,,
,1,253,0,14022,6A2F75,FFFFFF
,1,254,0,1687,,
,1,256,3,22645,,
,1,259,3,3645,,
,1,262,3,17787,,
,1,265,3,6609,,
,1,266,0,15586,,
,1,268,3,14601,,
,1,278,3,12507,,
,1,282,3,1014,,
,1,291,3,10179,,
,1,292,3,3208,,
,1,298,0,3934,,
,1,304,3,15239,,
,1,306,0,7652,,
,1,31,0,62,,
,1,313,0,20653,,
,1,313,3,16719,,
,1,322,3,9846,,
,1,323,0,23007,,
,1,324,3,1568,,
,1,330,3,18603,,
,1,333,3,7193,,
,1,335,3,137,,
,1,34,3,23561,,
,1,340,3,4452,,
,1,341,0,6514,,
,1,353,3,854,,
,1,354,3,3625,,
,1,358,0,8237,,
,1,365,3,8191,,
,1,367,3,16020,,
,1,378,3,556,,
,1,38,3,15294,,
,1,381,0,8358,,
,1,41,3,21866,,
,1,42,3,17252,,
,1,44,0,16131,,
,1,45,3,17774,,
,1,5,0,18238,,
,1,52,3,13404,,
,1,58,3,6896,,
,1,59,3,2169,,
,1,60,3,6554,,
,1,68,0,5001,F08A00,FFFFFF
,1,69,3,21467,,
,1,7,0,21,,
,1,7,3,11511,,
,1,71,0,20250,F18700,FFFFFF
,1,75,3,7893,,
,1,79,3,18719,,
,1,82,3,10535,,
,1,83,3,20181,,
,1,9,3,3524,,
,1,94,0,20871,,
,1,96,3,12263,,
,1,97,3,10761,,
,1 (Hoyerswerda),207,3,16980,,
,1 Blau,34,3,3459,,
,10,106,3,14445,,
,10,110,3,21224,,
,10,118,3,13498,,
,10,119,3,23710,,
,10,121,3,12789,,
,10,127,3,17540,,
,10,132,3,15630,,
,10,135,3,17501,,
,10,138,3,1659,,
,10,139,3,12274,,
,10,141,0,20186,312783,FFFFFF
,10,147,0,17374,,
,10,151,3,840,,
,10,154,0,13504,,
,10,155,3,11401,,
,10,156,0,19643,,
,10,159,3,6555,,
,10,164,3,9259,,
,10,172,3,11612,,
,10,176,3,9948,,
,10,195,3,17976,,
,10,196,3,2192,,
,10,20,3,14145,,
,10,201,3,23094,,
,10,205,3,3004,,
,10,205,7,22078,,
,10,207,0,21092,,
,10,210,0,7222,,
,10,216,3,13554,,
,10,218,1,10134,,
,10,221,3,2462,,
,10,247,3,20973,,
,10,253,3,2071,009FE3,FFFFFF
,10,254,3,9370,,
,10,262,3,15794,,
,10,268,3,16639,,
,10,282,3,9433,,
,10,291,3,16763,,
,10,292,3,18152,,
,10,298,3,14213,,
,10,304,3,19506,,
,10,31,0,18754,,
,10,313,3,10420,,
,10,323,3,23256,,
,10,330,3,10536,,
,10,34,3,18741,,
,10,340,3,12939,,
,10,354,3,11999,,
,10,358,3,1753,,
,10,365,3,9443,,
,10,367,3,12429,,
,10,378,3,8164,,
,10,42,3,10204,,
,10,44,0,22561,,
,10,5,3,1621,,
,10,54,3,16929,,
,10,58,3,20382,,
,10,59,3,3267,,
,10,68,3,3364,6C9076,FFFFFF
,10,69,3,16054,,
,10,7,3,15866,,
,10,71,3,22444,,
,10,9,3,14879,,
,10,96,3,18163,,
,10,97,3,4899,,
,100,100,3,8543,,
,100,106,3,11960,,
,100,132,3,744,,
,100,138,3,16161,,
,100,139,3,21006,,
,100,164,3,21191,,
,100,181,3,22911,,
,100,183,3,14322,,
,100,2,3,12203,,
,100,218,3,14748,,
,100,22,3,19865,,
,100,225,3,17523,,
,100,227,3,11123,,
,100,247,3,17479,,
,100,258,3,13707,,
,100,272,3,14232,,
,100,29,3,4980,,
,100,291,3,15247,,
,100,292,3,12116,,
,100,31,3,23438,,
,100,351,3,10092,,
,100,383,3,4067,,
,100,46,3,17410,,
,100,56,3,7179,,
,100,83,3,13921,,
,1000,263,3,16202,,
,1002,164,3,708,,
,1003,164,3,2686,,
,1004,106,3,117,,
,1004,164,3,695,,
,1005,106,3,21342,,
,1005,164,3,8143,,
,1005,59,3,2554,,
,1006,164,3,3489,,
,1007,164,3,20300,,
,1007,59,3,3419,,
,1008,164,3,4821,,
,1009,164,3,13235,,
,100S,247,3,15135,,
,101,106,3,3447,,
,101,11,3,21152,,
,101,118,3,10261,,
,101,119,3,5793,,
,101,139,3,11324,,
,101,144,3,9965,,
,101,155,3,1316,,
,101,163,3,6093,,
,101,164,3,14165,,
,101,172,3,16422,,
,101,205,3,2681,,
,101,225,3,22518,,
,101,227,3,23434,,
,101,242,3,4682,,
,101,243,3,20654,73D700,FFFFFF
,101,247,3,6787,,
,101,258,3,18427,,
,101,266,3,22052,,
,101,272,3,20301,,
,101,289,3,10631,,
,101,29,3,12378,,
,101,291,3,22028,,
,101,292,3,3061,,
,101,298,3,10917,,
,101,304,3,1492,,
,101,31,3,571,,
,101,313,3,23486,,
,101,328,3,18497,,
,101,333,3,23400,,
,101,335,3,632,,
,101,34,3,12721,,
,101,341,3,19526,,
,101,351,3,21940,,
,101,46,3,6248,,
,101,56,3,12754,,
,101,66,3,18724,,
,101,75,0,22517,,
,101,75,3,23683,,
,101,83,3,21364,,
,101 R,138,3,20046,,
,1010,164,3,16172,,
,1012,59,3,2903,,
,1013,59,3,6868,,
,1014,164,3,8745,,
,1014,59,3,17720,,
,1018,164,3,22818,,
,1018,59,3,19933,,
,1019,59,3,3365,,
,101A,288,3,13769,,
,101B,288,3,9157,,
,101S,247,3,8010,,
,102,106,3,20383,,
,102,118,3,19492,,
,102,138,3,18986,,
,102,139,3,1410,,
,102,144,3,20192,,
,102,155,3,12210,,
,102,163,3,20123,,
,102,164,3,9165,,
,102,183,3,15687,,
,102,205,3,1015,,
,102,213,0,13181,,
,102,225,3,3659,,
,102,242,3,13656,,
,102,247,3,1072,,
,102,258,3,15353,,
,102,266,3,7616,,
,102,29,3,3599,,
,102,291,3,3728,,
,102,292,3,4309,,
,102,304,3,1138,,
,102,31,3,16290,,
,102,313,3,3471,,
,102,315,3,7706,,
,102,328,3,11673,,
,102,333,3,17784,,
,102,335,3,2492,,
,102,34,3,11099,,
,102,341,3,20345,,
,102,351,3,13294,,
,102,367,3,12782,,
,102,378,3,8970,,
,102,56,3,21512,,
,102,58,3,2060,,
,102,66,3,12298,,
,102,83,3,16294,,
,1020,314,3,10762,,
,1020,59,3,5299,,
,1021,125,3,21126,,
,1021,314,3,10712,,
,1022,164,3,18630,,
,1023,164,3,14541,,
,1024,164,3,8298,,
,1026,164,3,18569,,
,1026,59,3,10998,,
,1027,164,3,9707,,
,1029,59,3,11364,,
,102A,288,3,5247,,
,102B,288,3,10739,,
,102S,247,3,18884,,
,103,106,3,2239,,
,103,118,3,23230,,
,103,119,3,2634,,
,103,138,3,4030,,
,103,139,3,12766,,
,103,144,3,11952,,
,103,163,3,9103,,
,103,183,3,12560,,
,103,205,3,14238,,
,103,225,3,12843,,
,103,227,3,5771,,
,103,242,3,12108,,
,103,247,3,16185,,
,103,258,3,11753,,
,103,266,3,5260,,
,103,288,3,18197,,
,103,29,3,14055,,
,103,291,3,10978,,
,103,292,3,9441,,
,103,304,3,15661,,
,103,31,3,15833,,
,103,328,3,17053,,
,103,333,3,21941,,
,103,335,3,23192,,
,103,34,3,7859,,
,103,341,3,9391,,
,103,367,3,7866,,
,103,56,3,18765,,
,103,66,3,6242,,
,103,75,0,17816,,
,103,83,3,19308,,
,1030,59,3,18998,,
,1034,59,3,7867,,
,1036,59,3,3626,,
,103s,266,3,6364,,
,104,106,3,4266,,
,104,118,3,21605,,
,104,139,3,2505,,
,104,163,3,11210,,
,104,164,3,21924,,
,104,183,3,21408,,
,104,205,3,11564,,
,104,213,0,2036,,
,104,227,3,5896,,
,104,242,3,3351,,
,104,247,3,10190,,
,104,266,3,3783,,
,104,288,3,15493,,
,104,29,3,4524,,
,104,291,3,4486,,
,104,292,3,33,,
,104,304,3,14069,,
,104,31,3,7187,,
,104,315,3,1150,,
,104,333,3,2921,,
,104,335,3,16838,,
,104,34,3,7554,,
,104,341,3,17964,,
,104,351,3,17928,,
,104,367,3,3255,,
,104,381,3,14952,,
,104,66,3,8387,,
,104,83,3,12013,,
,1041,59,3,1977,,
,1042,164,3,13016,,
,1042,59,3,22152,,
,1043,164,3,10660,,
,1044,164,3,12851,,
,1044,59,3,4754,,
,1045,164,3,13405,,
,1045,59,3,287,,
,1046,164,3,3215,,
,1047,164,3,20286,,
,1048,164,3,7085,,
,1049,164,3,11446,,
,1049,59,3,7665,,
,104s,266,3,21942,,
,105,106,3,13436,,
,105,139,3,9028,,
,105,144,3,4274,,
,105,163,3,2182,,
,105,164,3,2846,,
,105,172,3,20384,,
,105,205,3,5509,,
,105,216,3,22938,,
,105,225,3,19768,,
,105,242,3,10368,,
,105,247,3,20160,,
,105,266,3,2964,,
,105,272,3,15494,,
,105,288,3,7379,,
,105,29,3,14379,,
,105,291,3,19755,,
,105,292,3,5002,,
,105,31,3,6080,,
,105,313,3,21575,,
,105,333,3,1534,,
,105,335,3,4123,,
,105,341,3,9590,,
,105,367,3,20434,,
,105,58,3,21372,,
,105,59,3,6706,,
,105,66,3,1373,,
,105,75,0,1151,,
,105,83,3,4900,,
,105.1,34,3,22682,,
,105.2,34,3,11521,,
,1050,164,3,6901,,
,1051,164,3,709,,
,1052,164,3,9898,,
,1053,164,3,4534,,
,1054,164,3,12895,,
,1054,59,3,19267,,
,1055,59,3,63,,
,1056,59,3,13833,,
,106,106,3,2488,,
,106,139,3,118,,
,106,144,3,21713,,
,106,163,3,21047,,
,106,164,3,1895,,
,106,172,3,9926,,
,106,183,3,16525,,
,106,205,3,18952,,
,106,225,3,21373,,
,106,242,3,6466,,
,106,243,3,14421,73D700,FFFFFF
,106,247,3,18625,,
,106,266,3,4428,,
,106,272,3,17639,,
,106,288,3,1298,,
,106,29,3,16084,,
,106,291,3,7960,,
,106,292,3,16581,,
,106,31,3,6585,,
,106,313,3,10529,,
,106,333,3,17029,,
,106,341,3,3591,,
,106,351,3,7424,,
,106,367,3,14505,,
,106,381,3,1332,,
,106,46,3,14764,,
,106,66,3,17923,,
,106,75,0,22687,,
,106,83,3,4949,,
,1061,164,3,23360,,
,1062,164,3,11857,,
,1063,164,3,1223,,
,1064,164,3,14214,,
,1065,164,3,2564,,
,1066,164,3,19318,,
,1067,164,3,4379,,
,1068,164,3,3089,,
,107,106,3,5565,,
,107,139,3,1828,,
,107,144,3,2482,,
,107,163,3,10180,,
,107,172,3,12578,,
,107,205,3,20754,,
,107,225,3,9117,,
,107,242,3,9193,,
,107,243,3,9466,73D700,FFFFFF
,107,266,3,15616,,
,107,272,3,13228,,
,107,29,3,2714,,
,107,31,3,3592,,
,107,313,3,13532,,
,107,333,3,22030,,
,107,341,3,3841,,
,107,351,3,1097,,
,107,367,3,4706,,
,107,46,3,11117,,
,107,66,3,14198,,
,107,75,0,8159,,
,107,83,3,6292,,
,1070,164,3,9956,,
,1071,164,3,20277,,
,1072,164,3,13219,,
,108,106,3,19224,,
,108,119,3,8689,,
,108,139,3,13555,,
,108,163,3,9053,,
,108,183,3,6097,,
,108,205,3,11248,,
,108,210,3,19254,,
,108,242,3,1224,,
,108,243,3,14266,73D700,FFFFFF
,108,266,3,4374,,
,108,288,3,6532,,
,108,29,3,22310,,
,108,291,3,5297,,
,108,292,3,5211,,
,108,31,3,21891,,
,108,313,3,11128,,
,108,333,3,7686,,
,108,336,3,8461,,
,108,341,3,21350,,
,108,367,3,4941,,
,108,378,3,22393,,
,108,46,3,6223,,
,108,83,3,20167,,
,108,97,3,15284,,
,1080,164,3,2771,,
,1081,164,3,7619,,
,1082,164,3,7932,,
,1083,164,3,21153,,
,1084,164,3,10748,,
,1084,274,3,10845,,
,1085,164,3,12384,,
,1086,164,3,6733,,
,1088,164,3,22263,,
,109,106,3,20882,,
,109,138,3,3832,,
,109,139,3,16217,,
,109,144,3,15883,,
,109,163,3,16117,,
,109,172,3,23185,,
,109,205,3,2000,,
,109,243,3,16625,73D700,FFFFFF
,109,266,3,2956,,
,109,288,3,21927,,
,109,29,3,23284,,
,109,313,3,1608,,
,109,336,3,9472,,
,109,341,3,15471,,
,109,367,3,1001,,
,109,381,3,15381,,
,109,383,3,18604,,
,109,46,3,21533,,
,109,66,3,14880,,
,109,75,0,8641,,
,109,83,3,20224,,
,1090,164,3,15150,,
,1092,164,3,7805,,
,1093,164,3,6165,,
,10A,281,3,6897,,
,10B,281,3,12435,,
,10E,281,3,15068,,
,10E,304,3,2996,,
,10T,119,3,21453,,
,10X,281,3,16886,,
,11,106,3,11124,,
,11,118,3,16998,,
,11,119,3,3935,,
,11,121,3,8845,,
,11,127,3,4744,,
,11,132,3,3720,,
,11,135,3,2800,,
,11,138,3,14749,,
,11,145,3,21178,,
,11,147,0,20699,,
,11,151,3,9090,,
,11,155,3,19471,,
,11,159,3,20419,,
,11,161,3,10309,,
,11,164,3,8884,,
,11,172,3,1594,,
,11,181,3,467,,
,11,182,3,20035,,
,11,195,3,18386,,
,11,196,3,19309,,
,11,20,3,14118,,
,11,207,0,9213,,
,11,210,0,10205,,
,11,212,3,23008,,
,11,216,3,19059,,
,11,218,1,11177,,
,11,221,3,12124,,
,11,226,3,20435,,
,11,228,3,19556,,
,11,247,3,17375,,
,11,253,3,8636,312783,FFFFFF
,11,254,3,12211,,
,11,268,3,19722,,
,11,282,3,18580,,
,11,291,3,19080,,
,11,292,3,758,,
,11,298,3,8883,,
,11,313,3,2477,,
,11,318,0,6442,,
,11,323,3,8590,,
,11,330,3,18217,,
,11,333,3,11495,,
,11,34,3,16316,,
,11,354,3,2148,,
,11,358,3,17904,,
,11,367,3,13663,,
,11,369,3,5931,,
,11,42,3,20027,,
,11,5,3,20109,,
,11,58,3,18017,,
,11,69,3,21904,,
,11,7,3,17942,,
,11,71,3,3035,,
,11,9,3,15255,,
,11,96,3,1819,,
,110,106,3,16918,,
,110,114,3,13533,,
,110,139,3,23095,,
,110,163,3,15436,,
,110,164,3,4364,,
,110,2,3,5426,,
,110,205,3,11178,,
,110,227,3,19131,,
,110,234,3,20916,,
,110,266,3,8051,,
,110,288,3,14681,,
,110,291,3,16423,,
,110,311,3,19430,,
,110,313,3,6341,,
,110,335,3,17157,,
,110,341,3,11818,,
,110,351,3,9957,,
,110,353,3,7578,,
,110,367,3,22654,,
,110,383,3,22066,,
,110,46,3,2621,,
,110,58,3,1203,,
,110,83,3,4264,,
,1105,25,3,8962,,
,111,106,3,1271,,
,111,114,3,15136,,
,111,139,3,5729,,
,111,155,3,11882,,
,111,163,3,5461,,
,111,164,3,3732,,
,111,172,3,2949,,
,111,205,3,9392,,
,111,216,3,2724,,
,111,222,3,10476,,
,111,227,3,13739,,
,111,266,3,3404,,
,111,29,3,19965,,
,111,292,3,17524,,
,111,31,3,1342,,
,111,311,3,6183,,
,111,313,3,22253,,
,111,34,3,23211,,
,111,353,3,18006,,
,111,367,3,953,,
,111,41,3,10471,,
,111,68,3,16303,54AB26,FFFFFF
,112,106,3,12844,,
,112,114,3,4083,,
,112,139,3,5691,,
,112,163,3,23659,,
,112,164,3,2598,,
,112,172,3,975,,
,112,2,3,5458,,
,112,213,0,21645,,
,112,266,3,3882,,
,112,291,3,16327,,
,112,292,3,22748,,
,112,302,3,9328,,
,112,305,0,17617,,
,112,31,3,19081,,
,112,311,3,12567,,
,112,313,3,15506,,
,112,335,3,12566,,
,112,34,3,11496,,
,112,341,3,22335,,
,112,353,3,19979,,
,112,367,3,609,,
,112,41,3,3671,,
,112,46,3,18509,,
,112,58,3,4714,,
,112,83,3,19591,,
,113,106,3,4455,,
,113,114,3,23277,,
,113,172,3,23128,,
,113,2,3,15666,,
,113,205,3,2500,,
,113,227,3,6452,,
,113,266,3,14080,,
,113,277,3,358,,
,113,29,3,20810,,
,113,291,3,13749,,
,113,302,3,22983,,
,113,31,3,3438,,
,113,311,3,19493,,
,113,313,3,21765,,
,113,34,3,3660,,
,113,66,3,16920,,
,113,83,3,21932,,
,113_U,227,3,16036,,
,114,106,3,6524,,
,114,114,3,9350,,
,114,139,3,20919,,
,114,159,3,14621,,
,114,172,3,17796,,
,114,2,3,23675,,
,114,205,3,6875,,
,114,216,3,16700,,
,114,227,3,13934,,
,114,266,3,12500,,
,114,277,3,7295,,
,114,29,3,10726,,
,114,291,3,8258,,
,114,302,3,10485,,
,114,31,3,20061,,
,114,311,3,15766,,
,114,313,3,4077,,
,114,46,3,21358,,
,114,66,3,18687,,
,114,83,3,20346,,
,114A,205,3,13891,,
,114_U,227,3,15507,,
,115,106,3,3864,,
,115,114,3,22688,,
,115,139,3,23153,,
,115,163,3,22548,,
,115,205,3,20639,,
,115,216,3,2817,,
,115,227,3,5648,,
,115,266,3,18401,,
,115,29,3,5436,,
,115,291,3,15703,,
,115,292,3,12312,,
,115,31,3,11911,,
,115,311,3,2100,,
,115,313,3,22239,,
,115,335,3,1622,,
,115,46,3,9329,,
,115,58,3,9084,,
,115,66,3,10110,,
,115,83,3,18192,,
,1151,123,3,21949,,
,1152,284,3,11806,,
,1153,123,3,12778,,
,1154,123,3,12959,,
,1155,284,3,20444,,
,1155,72,3,20804,,
,1155 Rufbus,72,3,1360,,
,1158,123,3,3679,,
,1159,284,3,20021,,
,116,106,3,19339,,
,116,114,3,12189,,
,116,139,3,21374,,
,116,163,3,3883,,
,116,2,3,19582,,
,116,216,3,21192,,
,116,227,3,8192,,
,116,266,3,2735,,
,116,291,3,15261,,
,116,31,3,4551,,
,116,313,3,21143,,
,116,367,3,21068,,
,116,66,3,13626,,
,116,83,3,6253,,
,1161,284,3,5065,,
,1163,72,3,14363,,
,1163 Rufbus,72,3,7092,,
,1164,72,3,18304,,
,1164 Rufbus,72,3,15309,,
,1165,284,3,9803,,
,1166,72,3,7264,,
,1166 Rufbus,72,3,822,,
,1169,336,3,11444,,
,117,106,3,10387,,
,117,114,3,1073,,
,117,139,3,11512,,
,117,163,3,13355,,
,117,2,3,3725,,
,117,227,3,10058,,
,117,266,3,21513,,
,117,291,3,20536,,
,117,311,3,22067,,
,117,313,3,18130,,
,117,381,3,4348,,
,117,58,3,23496,,
,117,66,3,15522,,
,117,83,3,5605,,
,1171,72,3,10115,,
,1171 Rufbus,72,3,16864,,
,1172,72,3,1243,,
,1172 Rufbus,72,3,6461,,
,1174,72,3,21109,,
,1174 Rufbus,72,3,5539,,
,1175,123,3,10851,,
,1177,284,3,12547,,
,118,106,3,17150,,
,118,114,3,6692,,
,118,150,3,20686,,
,118,172,3,19959,,
,118,2,3,13001,,
,118,205,3,20530,,
,118,216,3,23407,,
,118,227,3,21821,,
,118,291,3,5261,,
,118,311,3,5788,,
,118,313,3,11948,,
,118,367,3,4891,,
,118,381,3,20506,,
,118,46,3,3490,,
,118,66,3,18312,,
,118,83,3,8394,,
,1182,284,3,6038,,
,1183,284,3,12622,,
,1184,284,3,9571,,
,1186,284,3,8812,,
,1187,284,3,16786,,
,119,106,3,7435,,
,119,114,3,5925,,
,119,139,3,8996,,
,119,172,3,1505,,
,119,205,3,2838,,
,119,216,3,11787,,
,119,227,3,18441,,
,119,291,3,11631,,
,119,311,3,17739,,
,119,313,3,5789,,
,119,315,3,19225,,
,119,367,3,15340,,
,119,66,3,9403,,
,119,75,3,21293,,
,119,83,3,22424,,
,11A,127,3,4652,,
,11A,42,3,3865,,
,11E,9,3,22634,,
,11SFH,96,3,17525,,
,11V,9,3,10797,,
,12,100,0,8214,,
,12,106,3,8359,,
,12,11,3,18788,,
,12,110,3,15569,,
,12,119,3,10869,,
,12,121,3,22037,,
,12,132,3,5003,,
,12,134,3,21154,,
,12,135,3,8840,,
,12,138,3,13750,,
,12,145,3,10744,,
,12,151,3,12145,,
,12,154,0,11408,,
,12,159,3,20790,,
,12,161,3,11286,,
,12,163,3,15481,,
,12,164,3,23665,,
,12,172,3,18101,,
,12,182,3,13399,,
,12,195,3,14190,,
,12,196,3,1511,,
,12,201,3,14953,,
,12,207,0,23031,,
,12,210,0,16021,,
,12,212,3,10578,,
,12,216,3,3216,,
,12,218,1,1472,,
,12,221,3,954,,
,12,227,3,8378,,
,12,228,3,22898,,
,12,247,3,9708,,
,12,253,3,20681,0097BE,FFFFFF
,12,254,3,7523,,
,12,268,3,16811,,
,12,291,3,4162,,
,12,292,3,2218,,
,12,298,3,16,,
,12,304,3,21576,,
,12,313,3,2736,,
,12,318,0,15334,,
,12,323,3,20427,,
,12,34,3,22193,,
,12,340,3,1225,,
,12,354,3,20846,,
,12,358,3,9619,,
,12,367,3,1762,,
,12,369,3,6024,,
,12,381,0,9295,,
,12,42,3,14823,,
,12,46,0,17883,,
,12,46,3,4459,,
,12,69,3,14199,,
,12,7,3,13996,,
,12,71,3,6902,,
,12,9,3,17253,,
,12,96,3,12014,,
,12,97,3,14929,,
,12/3,247,3,7296,,
,120,106,3,12828,,
,120,114,3,1933,,
,120,164,3,2826,,
,120,169,3,23592,,
,120,172,3,6203,,
,120,2,3,6744,,
,120,205,3,3884,,
,120,216,3,22613,,
,120,218,3,13682,,
,120,225,3,20256,,
,120,227,3,23459,,
,120,242,3,11642,,
,120,266,3,11489,,
,120,272,3,47,,
,120,277,3,6490,,
,120,291,3,617,,
,120,31,3,22532,,
,120,313,3,8379,,
,120,315,3,10497,,
,120,335,3,4715,,
,120,34,3,22651,,
,120,341,3,11912,,
,120,367,3,142,,
,120,381,3,14944,,
,120,383,3,7643,,
,120,46,3,4858,,
,120,58,3,9321,,
,120,66,3,698,,
,120,83,3,13027,,
,1201,262,3,671,,
,1202,262,3,6600,,
,1203,262,3,14829,,
,1204,262,3,7842,,
,1205,262,3,18940,,
,121,106,3,9461,,
,121,11,3,19875,,
,121,114,3,9,,
,121,150,3,8492,,
,121,155,3,18278,,
,121,169,3,5046,,
,121,172,3,1426,,
,121,2,3,15667,,
,121,205,3,17448,,
,121,218,3,19621,,
,121,266,3,34,,
,121,272,3,6982,,
,121,277,3,21171,,
,121,288,3,400,,
,121,289,3,11074,,
,121,291,3,9525,,
,121,292,3,18184,,
,121,31,3,2860,,
,121,311,3,143,,
,121,335,3,21276,,
,121,341,3,8273,,
,121,367,3,1416,,
,121,381,3,21304,,
,121,66,3,16533,,
,1211,262,3,19472,,
,1212,262,3,18090,,
,1213,262,3,6561,,
,1214,262,3,9678,,
,122,106,3,8731,,
,122,114,3,7013,,
,122,119,3,21642,,
,122,155,3,1337,,
,122,169,3,10421,,
,122,172,3,1783,,
,122,2,3,8797,,
,122,205,3,3268,,
,122,216,3,19494,,
,122,218,3,4206,,
,122,243,3,12594,73D700,FFFFFF
,122,266,3,22526,,
,122,277,3,19176,,
,122,288,3,4299,,
,122,289,3,651,,
,122,291,3,22462,,
,122,292,3,622,,
,122,302,3,18760,,
,122,31,3,8813,,
,122,311,3,6776,,
,122,313,3,3460,,
,122,335,3,4625,,
,122,34,3,5013,,
,122,341,3,2290,,
,122,367,3,19438,,
,122,37,3,14267,,
,122,381,3,11367,,
,122,46,3,9371,,
,122,58,3,20268,,
,122,66,3,17890,,
,122 Rufbus,302,3,17517,,
,123,106,3,23647,,
,123,114,3,9899,,
,123,150,3,17014,,
,123,169,3,13708,,
,123,2,3,7965,,
,123,218,3,2622,,
,123,266,3,8304,,
,123,272,3,17466,,
,123,288,3,7579,,
,123,291,3,2183,,
,123,292,3,16124,,
,123,31,3,12702,,
,123,311,3,10586,,
,123,313,3,5809,,
,123,335,3,5713,,
,123,341,3,8398,,
,123,367,3,3610,,
,123,37,3,14124,,
,123,381,3,4231,,
,123,46,3,8186,,
,123,66,3,2607,,
,1231,262,3,1308,,
,1232,262,3,22429,,
,1233,262,3,19280,,
,1234,262,3,18973,,
,124,106,3,11674,,
,124,119,3,8030,,
,124,169,3,5692,,
,124,172,3,16659,,
,124,216,3,5587,,
,124,218,3,11172,,
,124,266,3,3761,,
,124,272,3,324,,
,124,288,3,2003,,
,124,291,3,22294,,
,124,31,3,7284,,
,124,313,3,6051,,
,124,341,3,16966,,
,124,37,3,10819,,
,124,381,3,13723,,
,124,46,3,23186,,
,1240,262,3,9434,,
,1241,262,3,4386,,
,1242,262,3,12715,,
,1243,262,3,19156,,
,1244,262,3,22202,,
,1245,262,3,21093,,
,1246,262,3,14655,,
,125,106,3,12259,,
,125,114,3,8927,,
,125,150,3,10391,,
,125,169,3,7747,,
,125,172,3,20451,,
,125,213,3,9444,,
,125,218,3,4232,,
,125,225,3,21229,,
,125,266,3,2123,,
,125,272,3,2380,,
,125,277,3,21263,,
,125,288,3,18279,,
,125,291,3,21616,,
,125,31,3,4609,,
,125,341,3,4254,,
,125,381,3,17015,,
,125,46,3,9923,,
,125,66,3,2970,,
,1251,262,3,14801,,
,1252,262,3,9096,,
,1253,262,3,17333,,
,1254,262,3,155,,
,125s,266,3,11199,,
,126,106,3,11597,,
,126,114,3,4586,,
,126,138,3,17970,,
,126,150,3,6302,,
,126,172,3,3082,,
,126,218,3,3005,,
,126,266,3,6406,,
,126,277,3,1559,,
,126,291,3,2698,,
,126,341,3,880,,
,126,378,3,2874,,
,126,381,3,13176,,
,126,66,3,23417,,
,127,106,3,353,,
,127,163,3,17924,,
,127,169,3,20308,,
,127,172,3,14923,,
,127,216,3,10116,,
,127,218,3,20531,,
,127,243,3,11868,73D700,FFFFFF
,127,266,3,10951,,
,127,284,3,10852,,
,127,288,3,4031,,
,127,291,3,15736,,
,127,31,3,12440,,
,127,313,3,8450,,
,127,381,3,16089,,
,127,66,3,3968,,
,128,106,3,11989,,
,128,169,3,468,,
,128,172,3,7285,,
,128,218,3,6833,,
,128,266,3,9584,,
,128,291,3,20709,,
,128,31,3,5782,,
,128,313,3,11696,,
,128,341,3,13128,,
,128,46,3,11704,,
,128,66,3,21886,,
,129,106,3,21827,,
,129,119,3,5846,,
,129,169,3,9008,,
,129,172,3,1723,,
,129,213,3,1755,,
,129,218,3,1074,,
,129,262,3,13505,,
,129,266,3,3100,,
,129,291,3,21956,,
,129,313,3,3491,,
,129,341,3,10191,,
,129,66,3,11913,,
,1291,243,3,23143,73D700,FFFFFF
,12A,304,3,22693,,
,12ALT,9,3,7206,,
,12E,154,0,15639,,
,13,106,3,20687,,
,13,11,3,2965,,
,13,110,3,5530,,
,13,119,3,8819,,
,13,121,3,21659,,
,13,132,3,17932,,
,13,134,3,9900,,
,13,138,3,23768,,
,13,151,3,19661,,
,13,156,0,12884,,
,13,159,3,13417,,
,13,163,3,2977,,
,13,164,3,3866,,
,13,172,3,3858,,
,13,176,3,23427,,
,13,182,3,8032,,
,13,196,3,1278,,
,13,20,3,23522,,
,13,201,3,8505,,
,13,207,0,14239,,
,13,212,3,8584,,
,13,216,3,916,,
,13,218,1,17339,,
,13,221,3,6324,,
,13,254,3,11137,,
,13,282,3,18305,,
,13,29,3,10910,,
,13,291,3,1947,,
,13,292,3,21766,,
,13,304,3,8031,,
,13,313,3,19020,,
,13,323,3,15125,,
,13,333,3,21448,,
,13,34,3,11168,,
,13,340,3,22484,,
,13,358,3,14551,,
,13,367,3,8662,,
,13,369,3,19398,,
,13,381,0,18402,,
,13,42,3,1602,,
,13,7,3,13537,,
,13,71,3,13371,,
,13,96,3,16328,,
,13/4,247,3,5090,,
,130,100,3,17943,,
,130,106,3,3945,,
,130,116,3,19116,,
,130,119,3,11754,,
,130,138,3,20890,,
,130,164,3,6156,,
,130,169,3,22979,,
,130,172,3,2004,,
,130,2,3,20725,,
,130,205,3,6462,,
,130,213,3,17502,,
,130,216,3,11914,,
,130,218,3,14960,,
,130,227,3,6443,,
,130,274,3,9966,,
,130,291,3,6966,,
,130,305,3,10705,,
,130,341,3,22774,,
,130,381,3,9837,,
,130,383,3,13788,,
,130,41,3,6243,,
,130,45,3,3984,,
,130,46,3,2657,,
,130,58,3,4925,,
,1301,257,3,22843,,
,1302,164,3,17209,,
,1302,257,3,9653,,
,1303,164,3,9071,,
,1303,257,3,927,,
,1304,243,3,17726,73D700,FFFFFF
,1304,257,3,10327,,
,1304A,243,3,21964,73D700,FFFFFF
,1305,243,3,13261,73D700,FFFFFF
,1305,257,3,17416,,
,1307,164,3,14986,,
,1307,243,3,10757,73D700,FFFFFF
,1309,164,3,13985,,
,130A,114,3,9311,,
,130B,114,3,16743,,
,131,106,3,8187,,
,131,11,3,1352,,
,131,114,3,14131,,
,131,116,3,628,,
,131,119,3,6610,,
,131,123,3,6269,,
,131,155,3,16137,,
,131,169,3,10685,,
,131,2,3,21328,,
,131,205,3,23641,,
,131,210,3,15935,,
,131,213,3,15463,,
,131,216,3,7834,,
,131,227,3,19403,,
,131,266,3,4017,,
,131,274,3,19779,,
,131,289,3,3680,,
,131,291,3,14413,,
,131,31,3,2590,,
,131,311,3,4293,,
,131,336,3,23732,,
,131,34,3,11287,,
,131,341,3,14529,,
,131,381,3,17559,,
,131,41,3,19984,,
,131,45,3,3448,,
,131,46,3,18755,,
,131,66,3,9355,,
,1310,164,3,5714,,
,1310,257,3,3910,,
,1311,164,3,10246,,
,1312,164,3,2608,,
,1313,164,3,4429,,
,1315,164,3,5741,,
,1317,164,3,15968,,
,132,100,3,1438,,
,132,106,3,20622,,
,132,11,3,5071,,
,132,114,3,4316,,
,132,116,3,15151,,
,132,155,3,20726,,
,132,169,3,8238,,
,132,172,3,23341,,
,132,186,3,23112,,
,132,2,3,1460,,
,132,205,3,1651,,
,132,227,3,18110,,
,132,266,3,6274,,
,132,274,3,15523,,
,132,277,3,8182,,
,132,293,3,17030,,
,132,31,3,21815,,
,132,313,3,13751,,
,132,336,3,17925,,
,132,34,3,1623,,
,132,353,3,4336,,
,132,381,3,10247,,
,132,58,3,18649,,
,132,66,3,969,,
,132,68,3,21365,57B006,FFFFFF
,1320,164,3,11179,,
,1321,164,3,17106,,
,1321,243,3,23020,73D700,FFFFFF
,1322,164,3,5621,,
,1322,243,3,7999,73D700,FFFFFF
,1322,262,3,11293,,
,1323,164,3,21788,,
,1323,262,3,17708,,
,1324,243,3,2219,73D700,FFFFFF
,1326,243,3,10388,73D700,FFFFFF
,1327,243,3,7272,73D700,FFFFFF
,1328,243,3,15323,73D700,FFFFFF
,1329,164,3,1255,,
,1329,243,3,18694,73D700,FFFFFF
,133,106,3,12146,,
,133,11,3,10206,,
,133,114,3,2281,,
,133,119,3,3235,,
,133,155,3,6758,,
,133,169,3,10413,,
,133,2,3,19287,,
,133,216,3,7462,,
,133,218,3,23303,,
,133,227,3,20001,,
,133,266,3,22360,,
,133,274,3,9356,,
,133,288,3,4859,,
,133,289,3,8046,,
,133,291,3,23671,,
,133,31,3,1427,,
,133,313,3,20920,,
,133,336,3,12741,,
,133,34,3,4725,,
,133,341,3,21925,,
,133,381,3,19060,,
,133,46,3,13499,,
,133,66,3,2141,,
,1330,262,3,3762,,
,1331,262,3,7781,,
,1332,262,3,17666,,
,1333,262,3,4182,,
,1334,262,3,13770,,
,1335,262,3,16274,,
,1336,243,3,138,73D700,FFFFFF
,1336,262,3,23470,,
,1337,164,3,12486,,
,1337,262,3,20694,,
,1338,164,3,8767,,
,1338,262,3,8451,,
,1339,164,3,16596,,
,1339,262,3,20734,,
,134,100,3,3161,,
,134,106,3,13215,,
,134,114,3,9343,,
,134,116,3,15654,,
,134,119,3,3867,,
,134,155,3,4572,,
,134,172,3,21716,,
,134,2,3,18066,,
,134,213,3,11084,,
,134,216,3,23408,,
,134,218,3,23477,,
,134,227,3,1188,,
,134,262,3,15262,,
,134,266,3,2193,,
,134,274,3,12414,,
,134,31,3,15472,,
,134,34,3,21050,,
,134,341,3,12317,,
,134,37,3,16354,,
,134,378,3,12819,,
,134,381,3,11827,,
,134,45,3,16398,,
,134,46,3,8127,,
,134,66,3,13022,,
,1340,164,3,3784,,
,1340,243,3,4508,73D700,FFFFFF
,1340,262,3,15317,,
,1343,164,3,20261,,
,1344,164,3,23452,,
,1346,164,3,21834,,
,135,100,3,16098,,
,135,106,3,20347,,
,135,114,3,22971,,
,135,119,3,18239,,
,135,169,3,3709,,
,135,213,3,5551,,
,135,216,3,14484,,
,135,218,3,11811,,
,135,266,3,14816,,
,135,274,3,12755,,
,135,31,3,8251,,
,135,313,3,3593,,
,135,34,3,14462,,
,135,341,3,652,,
,135,37,3,21514,,
,135,381,3,11594,,
,135,46,3,19145,,
,135,58,3,8963,,
,135,66,3,10520,,
,1351,164,3,16399,,
,1352,164,3,10806,,
,1353,164,3,10579,,
,1354,164,3,18517,,
,136,100,3,15087,,
,136,106,3,312,,
,136,114,3,6641,,
,136,116,3,782,,
,136,150,3,13879,,
,136,169,3,11276,,
,136,172,3,14482,,
,136,2,3,1343,,
,136,213,3,19678,,
,136,216,3,6670,,
,136,218,3,19934,,
,136,227,3,18941,,
,136,266,3,4124,,
,136,274,3,16372,,
,136,291,3,13437,,
,136,31,3,6628,,
,136,313,3,11725,,
,136,341,3,12854,,
,136,381,3,20795,,
,136,46,3,928,,
,136,66,3,20573,,
,1360,243,3,9914,73D700,FFFFFF
,1360A,243,3,23348,73D700,FFFFFF
,1360B,243,3,572,73D700,FFFFFF
,1361,243,3,8984,73D700,FFFFFF
,1367,262,3,7139,,
,137,106,3,3552,,
,137,114,3,16930,,
,137,169,3,12065,,
,137,172,3,13740,,
,137,216,3,7979,,
,137,218,3,8694,,
,137,266,3,22614,,
,137,274,3,11500,,
,137,31,3,8591,,
,137,341,3,9231,,
,137,46,3,14622,,
,137,66,3,16542,,
,1377,243,3,22472,73D700,FFFFFF
,1378,262,3,6734,,
,1379,262,3,16878,,
,137A,313,3,9993,,
,137B,313,3,15064,,
,137C,313,3,13801,,
,137D,313,3,15680,,
,137E,313,3,12327,,
,138,106,3,3575,,
,138,114,3,5783,,
,138,119,3,1407,,
,138,169,3,22167,,
,138,172,3,3146,,
,138,205,3,14740,,
,138,216,3,11325,,
,138,266,3,129,,
,138,274,3,10124,,
,138,291,3,18803,,
,138,31,3,12836,,
,138,313,3,11255,,
,138,341,3,17396,,
,138,381,3,18007,,
,138,66,3,7276,,
,1380,262,3,14597,,
,1381,243,3,12532,73D700,FFFFFF
,1381,262,3,3763,,
,1382,243,3,19006,73D700,FFFFFF
,1382,262,3,9654,,
,1388,243,3,516,73D700,FFFFFF
,1389,243,3,4344,73D700,FFFFFF
,139,100,3,17200,,
,139,106,3,23748,,
,139,114,3,13321,,
,139,119,3,11365,,
,139,169,3,18393,,
,139,213,3,9733,,
,139,216,3,22729,,
,139,266,3,3325,,
,139,274,3,12335,,
,139,291,3,6869,,
,139,31,3,151,,
,139,341,3,7748,,
,139,381,3,12406,,
,139,46,3,20257,,
,13A,9,3,276,,
,13B,9,3,7045,,
,14,100,0,15541,,
,14,106,3,6999,,
,14,110,3,6967,,
,14,119,3,13220,,
,14,121,3,18285,,
,14,132,3,3775,,
,14,135,3,19940,,
,14,145,3,15946,,
,14,151,3,2157,,
,14,159,3,23361,,
,14,163,3,2526,,
,14,164,3,5795,,
,14,172,3,2374,,
,14,176,3,9737,,
,14,182,3,12443,,
,14,195,3,5572,,
,14,196,3,7376,,
,14,20,3,22005,,
,14,201,3,12855,,
,14,210,0,8239,,
,14,212,3,3544,,
,14,221,3,288,,
,14,226,3,21264,,
,14,247,3,1208,,
,14,253,3,17473,009B56,FFFFFF
,14,254,3,5756,,
,14,256,3,23080,,
,14,278,3,1125,,
,14,282,3,325,,
,14,29,3,17005,,
,14,291,3,171,,
,14,292,3,19876,,
,14,298,3,14097,,
,14,304,3,10875,,
,14,318,0,7679,,
,14,323,3,5633,,
,14,333,3,22031,,
,14,34,3,7068,,
,14,340,3,9462,,
,14,353,3,987,,
,14,354,3,11819,,
,14,358,3,9135,,
,14,367,3,17686,,
,14,369,3,5141,,
,14,42,3,6752,,
,14,5,3,5794,,
,14,7,3,4103,,
,14,71,3,3317,,
,14,9,3,10248,,
,14,96,3,21836,,
,140,100,3,15270,,
,140,106,3,21249,,
,140,114,3,13267,,
,140,116,3,20079,,
,140,119,3,22844,,
,140,138,3,10781,,
,140,139,3,7874,,
,140,172,3,6954,,
,140,2,3,8264,,
,140,205,3,4472,,
,140,216,3,2779,,
,140,227,3,19784,,
,140,266,3,18244,,
,140,274,3,9091,,
,140,291,3,3739,,
,140,31,3,1439,,
,140,313,3,12548,,
,140,381,3,18138,,
,140,383,3,11075,,
,140,45,3,3006,,
,140,46,3,1317,,
,140,58,3,12779,,
,140,66,3,13716,,
,140,75,3,21767,,
,1401,260,3,19527,,
,1402,260,3,18117,,
,1403,260,3,22927,,
,1404,260,3,7265,,
,1405,260,3,22823,,
,1406,260,3,5237,,
,1407,260,3,16186,,
,1408,260,3,4403,,
,141,100,3,1948,,
,141,106,3,18919,,
,141,11,3,15370,,
,141,114,3,424,,
,141,119,3,12251,,
,141,123,3,4831,,
,141,139,3,11383,,
,141,155,3,11915,,
,141,163,3,21409,,
,141,172,3,7782,,
,141,2,3,7400,,
,141,205,3,7910,,
,141,216,3,21366,,
,141,243,3,21058,73D700,FFFFFF
,141,272,3,13210,,
,141,274,3,11352,,
,141,289,3,9435,,
,141,291,3,12950,,
,141,31,3,2149,,
,141,313,3,12121,,
,141,338,3,20361,,
,141,34,3,22694,,
,141,381,3,19107,,
,141,41,3,14438,,
,141,45,3,5091,,
,141,66,3,2555,,
,141,68,3,3975,54AB26,FFFFFF
,141,75,3,2565,,
,1410,260,3,5346,,
,1416,260,3,18829,,
,141E,31,3,20658,,
,142,100,3,10594,,
,142,106,3,21102,,
,142,114,3,10608,,
,142,116,3,4793,,
,142,119,3,6303,,
,142,139,3,20760,,
,142,163,3,9773,,
,142,172,3,6870,,
,142,186,3,21920,,
,142,2,3,10603,,
,142,205,3,1578,,
,142,227,3,3511,,
,142,262,3,14429,,
,142,274,3,3687,,
,142,291,3,18660,,
,142,31,3,14668,,
,142,313,3,3292,,
,142,381,3,17507,,
,142,41,3,18051,,
,142,46,3,11249,,
,142,58,3,8890,,
,142,66,3,13945,,
,142,75,3,4353,,
,1421,260,3,14682,,
,1422,260,3,22086,,
,1423,260,3,5196,,
,1424,260,3,8319,,
,1425,260,3,18139,,
,1426,260,3,4460,,
,1427,260,3,12224,,
,1428,260,3,2531,,
,1429,260,3,6423,,
,143,100,3,13080,,
,143,106,3,6386,,
,143,11,3,17340,,
,143,114,3,8846,,
,143,139,3,16734,,
,143,155,3,8951,,
,143,172,3,7924,,
,143,2,3,2469,,
,143,205,3,18980,,
,143,210,3,22240,,
,143,216,3,8950,,
,143,227,3,19310,,
,143,256,3,22381,,
,143,266,3,6355,,
,143,274,3,16291,,
,143,277,3,23684,,
,143,291,3,22105,,
,143,305,3,17869,,
,143,31,3,19900,,
,143,313,3,3688,,
,143,381,3,3587,,
,143,46,3,11536,,
,143,75,3,18673,,
,1430,260,3,19423,,
,1431,260,3,9015,,
,1433,260,3,11639,,
,1434,260,3,11326,,
,1435,260,3,14542,,
,1437,260,3,3157,,
,1438,260,3,4157,,
,144,100,3,17573,,
,144,106,3,906,,
,144,114,3,20974,,
,144,116,3,222,,
,144,119,3,5308,,
,144,123,3,22430,,
,144,172,3,15927,,
,144,205,3,11675,,
,144,227,3,18637,,
,144,243,3,4125,73D700,FFFFFF
,144,266,3,14671,,
,144,272,3,15019,,
,144,274,3,9967,,
,144,31,3,8380,,
,144,381,3,21322,,
,144,66,3,4716,,
,144,75,3,1660,,
,145,100,3,17702,,
,145,106,3,5166,,
,145,114,3,9111,,
,145,119,3,16507,,
,145,123,3,703,,
,145,139,3,22113,,
,145,205,3,12636,,
,145,216,3,1169,,
,145,266,3,20516,,
,145,272,3,3374,,
,145,274,3,18460,,
,145,277,3,6311,,
,145,291,3,16720,,
,145,31,3,18561,,
,145,381,3,20287,,
,145,383,3,11026,,
,145,66,3,2941,,
,145,75,3,18153,,
,1451,262,3,15335,,
,1451.1,262,3,3167,,
,1452,262,3,5657,,
,1454,15,3,21288,,
,1454,262,3,5338,,
,1454.1,262,3,14916,,
,1454.2,262,3,11211,,
,145s,266,3,14871,,
,146,106,3,11063,,
,146,114,3,6515,,
,146,116,3,19730,,
,146,119,3,3710,,
,146,139,3,8619,,
,146,172,3,21212,,
,146,186,3,15867,,
,146,205,3,8955,,
,146,216,3,9932,,
,146,272,3,14182,,
,146,284,3,13312,,
,146,291,3,6254,,
,146,31,3,22588,,
,146,313,3,23517,,
,146,381,3,15745,,
,146,66,3,5914,,
,146,75,3,19193,,
,1465,262,3,6112,,
,1465.1,262,3,11618,,
,1467,262,3,14644,,
,1468,262,3,1323,,
,1469,262,3,1107,,
,1469.1,262,3,20177,,
,1469.2,262,3,5190,,
,1469.3,262,3,12866,,
,147,106,3,8366,,
,147,114,3,16895,,
,147,116,3,14672,,
,147,119,3,14354,,
,147,172,3,14063,,
,147,205,3,3885,,
,147,274,3,9825,,
,147,31,3,4032,,
,147,313,3,4132,,
,147,336,3,2261,,
,147,349,3,3083,,
,147,381,3,17891,,
,147,46,3,8011,,
,147,58,3,18455,,
,1475,262,3,22450,,
,1478,262,3,22887,,
,1479,262,3,16194,,
,147A,205,3,1408,,
,148,106,3,13796,,
,148,114,3,1902,,
,148,119,3,5388,,
,148,139,3,11820,,
,148,172,3,15947,,
,148,186,3,7672,,
,148,205,3,9620,,
,148,274,3,11064,,
,148,31,3,12424,,
,148,381,3,13295,,
,1481,262,3,15114,,
,1482,262,3,11537,,
,149,100,3,2801,,
,149,114,3,12885,,
,149,119,3,23137,,
,149,172,3,911,,
,149,186,3,14414,,
,149,205,3,20805,,
,149,216,3,16162,,
,149,274,3,13173,,
,149,291,3,3976,,
,149,313,3,13592,,
,149,381,3,6387,,
,149,383,3,21566,,
,1491,243,3,3886,73D700,FFFFFF
,149s,266,3,7393,,
,14E,9,3,1805,,
,15,106,3,22943,,
,15,110,3,4909,,
,15,118,3,8544,,
,15,119,3,4933,,
,15,121,3,15156,,
,15,135,3,4503,,
,15,145,3,22445,,
,15,151,3,9518,,
,15,163,3,4354,,
,15,164,3,6287,,
,15,172,3,8576,,
,15,176,3,17687,,
,15,181,3,833,,
,15,182,3,359,,
,15,196,3,14768,,
,15,20,3,19230,,
,15,201,3,7348,,
,15,203,3,14936,,
,15,210,0,9397,,
,15,212,3,21402,,
,15,216,3,17123,,
,15,221,3,14089,,
,15,226,3,3611,,
,15,227,3,10856,,
,15,247,3,17401,,
,15,253,3,7624,00867A,FFFFFF
,15,254,3,16927,,
,15,278,3,6331,,
,15,29,3,14734,,
,15,291,3,16812,,
,15,298,3,59,,
,15,318,0,6286,,
,15,34,3,18008,,
,15,340,3,20577,,
,15,353,3,165,,
,15,354,3,9585,,
,15,358,3,8901,,
,15,365,3,11567,,
,15,367,3,11662,,
,15,369,3,11792,,
,15,378,3,18523,,
,15,381,0,343,,
,15,42,3,4976,,
,15,5,3,6491,,
,15,59,3,16295,,
,15,69,3,3090,,
,15,7,3,20645,,
,15,71,3,23672,,
,15,9,3,369,,
,15,96,3,5191,,
,15,97,3,3711,,
,150,100,3,8515,,
,150,114,3,21500,,
,150,138,3,13182,,
,150,139,3,14930,,
,150,164,3,4986,,
,150,186,3,978,,
,150,216,3,21230,,
,150,227,3,20413,,
,150,262,3,3472,,
,150,274,3,14642,,
,150,291,3,16750,,
,150,31,3,17788,,
,150,378,3,4090,,
,150,381,3,5030,,
,150,383,3,4645,,
,150,45,3,6642,,
,150,46,3,22014,,
,150,58,3,5373,,
,150,66,3,13238,,
,1501,269,3,5784,,
,1502,269,3,16671,,
,1503,269,3,17944,,
,1504,269,3,1849,,
,1505,269,3,15610,,
,1506,269,3,23257,,
,1507,269,3,19226,,
,1508,269,3,2282,,
,1509,269,3,18912,,
,151,100,3,12091,,
,151,106,3,12798,,
,151,11,3,1098,,
,151,114,3,10505,,
,151,119,3,2033,,
,151,139,3,5427,,
,151,155,3,3600,,
,151,172,3,12995,,
,151,176,3,7227,,
,151,2,3,11892,,
,151,205,3,9933,,
,151,213,3,7194,,
,151,216,3,4745,,
,151,227,3,18927,,
,151,262,3,22142,,
,151,266,3,119,,
,151,291,3,23304,,
,151,292,3,13081,,
,151,31,3,5483,,
,151,34,3,3985,,
,151,341,3,12977,,
,151,378,3,21724,,
,151,381,3,425,,
,151,41,3,4365,,
,1510,269,3,13632,,
,1511,269,3,13192,,
,1512,269,3,13569,,
,1513,269,3,7545,,
,1514,269,3,15427,,
,1515,269,3,8327,,
,1516,269,3,11832,,
,1517,269,3,12919,,
,1518,269,3,5462,,
,152,106,3,18043,,
,152,119,3,20669,,
,152,139,3,14628,,
,152,150,3,17341,,
,152,155,3,21781,,
,152,172,3,19626,,
,152,176,3,20956,,
,152,2,3,22269,,
,152,216,3,6472,,
,152,227,3,13146,,
,152,266,3,4417,,
,152,274,3,4992,,
,152,291,3,6825,,
,152,292,3,11598,,
,152,31,3,20668,,
,152,313,3,20385,,
,152,341,3,12359,,
,152,378,3,1032,,
,152,381,3,447,,
,152,41,3,15655,,
,152A,292,3,16434,,
,153,100,3,16069,,
,153,106,3,18699,,
,153,114,3,10829,,
,153,139,3,14830,,
,153,155,3,14809,,
,153,172,3,20302,,
,153,2,3,4453,,
,153,216,3,11256,,
,153,266,3,2759,,
,153,274,3,9534,,
,153,291,3,547,,
,153,31,3,8104,,
,153,341,3,17778,,
,153,378,3,22995,,
,153,381,3,8103,,
,153,41,3,16408,,
,153,75,3,18587,,
,154,100,3,14345,,
,154,11,3,20439,,
,154,119,3,15996,,
,154,139,3,18848,,
,154,155,3,12852,,
,154,164,3,84,,
,154,172,3,18486,,
,154,2,3,10320,,
,154,205,3,22962,,
,154,216,3,14593,,
,154,262,3,20452,,
,154,266,3,2459,,
,154,291,3,16526,,
,154,292,3,2012,,
,154,31,3,17474,,
,154,313,3,102,,
,154,341,3,10310,,
,154,378,3,3045,,
,154,381,3,12820,,
,154,41,3,8372,,
,154,45,3,6507,,
,154,46,3,15650,,
,154,75,3,12477,,
,1545,262,3,1440,,
,1546,59,3,16603,,
,1547,59,3,8320,,
,1548,59,3,7099,,
,155,100,3,1541,,
,155,106,3,19911,,
,155,119,3,7014,,
,155,139,3,16242,,
,155,172,3,5300,,
,155,2,3,3900,,
,155,205,3,11149,,
,155,216,3,16118,,
,155,262,3,9445,,
,155,266,3,22148,,
,155,291,3,8605,,
,155,292,3,23203,,
,155,31,3,18676,,
,155,381,3,16887,,
,155,45,3,17402,,
,155,46,3,4529,,
,155,68,3,1915,A8CF6B,
,155,75,3,11726,,
,1551,59,3,14004,,
,1554,59,3,20700,,
,1555,59,3,15834,,
,1556,274,3,10059,,
,1556,59,3,17280,,
,1557,274,3,9436,,
,1559,59,3,7721,,
,155A,205,3,6983,,
,156,106,3,12039,,
,156,114,3,21680,,
,156,119,3,5975,,
,156,139,3,8611,,
,156,164,3,10632,,
,156,172,3,4133,,
,156,2,3,936,,
,156,216,3,2623,,
,156,291,3,16363,,
,156,292,3,22858,,
,156,31,3,19763,,
,156,313,3,5858,,
,156,381,3,12501,,
,156,46,3,17134,,
,1561,59,3,23349,,
,1562,59,3,13946,,
,1564,59,3,18809,,
,1566,277,3,21490,,
,1568,59,3,803,,
,157,100,3,20262,,
,157,114,3,5531,,
,157,119,3,7195,,
,157,139,3,19941,,
,157,164,3,18574,,
,157,172,3,17379,,
,157,2,3,2760,,
,157,216,3,4587,,
,157,243,3,8265,73D700,FFFFFF
,157,291,3,15464,,
,157,31,3,10158,,
,157,313,3,16435,,
,157,381,3,11301,,
,157,66,3,6549,,
,1571,274,3,12508,,
,1572,59,3,16981,,
,1574,59,3,7953,,
,1576,59,3,5532,,
,1577,59,3,20796,,
,1578,336,3,21534,,
,157A,243,3,2303,73D700,FFFFFF
,158,100,3,2453,,
,158,106,3,4390,,
,158,114,3,6990,,
,158,139,3,5976,,
,158,172,3,11849,,
,158,176,3,7454,,
,158,2,3,20477,,
,158,266,3,13865,,
,158,291,3,12965,,
,158,31,3,3225,,
,158,313,3,10832,,
,158,381,3,13239,,
,158,46,3,1717,,
,158,66,3,23563,,
,1581,59,3,23687,,
,1582,59,3,15248,,
,1583,336,3,14543,,
,1585,277,3,23569,,
,1586,59,3,23401,,
,1587,59,3,21646,,
,1588,59,3,5272,,
,159,100,3,8123,,
,159,114,3,205,,
,159,172,3,23706,,
,159,2,3,1856,,
,159,205,3,23223,,
,159,266,3,12971,,
,159,291,3,16517,,
,159,31,3,22934,,
,159,313,3,18180,,
,159,381,3,13255,,
,159,383,3,6184,,
,159,66,3,5897,,
,159,75,3,17128,,
,1591,59,3,15382,,
,1593,59,3,1579,,
,1598,139,3,2124,,
,15ALT,9,3,865,,
,15E11,269,3,1989,,
,15E12,269,3,16461,,
,15E13,269,3,16339,,
,15E15,269,3,9059,,
,15E17,269,3,3149,,
,15E18,269,3,9092,,
,15E19,269,3,19953,,
,15E2,269,3,1291,,
,15E20,269,3,2177,,
,15E21,269,3,15681,,
,15E3,269,3,22627,,
,15E4,269,3,21393,,
,15E6,269,3,22579,,
,15E7,269,3,15119,,
,15E8,269,3,20891,,
,15E9,269,3,3109,,
,15V22,269,3,8723,,
,15a,226,3,4726,,
,15b,226,3,9604,,
,16,100,0,3700,,
,16,106,3,8801,,
,16,118,3,10147,,
,16,119,3,5360,,
,16,121,3,3636,,
,16,132,3,15969,,
,16,135,3,6424,,
,16,138,3,20883,,
,16,145,3,6759,,
,16,151,3,9881,,
,16,154,0,15233,,
,16,159,3,8360,,
,16,163,3,11462,,
,16,164,3,5639,,
,16,172,3,22182,,
,16,176,3,9201,,
,16,196,3,8080,,
,16,20,3,14656,FF3399,FFFFFF
,16,203,3,9207,,
,16,210,0,10051,,
,16,212,3,2707,,
,16,216,3,12286,,
,16,221,3,18143,,
,16,226,3,6342,,
,16,253,3,21474,6CBE99,FFFFFF
,16,254,3,7495,,
,16,256,3,21294,,
,16,278,3,6298,,
,16,291,3,9009,,
,16,292,3,5301,,
,16,304,3,21849,,
,16,318,0,12470,,
,16,322,3,16604,,
,16,323,3,21438,,
,16,330,3,13709,,
,16,34,3,13752,,
,16,340,3,16469,,
,16,353,3,16775,,
,16,354,3,7035,,
,16,358,3,18472,,
,16,367,3,21558,,
,16,378,3,13690,,
,16,381,0,1431,,
,16,46,0,2497,,
,16,69,3,18987,,
,16,71,3,20646,,
,16,9,3,18099,,
,16,96,3,4727,,
,16,97,3,302,,
,160,100,3,14741,,
,160,106,3,16678,,
,160,114,3,843,,
,160,119,3,17262,,
,160,139,3,12978,,
,160,155,3,3525,,
,160,164,3,12030,,
,160,172,3,15137,,
,160,176,3,9868,,
,160,186,3,10,,
,160,207,3,12170,,
,160,216,3,8629,,
,160,225,3,18009,,
,160,227,3,9476,,
,160,266,3,18434,,
,160,274,3,17836,,
,160,289,3,22566,,
,160,291,3,14961,,
,160,31,3,16094,,
,160,313,3,17909,,
,160,335,3,20507,,
,160,336,3,13284,,
,160,381,3,18570,,
,160,383,3,7739,,
,160,41,3,23719,2F53A7,FFFFFF
,160,46,3,17779,,
,160,58,3,4255,,
,160,75,3,22143,,
,160028,151,3,13733,,
,160091,151,3,21768,,
,160097,151,3,6857,,
,160098,151,3,14064,,
,1601,15,3,1016,,
,160100,151,3,7546,,
,160101,151,3,20269,,
,160102,151,3,6727,,
,160103,151,3,192,,
,160104,151,3,18473,,
,160105,151,3,8964,,
,160106,151,3,5977,,
,160107,151,3,1800,,
,160108,151,3,8202,,
,160109,151,3,8047,,
,160110,151,3,9398,,
,160112,151,3,8443,,
,160118,151,3,7988,,
,160136,151,3,11185,,
,160158,151,3,22939,,
,160161,151,3,8592,,
,160180,151,3,13545,,
,1602,15,3,18615,,
,1603,15,3,10661,,
,1606,15,3,9158,,
,1607,15,3,12920,,
,1608,15,3,15413,,
,1609,15,3,11150,,
,161,100,3,2224,,
,161,106,3,11100,,
,161,114,3,11353,,
,161,138,3,6343,,
,161,139,3,17297,,
,161,172,3,22601,,
,161,176,3,65,,
,161,205,3,6425,,
,161,207,3,11332,,
,161,216,3,7854,,
,161,227,3,19592,,
,161,266,3,9064,,
,161,272,3,13627,,
,161,274,3,15437,,
,161,288,3,15816,,
,161,31,3,536,,
,161,313,3,10678,,
,161,353,3,22336,,
,161,381,3,15387,,
,161,41,3,5428,,
,161,45,3,23053,,
,161,46,3,21491,,
,161,66,3,6185,,
,161,75,3,15065,,
,1611,15,3,2934,,
,1612,15,3,7961,,
,162,100,3,5954,,
,162,106,3,2037,,
,162,138,3,13648,,
,162,139,3,20147,,
,162,176,3,7973,,
,162,207,3,21725,,
,162,210,3,8240,,
,162,216,3,23387,,
,162,227,3,7548,,
,162,266,3,16163,,
,162,31,3,267,,
,162,313,3,15755,,
,162,381,3,14256,,
,162,41,3,12238,,
,162,45,3,16668,,
,162,46,3,16436,,
,162,66,3,829,,
,162,75,3,6936,,
,162167,151,3,11669,,
,162217,151,3,7366,,
,162510,151,3,17281,,
,162511,151,3,14506,,
,162512,151,3,16492,,
,162513,151,3,11192,,
,162514,151,3,22730,,
,162515,151,3,11738,,
,162516,151,3,22249,,
,162517,151,3,22091,,
,162518,151,3,1119,,
,162520,151,3,16416,,
,162523,151,3,1386,,
,162524,151,3,10382,,
,162548,151,3,16173,,
,162s,266,3,783,,
,163,100,3,1156,,
,163,106,3,4483,,
,163,119,3,10925,,
,163,138,3,21225,,
,163,139,3,21943,,
,163,172,3,21666,,
,163,205,3,1784,,
,163,207,3,12044,,
,163,227,3,19014,,
,163,243,3,14848,73D700,FFFFFF
,163,266,3,19521,,
,163,272,3,20980,,
,163,277,3,7228,,
,163,288,3,19460,,
,163,31,3,9112,,
,163,313,3,12509,,
,163,341,3,5122,,
,163,45,3,3120,,
,163,46,3,12294,,
,163,66,3,23362,,
,1631,15,3,9144,,
,1632,15,3,1367,,
,164,100,3,10706,,
,164,139,3,5813,,
,164,205,3,19912,,
,164,207,3,12927,,
,164,266,3,15013,,
,164,272,3,9145,,
,164,31,3,11437,,
,164,313,3,10537,,
,164,341,3,8165,,
,164,378,3,21103,,
,164,41,3,17856,,
,164,46,3,15208,,
,164,75,3,10647,,
,1641,15,3,23352,,
,165,100,3,855,,
,165,139,3,8399,,
,165,172,3,17112,,
,165,205,3,14802,,
,165,272,3,1583,,
,165,31,3,11129,,
,165,313,3,16229,,
,165,341,3,13268,,
,165,378,3,21336,,
,165,381,3,5123,,
,165,46,3,16497,,
,1651,15,3,13580,,
,1652,15,3,18725,,
,1653,15,3,7255,,
,1654,15,3,19157,,
,165A,205,3,22144,,
,166,100,3,17763,,
,166,138,3,19845,,
,166,139,3,229,,
,166,172,3,5941,,
,166,186,3,1099,,
,166,205,3,21928,,
,166,207,3,15909,,
,166,288,3,10396,,
,166,291,3,5238,,
,166,381,3,14177,,
,166,383,3,17151,,
,166,46,3,19920,,
,166,75,3,11447,,
,1661,15,3,6643,,
,1662,15,3,408,,
,166A,205,3,19877,,
,167,100,3,22023,,
,167,123,3,21769,,
,167,139,3,7229,,
,167,172,3,557,,
,167,176,3,15631,,
,167,186,3,18044,,
,167,205,3,11212,,
,167,216,3,6877,,
,167,243,3,18024,73D700,FFFFFF
,167,291,3,21505,,
,167,381,3,13082,,
,167,66,3,12601,,
,1671,15,3,3681,,
,1672,15,3,9586,,
,1673,15,3,6912,,
,168,100,3,7687,,
,168,139,3,2392,,
,168,172,3,4051,,
,168,176,3,14831,,
,168,205,3,19015,,
,168,216,3,4418,,
,168,291,3,16373,,
,168,313,3,14904,,
,168,341,3,3103,,
,168,46,3,14157,,
,168,66,3,12299,,
,1681,15,3,10838,,
,169,100,3,9605,,
,169,172,3,10947,,
,169,176,3,23285,,
,169,177,3,12747,,
,169,205,3,3799,,
,169,216,3,5287,,
,169,291,3,5561,,
,169,383,3,23032,,
,169,46,3,21750,,
,169,66,3,4152,,
,169,75,3,9451,,
,1691,15,3,9826,,
,1692,15,3,16218,,
,1693,15,3,19878,,
,1694,15,3,7783,,
,16E,304,3,10889,,
,16E,9,3,22665,,
,16a,226,3,4430,,
,17,100,0,1231,,
,17,106,3,4068,,
,17,110,3,15263,,
,17,118,3,21031,,
,17,135,3,5327,,
,17,138,3,1183,,
,17,145,3,187,,
,17,151,3,844,,
,17,159,3,5887,,
,17,161,3,21198,,
,17,163,3,4916,,
,17,164,3,8259,,
,17,172,3,17032,,
,17,176,3,16967,,
,17,196,3,14400,,
,17,20,3,22604,,
,17,216,3,10267,,
,17,218,1,16049,,
,17,221,3,6601,,
,17,226,3,4969,,
,17,253,3,22972,005D5A,FFFFFF
,17,254,3,970,,
,17,266,0,20508,,
,17,278,3,20392,,
,17,282,3,21892,,
,17,292,3,8244,,
,17,304,3,11294,,
,17,318,0,6768,,
,17,322,3,19746,,
,17,323,3,17031,,
,17,330,3,7772,,
,17,333,3,573,,
,17,34,3,7517,,
,17,358,3,19884,,
,17,365,3,16611,,
,17,367,3,23086,,
,17,378,3,12020,,
,17,381,0,18756,,
,17,42,3,19070,,
,17,5,3,12074,,
,17,69,3,268,,
,17,71,3,8793,,
,17,9,3,17147,,
,17,96,3,4115,,
,17,97,3,13808,,
,17 AST,282,3,10876,,
,170,100,3,23402,,
,170,139,3,13389,,
,170,172,3,22157,,
,170,205,3,16560,,
,170,216,3,2229,,
,170,218,3,3217,,
,170,225,3,866,,
,170,227,3,19548,,
,170,243,3,3024,73D700,FFFFFF
,170,270,3,7086,,
,170,274,3,2321,,
,170,291,3,12940,,
,170,31,3,18967,,
,170,313,3,15542,,
,170,349,3,8860,,
,170,383,3,15200,,
,170,45,3,20278,,
,170,46,3,9799,,
,170,66,3,1718,,
,170,75,3,11727,,
,1700,59,3,2019,,
,1701,59,3,18869,,
,1702,59,3,409,,
,1703,59,3,7591,,
,1704,59,3,8335,,
,1705,139,3,15983,,
,1705,59,3,14564,,
,1706,59,3,14520,,
,1707,59,3,16508,,
,1708,59,3,5459,,
,1709,59,3,2515,,
,171,100,3,19480,,
,171,138,3,386,,
,171,139,3,20861,,
,171,155,3,14033,,
,171,172,3,16335,,
,171,176,3,17118,,
,171,2,3,21651,,
,171,205,3,21271,,
,171,216,3,5172,,
,171,225,3,7277,,
,171,274,3,12680,,
,171,291,3,8178,,
,171,31,3,15746,,
,171,313,3,5288,,
,171,376,3,10782,,
,171,381,3,12471,,
,171,41,3,16073,,
,171,45,3,16582,,
,171,46,3,15213,,
,171,66,3,5072,,
,171,92,3,10291,,
,1710,59,3,4951,,
,1711,59,3,6479,,
,1713,59,3,15698,,
,1715,59,3,3344,,
,1719,59,3,22695,,
,172,100,3,19052,,
,172,139,3,745,,
,172,176,3,2737,,
,172,2,3,22446,,
,172,210,3,18487,,
,172,216,3,12057,,
,172,225,3,11542,,
,172,227,3,8716,,
,172,243,3,11522,73D700,FFFFFF
,172,270,3,22399,,
,172,274,3,21699,,
,172,31,3,2904,,
,172,349,3,4176,,
,172,381,3,15528,,
,172,45,3,4818,,
,172,46,3,16509,,
,172,66,3,1126,,
,172,75,3,12092,,
,172,92,3,2400,,
,1724,59,3,7749,,
,1728,59,3,19586,,
,173,100,3,21253,,
,173,139,3,4414,,
,173,172,3,19021,,
,173,176,3,15508,,
,173,186,3,22703,,
,173,2,3,21242,,
,173,205,3,6103,,
,173,210,3,18562,,
,173,225,3,21231,,
,173,227,3,6074,,
,173,243,3,8577,73D700,FFFFFF
,173,270,3,17164,,
,173,274,3,12449,,
,173,31,3,20124,,
,173,313,3,10111,,
,173,381,3,12516,,
,173,45,3,22168,,
,173,66,3,8052,,
,173,75,3,21048,,
,173,92,3,10883,,
,173A,205,3,13724,,
,174,100,3,1075,,
,174,139,3,16821,,
,174,155,3,19576,,
,174,172,3,7752,,
,174,176,3,13467,,
,174,205,3,3485,,
,174,216,3,12783,,
,174,225,3,9854,,
,174,227,3,1050,,
,174,274,3,19500,,
,174,289,3,5670,,
,174,31,3,7342,,
,174,75,3,16534,,
,174,92,3,945,,
,175,100,3,4987,,
,175,106,3,7314,,
,175,139,3,19948,,
,175,205,3,19053,,
,175,210,3,21606,,
,175,227,3,5926,,
,175,270,3,17078,,
,175,274,3,19160,,
,175,31,3,11869,,
,175,349,3,1829,,
,175,46,3,14978,,
,175,75,3,11551,,
,175,92,3,7954,,
,1751,59,3,10040,,
,1752,59,3,12204,,
,1753,59,3,15813,,
,1754,336,3,4024,,
,1754,59,3,20523,,
,1755,59,3,7688,,
,1756,59,3,11490,,
,1757,59,3,2210,,
,1758,59,3,22655,,
,175A,205,3,7327,,
,176,100,3,18799,,
,176,106,3,11603,,
,176,139,3,12523,,
,176,172,3,23673,,
,176,205,3,15157,,
,176,210,3,4434,,
,176,216,3,14817,,
,176,227,3,823,,
,176,291,3,834,,
,176,92,3,21522,,
,1762,59,3,6083,,
,1764,336,3,3046,,
,1767,59,3,18461,,
,177,100,3,3848,,
,177,106,3,20838,,
,177,139,3,20634,,
,177,172,3,12524,,
,177,205,3,5566,,
,177,216,3,17518,,
,177,225,3,3665,,
,177,291,3,17950,,
,177,313,3,15594,,
,177,378,3,1184,,
,177,75,3,12245,,
,177,92,3,21733,,
,177A,205,3,8935,,
,178,100,3,22984,,
,178,106,3,18988,,
,178,139,3,20770,,
,178,172,3,4226,,
,178,176,3,7240,,
,178,205,3,8808,,
,178,216,3,14612,,
,178,291,3,1299,,
,178,378,3,11640,,
,178,92,3,5851,,
,179,100,3,2304,,
,179,139,3,23698,,
,179,172,3,14154,,
,179,205,3,7384,,
,179,216,3,10918,,
,179,291,3,21887,,
,179,378,3,11565,,
,179,381,3,1006,,
,179,383,3,787,,
,179,46,3,13777,,
,179,92,3,9976,,
,17A,304,3,10633,,
,17ALT,9,3,3877,,
,17E,323,3,7335,,
,18,100,0,1667,,
,18,106,3,17679,,
,18,110,3,2381,,
,18,127,3,17917,,
,18,134,3,5540,,
,18,138,3,10181,,
,18,151,3,6802,,
,18,159,3,18518,,
,18,164,3,4578,,
,18,172,3,8462,,
,18,176,3,18856,,
,18,196,3,8328,,
,18,20,3,22959,,
,18,216,3,4018,,
,18,221,3,3481,,
,18,253,3,8405,009640,FFFFFF
,18,254,3,10512,,
,18,278,3,21957,,
,18,282,3,6760,,
,18,292,3,18067,,
,18,304,3,19901,,
,18,318,0,4058,,
,18,365,3,426,,
,18,378,3,2609,,
,18,381,0,19968,,
,18,46,0,18605,,
,18,5,3,387,,
,18,69,3,23212,,
,18,71,3,19040,,
,18,91,3,19391,,
,180,100,3,9344,,
,180,2,3,20348,,
,180,205,3,7463,,
,180,216,3,22520,,
,180,225,3,16605,,
,180,227,3,4834,,
,180,234,3,13830,,
,180,243,3,4981,73D700,FFFFFF
,180,266,3,12979,,
,180,274,3,17560,,
,180,291,3,6325,,
,180,31,3,22458,,
,180,381,3,18519,,
,180,383,3,4610,,
,180,45,3,1795,,
,180,59,3,23009,,
,180,75,3,9755,,
,1800,59,3,1978,,
,1801,59,3,22973,,
,1802,59,3,14070,,
,1803,59,3,23213,,
,1805,59,3,13394,,
,1806,59,3,17977,,
,1807,59,3,16510,,
,1808,59,3,17263,,
,1809,59,3,1391,,
,181,100,3,8556,,
,181,106,3,6157,,
,181,2,3,11180,,
,181,205,3,6048,,
,181,216,3,21051,,
,181,225,3,16691,,
,181,227,3,23547,,
,181,234,3,11656,,
,181,243,3,18447,73D700,FFFFFF
,181,266,3,15226,,
,181,270,3,6344,,
,181,291,3,193,,
,181,313,3,17254,,
,181,34,3,16606,,
,181,381,3,8732,,
,181,45,3,8637,,
,181,46,3,6270,,
,181,59,3,7427,,
,181,66,3,21137,,
,1810,59,3,8557,,
,1811,59,3,2715,,
,1812,59,3,12951,,
,1813,59,3,23323,,
,1814,59,3,19633,,
,1815,59,3,10498,,
,1816,59,3,21859,,
,1817,59,3,22739,,
,1818,59,3,15868,,
,1819,59,3,12756,,
,182,100,3,6504,,
,182,106,3,21397,,
,182,139,3,21621,,
,182,2,3,11938,,
,182,205,3,6788,,
,182,225,3,19866,,
,182,234,3,8512,,
,182,243,3,18885,73D700,FFFFFF
,182,266,3,11384,,
,182,270,3,14146,,
,182,291,3,19927,,
,182,31,3,7166,,
,182,313,3,14623,,
,182,381,3,16822,,
,182,45,3,5018,,
,182,66,3,2048,,
,182,75,3,17312,,
,1820,59,3,18228,,
,1821,59,3,17158,,
,1822,59,3,5092,,
,1823,59,3,1812,,
,1824,216,3,23676,,
,182A,205,3,9483,,
,182A,243,3,10083,73D700,FFFFFF
,183,100,3,22716,,
,183,106,3,2793,,
,183,139,3,8076,,
,183,172,3,16317,,
,183,2,3,10052,,
,183,205,3,9647,,
,183,216,3,12264,,
,183,227,3,20713,,
,183,243,3,18770,73D700,FFFFFF
,183,266,3,8482,,
,183,270,3,16939,,
,183,291,3,9242,,
,183,31,3,9982,,
,183,313,3,17541,,
,183,381,3,15264,,
,183,66,3,13166,,
,183,75,3,6693,,
,184,100,3,10624,,
,184,106,3,13413,,
,184,139,3,5888,,
,184,172,3,6542,,
,184,205,3,8463,,
,184,216,3,18362,,
,184,234,3,14430,,
,184,31,3,16805,,
,184,313,3,3537,,
,184,381,3,1139,,
,184,45,3,5182,,
,184,46,3,18030,,
,184,66,3,11151,,
,184,75,3,12542,,
,1840,336,3,5167,,
,1842,336,3,14474,,
,1843,336,3,6381,,
,1844,336,3,16318,,
,1845,336,3,10905,,
,185,100,3,16973,,
,185,106,3,251,,
,185,139,3,13778,,
,185,172,3,10170,,
,185,2,3,380,,
,185,205,3,23471,,
,185,216,3,7289,,
,185,225,3,6417,,
,185,234,3,13229,,
,185,270,3,16462,,
,185,31,3,14364,,
,185,381,3,16125,,
,185,45,3,14803,,
,185,66,3,15557,,
,185,75,3,10820,,
,1850,336,3,16653,,
,1854,59,3,11863,,
,1856,59,3,8245,,
,1857,59,3,85,,
,1858,59,3,6728,,
,185A,205,3,23395,,
,186,100,3,8824,,
,186,106,3,574,,
,186,139,3,13802,,
,186,172,3,22400,,
,186,2,3,12455,,
,186,205,3,21110,,
,186,216,3,5625,,
,186,227,3,21681,,
,186,234,3,2361,,
,186,31,3,9290,,
,186,381,3,4717,,
,186,45,3,23292,,
,186,46,3,9855,,
,186,66,3,686,,
,186,75,3,487,,
,1861,336,3,2808,,
,1862,59,3,2305,,
,1866,59,3,19776,,
,1867,59,3,6098,,
,187,100,3,7710,,
,187,172,3,3053,,
,187,2,3,17201,,
,187,205,3,11864,,
,187,227,3,15724,,
,187,234,3,14183,,
,187,266,3,199,,
,187,270,3,7093,,
,187,31,3,4466,,
,187,313,3,23677,,
,187,381,3,12886,,
,187,46,3,4746,,
,1871,59,3,4851,,
,1872,59,3,15313,,
,1874,336,3,1560,,
,1875,59,3,12252,,
,1876,59,3,10389,,
,187A,205,3,2699,,
,188,100,3,18981,,
,188,111,3,19960,,
,188,119,3,12117,,
,188,172,3,20102,,
,188,205,3,23177,,
,188,216,3,13892,,
,188,227,3,17380,,
,188,234,3,4638,,
,188,266,3,19108,,
,188,381,3,3007,,
,188,46,3,10846,,
,1881,59,3,3946,,
,1883,59,3,18488,,
,1884,59,3,21711,,
,188A,205,3,2283,,
,189,100,3,3197,,
,189,111,3,13296,,
,189,172,3,23460,,
,189,205,3,18920,,
,189,216,3,16549,,
,189,234,3,12031,,
,189,266,3,8568,,
,189,381,3,5073,,
,189,383,3,12253,,
,189,92,3,1614,,
,189A,205,3,17230,,
,18A,304,3,18280,,
,19,100,0,4207,,
,19,106,3,20453,,
,19,11,3,4116,,
,19,134,3,14485,,
,19,135,3,18270,,
,19,138,3,21098,,
,19,145,3,17756,,
,19,151,3,1461,,
,19,159,3,21311,,
,19,163,3,11497,,
,19,172,3,9640,,
,19,176,3,1832,,
,19,181,3,16329,,
,19,216,3,4832,,
,19,221,3,10069,,
,19,254,3,21265,,
,19,256,3,17801,,
,19,291,3,18418,,
,19,318,0,17432,,
,19,322,3,16002,,
,19,34,3,8651,,
,19,353,3,6577,,
,19,367,3,14602,,
,19,378,3,12845,,
,19,381,3,2454,,
,19,42,3,18707,,
,19,5,3,11425,,
,19,71,3,10019,,
,190,100,3,19319,,
,190,119,3,754,,
,190,172,3,5255,,
,190,186,3,9958,,
,190,2,3,2079,,
,190,227,3,9146,,
,190,252,3,19532,,
,190,293,3,22119,,
,190,313,3,13272,,
,190,367,3,18107,,
,190,383,3,8430,,
,190,46,3,2370,,
,190,75,3,2809,,
,1901,28,3,11205,,
,1902,28,3,17467,,
,1903,28,3,17356,,
,1904,28,3,18340,,
,1905,28,3,17960,,
,1906,28,3,11932,,
,1907,28,3,9279,,
,1908,28,3,8516,,
,191,100,3,194,,
,191,119,3,12645,,
,191,139,3,22011,,
,191,172,3,3729,,
,191,186,3,8048,,
,191,2,3,3375,,
,191,205,3,23065,,
,191,216,3,14373,,
,191,227,3,2682,,
,191,270,3,5289,,
,191,293,3,10549,,
,191,31,3,12450,,
,191,313,3,8798,,
,191,336,3,15803,,
,191,367,3,19364,,
,191,381,3,528,,
,191,46,3,2109,,
,1916,59,3,16493,,
,192,100,3,5955,,
,192,138,3,17403,,
,192,139,3,15459,,
,192,155,3,17542,,
,192,172,3,8493,,
,192,186,3,18539,,
,192,2,3,12040,,
,192,205,3,18657,,
,192,216,3,13423,,
,192,227,3,13154,,
,192,266,3,15177,,
,192,270,3,11776,,
,192,293,3,5503,,
,192,31,3,401,,
,192,313,3,19991,,
,192,336,3,9194,,
,192,34,3,10720,,
,192,367,3,8695,,
,192,381,3,18025,,
,192,46,3,10185,,
,192,75,3,16584,,
,1921,59,3,4926,,
,1922,59,3,20478,,
,1923,243,3,19263,73D700,FFFFFF
,1923,59,3,15419,,
,1924,243,3,10839,73D700,FFFFFF
,1924,59,3,17322,,
,1925,243,3,8215,73D700,FFFFFF
,1926,243,3,3185,73D700,FFFFFF
,1929,243,3,12812,73D700,FFFFFF
,193,100,3,16618,,
,193,119,3,4322,,
,193,139,3,13236,,
,193,155,3,18058,,
,193,172,3,3534,,
,193,186,3,19640,,
,193,2,3,15075,,
,193,216,3,12878,,
,193,266,3,10035,,
,193,289,3,8452,,
,193,293,3,9636,,
,193,31,3,5597,,
,193,313,3,14849,,
,193,336,3,8199,,
,193,381,3,15939,,
,1930,59,3,8444,,
,1931,59,3,15595,,
,1935,59,3,20811,,
,1936,59,3,7980,,
,1937,59,3,21266,,
,1938,59,3,12275,,
,1939,59,3,19117,,
,194,100,3,20739,,
,194,119,3,17493,,
,194,139,3,19239,,
,194,155,3,16383,,
,194,172,3,16729,,
,194,2,3,17323,,
,194,216,3,21164,,
,194,266,3,1556,,
,194,31,3,21459,,
,194,313,3,10513,,
,194,367,3,10580,,
,194,381,3,12066,,
,194,46,3,11993,,
,194,66,3,3405,,
,194,75,3,3733,,
,194,91,3,18319,,
,1940,28,3,5936,,
,1941,28,3,5380,,
,1942,59,3,14158,,
,195,100,3,16319,,
,195,11,3,18634,,
,195,155,3,5790,,
,195,169,3,15058,,
,195,172,3,19027,,
,195,186,3,23564,,
,195,2,3,1561,,
,195,205,3,21226,,
,195,216,3,21484,,
,195,266,3,15371,,
,195,289,3,12021,,
,195,293,3,19431,,
,195,31,3,338,,
,195,313,3,5567,,
,195,367,3,182,,
,195,381,3,3236,,
,195,46,3,1204,,
,1950,59,3,10284,,
,1951,59,3,12887,,
,1952,59,3,7087,,
,1953,59,3,6562,,
,1954,59,3,277,,
,196,100,3,21468,,
,196,139,3,1763,,
,196,186,3,2971,,
,196,2,3,7717,,
,196,205,3,10406,,
,196,216,3,2101,,
,196,227,3,1822,,
,196,293,3,17632,,
,196,31,3,14513,,
,196,313,3,4639,,
,196,336,3,19501,,
,196,367,3,4435,,
,196,381,3,20743,,
,196,75,3,13915,,
,1961,28,3,11619,,
,1962,28,3,1189,,
,1963,28,3,22990,,
,1964,59,3,8782,,
,1965,59,3,16486,,
,1966,59,3,3564,,
,197,100,3,2818,,
,197,139,3,20917,,
,197,186,3,3168,,
,197,2,3,4950,,
,197,293,3,16744,,
,197,31,3,10952,,
,197,313,3,3706,,
,197,336,3,11138,,
,197,46,3,15529,,
,"197, 203",292,3,8783,,
,198,100,3,11458,,
,198,119,3,21748,,
,198,139,3,22837,,
,198,205,3,14108,,
,198,243,3,10060,73D700,FFFFFF
,198,266,3,12525,,
,198,313,3,10957,,
,1981,59,3,17264,,
,1982,59,3,9831,,
,1983,59,3,21199,,
,1984,59,3,9291,,
,1985,59,3,13697,,
,1986,59,3,9892,,
,1987,238,3,5610,,
,1988,59,3,19777,,
,1989,238,3,22169,,
,199,100,3,13508,,
,199,205,3,9442,,
,199,262,3,7955,,
,199,313,3,20393,,
,"199, 202",292,3,21800,,
,1990,59,3,20682,,
,1991,59,3,3936,,
,1992,238,3,12497,,
,1993,238,3,20647,,
,19A,135,3,8537,,
,1A,116,3,16850,,
,1ALFA,139,3,12015,,
,1E,141,0,5568,,
,1E,141,3,9839,,
,1E,154,0,15428,,
,1E,304,3,8761,,
,1E,9,3,17691,,
,1S,141,0,16735,,
,1V,9,3,10217,,
,2,106,0,7562,,
,2,106,3,8642,,
,2,110,3,12737,,
,2,116,3,19593,,
,2,118,3,8124,,
,2,119,0,5273,,
,2,119,3,21596,,
,2,121,3,19415,,
,2,127,3,11092,,
,2,130,0,17594,,
,2,132,3,653,,
,2,134,3,9243,,
,2,135,3,14109,,
,2,138,3,19054,,
,2,139,3,20069,,
,2,141,0,16409,005CA9,FFFFFF
,2,145,3,5381,,
,2,151,0,1681,,
,2,151,3,5942,,
,2,154,0,21567,,
,2,156,0,17926,,
,2,161,3,459,,
,2,164,3,11670,,
,2,166,3,16787,,
,2,172,3,5084,,
,2,175,3,19273,,
,2,178,3,4806,FF0000,FFFFFF
,2,182,3,22291,,
,2,184,3,21874,,
,2,186,3,4391,,
,2,195,3,18661,,
,2,2,3,17777,,
,2,201,3,22595,,
,2,203,3,14673,,
,2,207,0,8400,,
,2,21,3,13809,,
,2,210,0,19061,,
,2,212,0,9738,,
,2,212,3,12568,,
,2,216,3,6543,,
,2,218,1,19365,,
,2,22,3,22059,,
,2,221,3,6326,,
,2,222,3,1704,,
,2,227,3,1527,,
,2,239,3,1738,,
,2,245,0,20263,A41C22,FFFFFF
,2,247,3,19217,,
,2,253,0,4942,FAB71D,
,2,254,0,5978,,
,2,256,3,2205,,
,2,259,3,21254,,
,2,262,3,5870,,
,2,265,3,14993,,
,2,266,0,14905,,
,2,268,3,262,,
,2,282,3,5839,,
,2,291,3,19414,,
,2,292,3,8017,,
,2,298,0,2240,,
,2,304,3,22683,,
,2,306,0,7249,,
,2,31,0,16292,,
,2,313,0,8037,,
,2,313,3,17480,,
,2,322,3,17210,,
,2,323,0,14487,,
,2,324,3,11222,,
,2,330,3,21144,,
,2,333,3,388,,
,2,335,3,4091,,
,2,34,3,5197,,
,2,340,3,995,,
,2,354,3,97,,
,2,365,3,2029,,
,2,367,3,12328,,
,2,369,3,1637,,
,2,378,3,20537,,
,2,38,3,1190,,
,2,41,3,17945,,
,2,42,3,2013,,
,2,44,0,11837,,
,2,45,3,23318,,
,2,5,0,2415,,
,2,52,3,6169,,
,2,58,3,12579,,
,2,59,3,7256,,
,2,60,3,14615,,
,2,68,0,20677,E2001A,FFFFFF
,2,69,3,10455,,
,2,7,0,1409,,
,2,7,3,6411,,
,2,71,0,15869,FBBA00,
,2,79,3,11613,,
,2,82,3,5183,,
,2,83,3,9927,,
,2,9,3,15535,,
,2,94,0,658,,
,2,96,3,14486,,
,2,97,3,17058,,
,2 (Hoyerswerda),207,3,21469,,
,2 Rot,34,3,8638,,
,2/3,324,3,22275,,
,20,100,0,7603,,
,20,106,3,8498,,
,20,118,3,736,,
,20,132,3,18275,,
,20,134,3,7000,,
,20,135,3,4573,,
,20,138,3,10098,,
,20,141,3,15126,,
,20,146,3,8919,,
,20,147,3,6104,,
,20,151,3,4728,,
,20,159,3,2258,,
,20,163,3,10426,,
,20,172,3,15429,,
,20,176,3,19048,,
,20,201,3,3631,,
,20,205,7,3565,,
,20,216,3,16736,,
,20,221,3,6537,,
,20,250,3,12246,,
,20,254,3,4275,,
,20,268,3,12487,,
,20,274,7,20659,,
,20,278,3,20200,,
,20,282,3,14643,,
,20,29,3,613,,
,20,298,3,17019,,
,20,304,3,4841,,
,20,318,0,21991,,
,20,322,3,3893,,
,20,330,3,22646,,
,20,34,3,1051,,
,20,340,3,488,,
,20,353,3,3920,,
,20,365,3,8401,,
,20,372,3,759,,
,20,378,3,14090,,
,20,42,3,23101,,
,20,54,3,16024,,
,20,59,3,6217,,
,20,68,3,10000,4B3E65,FFFFFF
,20,71,3,996,,
,200,106,3,22549,,
,200,116,3,19651,,
,200,138,3,1877,,
,200,139,3,18193,,
,200,164,3,183,,
,200,181,3,1830,,
,200,194,3,5339,,
,200,197,3,618,,
,200,2,3,2274,,
,200,218,3,10840,,
,200,225,3,22740,,
,200,231,3,19756,,
,200,247,3,7129,,
,200,255,3,8936,,
,200,258,3,3091,,
,200,262,3,9407,,
,200,282,3,19399,,
,200,313,3,23258,,
,200,315,3,16394,,
,200,353,3,9724,,
,200,39,3,3311,,
,200,46,3,13147,,
,200,83,3,18837,,
,200,86,3,10007,,
,2001,180,3,537,,
,2001,216,3,8985,,
,2001,38,3,16230,,
,2002,180,3,21803,,
,2002,216,3,11859,,
,2002,38,3,17703,,
,2002 ALF,180,3,23733,,
,2003,180,3,8188,,
,2003,38,3,8606,,
,2004,180,3,6834,,
,2004,216,3,20740,,
,2004,38,3,4467,,
,2004 ALF,180,3,14071,,
,2005,216,3,6218,,
,2005,38,3,3721,,
,2006,180,3,16252,,
,2006 ALF,180,3,23224,,
,2007,216,3,755,,
,2008,180,3,16833,,
,2008,216,3,11451,,
,200A,258,3,8643,,
,200RU,139,3,8825,,
,200S,247,3,20524,,
,201,106,3,1535,,
,201,118,3,19281,,
,201,119,3,10581,,
,201,138,3,9690,,
,201,141,3,469,,
,201,172,3,3269,,
,201,185,3,764,,
,201,192,3,10979,,
,201,194,3,7848,,
,201,2,3,130,,
,201,205,3,13167,,
,201,207,3,22956,,
,201,225,3,21480,,
,201,231,3,12171,,
,201,247,3,12763,,
,201,255,3,14277,,
,201,262,3,17895,,
,201,266,3,22352,,
,201,27,3,13119,,
,201,270,3,2034,,
,201,274,3,4345,,
,201,292,3,13083,,
,201,298,3,21607,,
,201,307,3,9357,,
,201,31,3,19935,,
,201,313,3,20504,,
,201,315,3,6777,,
,201,328,3,9994,,
,201,333,3,7826,,
,201,335,3,23396,,
,201,373,3,23461,B90276,FFFFFF
,201,381,3,10262,,
,201,83,3,3894,,
,201,86,3,16280,,
,201/205,266,3,9038,,
,2010,180,3,12488,,
,2010 ALF,180,3,22072,,
,2011,216,3,6009,,
,2012,216,3,16015,,
,2014,180,3,3397,,
,2015,180,3,1833,,
,2016,180,3,5748,,
,2017,216,3,9208,,
,2018,216,3,1079,,
,2018,59,3,2591,,
,2019,191,3,19780,,
,2019,59,3,21492,,
,201A,205,3,23379,,
,202,106,3,10609,,
,202,116,3,15795,,
,202,118,3,20436,,
,202,119,3,9202,,
,202,138,3,8361,,
,202,139,3,13240,,
,202,141,3,18415,,
,202,17,3,14401,,
,202,172,3,22506,,
,202,176,3,1850,,
,202,185,3,2132,,
,202,192,3,19495,,
,202,199,3,16037,,
,202,205,3,8652,,
,202,207,3,19274,,
,202,225,3,1009,,
,202,247,3,14346,,
,202,255,3,12813,,
,202,266,3,9322,,
,202,270,3,7680,,
,202,274,3,8986,,
,202,282,3,4616,,
,202,292,3,22666,,
,202,307,3,23278,,
,202,31,3,15152,,
,202,328,3,17570,,
,202,333,3,5541,,
,202,335,3,15904,,
,202,373,3,23231,4C76BA,FFFFFF
,202,38,3,13935,,
,202,381,3,15092,,
,202,39,3,19264,,
,202,83,3,9661,,
,202,86,3,21636,,
,2020,180,3,5124,,
,2021,180,3,23388,,
,2021,216,3,1871,,
,2022,180,3,13047,,
,2022 ALF,180,3,206,,
,2023,180,3,16809,,
,2024,180,3,15324,,
,2024,216,3,21236,,
,2024,333,3,15185,,
,2024 ALF,180,3,19392,,
,2025,180,3,3672,,
,2025,191,3,4782,,
,2025,216,3,7532,,
,2026,180,3,22605,,
,2026,191,3,12549,,
,2026,216,3,4632,,
,2027,216,3,1993,,
,2028,216,3,17079,,
,202E,199,3,16888,,
,203,106,3,12407,,
,203,118,3,18852,,
,203,119,3,20806,,
,203,138,3,6843,,
,203,141,3,7835,,
,203,185,3,19781,,
,203,194,3,1185,,
,203,225,3,1949,,
,203,231,3,1584,,
,203,247,3,9608,,
,203,255,3,11340,,
,203,262,3,7394,,
,203,266,3,20420,,
,203,270,3,14924,,
,203,274,3,12628,,
,203,282,3,18331,,
,203,292,3,22791,,
,203,293,3,11523,,
,203,307,3,14301,,
,203,31,3,9648,,
,203,328,3,12300,,
,203,335,3,824,,
,203,373,3,6611,6FBC85,FFFFFF
,203,381,3,11152,,
,203,83,3,7059,,
,2030,216,3,4233,,
,2031,333,3,10238,,
,2032,333,3,641,,
,2033,333,3,21860,,
,2034,216,3,20957,,
,2035,216,3,17433,,
,2036,216,3,7798,,
,2037,216,3,2610,,
,2038,216,3,6745,,
,203E,262,3,16527,,
,203S,247,3,19169,,
,204,106,3,20193,,
,204,116,3,4059,,
,204,118,3,20509,,
,204,119,3,5290,,
,204,138,3,19634,,
,204,141,3,12276,,
,204,172,3,7278,,
,204,185,3,4276,,
,204,192,3,20578,,
,204,199,3,13322,,
,204,2,3,14268,,
,204,205,3,2928,,
,204,207,3,6453,,
,204,225,3,48,,
,204,231,3,1108,,
,204,247,3,7580,,
,204,255,3,23072,,
,204,266,3,511,,
,204,270,3,12122,,
,204,274,3,3492,,
,204,282,3,16455,,
,204,293,3,15674,,
,204,307,3,20938,,
,204,31,3,17481,,
,204,328,3,1248,,
,204,373,3,13372,8BADDC,FFFFFF
,204,381,3,5995,,
,204,46,3,15127,,
,204,83,3,20761,,
,204,86,3,19749,,
,204,96,3,12425,,
,204,97,3,3486,,
,2040,216,3,10361,,
,2041,333,3,19706,,
,2043,216,3,2997,,
,2044,216,3,22606,,
,2045,216,3,23313,,
,205,106,3,704,,
,205,119,3,18688,,
,205,138,3,21550,,
,205,139,3,6454,,
,205,141,3,20762,,
,205,164,3,1512,,
,205,17,3,8804,,
,205,172,3,4208,,
,205,185,3,15747,,
,205,192,3,11893,,
,205,194,3,8733,,
,205,2,3,22928,,
,205,205,3,15524,,
,205,207,3,3730,,
,205,225,3,10599,,
,205,231,3,18781,,
,205,247,3,2538,,
,205,255,3,3992,,
,205,262,3,3601,,
,205,266,3,11807,,
,205,270,3,20995,,
,205,274,3,2506,,
,205,282,3,17936,,
,205,328,3,9511,,
,205,373,3,6930,B90276,FFFFFF
,205,381,3,17732,,
,205,39,3,13048,,
,2050,216,3,9077,,
,2050,38,3,5715,,
,2051,216,3,856,,
,2051,38,3,3878,,
,2052,216,3,7555,,
,2053,216,3,7569,,
,2054,216,3,23480,,
,2057,216,3,17843,,
,205RU,139,3,1120,,
,206,106,3,3062,,
,206,116,3,3394,,
,206,119,3,2125,,
,206,138,3,5542,,
,206,141,3,11085,,
,206,172,3,7458,,
,206,185,3,8140,,
,206,192,3,22032,,
,206,194,3,6064,,
,206,2,3,11513,,
,206,205,3,22060,,
,206,207,3,4247,,
,206,225,3,17211,,
,206,255,3,6444,,
,206,266,3,19813,,
,206,274,3,21418,,
,206,307,3,14439,,
,206,313,3,14881,,
,206,328,3,6197,,
,206,35,3,22991,,
,206,373,3,5214,4C76BA,FFFFFF
,206,381,3,17135,,
,206,39,3,8931,,
,2060,216,3,20209,,
,2060,38,3,21816,,
,2061,216,3,17640,,
,2062,216,3,4145,,
,2063,216,3,3186,,
,2064,216,3,6260,,
,2065,216,3,14292,,
,2066,216,3,5918,,
,2067,216,3,563,,
,2068,216,3,5419,,
,2069,216,3,11683,,
,206A,205,3,22149,,
,206E,86,3,16138,,
,206S,35,3,17483,,
,207,106,3,1347,,
,207,119,3,16234,,
,207,138,3,20640,,
,207,141,3,11609,,
,207,164,3,11354,,
,207,192,3,9021,,
,207,199,3,15536,,
,207,2,3,5706,,
,207,205,3,629,,
,207,255,3,20320,,
,207,266,3,21028,,
,207,270,3,21175,,
,207,293,3,21274,,
,207,307,3,14969,,
,207,313,3,12336,,
,207,328,3,21295,,
,207,373,3,9800,F3953F,FFFFFF
,207,381,3,14323,,
,207,39,3,1693,,
,2070,216,3,10223,,
,2072,216,3,10422,,
,2073,216,3,12337,,
,2074,216,3,8663,,
,2075,216,3,1838,,
,2078,216,3,14507,,
,2079,216,3,19566,,
,207E,86,3,19533,,
,207a,207,3,8569,,
,207b,207,3,20087,,
,208,106,3,14937,,
,208,116,3,17421,,
,208,119,3,1624,,
,208,138,3,230,,
,208,164,3,21958,,
,208,172,3,7911,,
,208,194,3,17866,,
,208,205,3,7908,,
,208,231,3,12179,,
,208,255,3,2700,,
,208,266,3,16293,,
,208,270,3,3576,,
,208,282,3,16009,,
,208,293,3,19034,,
,208,302,3,3036,,
,208,307,3,10414,,
,208,313,3,16417,,
,208,328,3,3694,,
,208,373,3,8658,8BADDC,FFFFFF
,208,381,3,11599,,
,208,39,3,10321,,
,208,86,3,17345,,
,208E,86,3,22873,,
,209,119,3,9766,,
,209,138,3,18347,,
,209,139,3,7689,,
,209,172,3,6803,,
,209,194,3,5943,,
,209,205,3,3927,,
,209,207,3,211,,
,209,255,3,7015,,
,209,262,3,19452,,
,209,266,3,642,,
,209,282,3,11080,,
,209,293,3,2435,,
,209,307,3,9186,,
,209,313,3,7467,,
,209,328,3,1170,,
,209,373,3,6793,9D9D9C,
,209,381,3,13691,,
,209,39,3,17217,,
,209,86,3,19088,,
,2090,38,3,2498,,
,2091,216,3,13741,,
,2092,216,3,22850,,
,2092,38,3,12629,,
,2093,216,3,12472,,
,2094,216,3,17129,,
,2096,216,3,10369,,
,209E,262,3,14494,,
,209E,86,3,10465,,
,21,100,0,11812,,
,21,106,3,20251,,
,21,118,3,15140,,
,21,119,3,16764,,
,21,134,3,5533,,
,21,138,3,7200,,
,21,139,3,13237,,
,21,141,3,10292,,
,21,146,3,23581,,
,21,147,3,16178,,
,21,151,3,5203,,
,21,154,3,4910,,
,21,155,3,7533,,
,21,159,3,17188,,
,21,161,3,23598,,
,21,163,3,1732,,
,21,164,3,4552,,
,21,176,3,1,,
,21,181,3,13221,,
,21,201,3,1374,,
,21,205,0,6388,,
,21,216,3,18662,,
,21,221,3,16112,,
,21,228,3,21717,,
,21,253,3,11548,A69DCD,FFFFFF
,21,254,3,20660,,
,21,256,3,6544,,
,21,266,3,3755,,
,21,278,3,14565,,
,21,29,3,14629,,
,21,291,3,6210,,
,21,292,3,10255,,
,21,306,3,15900,,
,21,313,3,15990,,
,21,318,0,14713,,
,21,322,3,6622,,
,21,323,3,10521,,
,21,333,3,23035,,
,21,34,3,610,,
,21,340,3,22413,,
,21,353,3,15285,,
,21,358,3,3237,,
,21,365,3,1467,,
,21,367,3,15240,,
,21,372,3,6605,,
,21,378,3,10409,,
,21,42,3,592,,
,21,46,0,11916,,
,21,46,3,12712,,
,21,5,3,4492,,
,21,59,3,4934,,
,21,69,3,5679,,
,21,7,3,12265,,
,21,9,3,4060,,
,21,96,3,7140,,
,21 (Kamenz),207,3,9280,,
,21/24,163,3,6474,,
,210,106,3,1823,,
,210,116,3,18371,,
,210,119,3,17270,,
,210,138,3,11125,,
,210,139,3,4676,,
,210,164,3,10023,,
,210,172,3,20036,,
,210,185,3,3193,,
,210,191,3,17837,,
,210,194,3,4982,,
,210,2,3,494,,
,210,205,3,22211,,
,210,255,3,3345,,
,210,258,3,22033,,
,210,262,3,18935,,
,210,274,3,5382,,
,210,293,3,1831,,
,210,313,3,10648,,
,210,315,3,14616,,
,210,335,3,17357,,
,210,367,3,14215,,
,210,373,3,15993,009640,FFFFFF
,210,39,3,23286,,
,210,58,3,19913,,
,210,83,3,5334,,
,210,86,3,5004,,
,210,96,3,7036,,
,210,97,3,22212,,
,2100,191,3,4509,,
,2101,216,3,9893,,
,2102,216,3,17561,,
,2103,216,3,5878,,
,2104,216,3,19606,,
,2105,216,3,8321,,
,210E,86,3,18889,,
,210RU,139,3,10231,,
,211,106,3,9214,,
,211,11,3,20148,,
,211,119,3,19739,,
,211,138,3,21726,,
,211,139,3,12980,,
,211,172,3,18775,,
,211,185,3,15408,,
,211,191,3,15066,,
,211,194,3,19347,,
,211,205,3,3376,,
,211,231,3,1925,,
,211,258,3,22361,,
,211,262,3,18841,,
,211,266,3,3519,,
,211,270,3,18499,,
,211,274,3,10439,,
,211,293,3,6664,,
,211,307,3,664,,
,211,31,3,8160,,
,211,313,3,16139,,
,211,333,3,13480,,
,211,335,3,6863,,
,211,353,3,8620,,
,211,367,3,5489,,
,211,373,3,1353,009640,FFFFFF
,211,381,3,8630,,
,211,39,3,4677,,
,211,83,3,20627,,
,211,86,3,4646,,
,211 AST,302,3,19567,,
,211 Rufbus,302,3,12451,,
,2111,216,3,2683,,
,2113,216,3,5534,,
,2114,216,3,10041,,
,211E,172,3,7620,,
,211E,86,3,9265,,
,211V,191,3,8149,,
,211W,191,3,8680,,
,212,106,3,9488,,
,212,11,3,11501,,
,212,116,3,13965,,
,212,138,3,19974,,
,212,141,3,20710,,
,212,172,3,12981,,
,212,176,3,19140,,
,212,185,3,5928,,
,212,191,3,1145,,
,212,194,3,4317,,
,212,205,3,17243,,
,212,231,3,1382,,
,212,255,3,8336,,
,212,262,3,7231,,
,212,266,3,15375,,
,212,270,3,20070,,
,212,293,3,10075,,
,212,31,3,22731,,
,212,313,3,20327,,
,212,333,3,16796,,
,212,335,3,7385,,
,212,353,3,7722,,
,212,373,3,11717,4C76BA,FFFFFF
,212,381,3,19635,,
,212,39,3,4647,,
,212,58,3,776,,
,212,7,3,3901,,
,212,83,3,1261,,
,212,84,3,2802,,
,212,86,3,12489,,
,2121,180,3,16685,,
,2121 ALF,180,3,23500,,
,2124,180,3,3768,,
,2128,180,3,19003,,
,2129,216,3,2810,,
,212E,86,3,8203,,
,213,106,3,17016,,
,213,141,3,14298,,
,213,172,3,19240,,
,213,176,3,8742,,
,213,184,3,21255,,
,213,185,3,17346,,
,213,231,3,19600,,
,213,255,3,8593,,
,213,262,3,22459,,
,213,266,3,10042,,
,213,293,3,21608,,
,213,31,3,3270,,
,213,333,3,5971,,
,213,335,3,7768,,
,213,373,3,8820,6FBC85,FFFFFF
,213,381,3,21241,,
,213,39,3,5543,,
,213,83,3,13729,,
,213,86,3,18018,,
,2130,274,3,12283,,
,2131,180,3,23633,,
,2132,180,3,14765,,
,2132 ALF,180,3,8097,,
,2133,180,3,7407,,
,2133,274,3,15870,,
,2134,274,3,15303,,
,2135,274,3,15942,,
,2137,274,3,479,,
,2138,274,3,21022,,
,213E,86,3,21977,,
,214,106,3,12329,,
,214,11,3,9629,,
,214,116,3,6508,,
,214,141,3,18168,,
,214,159,3,9596,,
,214,172,3,2916,,
,214,176,3,18352,,
,214,185,3,9959,,
,214,191,3,12550,,
,214,2,3,3717,,
,214,205,3,8664,,
,214,207,3,22176,,
,214,216,3,13640,,
,214,255,3,11368,,
,214,262,3,3871,,
,214,266,3,14906,,
,214,27,3,14422,,
,214,293,3,12952,,
,214,307,3,2483,,
,214,335,3,13200,,
,214,367,3,4640,,
,214,373,3,20309,4C76BA,FFFFFF
,214,381,3,370,,
,214,86,3,6906,,
,214,96,3,16140,,
,2142,274,3,3921,,
,2147,274,3,7510,,
,214E,86,3,15414,,
,214V,191,3,11088,,
,215,106,3,2814,,
,215,11,3,16099,,
,215,119,3,979,,
,215,139,3,6113,,
,215,141,3,23332,,
,215,172,3,9012,,
,215,176,3,19928,,
,215,191,3,9175,,
,215,194,3,1764,,
,215,205,3,5591,,
,215,266,3,22960,,
,215,277,3,15325,,
,215,293,3,18638,,
,215,31,3,665,,
,215,367,3,9915,,
,215,381,3,21744,,
,215,39,3,14535,,
,215,46,3,17290,,
,215,7,3,14576,,
,215,84,3,12510,,
,215,86,3,7666,,
,2153,274,3,18962,,
,215E,172,3,1272,,
,215E,86,3,3063,,
,215RU,139,3,21165,,
,216,106,3,15041,,
,216,11,3,21506,,
,216,116,3,22024,,
,216,119,3,11093,,
,216,139,3,6606,,
,216,141,3,19424,,
,216,172,3,12998,,
,216,176,3,17140,,
,216,191,3,18118,,
,216,194,3,3069,,
,216,2,3,9609,,
,216,205,3,15402,,
,216,207,3,18886,,
,216,255,3,14760,,
,216,266,3,13851,,
,216,27,3,10322,,
,216,274,3,7695,,
,216,293,3,15861,,
,216,307,3,8644,,
,216,31,3,5262,,
,216,313,3,18596,,
,216,35,3,21515,,
,216,373,3,4209,4C76BA,FFFFFF
,216,7,3,20510,,
,2160,274,3,18145,,
,2161,274,3,8395,,
,216E,7,3,440,,
,216V,191,3,4698,,
,217,11,3,9227,,
,217,119,3,10870,,
,217,139,3,20337,,
,217,172,3,23491,,
,217,178,3,13364,,
,217,191,3,8367,,
,217,2,3,4911,,
,217,205,3,10731,,
,217,207,3,17468,,
,217,255,3,3169,,
,217,266,3,13903,,
,217,277,3,16797,,
,217,293,3,5420,,
,217,302,3,10432,,
,217,313,3,5871,,
,217,315,3,12784,,
,217,373,3,6984,B90276,FFFFFF
,217,381,3,8033,,
,217,7,3,20812,,
,217 AST,302,3,795,,
,2170,274,3,18271,,
,2172,274,3,9273,,
,217A,205,3,17358,,
,217a,7,3,22596,,
,218,11,3,16839,,
,218,116,3,963,,
,218,119,3,946,,
,218,134,3,12109,,
,218,139,3,17680,,
,218,141,3,5439,,
,218,172,3,22913,,
,218,178,3,11663,,
,218,191,3,13698,,
,218,2,3,3902,,
,218,205,3,1338,,
,218,207,3,623,,
,218,216,3,18363,,
,218,255,3,4069,,
,218,258,3,4449,,
,218,262,3,16575,,
,218,266,3,5051,,
,218,270,3,18766,,
,218,274,3,7799,,
,218,277,3,18198,,
,218,307,3,11953,,
,218,31,3,18407,,
,218,315,3,17562,,
,218,373,3,3501,B90276,FFFFFF
,218,381,3,6374,,
,218,46,3,12687,,
,218,7,3,8645,,
,218,96,3,11821,,
,219,11,3,8453,,
,219,119,3,12041,,
,219,172,3,12932,,
,219,178,3,5757,,
,219,191,3,5157,,
,219,2,3,5932,8A1478,FFFFFF
,219,205,3,17692,,
,219,207,3,784,,
,219,231,3,14917,,
,219,255,3,14307,,
,219,274,3,19275,,
,219,302,3,9345,,
,219,315,3,17093,,
,219,373,3,11917,B90276,FFFFFF
,219,86,3,5322,,
,219 AST,302,3,17918,,
,219 Rufbus,302,3,23324,,
,219V,191,3,23353,,
,21ALT,9,3,394,,
,21E,141,3,20270,,
,21E,172,3,11745,,
,21V,9,3,11281,,
,22,106,3,3947,,
,22,118,3,15796,,
,22,119,3,20968,,
,22,138,3,23453,,
,22,139,3,22197,,
,22,141,3,5693,,
,22,145,3,11970,,
,22,146,3,4547,,
,22,151,3,6931,,
,22,154,3,17169,,
,22,161,3,3025,,
,22,163,3,17794,,
,22,164,3,8053,,
,22,172,3,21206,,
,22,18,3,11620,,
,22,181,3,1090,,
,22,201,3,20939,,
,22,216,3,7006,,
,22,221,3,16003,,
,22,226,3,18747,,
,22,228,3,12022,,
,22,253,3,2772,4EA3C3,FFFFFF
,22,254,3,4678,,
,22,266,3,7667,,
,22,278,3,23293,,
,22,282,3,8348,,
,22,29,3,13742,,
,22,292,3,17434,,
,22,298,3,19089,,
,22,306,3,23096,,
,22,310,3,15354,,
,22,313,3,765,,
,22,322,3,17884,,
,22,323,3,22555,,
,22,333,3,17955,,
,22,34,3,21828,,
,22,340,3,1176,,
,22,358,3,18169,,
,22,365,3,16227,,
,22,369,3,5129,,
,22,378,3,22373,,
,22,42,3,8105,,
,22,5,3,14787,,
,22,9,3,21379,,
,22,96,3,15304,,
,22 (Kamenz),207,3,7940,,
,220,106,3,20037,,
,220,11,3,5694,,
,220,134,3,5383,,
,220,139,3,3819,,
,220,140,3,10198,,
,220,164,3,22607,,
,220,172,3,5130,,
,220,185,3,12760,,
,220,191,3,9747,,
,220,194,3,13036,,
,220,2,3,9046,,
,220,216,3,12569,,
,220,231,3,18520,,
,220,243,3,14240,73D700,FFFFFF
,220,255,3,601,,
,220,258,3,7894,,
,220,262,3,7630,,
,220,270,3,22170,,
,220,282,3,659,,
,220,302,3,17646,,
,220,307,3,8746,,
,220,315,3,371,,
,220,34,3,15977,,
,220,367,3,7257,,
,220,373,3,4617,8BADDC,FFFFFF
,220,45,3,17324,,
,220,46,3,512,,
,220,58,3,8189,,
,220,7,3,1236,,
,220,86,3,14081,,
,220,97,3,3872,,
,220 AST,302,3,20607,,
,220 Rufbus,302,3,8112,,
,220E,172,3,207,,
,220E,86,3,6497,,
,220RU,139,3,19288,,
,220V,191,3,19380,,
,221,106,3,9774,,
,221,139,3,8696,,
,221,140,3,11910,,
,221,172,3,21059,,
,221,176,3,9546,,
,221,178,3,21454,,
,221,183,3,9882,,
,221,191,3,2556,,
,221,2,3,4473,,
,221,216,3,5944,,
,221,25,3,7305,,
,221,258,3,10440,,
,221,266,3,20856,,
,221,270,3,5407,,
,221,274,3,11282,,
,221,282,3,66,,
,221,293,3,5052,,
,221,302,3,5463,,
,221,31,3,12867,,
,221,315,3,3928,,
,221,34,3,19185,,
,221,373,3,21959,009640,FFFFFF
,221,4,3,22717,,
,221,45,3,5184,,
,221,46,3,7524,,
,221,7,3,17039,,
,221,86,3,20763,,
,221,96,3,18540,,
,221 AST,302,3,17937,,
,221 Rufbus,302,3,7445,,
,221/4,34,3,1249,,
,221E,172,3,7361,,
,221E,86,3,10906,,
,221s,274,3,5215,,
,222,106,3,21700,,
,222,11,3,1697,,
,222,139,3,15617,,
,222,140,3,20099,,
,222,172,3,1217,,
,222,176,3,2972,,
,222,183,3,788,,
,222,185,3,3948,,
,222,191,3,11267,,
,222,2,3,14324,,
,222,216,3,67,,
,222,231,3,4019,,
,222,255,3,6445,,
,222,266,3,1513,,
,222,270,3,21013,,
,222,274,3,9136,,
,222,282,3,19141,,
,222,302,3,20201,,
,222,307,3,17951,,
,222,31,3,339,,
,222,315,3,7428,,
,222,34,3,13201,,
,222,373,3,21850,F3953F,FFFFFF
,222,381,3,14257,,
,222,45,3,12478,,
,222,46,3,2335,,
,222,58,3,8023,,
,222,7,3,12456,,
,222,86,3,1441,,
,222,96,3,6492,,
,222 AST,302,3,4177,,
,222 Rufbus,302,3,13406,,
,222E,86,3,4683,,
,222V,191,3,11165,,
,223,106,3,13473,,
,223,11,3,23749,,
,223,139,3,21018,,
,223,140,3,460,,
,223,172,3,5274,,
,223,176,3,14488,,
,223,178,3,14147,,
,223,191,3,10099,,
,223,216,3,16840,,
,223,231,3,5397,,
,223,255,3,11697,,
,223,262,3,14875,,
,223,266,3,11166,,
,223,270,3,13017,,
,223,274,3,12338,,
,223,302,3,3318,,
,223,307,3,7380,,
,223,31,3,6275,,
,223,373,3,2199,D995BD,FFFFFF
,223,45,3,18875,,
,223,7,3,10330,,
,223,86,3,23615,,
,223 AST,302,3,9977,,
,223 Rufbus,302,3,871,,
,223E,86,3,11793,,
,224,106,3,17404,,
,224,11,3,20497,,
,224,139,3,5982,,
,224,172,3,5093,,
,224,176,3,10093,,
,224,178,3,11883,,
,224,191,3,11385,,
,224,2,3,18177,,
,224,216,3,14994,,
,224,255,3,9610,,
,224,270,3,18913,,
,224,274,3,16126,,
,224,302,3,13761,,
,224,307,3,5834,,
,224,31,3,12903,,
,224,34,3,7258,,
,224,373,3,12072,8BADDC,FFFFFF
,224,86,3,10833,,
,224 AST,302,3,8835,,
,224 Rufbus,302,3,8965,,
,224/1193,25,3,6084,,
,2240,34,3,3842,,
,224ALF,119,3,7592,,
,224E,86,3,10024,,
,224RU,139,3,16561,,
,225,106,3,19082,,
,225,11,3,12490,,
,225,139,3,16721,,
,225,140,3,10984,,
,225,172,3,13986,,
,225,178,3,108,,
,225,184,3,1133,,
,225,191,3,5907,,
,225,2,3,23428,,
,225,216,3,7201,,
,225,231,3,10758,,
,225,25,3,4967,,
,225,255,3,10135,,
,225,258,3,18466,,
,225,262,3,16645,,
,225,266,3,7968,,
,225,270,3,17387,,
,225,274,3,11244,,
,225,307,3,18928,,
,225,31,3,13633,,
,225,34,3,15632,,
,225,373,3,7941,B90276,FFFFFF
,225,45,3,20321,,
,225,7,3,14355,,
,225,86,3,19541,,
,225 AST,302,3,12982,,
,225 Rufbus,302,3,21032,,
,225E,86,3,1025,,
,225RU,139,3,19573,,
,226,172,3,1040,,
,226,178,3,14810,,
,226,183,3,517,,
,226,191,3,3746,,
,226,200,3,19921,,
,226,207,3,7076,,
,226,231,3,14010,,
,226,255,3,1801,,
,226,266,3,18804,,
,226,270,3,7581,,
,226,274,3,17084,,
,226,282,3,19496,,
,226,302,3,2045,,
,226,307,3,10438,,
,226,31,3,12595,,
,226,34,3,22241,,
,226,66,3,20369,,
,226,7,3,7750,,
,226,86,3,22153,,
,226 AST,302,3,4665,,
,226 Rufbus,302,3,17574,,
,226E,86,3,11649,,
,227,134,3,7769,,
,227,172,3,22314,,
,227,183,3,9446,,
,227,191,3,23193,,
,227,200,3,3583,,
,227,216,3,12307,,
,227,231,3,223,,
,227,266,3,131,,
,227,274,3,14818,,
,227,277,3,7054,,
,227,282,3,6569,,
,227,31,3,17526,,
,227,34,3,22460,,
,227,373,3,14011,6FBC85,FFFFFF
,227,381,3,7290,,
,227,66,3,19666,,
,227,7,3,19514,,
,227,86,3,15817,,
,227E,86,3,6898,,
,228,172,3,672,,
,228,178,3,18474,,
,228,183,3,9404,,
,228,205,3,14034,,
,228,207,3,3588,,
,228,216,3,19289,,
,228,258,3,971,,
,228,274,3,9387,,
,228,282,3,10218,,
,228,373,3,3502,D995BD,FFFFFF
,228,66,3,15786,,
,229,172,3,4525,,
,229,178,3,23174,,
,229,184,3,2592,,
,229,191,3,5742,,
,229,2,3,2110,,
,229,200,3,21875,,
,229,205,3,21881,,
,229,207,3,19949,,
,229,231,3,17365,,
,229,262,3,6563,,
,229,270,3,14861,,
,229,274,3,13269,,
,229,282,3,12078,,
,229,293,3,15473,,
,229,302,3,22177,,
,229,34,3,4474,,
,229,373,3,18353,D995BD,FFFFFF
,229,381,3,16562,,
,229,7,3,14308,,
,229E,86,3,12343,,
,22E,141,3,12318,,
,22E,172,3,22589,,
,22E,86,3,13938,,
,22S,310,3,6994,,
,23,100,0,3503,,
,23,106,3,18957,,
,23,119,3,23528,,
,23,132,3,19652,,
,23,138,3,13762,,
,23,141,3,23154,,
,23,146,3,20362,,
,23,151,3,6991,,
,23,154,3,6607,,
,23,159,3,3242,,
,23,161,3,10679,,
,23,163,3,7640,,
,23,164,3,18921,,
,23,18,3,17405,,
,23,181,3,1432,,
,23,201,3,2998,,
,23,205,0,22408,,
,23,216,3,18475,,
,23,226,3,5956,,
,23,227,3,9358,,
,23,253,3,21386,699796,FFFFFF
,23,254,3,18438,,
,23,256,3,11918,,
,23,266,3,9606,,
,23,278,3,5074,,
,23,29,3,10858,,
,23,292,3,1903,,
,23,304,3,21216,,
,23,306,3,4917,,
,23,310,3,12225,,
,23,313,3,11621,,
,23,323,3,6794,,
,23,333,3,9187,,
,23,340,3,3226,,
,23,365,3,14316,,
,23,372,3,19199,,
,23,378,3,14366,,
,23,42,3,8826,,
,23,5,3,10563,,
,23,7,3,21762,,
,23,71,3,2220,,
,23,9,3,10999,,
,23,96,3,14850,,
,23 (Kamenz),207,3,12457,,
,230,106,3,13834,,
,230,116,3,22092,,
,230,138,3,4117,,
,230,139,3,7306,,
,230,150,3,15570,,
,230,164,3,12226,,
,230,172,3,4887,,
,230,185,3,8445,,
,230,191,3,13120,,
,230,2,3,10965,,
,230,200,3,6304,,
,230,205,3,18031,,
,230,216,3,1052,,
,230,258,3,17435,,
,230,262,3,17575,,
,230,270,3,4786,,
,230,274,3,6052,,
,230,282,3,17088,,
,230,293,3,2853,,
,230,307,3,12266,,
,230,31,3,23364,,
,230,313,3,11718,,
,230,315,3,2347,,
,230,335,3,23363,,
,230,373,3,5053,9D9D9C,
,230,58,3,10530,,
,230,86,3,18761,,
,2301-KVG,216,3,6158,,
,2302-KVG,216,3,19644,,
,230E,172,3,964,,
,230E,86,3,1884,,
,230RU,139,3,8594,,
,230V,191,3,9725,,
,230s,274,3,4328,,
,231,106,3,17789,,
,231,139,3,15318,,
,231,150,3,4070,,
,231,172,3,19568,,
,231,176,3,6858,,
,231,185,3,3722,,
,231,191,3,2718,,
,231,194,3,6784,,
,231,200,3,6463,,
,231,266,3,16646,,
,231,270,3,427,,
,231,274,3,9995,,
,231,282,3,294,,
,231,293,3,92,,
,231,302,3,252,,
,231,307,3,8827,,
,231,31,3,12966,,
,231,313,3,3012,,
,231,315,3,3887,,
,231,373,3,4061,9D9D9C,
,231,7,3,14775,,
,231,86,3,10087,,
,231 AST,302,3,2251,,
,231 Rufbus,302,3,8125,,
,231E,172,3,16940,,
,231E,86,3,7760,,
,231V,191,3,12035,,
,232,106,3,4025,,
,232,116,3,877,,
,232,139,3,7917,,
,232,150,3,12551,,
,232,172,3,6907,,
,232,176,3,3526,,
,232,178,3,15409,,
,232,185,3,21186,,
,232,191,3,22207,,
,232,2,3,13612,,
,232,200,3,14925,,
,232,205,3,8216,,
,232,207,3,7644,,
,232,216,3,18548,,
,232,258,3,9901,,
,232,266,3,19049,,
,232,270,3,12491,,
,232,274,3,8776,,
,232,292,3,21900,,
,232,293,3,10032,,
,232,302,3,7658,,
,232,307,3,16281,,
,232,315,3,19750,,
,232,373,3,13611,B90276,FFFFFF
,232,381,3,19083,,
,232,58,3,21660,,
,232,7,3,18476,,
,232,86,3,16480,,
,232 RufBus,282,3,14999,,
,232E,172,3,21551,,
,232E,86,3,4957,,
,233,106,3,20867,,
,233,139,3,7016,,
,233,172,3,20271,,
,233,178,3,8747,,
,233,185,3,13448,,
,233,191,3,17795,,
,233,200,3,2252,,
,233,207,3,9424,,
,233,216,3,10070,,
,233,231,3,22425,,
,233,262,3,21817,,
,233,266,3,22061,,
,233,270,3,12846,,
,233,274,3,18618,,
,233,282,3,16437,,
,233,292,3,20602,,
,233,293,3,10362,,
,233,307,3,9244,,
,233,313,3,10774,,
,233,315,3,7026,,
,233,373,3,7538,D995BD,FFFFFF
,233,86,3,22485,,
,233E,86,3,16830,,
,234,139,3,23472,,
,234,172,3,18146,,
,234,178,3,7587,,
,234,185,3,12349,,
,234,191,3,19200,,
,234,200,3,21851,,
,234,205,3,18908,,
,234,207,3,4300,,
,234,216,3,20080,,
,234,243,3,21617,73D700,FFFFFF
,234,266,3,11923,,
,234,270,3,777,,
,234,274,3,10871,,
,234,282,3,12023,,
,234,302,3,15761,,
,234,313,3,538,,
,234,335,3,19007,,
,234,373,3,23118,009640,FFFFFF
,234,381,3,9939,,
,234,46,3,1834,,
,234,86,3,8971,,
,234 AST,302,3,1609,,
,234 Rufbus,302,3,10556,,
,2341,333,3,11468,,
,234E,86,3,18549,,
,234V,191,3,18853,,
,234s,266,3,22590,,
,235,106,3,3261,,
,235,139,3,14072,,
,235,172,3,19822,,
,235,178,3,23699,,
,235,185,3,11107,,
,235,2,3,22541,,
,235,200,3,9245,,
,235,207,3,9484,,
,235,216,3,16834,,
,235,266,3,22996,,
,235,270,3,1506,,
,235,274,3,20187,,
,235,282,3,19109,,
,235,292,3,1973,,
,235,302,3,13303,,
,235,307,3,3293,,
,235,313,3,20904,,
,235,335,3,6908,,
,235,34,3,20929,,
,235,373,3,10268,9D9D9C,
,235,381,3,11169,,
,235,86,3,18147,,
,235 Rufbus,302,3,17442,,
,235E,172,3,19084,,
,235RU,139,3,6937,,
,236,119,3,770,,
,236,172,3,3360,,
,236,178,3,22647,,
,236,185,3,23144,,
,236,191,3,2408,,
,236,2,3,14577,,
,236,207,3,21910,,
,236,216,3,18942,,
,236,255,3,14249,,
,236,266,3,19797,,
,236,274,3,16500,,
,236,293,3,22899,,
,236,302,3,18943,,
,236,307,3,3568,,
,236,373,3,8943,4C76BA,FFFFFF
,236,381,3,9795,,
,236,86,3,14578,,
,236 AST,302,3,10331,,
,236 RufBus,282,3,17727,,
,236 Rufbus,302,3,5158,,
,2365,216,3,3361,,
,2368,216,3,15884,,
,2369,216,3,660,,
,236E,172,3,1844,,
,236E,86,3,7604,,
,237,140,3,10958,,
,237,172,3,19851,,
,237,178,3,20735,,
,237,2,3,6053,,
,237,207,3,17693,,
,237,216,3,22542,,
,237,274,3,5291,,
,237,282,3,6735,,
,237,313,3,14415,,
,237,373,3,5716,6FBC85,FFFFFF
,237,46,3,2719,,
,237,86,3,9621,,
,237,96,3,14200,,
,2370,216,3,13177,,
,2371,216,3,21470,,
,2372,216,3,2262,,
,2373,216,3,15484,,
,2375,216,3,5852,,
,2376,216,3,6707,,
,2377,216,3,16900,,
,237E,172,3,3747,,
,237E,86,3,23454,,
,238,140,3,4201,,
,238,150,3,12543,,
,238,172,3,3569,,
,238,178,3,917,,
,238,199,3,8342,,
,238,2,3,611,,
,238,207,3,796,,
,238,216,3,22183,,
,238,274,3,6720,,
,238,282,3,17165,,
,238,307,3,15286,,
,238,313,3,19961,,
,238,34,3,21544,,
,238,373,3,22900,F3953F,FFFFFF
,238,381,3,14566,,
,238,86,3,2436,,
,238E,86,3,19348,,
,239,150,3,957,,
,239,172,3,1493,,
,239,178,3,18251,,
,239,2,3,10694,,
,239,207,3,8665,,
,239,216,3,17071,,
,239,243,3,23403,73D700,FFFFFF
,239,266,3,3420,,
,239,274,3,16195,,
,239,282,3,4134,,
,239,307,3,835,,
,239,313,3,6913,,
,239,34,3,18240,,
,239,373,3,22929,E2684C,FFFFFF
,239,381,3,1806,,
,239,7,3,3319,,
,239,86,3,6332,,
,239E,86,3,19201,,
,23A,304,3,11933,,
,23E,172,3,19569,,
,23N,304,3,19154,,
,23S,304,3,8422,,
,23S,310,3,14714,,
,23V,9,3,16043,,
,24,106,3,2830,,
,24,119,3,17667,,
,24,134,3,23573,,
,24,138,3,12134,,
,24,141,3,7100,,
,24,151,3,15984,,
,24,154,3,5490,,
,24,159,3,20454,,
,24,163,3,22295,,
,24,18,3,10392,,
,24,201,3,21329,,
,24,216,3,9236,,
,24,225,3,519,,
,24,226,3,15618,,
,24,254,3,10953,,
,24,266,3,10985,,
,24,278,3,10441,,
,24,29,3,8381,,
,24,292,3,15891,,
,24,298,3,7729,,
,24,306,3,13810,,
,24,310,3,8106,,
,24,313,3,22628,,
,24,318,3,8089,,
,24,323,3,17780,,
,24,333,3,17224,,
,24,340,3,17811,,
,24,365,3,3356,,
,24,367,3,14325,,
,24,372,3,23162,,
,24,378,3,470,,
,24,42,3,10524,,
,24,5,3,7969,,
,24,69,3,18571,,
,24,7,3,22198,,
,24,71,3,21122,,
,24,9,3,5674,,
,24,96,3,19906,,
,240,106,3,12896,,
,240,116,3,7429,,
,240,119,3,5135,,
,240,139,3,15178,,
,240,140,3,22131,,
,240,172,3,9960,,
,240,178,3,2416,,
,240,183,3,12983,,
,240,185,3,18081,,
,240,191,3,6043,,
,240,199,3,1549,,
,240,2,3,19828,,
,240,225,3,9323,,
,240,235,3,2701,,
,240,266,3,1950,,
,240,270,3,17130,,
,240,274,3,5256,,
,240,282,3,20603,,
,240,313,3,11650,,
,240,335,3,3352,,
,240,34,3,955,,
,240,373,3,6211,9D9D9C,
,240,381,3,10763,,
,240,46,3,4903,,
,240,58,3,1186,,
,240,7,3,19914,,
,240RU,139,3,7001,,
,240V,191,3,12135,,
,240W,191,3,15699,,
,240s,266,3,7518,,
,240s,274,3,20996,,
,241,106,3,13049,,
,241,11,3,8423,,
,241,139,3,6533,,
,241,140,3,18510,,
,241,183,3,14702,,
,241,185,3,5640,,
,241,191,3,49,,
,241,2,3,2687,,
,241,205,3,14207,,
,241,207,3,16543,,
,241,216,3,1250,,
,241,262,3,15430,,
,241,266,3,23251,,
,241,282,3,11341,,
,241,307,3,16908,,
,241,335,3,11268,,
,241,7,3,3986,,
,241,86,3,14184,,
,241E,86,3,4618,,
,242,11,3,13222,,
,242,116,3,9883,,
,242,139,3,22178,,
,242,140,3,16456,,
,242,183,3,1631,,
,242,185,3,23418,,
,242,191,3,8805,,
,242,194,3,22550,,
,242,2,3,12992,,
,242,205,3,6418,,
,242,207,3,10807,,
,242,262,3,448,,
,242,266,3,18111,,
,242,270,3,23121,,
,242,274,3,9139,,
,242,282,3,7007,,
,242,307,3,10506,,
,242,313,3,6795,,
,242,335,3,15751,,
,242,58,3,9547,,
,242,7,3,1041,,
,242A,205,3,15348,,
,242V,191,3,2409,,
,243,140,3,21782,,
,243,172,3,16438,,
,243,183,3,1963,,
,243,185,3,7761,,
,243,191,3,19090,,
,243,194,3,3506,,
,243,2,3,2831,,
,243,205,3,9987,,
,243,207,3,8529,,
,243,270,3,21727,,
,243,274,3,1348,,
,243,282,3,23214,,
,243,307,3,11585,,
,243,86,3,21837,,
,243,96,3,20016,,
,2433-KVG,216,3,15756,,
,243A,205,3,2322,,
,243E,86,3,12602,,
,244,106,3,20945,,
,244,116,3,17159,,
,244,140,3,1256,,
,244,183,3,16563,,
,244,185,3,17334,,
,244,191,3,10969,,
,244,199,3,16626,,
,244,205,3,3180,,
,244,207,3,16889,,
,244,266,3,13546,,
,244,274,3,14048,,
,244,282,3,11309,,
,244,307,3,18810,,
,244,381,3,2528,,
,244,86,3,16063,,
,244A,205,3,7371,,
,244E,86,3,8220,,
,245,106,3,303,,
,245,11,3,13677,,
,245,139,3,1244,,
,245,140,3,3406,,
,245,172,3,17020,,
,245,185,3,13664,,
,245,199,3,11690,,
,245,205,3,20328,,
,245,207,3,1053,,
,245,216,3,7415,,
,245,270,3,6299,,
,245,274,3,16207,,
,245,282,3,1580,,
,245,376,3,3969,,
,245,46,3,760,,
,245,86,3,8748,,
,245,96,3,7899,,
,245A,205,3,3387,,
,245E,86,3,21166,,
,245RU,139,3,7027,,
,246,106,3,17510,,
,246,119,3,6653,,
,246,139,3,12716,,
,246,140,3,3251,,
,246,199,3,8621,,
,246,2,3,14455,,
,246,205,3,7496,,
,246,207,3,2750,,
,246,266,3,14155,,
,246,270,3,9414,,
,246,274,3,14648,,
,246,282,3,13598,,
,246,307,3,18324,,
,246,34,3,17097,,
,246,46,3,7355,,
,246,86,3,13084,,
,246,96,3,13241,,
,246E,86,3,11514,,
,247,106,3,737,,
,247,119,3,435,,
,247,139,3,10186,,
,247,140,3,7653,,
,247,172,3,14082,,
,247,178,3,10370,,
,247,185,3,11904,,
,247,199,3,7611,,
,247,205,3,15953,,
,247,207,3,23642,,
,247,216,3,7883,,
,247,266,3,19515,,
,247,270,3,14225,,
,247,282,3,1896,,
,247,307,3,10100,,
,247,313,3,12079,,
,247,34,3,9894,,
,247,46,3,21014,,
,247,86,3,4126,,
,247E,86,3,12722,,
,248,119,3,21944,,
,248,140,3,11005,,
,248,172,3,13445,,
,248,178,3,15362,,
,248,199,3,12220,,
,248,205,3,17624,,
,248,216,3,4487,,
,248,266,3,7459,,
,248,270,3,6255,,
,248,274,3,3064,,
,248,282,3,20455,,
,248,307,3,12861,,
,248,46,3,21609,,
,248,86,3,13670,,
,248E,86,3,3174,,
,249,140,3,5573,,
,249,178,3,18348,,
,249,205,3,22940,,
,249,274,3,13734,,
,249,282,3,6883,,
,249,46,3,428,,
,249,86,3,10911,,
,249,96,3,10159,,
,249E,86,3,184,,
,24E,141,3,22949,,
,24S,310,3,13313,,
,24V,9,3,4842,,
,25,100,0,23138,,
,25,100,3,10293,,
,25,106,3,3695,,
,25,118,3,11896,,
,25,119,3,10008,,
,25,121,3,2827,,
,25,134,3,5323,,
,25,138,3,19969,,
,25,141,3,17519,,
,25,146,3,5057,,
,25,154,3,9425,,
,25,159,3,1705,,
,25,163,3,10813,,
,25,18,3,5113,,
,25,216,3,19549,,
,25,227,3,8210,,
,25,254,3,11143,,
,25,282,3,15675,,
,25,29,3,2973,,
,25,306,3,2905,,
,25,310,3,13763,,
,25,313,3,20231,,
,25,318,3,14431,,
,25,322,3,12862,,
,25,323,3,7593,,
,25,333,3,20349,,
,25,340,3,3895,,
,25,365,3,7875,,
,25,372,3,16921,,
,25,42,3,9726,,
,25,5,3,3238,,
,25,59,3,18914,,
,25,69,3,17461,,
,25,71,3,344,,
,25,9,3,13924,,
,25,98,3,6871,,
,250,106,3,7077,,
,250,116,3,19808,,
,250,139,3,17546,,
,250,140,3,1904,,
,250,172,3,16448,,
,250,183,3,3652,,
,250,185,3,3545,,
,250,2,3,2751,,
,250,205,3,14567,,
,250,216,3,19349,,
,250,270,3,13779,,
,250,274,3,9147,,
,250,291,3,12136,,
,250,307,3,15985,,
,250,335,3,14091,,
,250,46,3,17885,,
,250,58,3,13013,,
,250,7,3,5517,,
,2509,59,3,22337,,
,250RU,139,3,2819,,
,250a,172,3,19177,,
,250b,172,3,6821,,
,250s,274,3,19448,,
,251,106,3,2643,,
,251,140,3,2382,,
,251,172,3,7773,,
,251,185,3,10001,,
,251,199,3,10584,,
,251,2,3,13468,,
,251,207,3,23081,,
,251,216,3,1581,,
,251,266,3,6204,,
,251,274,3,22721,,
,251,282,3,5753,,
,251,291,3,9561,,
,251,307,3,3673,,
,251,313,3,4819,,
,251,376,3,6947,,
,251,4,3,22208,,
,251,7,3,21359,,
,251,86,3,6069,,
,2511,288,3,23536,,
,2512,288,3,23565,,
,2513,288,3,19557,,
,2514,288,3,3493,,
,251E,86,3,22315,,
,252,106,3,13803,,
,252,116,3,11839,,
,252,140,3,6446,,
,252,172,3,1547,,
,252,178,3,18811,,
,252,185,3,20975,,
,252,2,3,13641,,
,252,207,3,18982,,
,252,249,3,8976,,
,252,262,3,2501,,
,252,266,3,11,,
,252,274,3,22341,,
,252,282,3,6039,,
,252,291,3,9437,,
,252,307,3,2599,,
,252,313,3,5153,,
,252,335,3,16745,,
,252,381,3,17709,,
,252,58,3,11943,,
,252,7,3,12254,,
,252,86,3,2323,,
,252E,7,3,18119,,
,252E,86,3,21929,,
,253,119,3,15495,,
,253,140,3,8867,,
,253,172,3,17714,,
,253,178,3,20303,,
,253,185,3,11705,,
,253,2,3,15397,,
,253,207,3,21460,,
,253,218,3,2730,,
,253,262,3,5761,,
,253,266,3,9641,,
,253,274,3,10617,,
,253,291,3,12385,,
,253,313,3,10477,,
,253,335,3,9477,,
,253,376,3,12799,,
,253,381,3,17910,,
,253,4,3,6778,,
,253,7,3,13050,,
,253,86,3,16044,,
,253E,7,3,9148,,
,253E,86,3,7425,,
,254,106,3,12016,,
,254,140,3,16282,,
,254,185,3,17411,,
,254,2,3,7088,,
,254,207,3,5626,,
,254,216,3,17852,,
,254,218,3,18929,,
,254,262,3,11498,,
,254,266,3,6979,,
,254,291,3,22203,,
,254,335,3,2897,,
,254,7,3,19769,,
,254,86,3,7612,,
,254,96,3,10926,,
,254E,86,3,22749,,
,255,106,3,12790,,
,255,119,3,6437,,
,255,139,3,19186,,
,255,140,3,3340,,
,255,164,3,12024,,
,255,172,3,200,,
,255,178,3,20100,,
,255,185,3,6407,,
,255,216,3,3429,,
,255,266,3,18297,,
,255,274,3,1625,,
,255,291,3,4404,,
,255,295,3,4626,,
,255,307,3,3077,,
,255,381,3,13847,,
,255,4,3,11065,,
,255,46,3,16187,,
,255,7,3,18588,,
,255,86,3,16320,,
,2551,274,3,11000,,
,2552,274,3,20141,,
,2553,274,3,5347,,
,2555,274,3,13314,,
,2556,274,3,15398,,
,255E,7,3,12960,,
,255E,86,3,18597,,
,255RU,139,3,5616,,
,256,119,3,12085,,
,256,139,3,16410,,
,256,140,3,13250,,
,256,164,3,3320,,
,256,172,3,8355,,
,256,185,3,3279,,
,256,216,3,14987,,
,256,274,3,1033,,
,256,291,3,13562,,
,256,302,3,13683,,
,256,313,3,929,,
,256,335,3,21114,,
,256,4,3,8464,,
,256,46,3,23187,,
,256 Rufbus,302,3,6519,,
,2561,274,3,1411,,
,2562,274,3,5363,,
,2563,274,3,21343,,
,256E,86,3,11181,,
,257,139,3,14715,,
,257,140,3,22786,,
,257,172,3,1939,,
,257,185,3,8494,,
,257,205,3,13328,,
,257,216,3,23439,,
,257,266,3,18575,,
,257,274,3,9748,,
,257,291,3,18936,,
,257,381,3,19538,,
,257,4,3,15888,,
,257,86,3,17189,,
,2571,274,3,19667,,
,2575,274,3,19542,,
,2576,274,3,6810,,
,2577,274,3,1724,,
,257E,86,3,4139,,
,258,140,3,18205,,
,258,172,3,21145,,
,258,191,3,5945,,
,258,266,3,15465,,
,258,274,3,9902,,
,258,282,3,1785,,
,258,291,3,1383,,
,258,295,3,11089,,
,258,307,3,15850,,
,258,381,3,13563,,
,258,86,3,14557,,
,2581,274,3,3833,,
,2582,274,3,4852,,
,2585,274,3,7167,,
,2586,274,3,9655,,
,258E,86,3,9658,,
,259,140,3,11006,,
,259,191,3,7168,,
,259,266,3,19814,,
,259,274,3,1237,,
,259,282,3,20797,,
,259,291,3,5429,,
,259,376,3,21978,,
,259,4,3,2437,,
,259,46,3,15014,,
,259,86,3,16798,,
,2590,274,3,14837,,
,2591,274,3,13481,,
,2592,274,3,8717,,
,2593,274,3,10986,,
,2594,274,3,12526,,
,2595,274,3,4526,,
,2596,274,3,12623,,
,259E,86,3,11676,,
,25E,154,3,14742,,
,25S,310,3,5510,,
,25V,9,3,5384,,
,25X,141,3,1615,,
,26,106,3,3092,,
,26,118,3,15372,,
,26,119,3,22068,,
,26,121,3,17994,,
,26,134,3,845,,
,26,138,3,10456,,
,26,141,3,1661,,
,26,151,3,8499,,
,26,154,3,5627,,
,26,159,3,6483,,
,26,161,3,5374,,
,26,163,3,5037,,
,26,164,3,10884,,
,26,172,3,21272,,
,26,18,3,11595,,
,26,216,3,17160,,
,26,254,3,17317,,
,26,266,3,11327,,
,26,278,3,21019,,
,26,282,3,3271,,
,26,291,3,11227,,
,26,313,3,17838,,
,26,322,3,20714,,
,26,323,3,2133,,
,26,340,3,9679,,
,26,372,3,4261,,
,26,378,3,19954,,
,26,42,3,8018,,
,26,59,3,13279,,
,26,69,3,1487,,
,26,71,3,10862,,
,26,9,3,13474,,
,26/27,163,3,6729,,
,260,106,3,1292,,
,260,116,3,11698,,
,260,139,3,13148,,
,260,164,3,16055,,
,260,172,3,710,,
,260,176,3,10187,,
,260,185,3,8570,,
,260,191,3,6170,,
,260,2,3,699,,
,260,207,3,15901,,
,260,216,3,13273,,
,260,243,3,14514,73D700,FFFFFF
,260,274,3,13910,,
,260,282,3,17901,,
,260,291,3,9916,,
,260,295,3,451,,
,260,302,3,21193,,
,260,307,3,614,,
,260,313,3,13909,,
,260,315,3,4355,,
,260,335,3,19231,,
,260,353,3,18589,,
,260,373,3,19699,9D9D9C,
,260,376,3,5983,,
,260,381,3,2493,,
,260,4,3,3209,,
,260,46,3,10009,,
,260,66,3,7868,,
,260,86,3,7613,,
,260,96,3,12967,,
,2602,180,3,14635,,
,260B,243,3,18854,73D700,FFFFFF
,260E,86,3,6948,,
,260RU,139,3,354,,
,260V,191,3,16672,,
,260s,274,3,3653,,
,261,138,3,19125,,
,261,139,3,4468,,
,261,164,3,20338,,
,261,172,3,13730,,
,261,185,3,22880,,
,261,191,3,2294,,
,261,2,3,10167,,
,261,207,3,2362,,
,261,216,3,11231,,
,261,274,3,5,,
,261,282,3,11310,,
,261,291,3,18895,,
,261,302,3,35,,
,261,307,3,10232,,
,261,31,3,8653,,
,261,313,3,5408,,
,261,315,3,340,,
,261,335,3,23397,,
,261,353,3,4970,,
,261,373,3,11600,4C76BA,FFFFFF
,261,376,3,5617,,
,261,381,3,6455,,
,261,4,3,195,,
,261,66,3,12856,,
,261,86,3,13033,,
,261,96,3,3825,,
,2610,180,3,20517,,
,261E,86,3,2030,,
,261a,4,3,17040,,
,262,116,3,14226,,
,262,138,3,13104,,
,262,172,3,20339,,
,262,185,3,2761,,
,262,191,3,5708,,
,262,205,3,7214,,
,262,266,3,8966,,
,262,274,3,23603,,
,262,282,3,4052,,
,262,302,3,18281,,
,262,307,3,12847,,
,262,31,3,5031,,
,262,313,3,11875,,
,262,335,3,12067,,
,262,353,3,3187,,
,262,376,3,3962,,
,262,381,3,16153,,
,262,4,3,3321,,
,262,66,3,10371,,
,262,86,3,6261,,
,2620,216,3,7297,,
,262E,86,3,23769,,
,262V,191,3,18890,,
,263,172,3,14719,,
,263,185,3,1146,,
,263,191,3,15692,,
,263,205,3,897,,
,263,207,3,4943,,
,263,216,3,10088,,
,263,243,3,1775,73D700,FFFFFF
,263,248,3,11971,,
,263,249,3,20618,,
,263,266,3,22391,,
,263,274,3,2484,,
,263,291,3,22331,,
,263,295,3,5364,,
,263,302,3,4510,,
,263,307,3,21763,,
,263,31,3,23634,,
,263,335,3,22507,,
,263,381,3,21523,,
,263,4,3,13256,,
,263,66,3,6618,,
,263,86,3,4026,,
,263 b,207,3,16607,,
,263E,86,3,22332,,
,263V,191,3,22881,,
,264,172,3,17218,,
,264,185,3,9128,,
,264,191,3,8435,,
,264,205,3,4540,,
,264,207,3,12900,,
,264,216,3,22053,,
,264,243,3,23435,73D700,FFFFFF
,264,266,3,3256,,
,264,274,3,23078,,
,264,282,3,5827,,
,264,291,3,20398,,
,264,295,3,18419,,
,264,302,3,18199,,
,264,31,3,22353,,
,264,353,3,144,,
,264,373,3,5430,9D9D9C,
,264,381,3,7814,,
,264,4,3,13315,,
,264,66,3,4627,,
,264,86,3,74,,
,264E,86,3,7037,,
,264s,266,3,22819,,
,265,139,3,9463,,
,265,172,3,8677,,
,265,185,3,156,,
,265,191,3,21475,,
,265,2,3,14326,,
,265,207,3,19823,,
,265,255,3,5204,,
,265,266,3,8737,,
,265,270,3,12398,,
,265,274,3,19227,,
,265,291,3,3175,,
,265,295,3,3577,,
,265,302,3,9456,,
,265,307,3,22859,,
,265,31,3,4679,,
,265,353,3,23445,,
,265,370,3,19101,,
,265,381,3,7588,,
,265,4,3,20715,,
,265,46,3,11144,,
,265,66,3,17325,,
,265,86,3,13509,,
,265 AST,302,3,503,,
,265 Rufbus,302,3,8312,,
,2650,216,3,1562,,
,265E,86,3,3201,,
,265RU,139,3,17919,,
,266,139,3,3407,,
,266,172,3,16945,,
,266,191,3,19550,,
,266,2,3,4872,,
,266,205,3,18096,,
,266,266,3,16612,,
,266,274,3,11245,,
,266,302,3,9312,,
,266,31,3,23243,,
,266,373,3,11206,9D9D9C,
,266,381,3,20128,,
,266,66,3,9928,,
,266,86,3,17176,,
,266 AST,302,3,19327,,
,266A,205,3,16701,,
,266E,86,3,3331,,
,267,139,3,4294,,
,267,172,3,1205,,
,267,191,3,7328,,
,267,2,3,23487,,
,267,207,3,19653,,
,267,266,3,4983,,
,267,274,3,12147,,
,267,291,3,9022,,
,267,31,3,22493,,
,267,353,3,22787,,
,267,367,3,13461,,
,267,373,3,4762,9D9D9C,
,267,66,3,5772,,
,267,86,3,13424,,
,267,96,3,4493,,
,267E,86,3,18974,,
,267V,191,3,18462,,
,268,139,3,8058,,
,268,172,3,23436,,
,268,191,3,14725,,
,268,199,3,11632,,
,268,207,3,14389,,
,268,243,3,9023,73D700,FFFFFF
,268,255,3,15000,,
,268,266,3,18748,,
,268,274,3,5859,,
,268,291,3,18045,,
,268,31,3,241,,
,268,353,3,12025,,
,268,367,3,13193,,
,268,373,3,12794,9D9D9C,
,268,381,3,12093,,
,268,4,3,11574,,
,268,66,3,20010,,
,268,86,3,372,,
,268E,86,3,8190,,
,268s,266,3,15954,,
,269,172,3,1147,,
,269,191,3,18059,,
,269,199,3,3449,,
,269,2,3,7869,,
,269,205,3,9884,,
,269,207,3,4944,,
,269,216,3,21718,,
,269,274,3,11815,,
,269,282,3,10112,,
,269,291,3,6884,,
,269,31,3,1232,,
,269,373,3,8928,9D9D9C,
,269,376,3,20178,,
,269,381,3,19583,,
,269,46,3,7122,,
,269,66,3,5401,,
,269E,86,3,11342,,
,26ALT,9,3,5484,,
,27,100,0,20655,,
,27,106,3,23616,,
,27,119,3,12321,,
,27,121,3,12984,,
,27,134,3,13956,,
,27,141,3,21728,,
,27,154,3,14962,,
,27,159,3,2234,,
,27,161,3,830,,
,27,163,3,746,,
,27,172,3,5787,,
,27,183,3,23280,,
,27,216,3,3450,,
,27,221,3,16064,,
,27,254,3,20775,,
,27,266,3,373,,
,27,278,3,4329,,
,27,282,3,20225,,
,27,291,3,13390,,
,27,310,3,14110,,
,27,313,3,1211,,
,27,318,3,4584,,
,27,322,3,17688,,
,27,323,3,9359,,
,27,329,3,19942,,
,27,340,3,10707,,
,27,365,3,5298,,
,27,367,3,3843,,
,27,372,3,15201,,
,27,378,3,9996,,
,27,42,3,898,,
,27,46,0,13613,,
,27,46,3,8814,,
,27,5,3,14416,,
,27,59,3,19577,,
,27,9,3,480,,
,27,96,3,10907,,
,270,116,3,21979,,
,270,139,3,19502,,
,270,164,3,19947,,
,270,185,3,15363,,
,270,191,3,13343,,
,270,194,3,23593,,
,270,216,3,9827,,
,270,243,3,6685,73D700,FFFFFF
,270,270,3,15355,,
,270,274,3,4755,,
,270,291,3,20981,,
,270,373,3,5799,E2684C,FFFFFF
,270,381,3,23175,,
,270,66,3,22354,,
,270,7,3,16016,,
,270,96,3,9630,,
,270RU,139,3,7989,,
,270V,191,3,17017,,
,271,106,3,19158,,
,271,139,3,10764,,
,271,172,3,3451,,
,271,185,3,6408,,
,271,191,3,14954,,
,271,266,3,9452,,
,271,274,3,20188,,
,271,282,3,12637,,
,271,291,3,5611,,
,271,295,3,23473,,
,271,373,3,3785,9D9D9C,
,271,376,3,7723,,
,271,381,3,381,,
,271,46,3,7145,,
,271,66,3,10457,,
,271,7,3,23617,,
,271,86,3,14781,,
,271E,86,3,8059,,
,271V,191,3,20428,,
,272,106,3,9176,,
,272,172,3,20921,,
,272,185,3,21337,,
,272,266,3,36,,
,272,274,3,11238,,
,272,282,3,6181,,
,272,291,3,12829,,
,272,295,3,21069,,
,272,302,3,5198,,
,272,376,3,7511,,
,272,4,3,14499,,
,272,66,3,12694,,
,272,7,3,17580,,
,272,86,3,1387,,
,272,96,3,3578,,
,2720,216,3,13223,,
,2721,216,3,18550,,
,2722,216,3,9572,,
,2723,216,3,7259,,
,2724,216,3,1595,,
,2725,216,3,4349,,
,2726,216,3,5524,,
,272E,86,3,11671,,
,273,106,3,16816,,
,273,185,3,2708,,
,273,199,3,12036,,
,273,266,3,20288,,
,273,274,3,10478,,
,273,291,3,18695,,
,273,295,3,10863,,
,273,376,3,654,,
,273,4,3,16296,,
,273,66,3,1786,,
,273,86,3,5094,,
,273E,86,3,21179,,
,274,106,3,2782,,
,274,139,3,19361,,
,274,185,3,15024,,
,274,199,3,9631,,
,274,216,3,2331,,
,274,266,3,1010,,
,274,274,3,17808,,
,274,282,3,7860,,
,274,291,3,20701,,
,274,373,3,19071,9D9D9C,
,274,376,3,15839,,
,274,66,3,17271,,
,274,86,3,14287,,
,274,96,3,20736,,
,274E,86,3,16025,,
,275,139,3,13344,,
,275,172,3,2820,,
,275,185,3,16931,,
,275,191,3,13149,,
,275,199,3,18712,,
,275,216,3,17844,,
,275,266,3,1528,,
,275,274,3,9519,,
,275,295,3,6144,,
,275,335,3,4284,,
,275,373,3,53,,
,275,376,3,2460,,
,275,46,3,5535,,
,275,66,3,2111,,
,275,86,3,10472,,
,275,96,3,10686,,
,275E,86,3,3176,,
,275RU,139,3,17911,,
,276,139,3,16922,,
,276,172,3,14585,,
,276,191,3,21999,,
,276,194,3,11213,,
,276,199,3,14674,,
,276,216,3,7184,,
,276,266,3,5150,,
,276,274,3,5335,,
,276,291,3,22521,,
,276,295,3,23239,,
,276,335,3,7315,,
,276,373,3,6300,F3953F,FFFFFF
,276,66,3,8997,,
,276,86,3,1953,,
,276E,86,3,17764,,
,277,139,3,20817,,
,277,191,3,13743,,
,277,194,3,196,,
,277,199,3,3748,,
,277,216,3,4694,,
,277,266,3,443,,
,277,270,3,13414,,
,277,274,3,16712,,
,277,291,3,21682,,
,277,295,3,4940,,
,277,373,3,20969,9D9D9C,
,277,381,3,1044,,
,277,46,3,7401,,
,277,96,3,14274,,
,277E,86,3,10721,,
,278,139,3,11288,,
,278,191,3,3682,,
,278,194,3,12430,,
,278,216,3,14826,,
,278,270,3,3828,,
,278,274,3,19290,,
,278,291,3,9485,,
,278,295,3,12458,,
,278,373,3,8885,D995BD,FFFFFF
,278,381,3,10209,,
,278,66,3,8836,,
,278,86,3,6229,,
,278E,86,3,23770,,
,279,139,3,3326,,
,279,199,3,12517,,
,279,274,3,6612,,
,279,291,3,3561,,
,279,295,3,18504,,
,279,373,3,461,8BADDC,FFFFFF
,279,381,3,11257,,
,279,66,3,7356,,
,279,96,3,21896,,
,279E,86,3,14056,,
,27E,141,3,7800,,
,27E,9,3,14489,,
,27V,9,3,21330,,
,28,100,0,17307,,
,28,106,3,12399,,
,28,121,3,8424,,
,28,134,3,3834,,
,28,141,3,19425,,
,28,154,3,3579,,
,28,159,3,9611,,
,28,163,3,16851,,
,28,164,3,22824,,
,28,172,3,13493,,
,28,207,3,18272,,
,28,216,3,2922,,
,28,231,3,13506,,
,28,254,3,304,,
,28,274,3,11130,,
,28,282,3,13469,,
,28,318,3,18700,,
,28,323,3,7202,,
,28,340,3,5263,,
,28,365,3,9478,,
,28,367,3,8211,,
,28,372,3,22461,,
,28,378,3,8329,,
,28,42,3,1518,,
,28,9,3,15964,,
,280,106,3,18658,,
,280,116,3,17673,,
,280,118,3,4794,,
,280,139,3,7487,,
,280,172,3,326,,
,280,178,3,17255,,
,280,243,3,1542,73D700,FFFFFF
,280,258,3,12152,,
,280,274,3,21926,,
,280,291,3,19118,,
,280,373,3,1905,E2684C,FFFFFF
,280,384,3,7534,,
,280,66,3,16788,,
,280,7,3,17728,,
,280,74,3,18082,,
,280,86,3,15807,,
,2803-AST,216,3,16402,,
,2804-AST,216,3,15716,,
,2805-AST,216,3,4084,,
,2807-AST,216,3,6708,,
,280E,172,3,10355,,
,280E,86,3,3800,,
,281,106,3,23266,,
,281,139,3,6400,,
,281,172,3,4040,,
,281,178,3,11651,,
,281,200,3,22333,,
,281,216,3,15662,,
,281,266,3,8932,,
,281,274,3,4000,,
,281,282,3,13002,,
,281,373,3,2879,8BADDC,FFFFFF
,281,376,3,2828,,
,281,384,3,9680,,
,281,7,3,3101,,
,281,86,3,1824,,
,281,96,3,15578,,
,2813-AST,216,3,9727,,
,2819,164,3,12879,,
,281E,86,3,6382,,
,281S,384,3,6709,,
,281T,384,3,13927,,
,282,106,3,5525,,
,282,139,3,11214,,
,282,172,3,17282,,
,282,178,3,18782,,
,282,258,3,1668,,
,282,274,3,14729,,
,282,282,3,2795,,
,282,291,3,1969,,
,282,376,3,21795,,
,282,46,3,19570,,
,282,66,3,6401,,
,282,7,3,10002,,
,282,96,3,2052,,
,283,106,3,9809,,
,283,139,3,6827,,
,283,200,3,6012,,
,283,243,3,21524,73D700,FFFFFF
,283,274,3,9749,,
,283,376,3,6804,,
,283,384,3,21871,,
,283,46,3,857,,
,283,86,3,7682,,
,283,96,3,19035,,
,2835-AST,216,3,4918,,
,2838-AST,216,3,15141,,
,283E,86,3,6145,,
,283T,384,3,8330,,
,284,106,3,139,,
,284,139,3,14073,,
,284,216,3,16518,,
,284,274,3,17790,,
,284,291,3,8337,,
,284,292,3,7996,,
,284,373,3,3646,009640,FFFFFF
,284,384,3,1293,,
,284,46,3,5649,,
,284,66,3,10269,,
,284,86,3,495,,
,2840-AST,216,3,12791,,
,2844-AST,216,3,2306,,
,284E,86,3,10010,,
,285,106,3,21775,,
,285,119,3,22221,,
,285,172,3,10199,,
,285,178,3,9810,,
,285,216,3,2906,,
,285,258,3,10025,,
,285,274,3,13753,,
,285,291,3,18372,,
,285,373,3,12757,8BADDC,FFFFFF
,285,376,3,11966,,
,285,384,3,14098,,
,285,46,3,21950,,
,285,66,3,18123,,
,285,86,3,8875,,
,2850-AST,216,3,11794,,
,2853-AST,216,3,912,,
,285T,384,3,18256,,
,286,106,3,11515,,
,286,119,3,5212,,
,286,178,3,22401,,
,286,216,3,18332,,
,286,274,3,6985,,
,286,291,3,22618,,
,286,295,3,13451,,
,286,373,3,13329,4C76BA,FFFFFF
,286,384,3,1632,,
,286,66,3,14598,,
,286,86,3,8260,,
,2860-AST,216,3,3922,,
,2864-AST,216,3,3430,,
,2865-AST,216,3,21380,,
,2868-AST,216,3,4392,,
,286E,86,3,10859,,
,287,106,3,690,,
,287,178,3,2898,,
,287,274,3,8077,,
,287,291,3,15757,,
,287,295,3,1476,,
,287,373,3,14309,B90276,FFFFFF
,287,384,3,8909,,
,287,66,3,19992,,
,2870-AST,216,3,8113,,
,287T,384,3,7659,,
,288,119,3,5264,,
,288,172,3,13534,,
,288,178,3,20470,,
,288,216,3,8944,,
,288,274,3,16090,,
,288,291,3,21015,,
,288,295,3,1270,,
,288,66,3,15640,,
,288,86,3,11207,,
,288E,86,3,10643,,
,289,172,3,14750,,
,289,178,3,6629,,
,289,216,3,5440,,
,289,274,3,15725,,
,289,291,3,10990,,
,289,295,3,8538,,
,289,384,3,4140,,
,289,66,3,15596,,
,289,86,3,20194,,
,2890-AST,216,3,11477,,
,289E,86,3,12048,,
,29,106,3,418,,
,29,119,3,9756,,
,29,134,3,7556,,
,29,141,3,13665,,
,29,151,3,18273,,
,29,159,3,12408,,
,29,163,3,21410,,
,29,172,3,3353,,
,29,216,3,12386,,
,29,231,3,19432,,
,29,254,3,7535,,
,29,291,3,6623,,
,29,304,3,19268,,
,29,306,3,16987,,
,29,313,3,20727,,
,29,318,3,20252,,
,29,322,3,3280,,
,29,323,3,18364,,
,29,367,3,20831,,
,29,372,3,2375,,
,29,9,3,13345,,
,29,96,3,13023,,
,29 S,372,3,21667,,
,290,106,3,6914,,
,290,116,3,10749,,
,290,139,3,13069,,
,290,191,3,332,,
,290,2,3,8506,,
,290,258,3,3252,,
,290,266,3,10644,,
,290,282,3,17563,,
,290,291,3,6923,,
,290,295,3,22258,,
,290,34,3,21398,,
,290,370,3,8305,,
,290,373,3,18849,,
,290,384,3,21801,,
,290RU,139,3,20641,,
,290V,191,3,23411,,
,291,106,3,18306,,
,291,111,3,3327,,
,291,138,3,10727,,
,291,139,3,10834,,
,291,172,3,18299,,
,291,178,3,9832,,
,291,191,3,2105,,
,291,2,3,12681,,
,291,266,3,7806,,
,291,282,3,60,,
,291,291,3,15814,,
,291,295,3,14216,,
,291,373,3,11101,9D9D9C,
,291,376,3,4484,,
,291,46,3,11186,,
,291,66,3,15388,,
,291,96,3,4436,,
,292,106,3,23429,,
,292,116,3,2178,,
,292,172,3,14579,,
,292,178,3,14698,,
,292,191,3,14862,,
,292,2,3,15015,,
,292,216,3,18590,,
,292,266,3,18930,,
,292,274,3,2725,,
,292,282,3,20538,,
,292,291,3,5353,,
,292,373,3,13699,B90276,FFFFFF
,2927-KVG,216,3,23761,,
,293,111,3,7169,,
,293,172,3,14233,,
,293,178,3,18124,,
,293,191,3,7215,,
,293,2,3,3647,,
,293,216,3,18257,,
,293,266,3,22901,,
,293,274,3,16673,,
,293,282,3,1756,,
,293,291,3,13880,,
,293,295,3,9215,,
,293,367,3,14931,,
,293,384,3,13310,,
,293T,384,3,12544,,
,294,116,3,11343,,
,294,172,3,20549,,
,294,191,3,2891,,
,294,2,3,9209,,
,294,216,3,16127,,
,294,282,3,19691,,
,294,291,3,3594,,
,294,307,3,360,,
,294,367,3,8477,,
,294,373,3,19461,6FBC85,FFFFFF
,294,384,3,15537,,
,294,46,3,5445,,
,294,86,3,19594,,
,294E,86,3,12400,,
,294S,384,3,12933,,
,295,172,3,687,,
,295,191,3,15451,,
,295,2,3,19416,,
,295,216,3,2112,,
,295,282,3,8815,,
,295,295,3,16119,,
,295,367,3,16757,,
,295,370,3,20539,,
,295,373,3,21637,6FBC85,FFFFFF
,295,384,3,21023,,
,2953,274,3,15277,,
,296,172,3,15597,,
,296,2,3,15389,,
,296,216,3,23523,,
,296,274,3,14769,,
,296,282,3,12214,,
,296,291,3,13947,,
,296,373,3,1677,B90276,FFFFFF
,296,384,3,9408,,
,296,46,3,9847,,
,296,86,3,8495,,
,296,96,3,21403,,
,2960,274,3,4535,,
,2965,274,3,21945,,
,2966,274,3,12934,,
,2967,274,3,5908,,
,2968,274,3,3661,,
,2969,274,3,5441,,
,296E,86,3,3439,,
,297,116,3,7849,,
,297,172,3,8331,,
,297,2,3,6449,,
,297,274,3,8738,,
,297,282,3,20566,,
,297,291,3,7861,,
,297,292,3,14669,,
,297,373,3,2635,F3953F,FFFFFF
,2970,274,3,20399,,
,2972,274,3,9172,,
,2973,274,3,6578,,
,2974,274,3,3996,,
,2975,274,3,13024,,
,2977,274,3,18052,,
,2978,274,3,9659,,
,2979,274,3,10768,,
,298,172,3,18039,,
,298,199,3,6277,,
,298,2,3,5014,,
,298,282,3,23537,,
,298,370,3,8531,,
,298,373,3,5800,F3953F,FFFFFF
,298,86,3,11215,,
,2980,139,3,185,,
,2982,274,3,6177,,
,2983,274,3,7078,,
,2985,274,3,17797,,
,2989,274,3,21822,,
,298E,86,3,15474,,
,299,111,3,12037,,
,299,191,3,16208,,
,299,2,3,12928,,
,299,243,3,18083,73D700,FFFFFF
,299,282,3,3322,,
,299,291,3,14217,,
,299,384,3,10136,,
,2990,274,3,9804,,
,2992,274,3,15611,,
,2993,274,3,1447,,
,2996,274,3,5464,,
,2997,274,3,8718,,
,2ALFA,139,3,18639,,
,2ALT,9,3,20623,,
,2E,141,0,462,,
,2E,304,3,6114,,
,2N,254,3,2072,,
,3,106,0,4988,,
,3,106,3,18185,,
,3,110,3,10383,,
,3,116,3,9578,,
,3,118,3,3078,,
,3,119,0,15682,,
,3,119,3,8703,,
,3,121,3,17366,,
,3,127,3,20289,,
,3,130,0,23440,,
,3,132,3,10064,,
,3,134,3,5547,,
,3,135,3,15202,,
,3,138,3,16424,,
,3,139,3,3776,,
,3,141,0,14463,009FE3,FFFFFF
,3,145,3,15854,,
,3,151,3,18252,,
,3,154,0,5709,,
,3,156,0,13564,,
,3,159,0,4756,,
,3,161,3,1887,,
,3,164,3,4527,,
,3,172,3,3070,,
,3,175,3,3257,,
,3,178,3,3512,008B45,FFFFFF
,3,182,3,1820,,
,3,184,3,11414,,
,3,195,3,23582,,
,3,2,3,22316,,
,3,201,3,19417,,
,3,203,3,11059,,
,3,207,0,5814,,
,3,21,3,20619,,
,3,210,0,23478,,
,3,216,3,19985,,
,3,218,1,4847,,
,3,22,3,16346,,
,3,221,3,1934,,
,3,222,3,289,,
,3,227,3,21960,,
,3,239,3,10182,,
,3,245,0,8172,F49E00,FFFFFF
,3,247,3,4604,,
,3,253,0,1793,7F5F00,FFFFFF
,3,254,0,5414,,
,3,259,3,21381,,
,3,262,3,13446,,
,3,265,3,5684,,
,3,266,0,13754,,
,3,278,3,22179,,
,3,282,3,12058,,
,3,291,3,15688,,
,3,292,3,4135,,
,3,298,0,14464,,
,3,304,3,22034,,
,3,306,0,10076,,
,3,31,0,1519,,
,3,313,0,120,,
,3,313,3,7307,,
,3,322,3,3997,,
,3,323,0,19936,,
,3,324,3,9612,,
,3,330,3,15997,,
,3,333,3,14099,,
,3,335,3,11193,,
,3,34,3,21852,,
,3,340,3,12785,,
,3,353,3,10750,,
,3,354,3,2383,,
,3,358,0,5612,,
,3,365,3,6853,,
,3,367,3,980,,
,3,378,3,9796,,
,3,381,0,12409,,
,3,41,3,19282,,
,3,42,3,4380,,
,3,45,3,16283,,
,3,5,0,8987,,
,3,58,3,21419,,
,3,59,3,9728,,
,3,60,3,1794,,
,3,68,0,10587,680C60,FFFFFF
,3,69,3,7475,,
,3,7,3,13744,,
,3,71,0,3444,E3051B,FFFFFF
,3,79,3,22750,,
,3,94,0,20579,,
,3,96,3,22829,,
,3,97,3,2080,,
,3 (Hoyerswerda),207,3,16984,,
,3 Gruen,34,3,12073,,
,30,106,3,17170,,
,30,116,3,12688,,
,30,118,3,18206,,
,30,119,3,9260,,
,30,134,3,10444,,
,30,138,3,9149,,
,30,146,3,10698,,
,30,147,3,2907,,
,30,151,3,5613,,
,30,154,3,17422,,
,30,163,3,4006,,
,30,164,3,10687,,
,30,2,3,14699,,
,30,201,3,21589,,
,30,216,3,14012,,
,30,254,3,20047,,
,30,256,3,20152,,
,30,266,3,4256,,
,30,282,3,5592,,
,30,291,3,17428,,
,30,298,3,21563,,
,30,304,3,11431,,
,30,306,3,6746,,
,30,310,3,14530,,
,30,318,3,12180,,
,30,320,3,5027,,
,30,340,3,13475,,
,30,341,3,23215,,
,30,365,3,20905,,
,30,372,3,1279,,
,30,378,3,22667,,
,30,54,3,10945,,
,30,59,3,19723,,
,30,68,3,16713,A79501,FFFFFF
,30,69,3,16817,,
,30,7,3,10256,,
,30,9,3,13565,,
,30,96,3,1633,,
,30/1,34,3,18489,,
,300,106,3,3202,,
,300,138,3,15948,,
,300,164,3,4248,,
,300,182,3,13330,,
,300,197,3,2923,,
,300,218,3,20215,,
,300,225,3,6159,,
,300,247,3,15020,,
,300,252,3,13365,,
,300,262,3,17244,,
,300,282,3,5658,,
,300,291,3,19970,,
,300,292,3,14208,,
,300,315,3,6538,,
,300,353,3,2520,,
,300,367,3,1557,,
,300,46,3,1309,,
,300,57,3,18154,,
,300,83,3,19975,,
,300 (VGN 8300),336,3,12415,,
,301,106,3,21187,,
,301,164,3,7386,,
,301,182,3,17098,,
,301,184,3,1563,,
,301,191,3,5717,,
,301,192,3,12387,,
,301,2,3,4440,8A1478,FFFFFF
,301,218,3,4833,,
,301,225,3,13621,,
,301,247,3,12552,,
,301,252,3,21516,,
,301,262,3,6679,,
,301,264,3,15641,,
,301,29,3,19298,,
,301,291,3,18040,,
,301,292,3,2586,,
,301,295,3,15683,,
,301,298,3,1825,,
,301,328,3,10786,,
,301,353,3,8710,,
,301,367,3,3786,,
,301,381,3,778,,
,301,55,3,4415,,
,301,57,3,1845,,
,301,7,3,12901,,
,301,74,3,10649,,
,301,8,3,8595,,
,301,83,3,529,,
,301,91,0,9591,,
,301 (8301),284,3,12875,,
,301E,381,3,18313,,
,301E,91,3,13993,,
,302,106,3,13718,,
,302,164,3,6742,,
,302,182,3,13429,,
,302,184,3,19320,,
,302,191,3,17080,,
,302,2,3,21399,,
,302,225,3,16746,,
,302,247,3,14932,,
,302,252,3,6256,,
,302,262,3,17245,,
,302,27,3,7008,,
,302,277,3,9649,,
,302,291,3,4729,,
,302,292,3,11469,,
,302,315,3,11739,,
,302,328,3,21986,,
,302,367,3,18102,,
,302,381,3,2935,,
,302,55,3,18626,,
,302,57,3,19439,,
,302,7,3,10841,,
,302,8,3,17136,,
,302,83,3,6694,,
,302,91,0,23073,,
,302,97,3,17564,,
,302E,91,3,13678,,
,303,106,3,17860,,
,303,12,3,18674,,
,303,182,3,9313,,
,303,184,3,15580,,
,303,2,3,6789,8A1478,FFFFFF
,303,247,3,11746,,
,303,252,3,21033,,
,303,262,3,643,,
,303,264,3,436,,
,303,277,3,8004,,
,303,291,3,771,,
,303,292,3,2336,,
,303,315,3,8483,,
,303,328,3,14278,,
,303,381,3,17347,,
,303,55,3,21007,,
,303,57,3,2235,,
,303,7,3,11884,,
,303,74,3,21517,,
,303,8,3,20463,,
,303,83,3,6721,,
,303E,74,3,21439,,
,304,106,3,12913,,
,304,11,3,21070,,
,304,176,3,5038,,
,304,182,3,2908,,
,304,2,3,19255,8A1478,FFFFFF
,304,247,3,23122,,
,304,252,3,5348,,
,304,262,3,21237,,
,304,27,3,12221,,
,304,277,3,7539,,
,304,291,3,3829,,
,304,292,3,19062,,
,304,367,3,17995,,
,304,381,3,18876,,
,304,55,3,12313,,
,304,57,3,22556,,
,304,7,3,18696,,
,304,74,3,5773,,
,304,8,3,4864,,
,304,83,3,15767,,
,304,97,3,14241,,
,304E,74,3,18155,,
,305,106,3,7224,,
,305,11,3,1543,,
,305,164,3,20872,,
,305,176,3,797,,
,305,182,3,22668,,
,305,183,3,7909,,
,305,2,3,18708,,
,305,247,3,1100,,
,305,252,3,9409,,
,305,262,3,13085,,
,305,291,3,17528,,
,305,292,3,16901,,
,305,367,3,16141,,
,305,55,3,5675,,
,305,57,3,20479,,
,305,74,3,2673,,
,305,8,3,9113,,
,305,83,3,22162,,
,305,91,0,13634,,
,305,97,3,19922,,
,305 (VGN 8305),336,3,20958,,
,306,106,3,23398,,
,306,11,3,19707,,
,306,176,3,18408,,
,306,182,3,17710,,
,306,183,3,16597,,
,306,192,3,872,,
,306,247,3,23688,,
,306,252,3,6493,,
,306,262,3,22751,,
,306,291,3,6085,,
,306,292,3,8631,,
,306,367,3,6278,,
,306,381,3,8802,,
,306,55,3,13476,,
,306,57,3,15221,,
,306,74,3,20857,,
,306,8,3,18726,,
,306,91,0,21961,,
,306,97,3,1354,,
,306 (VGN 8306),336,3,14495,,
,306E,74,3,8856,,
,307,106,3,17798,,
,307,11,3,15421,,
,307,176,3,16985,,
,307,182,3,11347,,
,307,192,3,19126,,
,307,247,3,7118,,
,307,252,3,18635,,
,307,262,3,14384,,
,307,282,3,23232,,
,307,291,3,21002,,
,307,292,3,2744,,
,307,367,3,8648,,
,307,381,3,6347,,
,307,55,3,19879,,
,307,57,3,941,,
,307,8,3,3808,,
,307,97,3,8743,,
,307 (8307),284,3,20580,,
,307 RufBus,282,3,16619,,
,308,106,3,14636,,
,308,176,3,7625,,
,308,182,3,253,,
,308,2,3,12748,8A1478,FFFFFF
,308,247,3,16874,,
,308,252,3,7631,,
,308,262,3,18156,,
,308,282,3,12656,,
,308,291,3,4092,,
,308,353,3,8484,,
,308,381,3,22171,,
,308,55,3,6695,,
,308,74,3,16737,,
,308,8,3,12617,,
,308,91,0,14391,,
,308,97,3,7387,,
,308 (VGN 8308),336,3,8711,,
,308 RufBus,282,3,965,,
,308E,74,3,16845,,
,309,106,3,2658,,
,309,176,3,10311,,
,309,192,3,11386,,
,309,252,3,20581,,
,309,282,3,14546,,
,309,284,3,22722,,
,309,291,3,18581,,
,309,292,3,958,,
,309,367,3,11102,,
,309,46,3,20926,,
,309,55,3,14856,,
,309,74,3,8977,,
,309,8,3,2158,,
,309,91,0,22276,,
,309,97,3,2095,,
,309 RufBus,282,3,10043,,
,30A,310,3,12255,,
,31,106,3,16598,,
,31,118,3,17520,,
,31,119,3,21060,,
,31,138,3,22213,,
,31,141,3,1603,,
,31,146,3,21739,,
,31,147,3,22571,,
,31,151,3,5303,,
,31,154,3,2463,,
,31,161,3,121,,
,31,163,3,1310,,
,31,164,3,22204,,
,31,181,3,15256,,
,31,2,3,15456,,
,31,20,3,17397,,
,31,201,3,9917,,
,31,216,3,4699,,
,31,226,3,20340,,
,31,228,3,16519,,
,31,256,3,4062,,
,31,266,3,9275,,
,31,282,3,8507,,
,31,29,3,9237,,
,31,291,3,19457,,
,31,292,3,15619,,
,31,298,3,10015,,
,31,304,3,19792,,
,31,306,3,22437,,
,31,310,3,1482,,
,31,313,3,19097,,
,31,318,3,21905,,
,31,320,3,22860,,
,31,322,3,7170,,
,31,333,3,3412,,
,31,34,3,179,,
,31,340,3,13804,,
,31,367,3,17981,,
,31,369,3,8471,,
,31,372,3,8332,,
,31,378,3,14100,,
,31,42,3,14988,,
,31,54,3,22106,,
,31,68,3,22317,A4485E,FFFFFF
,31,69,3,5015,,
,31,9,3,15509,,
,310,106,3,21052,,
,310,118,3,17740,,
,310,138,3,4310,,
,310,164,3,11375,,
,310,176,3,10864,,
,310,182,3,7476,,
,310,191,3,10751,,
,310,2,3,12553,8A1478,FFFFFF
,310,218,3,10665,,
,310,225,3,7519,,
,310,252,3,5402,,
,310,262,3,19516,,
,310,282,3,11448,,
,310,291,3,6658,,
,310,292,3,11954,,
,310,315,3,18428,,
,310,353,3,23534,,
,310,367,3,15234,,
,310,381,3,21440,,
,310,46,3,9330,,
,310,55,3,22100,,
,310,57,3,8064,,
,310,58,3,3558,,
,310,59,3,9567,,
,310,74,3,22414,,
,310,8,3,10423,,
,310,83,3,1401,,
,310,91,0,19041,,
,310,97,3,14374,,
,310E,74,3,21200,,
,310E,91,3,13257,,
,311,106,3,17857,,
,311,11,3,3580,,
,311,12,3,13948,,
,311,172,3,19042,,
,311,174,3,11795,,
,311,176,3,21094,,
,311,182,3,7594,,
,311,191,3,4666,,
,311,192,3,15889,,
,311,2,3,3987,8A1478,FFFFFF
,311,225,3,16457,,
,311,252,3,1094,,
,311,282,3,22830,,
,311,284,3,14172,,
,311,291,3,11808,,
,311,315,3,13844,,
,311,353,3,10821,,
,311,367,3,9696,,
,311,381,3,15768,,
,311,55,3,19146,,
,311,57,3,1162,,
,311,74,3,20518,,
,311,83,3,12767,,
,311,97,3,6013,,
,311E,12,3,19824,,
,312,106,3,2936,,
,312,11,3,17870,,
,312,12,3,761,,
,312,138,3,20354,,
,312,172,3,2899,,
,312,176,3,15001,,
,312,191,3,14049,,
,312,225,3,10089,,
,312,252,3,18282,,
,312,262,3,8681,,
,312,282,3,12768,,
,312,291,3,3398,,
,312,315,3,6293,,
,312,353,3,15940,,
,312,367,3,6412,,
,312,381,3,11934,,
,312,55,3,9380,,
,312,57,3,1037,,
,312,58,3,17715,,
,312,8,3,19276,,
,312,83,3,2,,
,312,97,3,10557,,
,312 (VGN 8312),336,3,9372,,
,312 RufBus,282,3,14851,,
,312E,12,3,19271,,
,313,106,3,9729,,
,313,11,3,7925,,
,313,138,3,6426,,
,313,2,3,9153,8A1478,FFFFFF
,313,225,3,12215,,
,313,252,3,6630,,
,313,262,3,333,,
,313,277,3,14392,,
,313,282,3,22944,,
,313,291,3,8128,,
,313,292,3,22575,,
,313,315,3,15923,,
,313,353,3,5622,,
,313,367,3,17543,,
,313,381,3,20038,,
,313,57,3,18097,,
,313,66,3,7479,,
,313,74,3,17681,,
,313,83,3,12256,,
,313E,74,3,18194,,
,314,11,3,13075,,
,314,138,3,2521,,
,314,183,3,21661,,
,314,191,3,4382,,
,314,192,3,2676,,
,314,2,3,20711,8A1478,FFFFFF
,314,25,3,2950,,
,314,252,3,2600,,
,314,282,3,3553,,
,314,291,3,7645,,
,314,292,3,2983,,
,314,315,3,10323,,
,314,367,3,4456,,
,314,381,3,1152,,
,314,55,3,16463,,
,314,7,3,7069,,
,314,74,3,10662,,
,314,8,3,4104,,
,314,83,3,21553,,
,314 RufBus,282,3,4530,,
,315,11,3,9642,,
,315,138,3,2516,,
,315,183,3,11780,,
,315,191,3,16142,,
,315,192,3,22619,,
,315,2,3,21155,8A1478,FFFFFF
,315,25,3,22709,,
,315,252,3,11759,,
,315,282,3,8416,,
,315,292,3,12667,,
,315,315,3,18343,,
,315,367,3,21086,,
,315,381,3,3452,,
,315,55,3,6369,,
,315,58,3,6710,,
,315,7,3,20807,,
,315,74,3,891,,
,315,8,3,825,,
,315,83,3,19359,,
,315,97,3,1688,,
,315 RufBus,282,3,13642,,
,315E,74,3,558,,
,316,106,3,8784,,
,316,11,3,5460,,
,316,172,3,12426,,
,316,176,3,18855,,
,316,183,3,22992,,
,316,191,3,11747,,
,316,192,3,19468,,
,316,252,3,22854,,
,316,262,3,1238,,
,316,381,3,10219,,
,316,46,3,4267,,
,316,55,3,6696,,
,316,7,3,8454,,
,316,8,3,4118,,
,316,91,0,1344,,
,317,106,3,3042,,
,317,11,3,8956,,
,317,176,3,18053,,
,317,183,3,2410,,
,317,25,3,14137,,
,317,252,3,8227,,
,317,291,3,22128,,
,317,292,3,581,,
,317,381,3,6697,,
,317,55,3,11076,,
,317,7,3,13916,,
,317,74,3,8135,,
,318,11,3,6467,,
,318,176,3,1821,,
,318,191,3,4093,,
,318,192,3,11333,,
,318,252,3,11103,,
,318,262,3,20892,,
,318,282,3,17508,,
,318,381,3,11755,,
,318,46,3,6815,,
,318,7,3,17565,,
,318,91,0,3873,,
,318 (VGN 8316),336,3,21087,,
,318 RufBus,282,3,18170,,
,319,106,3,22986,,
,319,172,3,11409,,
,319,176,3,13356,,
,319,191,3,6430,,
,319,252,3,10171,,
,319,262,3,5758,,
,319,282,3,13262,,
,319,291,3,6594,,
,319,353,3,23119,,
,319,381,3,2832,,
,319,55,3,7230,,
,319,59,3,19517,,
,319,7,3,4210,,
,319 RufBus,282,3,13086,,
,31E,172,3,14340,,
,31V,9,3,10732,,
,31X,266,3,5762,,
,32,106,3,11011,,
,32,119,3,2924,,
,32,127,3,15158,,
,32,138,3,14341,,
,32,146,3,5815,,
,32,147,3,20989,,
,32,151,3,19662,,
,32,154,3,10625,,
,32,161,3,22415,,
,32,164,3,13928,,
,32,172,3,18395,,
,32,181,3,22205,,
,32,2,3,6680,,
,32,20,3,5898,,
,32,201,3,8228,,
,32,216,3,10277,,
,32,226,3,2073,,
,32,228,3,22431,,
,32,254,3,17456,,
,32,266,3,9885,,
,32,282,3,14475,,
,32,292,3,18909,,
,32,298,3,19440,,
,32,304,3,9197,,
,32,306,3,5552,,
,32,310,3,9548,,
,32,313,3,20210,,
,32,320,3,9988,,
,32,322,3,5666,,
,32,333,3,20406,,
,32,34,3,1604,,
,32,340,3,11756,,
,32,367,3,16219,,
,32,369,3,5879,,
,32,372,3,20161,,
,32,378,3,17674,,
,32,42,3,17733,,
,32,5,3,9626,,
,32,54,3,8686,,
,32,96,3,1940,,
,32/8,304,3,16321,,
,320,106,3,22635,,
,320,172,3,18387,,
,320,182,3,11334,,
,320,184,3,988,,
,320,197,3,11575,,
,320,2,3,12049,,
,320,216,3,2241,,
,320,218,3,2711,,
,320,252,3,23108,,
,320,282,3,10312,,
,320,284,3,1916,,
,320,291,3,12699,,
,320,315,3,8107,,
,320,353,3,13418,,
,320,367,3,10003,,
,320,381,3,9054,,
,320,46,3,3227,,
,320,58,3,1449,,
,320,59,3,12075,,
,320,7,3,7807,,
,320,74,3,4387,,
,320,91,3,133,,
,320E,91,3,17367,,
,321,106,3,3849,,
,321,11,3,9072,,
,321,12,3,18944,,
,321,176,3,10077,,
,321,191,3,2376,,
,321,216,3,3114,,
,321,243,3,20614,73D700,FFFFFF
,321,252,3,9029,,
,321,282,3,21861,,
,321,367,3,8221,,
,321,381,3,15605,,
,321,55,3,10061,,
,321,7,3,6779,,
,321,74,3,564,,
,321,8,3,9085,,
,321 (VGN 8320),336,3,13150,,
,321 RufBus,282,3,9587,,
,321E,12,3,9613,,
,322,106,3,23001,,
,322,11,3,11153,,
,322,172,3,22533,,
,322,176,3,7942,,
,322,191,3,22479,,
,322,216,3,11118,,
,322,252,3,8585,,
,322,262,3,8141,,
,322,282,3,9940,,
,322,291,3,2307,,
,322,367,3,6796,,
,322,46,3,21980,,
,322,74,3,22250,,
,322,8,3,1245,,
,322E,74,3,13357,,
,323,106,3,9985,,
,323,12,3,3911,,
,323,172,3,17256,,
,323,184,3,4337,,
,323,191,3,11558,,
,323,252,3,5039,,
,323,262,3,7158,,
,323,282,3,17494,,
,323,381,3,274,,
,323,8,3,20253,,
,323E,12,3,2937,,
,324,106,3,23703,,
,324,12,3,4993,,
,324,172,3,14761,,
,324,191,3,11258,,
,324,252,3,3366,,
,324,282,3,19366,,
,324,381,3,21138,,
,324,46,3,10959,,
,324,74,3,2455,,
,324,8,3,15711,,
,324 RufBus,282,3,22762,,
,324E,12,3,8841,,
,325,106,3,22382,,
,325,191,3,6703,,
,325,2,3,9750,,
,325,216,3,10582,,
,325,252,3,3602,,
,325,282,3,7668,,
,325,295,3,13134,,
,325,381,3,1163,,
,325,55,3,1835,,
,325,7,3,11086,,
,325,74,3,21776,,
,325,8,3,15892,,
,325 RufBus,282,3,23689,,
,325E,74,3,11664,,
,326,106,3,16835,,
,326,172,3,19685,,
,326,191,3,5581,,
,326,252,3,23446,,
,326,282,3,7329,,
,326,46,3,16065,,
,326,55,3,1857,,
,326,7,3,23066,,
,326,8,3,8150,,
,327,106,3,23021,,
,327,216,3,14989,,
,327,282,3,4783,,
,327,291,3,14743,,
,327,46,3,20839,,
,327,55,3,20195,,
,327,7,3,9296,,
,328,12,3,14832,,
,328,191,3,14552,,
,328,216,3,3874,,
,328,243,3,5066,73D700,FFFFFF
,328,252,3,20386,,
,328,262,3,4469,,
,328,291,3,12833,,
,328,295,3,14074,,
,328,315,3,2786,,
,328,7,3,4268,,
,329,12,3,10036,,
,329,172,3,22419,,
,329,191,3,8173,,
,329,2,3,9718,,
,329,216,3,21053,,
,329,252,3,21054,,
,329,262,3,1628,,
,329,291,3,9767,,
,329,295,3,19717,,
,329,353,3,18524,,
,329,7,3,8402,,
,329,74,3,6550,,
,329E,12,3,13811,,
,329E,74,3,14417,,
,32E,172,3,9281,,
,33,106,3,16865,,
,33,116,3,22038,,
,33,119,3,21638,,
,33,138,3,4707,,
,33,141,3,17741,,
,33,145,3,7151,,
,33,146,3,5349,,
,33,151,3,16799,,
,33,159,3,22741,,
,33,161,3,3879,,
,33,163,3,19829,,
,33,164,3,16751,,
,33,172,3,17751,,
,33,181,3,6909,,
,33,2,3,16511,,
,33,20,3,5047,,
,33,201,3,13018,,
,33,226,3,8193,,
,33,254,3,15510,,
,33,256,3,18937,,
,33,274,3,15855,,
,33,291,3,17406,,
,33,292,3,1979,,
,33,298,3,345,,
,33,306,3,22882,,
,33,313,3,12603,,
,33,319,3,17652,,
,33,320,3,12017,,
,33,322,3,22172,,
,33,333,3,7740,,
,33,367,3,14111,,
,33,372,3,14819,,
,33,378,3,15349,,
,33,38,3,5095,,
,33,42,3,23509,,
,33,5,3,7381,,
,33,54,3,22318,,
,33,69,3,1054,,
,33,9,3,2532,,
,33,92,3,16311,,
,33,96,3,19893,,
,33/5,34,3,892,,
,33/7,34,3,10798,,
,33/8,34,3,8054,,
,330,106,3,10634,,
,330,172,3,6279,,
,330,2,3,14185,,
,330,205,3,21471,,
,330,216,3,22326,,
,330,218,3,6828,,
,330,252,3,18938,,
,330,262,3,10583,,
,330,277,3,8142,,
,330,282,3,8929,,
,330,291,3,5199,,
,330,313,3,201,,
,330,315,3,19890,,
,330,338,3,22000,,
,330,353,3,13643,,
,330,367,3,20893,,
,330,381,3,19161,,
,330,57,3,19241,,
,330,58,3,15153,,
,330,59,3,14227,,
,330,66,3,19672,,
,330,74,3,7273,,
,331,106,3,899,,
,331,140,3,673,,
,331,174,3,1669,,
,331,191,3,3170,,
,331,2,3,8472,,
,331,205,3,1112,,
,331,277,3,6271,,
,331,291,3,7730,,
,331,292,3,1055,,
,331,312,3,11302,,
,331,315,3,2677,,
,331,338,3,10948,,
,331,381,3,3790,,
,331,57,3,23762,,
,331,66,3,15214,,
,331,7,3,6924,,
,332,106,3,22902,,
,332,174,3,54,,
,332,191,3,7038,,
,332,205,3,9924,,
,332,216,3,18898,,
,332,282,3,2263,,
,332,291,3,12045,,
,332,313,3,18416,,
,332,315,3,17018,,
,332,338,3,12360,,
,332,363,3,15049,,
,332,367,3,16045,,
,332,381,3,8349,,
,332,55,3,18490,,
,332,57,3,11452,,
,332,58,3,16896,,
,332,66,3,13896,,
,333,106,3,6327,,
,333,119,3,19038,,
,333,12,3,9159,,
,333,172,3,23194,,
,333,174,3,7046,,
,333,191,3,1191,,
,333,205,3,7836,,
,333,207,3,17313,,
,333,216,3,9097,,
,333,277,3,5737,,
,333,282,3,22188,,
,333,291,3,6105,,
,333,312,3,13459,,
,333,381,3,18554,,
,333,55,3,9573,,
,333,57,3,13486,,
,333,66,3,14228,,
,333,7,3,1361,,
,333AL,119,3,17436,,
,334,119,3,19473,,
,334,140,3,11844,,
,334,172,3,21024,,
,334,174,3,6516,,
,334,191,3,21312,,
,334,205,3,11131,,
,334,262,3,7570,,
,334,282,3,17581,,
,334,291,3,20596,,
,334,313,3,12366,,
,334,367,3,10117,,
,334,381,3,5823,,
,334,46,3,10626,,
,334,57,3,5840,,
,334,66,3,18922,,
,334,7,3,3312,,
,334AL,119,3,14624,,
,334R,46,3,17858,,
,335,106,3,22001,,
,335,172,3,8550,,
,335,174,3,19871,,
,335,2,3,15093,,
,335,205,3,23481,,
,335,216,3,13008,,
,335,262,3,22463,,
,335,282,3,18830,,
,335,31,3,5473,,
,335,381,3,2102,,
,335,55,3,22311,,
,335,57,3,15319,,
,335,66,3,19381,,
,335,7,3,15612,,
,336,106,3,12657,,
,336,140,3,3285,,
,336,172,3,16384,,
,336,174,3,2096,,
,336,191,3,6237,,
,336,205,3,1994,,
,336,207,3,19218,,
,336,216,3,18679,,
,336,243,3,7632,73D700,FFFFFF
,336,262,3,7351,,
,336,291,3,8920,,
,336,381,3,10065,,
,336,55,3,16209,,
,336,57,3,15758,,
,336,66,3,15835,,
,336,7,3,21810,,
,336,91,3,14885,,
,337,12,3,2206,,
,337,174,3,21971,,
,337,191,3,5964,,
,337,205,3,86,,
,337,207,3,3121,,
,337,216,3,19085,,
,337,262,3,22775,,
,337,292,3,215,,
,337,381,3,16077,,
,337,46,3,20039,,
,337,57,3,11748,,
,337,66,3,18915,,
,337,7,3,4879,,
,337A,205,3,4700,,
,338,106,3,5200,,
,338,140,3,10655,,
,338,148,3,2275,,
,338,191,3,496,,
,338,205,3,16391,,
,338,216,3,918,,
,338,262,3,23510,,
,338,291,3,12604,,
,338,292,3,15028,,
,338,313,3,7235,,
,338,381,3,4605,,
,338,57,3,20153,,
,338,66,3,17641,,
,339,191,3,17231,,
,339,2,3,21167,,
,339,205,3,989,,
,339,216,3,11769,,
,339,291,3,5598,,
,339,381,3,2636,,
,339,46,3,19132,,
,339,57,3,4078,,
,339,59,3,16552,,
,339,91,3,6447,,
,33E,141,3,7188,,
,33E,172,3,18877,,
,33V,9,3,17633,,
,34,106,3,14675,,
,34,119,3,2951,,
,34,134,3,2121,,
,34,138,3,21856,,
,34,141,3,21074,,
,34,145,3,21111,,
,34,146,3,17342,,
,34,147,3,21168,,
,34,151,3,19028,,
,34,154,3,2091,,
,34,159,3,4653,,
,34,161,3,2126,,
,34,163,3,2470,,
,34,164,3,10445,,
,34,172,3,21734,,
,34,181,3,16857,,
,34,2,3,3949,,
,34,201,3,930,,
,34,228,3,16792,,
,34,231,3,19718,,
,34,254,3,2811,,
,34,256,3,7028,,
,34,278,3,9869,,
,34,292,3,7621,,
,34,298,3,19283,,
,34,313,0,9856,,
,34,320,3,2352,,
,34,322,3,2803,,
,34,333,3,14317,,
,34,335,3,7009,,
,34,34,3,19400,,
,34,340,3,15289,,
,34,365,3,20873,,
,34,367,3,7357,,
,34,369,3,7974,,
,34,378,3,12172,,
,34,42,3,6932,,
,34,5,3,4285,,
,34,69,3,7947,,
,34,9,3,1477,,
,34,96,3,8669,,
,340,106,3,16445,,
,340,140,3,7094,,
,340,174,3,700,,
,340,191,3,410,,
,340,2,3,4800,,
,340,216,3,22602,,
,340,218,3,6674,,
,340,282,3,14907,,
,340,291,3,6885,,
,340,367,3,22861,,
,340,381,3,5474,,
,340,58,3,7171,,
,340,66,3,10936,,
,340,91,3,10390,,
,341,106,3,17291,,
,341,12,3,23145,,
,341,140,3,13028,,
,341,172,3,15543,,
,341,191,3,23259,,
,341,2,3,1520,,
,341,218,3,18467,,
,341,252,3,22656,,
,341,282,3,17141,,
,341,291,3,22763,,
,341,298,3,18767,,
,341,302,3,8373,,
,341,315,3,12511,,
,341,333,3,23087,,
,341,57,3,3507,,
,341,66,3,7450,,
,341 Rufbus,302,3,2170,,
,342,106,3,4217,,
,342,116,3,7855,,
,342,140,3,15446,,
,342,174,3,12993,,
,342,191,3,22502,,
,342,282,3,21643,,
,342,291,3,14933,,
,342,302,3,18010,,
,342,313,3,5032,,
,342,315,3,1042,,
,342,381,3,17965,,
,342,57,3,16968,,
,342,66,3,2081,,
,342,91,3,17820,,
,342 RufBus,282,3,1448,,
,342 Rufbus,302,3,9415,,
,343,106,3,18026,,
,343,140,3,7436,,
,343,174,3,22194,,
,343,191,3,16439,,
,343,207,3,17871,,
,343,216,3,18186,,
,343,282,3,6570,,
,343,291,3,7196,,
,343,313,3,23604,,
,343,315,3,2393,,
,343,381,3,157,,
,343,57,3,19558,,
,343,66,3,20211,,
,343,7,3,2720,,
,343 RufBus,282,3,17791,,
,344,106,3,8040,,
,344,191,3,7060,,
,344,207,3,12646,,
,344,252,3,4684,,
,344,282,3,15222,,
,344,292,3,19404,,
,344,312,3,20437,,
,344,381,3,19559,,
,344,55,3,12235,,
,344,57,3,15278,,
,344,66,3,11665,,
,344,91,3,1368,,
,344 RufBus,282,3,13168,,
,345,106,3,19815,,
,345,140,3,242,,
,345,172,3,18640,,
,345,174,3,4828,,
,345,191,3,1796,,
,345,2,3,1878,,
,345,207,3,87,,
,345,216,3,6711,,
,345,218,3,11289,,
,345,252,3,9292,,
,345,282,3,14863,,
,345,291,3,3286,,
,345,312,3,4338,,
,345,313,3,4628,,
,345,381,3,6029,,
,345,57,3,14279,,
,345,58,3,4880,,
,345,66,3,21296,,
,345,91,3,16418,,
,346,174,3,5634,,
,346,191,3,6826,,
,346,207,3,11709,,
,346,218,3,9941,,
,346,252,3,17064,,
,346,282,3,21217,,
,346,291,3,9464,,
,346,313,3,22270,,
,346,381,3,16010,,
,346,57,3,21610,,
,346,66,3,19551,,
,346,7,3,3749,,
,346,91,3,20407,,
,346 RufBus,282,3,13151,,
,347,12,3,2053,,
,347,174,3,19615,,
,347,191,3,1246,,
,347,207,3,4443,,
,347,216,3,9662,,
,347,218,3,17006,,
,347,282,3,15558,,
,347,291,3,11657,,
,347,381,3,12153,,
,347,46,3,19522,,
,347,58,3,13755,,
,347,66,3,13929,,
,347 RufBus,282,3,6030,,
,348,140,3,23067,,
,348,174,3,4393,,
,348,191,3,6811,,
,348,207,3,18435,,
,348,216,3,13731,,
,348,218,3,21367,,
,348,243,3,2539,73D700,FFFFFF
,348,252,3,3584,,
,348,282,3,10783,,
,348,291,3,20764,,
,348,313,3,23062,,
,348,381,3,10084,,
,348,66,3,13174,,
,348,91,3,20117,,
,349,119,3,23217,,
,349,140,3,2485,,
,349,172,3,19962,,
,349,191,3,21039,,
,349,2,3,11046,,
,349,216,3,12624,,
,349,252,3,14404,,
,349,291,3,16632,,
,349,381,3,1616,,
,349,46,3,18187,,
,349,66,3,1164,,
,349,91,3,4641,,
,34E,141,3,4766,,
,34E,172,3,7017,,
,34E,9,3,22093,,
,34V,9,3,3313,,
,35,106,3,2474,,
,35,134,3,2833,,
,35,138,3,8374,,
,35,146,3,12129,,
,35,147,3,1300,,
,35,151,3,717,,
,35,154,3,798,,
,35,159,3,16304,,
,35,161,3,20661,,
,35,163,3,2174,,
,35,164,3,20394,,
,35,181,3,16826,,
,35,2,3,481,,
,35,201,3,20445,,
,35,211,3,20683,,
,35,254,3,9203,,
,35,291,3,11677,,
,35,292,3,15103,,
,35,298,3,11001,,
,35,306,3,17827,,
,35,318,3,8803,,
,35,319,3,12868,,
,35,320,3,3639,,
,35,322,3,21461,,
,35,333,3,11094,,
,35,340,3,11579,,
,35,365,3,2442,,
,35,367,3,23643,,
,35,378,3,18448,,
,35,42,3,7540,,
,35,68,3,3627,044C61,FFFFFF
,35,69,3,4498,,
,35,7,3,3835,,
,35,9,3,9637,,
,35,96,3,2557,,
,350,119,3,1719,,
,350,140,3,21075,,
,350,182,3,15215,,
,350,216,3,3712,,
,350,252,3,16210,,
,350,262,3,7962,,
,350,282,3,16132,,
,350,291,3,3844,,
,350,295,3,19751,,
,350,313,3,374,,
,350,315,3,10522,,
,350,329,3,14023,,
,350,367,3,8768,,
,350,46,3,22305,,
,350,55,3,21853,,
,350,57,3,12148,,
,350,58,3,16419,,
,350,59,3,12609,,
,350,7,3,4097,,
,350,74,3,4109,,
,350,91,3,21921,,
,351,106,3,8910,,
,351,119,3,9047,,
,351,12,3,6305,,
,351,140,3,3357,,
,351,164,3,11531,,
,351,182,3,8350,,
,351,207,3,9179,,
,351,216,3,6484,,
,351,262,3,20333,,
,351,282,3,6398,,
,351,313,3,8508,,
,351,315,3,313,,
,351,367,3,8896,,
,351,55,3,12149,,
,351,57,3,3801,,
,351,7,3,3527,,
,351 RufBus,282,3,20597,,
,351E,12,3,6057,,
,352,140,3,4333,,
,352,164,3,5730,,
,352,182,3,5239,,
,352,191,3,5996,,
,352,207,3,5075,,
,352,252,3,20532,,
,352,262,3,18019,,
,352,282,3,15422,,
,352,291,3,9681,,
,352,315,3,18591,,
,352,367,3,810,,
,352,55,3,21701,,
,352,57,3,21472,,
,352,58,3,17376,,
,352,7,3,11303,,
,352,91,3,5865,,
,353,106,3,11108,,
,353,119,3,11348,,
,353,140,3,19091,,
,353,172,3,16446,,
,353,182,3,20604,,
,353,191,3,6498,,
,353,207,3,5403,,
,353,243,3,3377,73D700,FFFFFF
,353,252,3,981,,
,353,262,3,16768,,
,353,282,3,13649,,
,353,291,3,10129,,
,353,295,3,17576,,
,353,313,3,15496,,
,353,315,3,2388,,
,353,367,3,10150,,
,353,46,3,5468,,
,353,55,3,3494,,
,353,57,3,18535,,
,353,91,3,17612,,
,353 RufBus,282,3,17812,,
,354,140,3,5389,,
,354,182,3,13251,,
,354,191,3,3662,,
,354,216,3,23462,,
,354,252,3,6110,,
,354,291,3,10912,,
,354,295,3,12130,,
,354,313,3,12372,,
,354,55,3,4671,,
,354,57,3,20438,,
,354,91,3,12738,,
,354E,91,3,16535,,
,355,140,3,19731,,
,355,164,3,7774,,
,355,172,3,15787,,
,355,182,3,20605,,
,355,191,3,18887,,
,355,216,3,13599,,
,355,252,3,6249,,
,355,282,3,2762,,
,355,291,3,23497,,
,355,295,3,4606,,
,355,313,3,3014,,
,355,55,3,2489,,
,355,57,3,5340,,
,355,91,3,7483,,
,355 RufBus,282,3,23120,,
,356,132,3,12837,,
,356,140,3,16576,,
,356,172,3,37,,
,356,191,3,14945,,
,356,207,3,23511,,
,356,252,3,4612,,
,356,282,3,19543,,
,356,291,3,11502,,
,356,55,3,15737,,
,356,57,3,21554,,
,356,91,3,5829,,
,357,119,3,19584,,
,357,140,3,15076,,
,357,182,3,18831,,
,357,191,3,4994,,
,357,252,3,22512,,
,357,291,3,3696,,
,357,295,3,14657,,
,357,313,3,9016,,
,357,57,3,20440,,
,357,91,3,4747,,
,358,140,3,11633,,
,358,182,3,3912,,
,358,191,3,2942,,
,358,2,3,1178,,
,358,252,3,9691,,
,358,282,3,21485,,
,358,291,3,13764,,
,358,295,3,19484,,
,358,46,3,15587,,
,358,57,3,12717,,
,358,91,3,8769,,
,358 RufBus,282,3,18923,,
,359,140,3,1433,,
,359,191,3,6505,,
,359,2,3,6456,,
,359,205,3,20567,,
,359,252,3,2767,,
,359,291,3,4822,,
,359,313,3,8261,,
,359,57,3,22974,,
,359,91,3,20329,,
,36,106,3,13581,,
,36,134,3,9479,,
,36,146,3,12000,,
,36,147,3,17929,,
,36,151,3,11939,,
,36,154,3,11532,,
,36,161,3,2426,,
,36,164,3,5671,,
,36,2,3,10618,,
,36,201,3,13650,,
,36,298,3,19966,,
,36,306,3,17861,,
,36,320,3,7130,,
,36,322,3,19257,,
,36,340,3,23329,,
,36,367,3,21996,,
,36,378,3,2540,,
,36,5,3,14148,,
,36,68,3,23233,00A1D9,FFFFFF
,36,7,3,6457,,
,36,9,3,23501,,
,36,96,3,7921,,
,36/37,163,3,20894,,
,360,140,3,9757,,
,360,174,3,7055,,
,360,182,3,19816,,
,360,191,3,20088,,
,360,2,3,18551,,
,360,205,3,7922,,
,360,207,3,10142,,
,360,218,3,10604,,
,360,252,3,4488,,
,360,282,3,18403,,
,360,291,3,2449,,
,360,31,3,22394,,
,360,313,3,22035,,
,360,315,3,20550,,
,360,57,3,9453,,
,360E,174,3,19232,,
,360S,174,3,18046,,
,361,12,3,11732,,
,361,140,3,14730,,
,361,172,3,11770,,
,361,174,3,19277,,
,361,191,3,19333,,
,361,205,3,11850,,
,361,207,3,9886,,
,361,252,3,14191,,
,361,262,3,4995,,
,361,282,3,23430,,
,361,291,3,21783,,
,361,292,3,11077,,
,361,315,3,7673,,
,361,381,3,18576,,
,361,57,3,12786,,
,361E,12,3,4843,,
,362,12,3,13710,,
,362,140,3,10769,,
,362,172,3,18491,,
,362,174,3,11582,,
,362,182,3,11610,,
,362,191,3,18953,,
,362,205,3,2726,,
,362,207,3,6095,,
,362,216,3,16714,,
,362,252,3,2731,,
,362,262,3,4567,,
,362,282,3,5085,,
,362,291,3,13876,,
,362,292,3,8857,,
,362,313,3,152,,
,362,315,3,4407,,
,362,376,3,21387,,
,362,381,3,10446,,
,362,57,3,22975,,
,362A,205,3,11876,,
,362E,12,3,11552,,
,363,140,3,13525,,
,363,174,3,12929,,
,363,182,3,22669,,
,363,191,3,19714,,
,363,205,3,7784,,
,363,207,3,2892,,
,363,218,3,21906,,
,363,252,3,19362,,
,363,262,3,22114,,
,363,291,3,21507,,
,363,292,3,9541,,
,363,313,3,16257,,
,363,315,3,6262,,
,363,376,3,2900,,
,363,381,3,11853,,
,363,46,3,15959,,
,363,57,3,6925,,
,363,91,3,7298,,
,364,140,3,5853,,
,364,172,3,10960,,
,364,174,3,21916,,
,364,182,3,15279,,
,364,191,3,2236,,
,364,216,3,5957,,
,364,252,3,7250,,
,364,262,3,7837,,
,364,291,3,12897,,
,364,292,3,3734,,
,364,313,3,9457,,
,364,315,3,6065,,
,364,381,3,20868,,
,364,57,3,20990,,
,364,7,3,5695,,
,364,91,3,18582,,
,365,140,3,16413,,
,365,174,3,21061,,
,365,191,3,17265,,
,365,2,3,11369,,
,365,205,3,18373,,
,365,207,3,13452,,
,365,218,3,21818,,
,365,282,3,10610,,
,365,291,3,17225,,
,365,313,3,8090,,
,365,376,3,21911,,
,365,381,3,20779,,
,365,46,3,17566,,
,365,57,3,11944,,
,365,91,3,18265,,
,365A,205,3,7724,,
,366,140,3,5721,,
,366,182,3,21997,,
,366,191,3,17007,,
,366,205,3,16324,,
,366,207,3,19770,,
,366,218,3,1564,,
,366,313,3,3868,,
,366,315,3,9060,,
,366,381,3,22387,,
,366,57,3,16800,,
,366,7,3,6613,,
,366,91,3,3302,,
,367,12,3,12101,,
,367,140,3,23244,,
,367,172,3,21965,,
,367,191,3,1906,,
,367,205,3,20930,,
,367,207,3,14178,,
,367,218,3,16706,,
,367,262,3,2475,,
,367,282,3,8362,,
,367,291,3,666,,
,367,313,3,9574,,
,367,57,3,13819,,
,367,7,3,19293,,
,367A,205,3,9768,,
,368,140,3,17946,,
,368,174,3,5553,,
,368,191,3,16425,,
,368,205,3,2727,,
,368,207,3,21757,,
,368,216,3,5257,,
,368,282,3,1807,,
,368,313,3,14876,,
,368,57,3,22608,,
,368,7,3,17443,,
,368,91,3,18068,,
,368A,205,3,10224,,
,368E,91,3,1192,,
,368V,191,3,20744,,
,369,119,3,8967,,
,369,140,3,6959,,
,369,191,3,19507,,
,369,2,3,5404,,
,369,205,3,10799,,
,369,207,3,4795,,
,369,216,3,10302,,
,369,262,3,4153,,
,369,282,3,1392,,
,369,291,3,23690,,
,369,313,3,8081,,
,369,46,3,1951,,
,369,57,3,4366,,
,369,91,3,6333,,
,37,106,3,3559,,
,37,119,3,1324,,
,37,141,3,21132,,
,37,146,3,20511,,
,37,147,3,9473,,
,37,151,3,5105,,
,37,164,3,5365,,
,37,2,3,8933,,
,37,201,3,15088,,
,37,216,3,1935,,
,37,254,3,12247,,
,37,278,3,6769,,
,37,298,3,8937,,
,37,306,3,19508,,
,37,310,3,900,,
,37,318,3,7796,,
,37,319,3,5475,,
,37,320,3,10865,,
,37,322,3,16988,,
,37,340,3,13897,,
,37,365,3,11126,,
,37,367,3,9682,,
,37,42,3,14827,,
,37,46,0,5222,,
,37,5,3,2353,,
,37,7,3,12518,,
,37,9,3,17498,,
,37,96,3,3465,,
,370,118,3,17933,,
,370,140,3,19929,,
,370,191,3,14218,,
,370,2,3,15741,,
,370,205,3,20168,,
,370,207,3,1420,,
,370,291,3,14035,,
,370,31,3,6556,,
,370,313,3,9692,,
,370,336,3,5006,,
,370,57,3,16203,,
,370,66,3,11002,,
,370,91,3,21966,,
,370V,191,3,20154,,
,371,119,3,21838,,
,371,140,3,9910,,
,371,172,3,6816,,
,371,191,3,3528,,
,371,218,3,11022,,
,371,262,3,5125,,
,371,291,3,15676,,
,371,31,3,2566,,
,371,313,3,9877,,
,371,325,3,327,,
,371,338,3,8114,,
,371,46,3,21313,,
,371,57,3,14101,,
,371V,191,3,21577,,
,372,106,3,5518,,
,372,172,3,22426,,
,372,182,3,3388,,
,372,191,3,13009,,
,372,205,3,18442,,
,372,207,3,23707,,
,372,218,3,15695,,
,372,262,3,18619,,
,372,291,3,14083,,
,372,31,3,18899,,
,372,313,3,7419,,
,372,376,3,21156,,
,372,46,3,5641,,
,372,57,3,22015,,
,372,91,3,10372,,
,373,172,3,18555,,
,373,191,3,2054,,
,373,205,3,11259,,
,373,207,3,8752,,
,373,218,3,5048,,
,373,262,3,12580,,
,373,291,3,4642,,
,373,313,3,16722,,
,373,338,3,16909,,
,373,376,3,7316,,
,373,57,3,4265,,
,373V,191,3,14030,,
,374,172,3,23678,,
,374,191,3,6294,,
,374,205,3,20118,,
,374,207,3,9989,,
,374,216,3,10285,,
,374,291,3,21729,,
,374,336,3,22416,,
,374,376,3,21284,,
,374,57,3,16235,,
,374,91,3,17982,,
,375,172,3,19076,,
,375,191,3,8126,,
,375,205,3,13462,,
,375,207,3,2082,,
,375,216,3,22054,,
,375,262,3,23245,,
,375,291,3,10192,,
,375,313,3,13379,,
,375,376,3,22073,,
,375,57,3,14393,,
,375,91,3,16879,,
,375E,91,3,8697,,
,375V,191,3,13062,,
,376,191,3,13574,,
,376,2,3,23330,,
,376,207,3,2150,,
,376,216,3,20162,,
,376,262,3,8285,,
,376,291,3,15998,,
,376,313,3,2446,,
,376,376,3,22723,,
,376,57,3,15788,,
,376,91,3,10568,,
,376E,91,3,7503,,
,377,191,3,9498,,
,377,205,3,12216,,
,377,291,3,9669,,
,377,313,3,68,,
,377,376,3,2957,,
,377,46,3,13852,,
,377,57,3,8197,,
,377V,191,3,4339,,
,378,174,3,6205,,
,378,191,3,4007,,
,378,207,3,21652,,
,378,216,3,7762,,
,378,262,3,13692,,
,378,291,3,12726,,
,378,313,3,2978,,
,378,325,3,17511,,
,378,376,3,14838,,
,378,57,3,22473,,
,378,91,3,13333,,
,379,174,3,16974,,
,379,191,3,8280,,
,379,2,3,13556,,
,379,207,3,1733,,
,379,262,3,21127,,
,379,291,3,15624,,
,379,325,3,22327,,
,379,376,3,15383,,
,379,57,3,18993,,
,379,91,3,3855,,
,379V,191,3,16196,,
,37E,141,3,1171,,
,37E,281,3,19211,,
,38,106,3,283,,
,38,119,3,14465,,
,38,141,3,18689,,
,38,147,3,8382,,
,38,151,3,19708,,
,38,163,3,6189,,
,38,164,3,1926,,
,38,2,3,16686,,
,38,226,3,18060,,
,38,254,3,16253,,
,38,278,3,20464,,
,38,298,3,19102,,
,38,306,3,22120,,
,38,318,3,4773,,
,38,320,3,17503,,
,38,322,3,429,,
,38,340,3,2558,,
,38,365,3,20350,,
,38,42,3,2267,,
,38,54,3,19757,,
,38,69,3,9632,,
,38,7,3,5054,,
,38,9,3,4633,,
,38,96,3,10458,,
,380,172,3,3713,,
,380,2,3,19785,,
,380,205,3,3520,,
,380,207,3,9990,,
,380,218,3,602,,
,380,243,3,9286,73D700,FFFFFF
,380,252,3,15656,,
,380,262,3,9575,,
,380,282,3,8322,,
,380,291,3,9002,,
,380,31,3,23010,,
,380,313,3,16487,,
,380,46,3,21388,,
,380,7,3,19752,,
,380,91,3,21062,,
,380(Shuttle),216,3,5659,,
,380A,205,3,21128,,
,380P,252,3,23068,,
,381,11,3,6619,,
,381,176,3,22838,,
,381,2,3,16331,,
,381,205,3,17190,,
,381,218,3,9848,,
,381,252,3,19742,,
,381,282,3,4211,,
,381,291,3,16174,,
,381,31,3,12581,,
,381,57,3,1428,,
,381,7,3,3791,,
,381,91,3,2268,,
,381 RufBus,282,3,16361,,
,3813,216,3,15173,,
,382,11,3,4935,,
,382,172,3,12961,,
,382,176,3,956,,
,382,2,3,2745,,
,382,205,3,539,,
,382,207,3,19022,,
,382,218,3,17952,,
,382,252,3,11767,,
,382,282,3,8174,,
,382,291,3,22259,,
,382,31,3,17292,,
,382,57,3,17828,,
,382,7,3,14864,,
,382,91,3,23409,,
,382 RufBus,282,3,20310,,
,382A,205,3,18157,,
,383,11,3,2580,,
,383,172,3,4239,,
,383,176,3,19627,,
,383,2,3,15059,,
,383,205,3,2812,,
,383,218,3,804,,
,383,282,3,21844,,
,383,291,3,8578,,
,383,31,3,20911,,
,383,313,3,4807,,
,383,376,3,9360,,
,383,91,3,8005,,
,383 RufBus,282,3,19771,,
,384,2,3,11359,,
,384,205,3,4553,,
,384,216,3,5390,,
,384,291,3,16143,,
,384,31,3,19207,,
,384,91,3,11749,,
,385,172,3,21157,,
,385,182,3,11719,,
,385,2,3,19441,,
,385,205,3,4197,,
,385,207,3,1212,,
,385,218,3,7336,,
,385,252,3,13797,,
,385,262,3,13350,,
,385,291,3,18598,,
,385,31,3,9683,,
,385,313,3,11187,,
,385,9,3,23734,,
,385,91,3,6938,,
,386,205,3,18054,,
,386,207,3,21040,,
,386,262,3,1839,,
,386,282,3,17054,,
,386,291,3,10847,,
,386,31,3,23088,,
,386,91,3,21351,,
,386 RufBus,282,3,8019,,
,3860,216,3,9346,,
,387,207,3,5872,,
,387,252,3,22154,,
,387,262,3,3354,,
,387,282,3,20446,,
,387,31,3,314,,
,387 RufBus,282,3,18314,,
,388,119,3,16374,,
,388,207,3,13700,,
,388,216,3,789,,
,388,262,3,12682,,
,388,282,3,13719,,
,388,291,3,17902,,
,388,91,3,15633,,
,388 RufBus,282,3,19629,,
,389,119,3,3190,,
,389,2,3,16620,,
,389,207,3,18620,,
,389,282,3,20728,,
,389,291,3,10927,,
,389,302,3,15038,,
,389,66,3,20895,,
,389,91,3,13003,,
,389 AST,302,3,11955,,
,389 RufBus,282,3,11314,,
,38S,310,3,15110,,
,39,106,3,8473,,
,39,119,3,8687,,
,39,127,3,3253,,
,39,138,3,21888,,
,39,141,3,10691,,
,39,147,3,11504,,
,39,151,3,13280,,
,39,161,3,21360,,
,39,254,3,13453,,
,39,278,3,6301,,
,39,298,3,22609,,
,39,310,3,15836,,
,39,313,3,14013,,
,39,318,3,9903,,
,39,319,3,13358,,
,39,320,3,16478,,
,39,322,3,14510,,
,39,42,3,18286,,
,39,59,3,19772,,
,390,106,3,6525,,
,390,119,3,8161,,
,390,172,3,9336,,
,390,205,3,10699,,
,390,218,3,11182,,
,390,291,3,10619,,
,390,292,3,16512,,
,390,31,3,21882,,
,390,376,3,7696,,
,390,46,3,9734,,
,390,91,3,7690,,
,391,106,3,19170,,
,391,12,3,11232,,
,391,172,3,8082,,
,391,191,3,12379,,
,391,2,3,10507,,
,391,205,3,6968,,
,391,216,3,13939,,
,391,262,3,14406,,
,391,291,3,3203,,
,391,31,3,23574,,
,391,325,3,21735,,
,391,376,3,10168,,
,391,7,3,14500,,
,391E,12,3,4394,,
,392,11,3,13056,,
,392,172,3,23518,,
,392,176,3,13587,,
,392,191,3,13982,,
,392,262,3,16006,,
,392,291,3,16305,,
,392,31,3,11017,,
,392,7,3,23618,,
,392,91,3,9862,,
,393,11,3,11684,,
,393,172,3,1865,,
,393,176,3,8612,,
,393,191,3,12018,,
,393,205,3,8083,,
,393,216,3,13057,,
,393,262,3,6190,,
,393,291,3,9953,,
,393,31,3,13971,,
,393,325,3,10792,,
,393,353,3,4936,,
,393,376,3,11269,,
,393V,191,3,14630,,
,394,172,3,16695,,
,394,191,3,22374,,
,394,216,3,21706,,
,394,291,3,16660,,
,394,31,3,23309,,
,394,325,3,593,,
,394,376,3,7437,,
,394.1,262,3,8724,,
,394.2,262,3,10220,,
,394.3,262,3,18315,,
,394.4,262,3,17529,,
,394.5,262,3,4937,,
,394.6,262,3,4708,,
,394.7,262,3,19208,,
,394.8,262,3,10808,,
,394.9,262,3,1565,,
,395,106,3,19692,,
,395,172,3,5314,,
,395,183,3,13614,,
,395,191,3,23666,,
,395,216,3,3830,,
,395,291,3,6096,,
,395,31,3,109,,
,395,46,3,7488,,
,395,7,3,1617,,
,395,91,3,22794,,
,395.1,262,3,18449,,
,395.2,262,3,23314,,
,396,11,3,2242,,
,396,191,3,23599,,
,396,262,3,5731,,
,396,291,3,6089,,
,396,31,3,2389,,
,396,325,3,19278,,
,396,376,3,5485,,
,396,46,3,17391,,
,396,91,3,6624,,
,397,172,3,19894,,
,397,191,3,3714,,
,397,262,3,19016,,
,397,291,3,6014,,
,397,31,3,1931,,
,397,91,3,14683,,
,398,207,3,9266,,
,398,31,3,10569,,
,398,381,3,16204,,
,398,46,3,785,,
,398,91,3,2626,,
,399,172,3,8828,,
,399,2,3,5824,,
,399,291,3,12367,,
,399,31,3,11556,,
,399,46,3,19055,,
,399,91,3,22214,,
,399.1,262,3,15511,,
,399.2,262,3,13281,,
,39E,86,3,20862,,
,3A,41,3,9997,,
,3A,9,3,188,,
,3A,94,3,15815,,
,3ALFA,139,3,22494,,
,3B,9,3,16880,,
,3EV,313,3,11940,,
,3N,254,3,790,,
,3RU,139,3,6427,,
,3a,106,3,21730,,
,3a,265,3,11860,,
,3a,52,3,16687,,
,3b,52,3,5385,,
,4,106,0,12703,,
,4,106,3,15310,,
,4,116,3,7489,,
,4,118,3,21250,,
,4,119,0,13666,,
,4,119,3,375,,
,4,121,3,2020,,
,4,127,3,22420,,
,4,130,0,19861,,
,4,132,3,18354,,
,4,138,3,5185,,
,4,139,3,22788,,
,4,141,0,10514,E30613,FFFFFF
,4,145,3,10143,,
,4,147,0,13538,,
,4,151,3,20057,,
,4,154,0,17302,,
,4,156,0,9098,,
,4,159,0,5328,,
,4,161,3,2031,,
,4,164,3,16375,,
,4,172,3,7536,,
,4,175,3,18878,,
,4,184,3,7388,,
,4,195,3,17369,,
,4,2,3,17597,,
,4,201,3,9818,,
,4,203,3,11785,,
,4,207,0,18158,,
,4,21,3,13487,,
,4,210,0,6644,,
,4,216,3,12891,,
,4,218,1,11589,,
,4,22,3,9797,,
,4,221,3,5732,,
,4,222,3,18429,,
,4,227,3,6631,,
,4,239,3,18266,,
,4,245,0,1121,FBBA00,FFFFFF
,4,247,3,3378,,
,4,253,0,4419,DB0812,FFFFFF
,4,254,0,8957,,
,4,256,3,13304,,
,4,259,3,258,,
,4,262,3,12830,,
,4,265,3,22069,,
,4,266,0,22039,,
,4,268,3,6295,,
,4,278,3,9118,,
,4,282,3,6736,,
,4,291,3,10373,,
,4,292,3,19872,,
,4,298,0,9238,,
,4,304,3,11027,,
,4,306,0,17618,,
,4,31,0,8049,,
,4,313,0,3371,,
,4,322,3,18749,,
,4,323,0,16211,,
,4,328,0,16403,,
,4,330,3,10866,,
,4,333,3,17368,,
,4,335,3,23163,,
,4,34,3,9123,,
,4,340,3,23715,,
,4,353,3,21289,,
,4,354,3,5873,,
,4,365,3,23178,,
,4,367,3,22636,,
,4,378,3,13019,,
,4,381,0,15089,,
,4,42,3,20264,,
,4,44,0,12742,,
,4,45,3,11145,,
,4,5,0,9297,,
,4,58,3,7674,,
,4,59,3,5033,,
,4,60,3,17490,,
,4,64,3,13463,,
,4,68,0,5142,007CC1,FFFFFF
,4,69,3,13684,,
,4,7,3,5866,,
,4,79,3,19418,,
,4,82,3,2979,,
,4,9,3,13338,,
,4,94,0,20695,,
,4,97,3,10225,,
,4 (Hoyerswerda),207,3,6845,,
,4 Gelb,34,3,20771,,
,4 a,367,3,5997,,
,4/13,247,3,21618,,
,40,106,3,18857,,
,40,116,3,1462,,
,40,118,3,22527,,
,40,119,3,8274,,
,40,134,3,22451,,
,40,138,3,13430,,
,40,141,3,11975,,
,40,147,3,4613,,
,40,154,3,13020,,
,40,18,3,19679,,
,40,2,3,13183,,
,40,20,3,2966,,
,40,201,3,16449,,
,40,205,3,12642,,
,40,216,3,20959,,
,40,226,3,6797,,
,40,254,3,269,,
,40,29,3,5722,,
,40,298,3,8403,,
,40,304,3,14720,,
,40,318,3,402,,
,40,320,3,3054,,
,40,34,3,18958,,
,40,340,3,8921,,
,40,365,3,2854,,
,40,367,3,18307,,
,40,378,3,20776,,
,40,42,3,22277,,
,40,54,3,11505,,
,40,69,3,2821,,
,40,7,3,22362,,
,40,72,3,9775,,
,40,9,3,16813,,
,40,96,3,13570,,
,400,106,3,21662,,
,400,116,3,19110,,
,400,138,3,208,,
,400,164,3,16553,,
,400,176,3,13431,,
,400,198,3,2038,,
,400,2,3,21034,,
,400,20,3,4388,,
,400,207,3,16649,,
,400,218,3,6337,,
,400,225,3,23240,,
,400,244,3,14705,,
,400,247,3,3648,,
,400,256,3,14547,,
,400,282,3,23385,,
,400,292,3,16661,,
,400,313,3,17212,,
,400,330,3,9693,,
,400,381,3,11740,,
,400,382,3,13949,,
,400,73,3,18308,,
,4000,164,3,122,,
,4000,191,3,4643,,
,4000,216,3,4511,,
,4001,216,3,21095,,
,4002,216,3,9623,,
,400Z,292,3,2644,,
,401,106,3,6986,,
,401,11,3,23195,,
,401,118,3,1840,,
,401,184,3,9324,,
,401,191,3,7943,,
,401,198,3,23648,,
,401,2,3,4257,,
,401,20,3,718,,
,401,207,3,9030,,
,401,225,3,16789,,
,401,230,3,2134,9D9D9C,
,401,244,3,8646,,
,401,247,3,17653,,
,401,249,3,19328,,
,401,274,3,11538,,
,401,279,3,22278,,
,401,282,3,2464,,
,401,298,3,3421,,
,401,301,3,18492,,
,401,307,3,5854,,
,401,351,3,8436,,
,401,382,3,13158,,
,401,45,3,8229,,
,401,59,3,17598,,
,401,73,3,21951,,
,402,106,3,8785,,
,402,118,3,14367,,
,402,184,3,8586,,
,402,191,3,1273,,
,402,192,3,15742,,
,402,198,3,8551,,
,402,2,3,15738,,
,402,205,3,19595,,
,402,207,3,20906,,
,402,225,3,16322,,
,402,230,3,3323,4C76BA,FFFFFF
,402,247,3,11503,,
,402,249,3,5511,,
,402,256,3,9351,,
,402,274,3,10239,,
,402,282,3,14050,,
,402,301,3,10896,,
,402,307,3,12308,,
,402,382,3,9663,,
,402,59,3,4787,,
,4022,59,3,23333,,
,4023,59,3,9361,,
,4024,59,3,2567,,
,402A,205,3,15186,,
,403,118,3,10987,,
,403,138,3,5660,,
,403,191,3,1280,,
,403,198,3,21473,,
,403,20,3,12154,,
,403,205,3,17716,,
,403,207,3,14138,,
,403,225,3,16707,,
,403,230,3,21740,D995BD,FFFFFF
,403,247,3,14394,,
,403,249,3,17845,,
,403,274,3,20777,,
,403,279,3,14016,,
,403,29,3,6066,,
,403,307,3,15893,,
,403,351,3,19103,,
,403,381,3,3220,,
,403,382,3,18599,,
,403,59,3,14242,,
,403 (2025)/404 (2026),192,3,1958,,
,4037,216,3,16133,,
,4038,216,3,8485,,
,4039,216,3,17987,,
,404,106,3,11040,,
,404,118,3,16275,,
,404,138,3,12290,,
,404,191,3,14946,,
,404,198,3,9499,,
,404,2,3,3122,,
,404,20,3,2601,,
,404,207,3,21041,,
,404,218,3,16297,,
,404,225,3,15856,,
,404,244,3,22864,,
,404,247,3,5080,,
,404,274,0,18838,,
,404,274,3,8632,,
,404,307,3,10885,,
,404,351,3,2911,,
,404,381,3,10937,,
,404,382,3,17094,,
,404,59,3,20678,,
,405,106,3,14258,,
,405,116,3,1404,,
,405,118,3,4311,,
,405,138,3,6864,,
,405,191,3,20400,,
,405,198,3,6224,,
,405,2,3,19127,,
,405,20,3,13359,,
,405,207,3,15104,,
,405,225,3,6846,,
,405,230,3,9776,F3953F,FFFFFF
,405,244,3,13999,,
,405,249,3,17785,,
,405,274,3,6539,,
,405,277,3,14684,,
,405,29,3,10447,,
,405,382,3,13334,,
,405,58,3,23656,,
,405,59,3,9849,,
,405V,191,3,13671,,
,406,106,3,18680,,
,406,138,3,12700,,
,406,191,3,14288,,
,406,198,3,14405,,
,406,20,3,19104,,
,406,225,3,17821,,
,406,230,3,4008,8BADDC,FFFFFF
,406,244,3,4408,,
,406,249,3,12625,,
,406,274,3,6475,,
,406,277,3,12459,,
,406,282,3,1725,,
,406,307,3,16040,,
,406,382,3,8622,,
,406,59,3,7241,,
,407,106,3,20745,,
,407,191,3,14038,,
,407,198,3,5173,,
,407,2,3,18577,,
,407,20,3,1157,,
,407,207,3,1662,,
,407,225,3,18027,,
,407,230,3,22495,D995BD,FFFFFF
,407,244,3,2490,,
,407,274,3,21267,,
,407,277,3,4901,,
,407,382,3,22580,,
,407,59,3,15513,,
,407V,191,3,17272,,
,408,119,3,23271,,
,408,191,3,3792,,
,408,192,3,11173,,
,408,198,3,19334,,
,408,2,3,5569,8A1478,FFFFFF
,408,20,3,20940,,
,408,207,3,14318,,
,408,244,3,3422,,
,408,274,3,19233,,
,408,282,3,15769,,
,408,291,3,23082,,
,408,382,3,22464,,
,408,59,3,4961,,
,408 RufBus,282,3,2678,,
,408X,59,3,3479,,
,409,106,3,14852,,
,409,191,3,11527,,
,409,198,3,8179,,
,409,2,3,3538,,
,409,20,3,5275,,
,409,207,3,16364,,
,409,230,3,11533,,
,409,244,3,5265,,
,409,274,3,762,,
,409,282,3,6817,,
,409,307,3,1233,,
,409,382,3,3171,,
,409,59,3,18733,,
,40N,201,3,1473,,
,41,106,3,11699,,
,41,118,3,612,,
,41,119,3,15159,,
,41,14,3,20813,,
,41,141,3,23626,,
,41,146,3,14631,,
,41,155,3,14466,,
,41,159,3,16340,,
,41,163,3,1529,,
,41,164,3,2491,,
,41,18,3,14658,,
,41,181,3,10800,,
,41,2,3,8558,,
,41,20,3,2308,,
,41,201,3,21404,,
,41,205,3,1375,,
,41,227,3,10240,,
,41,228,3,12533,,
,41,29,3,22776,,
,41,298,3,14972,,
,41,306,3,13593,,
,41,313,3,497,,
,41,318,3,12732,,
,41,320,3,20048,,
,41,322,3,8425,,
,41,330,3,16481,,
,41,333,3,13076,,
,41,34,3,15789,,
,41,369,3,13298,,
,41,42,3,1474,,
,41,69,3,19426,,
,41,7,3,3218,,
,41,72,3,23542,,
,41,9,3,5055,,
,41,95,3,16613,,
,41,96,3,5562,,
,410,106,3,8770,,
,410,11,3,1747,,
,410,118,3,17802,,
,410,132,3,22888,,
,410,138,3,2611,,
,410,14,3,18103,,
,410,143,3,16440,,
,410,176,3,11894,,
,410,191,3,17,,
,410,198,3,9911,,
,410,2,3,582,,
,410,20,3,21796,,
,410,207,3,20772,,
,410,216,3,21568,,
,410,218,3,23716,,
,410,230,3,23410,009640,FFFFFF
,410,244,3,13400,,
,410,274,3,23380,,
,410,282,3,1813,,
,410,291,3,19654,,
,410,301,3,1234,,
,410,307,3,16149,,
,410,58,3,11941,,
,410,59,3,18850,,
,410,73,3,11391,,
,410,83,3,22375,,
,4101,216,3,16050,,
,4102,216,3,19072,,
,4103,216,3,19485,,
,410T,119,3,16306,,
,411,106,3,10787,,
,411,11,3,13520,,
,411,116,3,3047,,
,411,132,3,588,,
,411,138,3,4813,,
,411,14,3,22383,,
,411,159,3,7870,,
,411,191,3,2796,,
,411,198,3,4367,,
,411,2,3,3243,,
,411,20,3,5240,,
,411,205,3,8286,,
,411,207,3,4223,,
,411,216,3,9055,,
,411,230,3,4541,4C76BA,FFFFFF
,411,244,3,11277,,
,411,274,3,5192,,
,411,279,3,21423,,
,411,291,3,9298,,
,411,307,3,20119,,
,411,31,3,13323,,
,411,313,3,23218,,
,411,333,3,12019,,
,411,382,3,12396,,
,411,41,3,3423,,
,411,59,3,18641,,
,411,73,3,2746,,
,411-AS,315,3,22438,,
,4112,59,3,8771,,
,4113,59,3,15423,,
,4116,59,3,12972,,
,4117,59,3,20049,,
,412,106,3,382,,
,412,11,3,9216,,
,412,132,3,15999,,
,412,138,3,21992,,
,412,14,3,13771,,
,412,159,3,21564,,
,412,172,3,1488,,
,412,191,3,16120,,
,412,20,3,11290,,
,412,205,3,1757,,
,412,207,3,11691,,
,412,216,3,23763,,
,412,230,3,12492,E2684C,FFFFFF
,412,244,3,18818,,
,412,274,3,3389,,
,412,291,3,16902,,
,412,295,3,7815,,
,412,301,3,2980,,
,412,31,3,13316,,
,412,313,3,4423,,
,412,382,3,10775,,
,412,59,3,11757,,
,412,73,3,3244,,
,4120,59,3,11586,,
,4122,59,3,7061,,
,4123,59,3,13324,,
,4129,59,3,5723,,
,413,106,3,22260,,
,413,11,3,6150,,
,413,119,3,22648,,
,413,138,3,16325,,
,413,14,3,8659,,
,413,172,3,20952,,
,413,174,3,20582,,
,413,176,3,22486,,
,413,191,3,16793,,
,413,2,3,21691,,
,413,20,3,20498,,
,413,205,3,20450,,
,413,207,3,2465,,
,413,216,3,20746,,
,413,230,3,17862,8BADDC,FFFFFF
,413,244,3,23102,,
,413,274,3,17099,,
,413,279,3,5759,,
,413,291,3,6835,,
,413,307,3,2284,,
,413,31,3,22283,,
,413,313,3,14149,,
,413,382,3,7402,,
,413,59,3,13549,,
,4136,59,3,21872,,
,414,11,3,21338,,
,414,119,3,15209,,
,414,132,3,5650,,
,414,14,3,4136,,
,414,174,3,23204,,
,414,176,3,1514,,
,414,198,3,10459,,
,414,20,3,20818,,
,414,205,3,17905,,
,414,207,3,4475,,
,414,244,3,14721,,
,414,279,3,20330,,
,414,292,3,23097,,
,414,31,3,23188,,
,414,313,3,4409,,
,414,382,3,5350,,
,414,59,3,22551,,
,414,73,3,18963,,
,4142,59,3,5548,,
,4148,216,3,14979,,
,415,11,3,14938,,
,415,119,3,19284,,
,415,132,3,18832,,
,415,176,3,5276,,
,415,183,3,10071,,
,415,198,3,2259,,
,415,2,3,10793,,
,415,20,3,15818,,
,415,205,3,1907,,
,415,207,3,3787,,
,415,225,3,6878,,
,415,244,3,21663,,
,415,274,3,17647,,
,415,291,3,3546,,
,415,292,3,15748,,
,415,307,3,22094,,
,415,313,3,6485,,
,415,382,3,1634,,
,415,73,3,7438,,
,4154,59,3,21076,,
,4156,59,3,7420,,
,416,11,3,5067,,
,416,119,3,12322,,
,416,132,3,15490,,
,416,176,3,17429,,
,416,198,3,2142,,
,416,2,3,1980,,
,416,20,3,22299,FF0000,FFFFFF
,416,207,3,14526,,
,416,244,3,15562,,
,416,279,3,21647,,
,416,291,3,20533,,
,416,292,3,1888,,
,416,31,3,12460,,
,416,315,3,7286,,
,416,382,3,2958,,
,416,73,3,7827,,
,4160,59,3,11750,,
,4161,59,3,7251,,
,4162,59,3,919,,
,4163,59,3,5315,,
,4164,59,3,11095,,
,416T,119,3,5979,,
,417,11,3,17283,,
,417,119,3,21104,,
,417,132,3,88,,
,417,176,3,17822,,
,417,2,3,7135,,
,417,20,3,13835,,
,417,207,3,15415,,
,417,291,3,7605,,
,417,31,3,1355,,
,417,313,3,644,,
,417,73,3,6160,,
,418,11,3,13820,,
,418,119,3,11985,,
,418,132,3,19481,,
,418,172,3,11132,,
,418,176,3,11840,,
,418,2,3,19645,,
,418,20,3,20688,,
,418,207,3,15717,,
,418,230,3,9761,009640,FFFFFF
,418,291,3,18381,,
,418,292,3,5118,,
,418,31,3,19680,,
,418,382,3,5817,,
,419,11,3,6365,,
,419,119,3,2014,,
,419,132,3,22766,,
,419,172,3,79,,
,419,176,3,22950,,
,419,191,3,10759,,
,419,198,3,9250,,
,419,2,3,5763,,
,419,20,3,1463,,
,419,207,3,10970,,
,419,279,3,69,,
,419,291,3,15544,,
,419,292,3,1927,,
,419,307,3,23205,,
,419,31,3,5366,,
,419,313,3,5661,,
,419,374,3,6770,,
,419,381,3,14395,,
,41E,141,3,15376,,
,41S,141,3,3194,,
,42,106,3,10303,,
,42,119,3,9850,,
,42,132,3,15581,,
,42,14,3,6987,,
,42,146,3,11576,,
,42,154,3,3937,,
,42,163,3,21020,,
,42,164,3,17752,,
,42,18,3,15384,,
,42,181,3,19056,,
,42,2,3,23667,,
,42,20,3,4224,,
,42,201,3,10418,,
,42,205,3,2340,,
,42,216,3,7990,,
,42,227,3,20874,,
,42,228,3,19405,,
,42,240,3,14005,,
,42,253,3,13887,A10440,FFFFFF
,42,254,3,14243,,
,42,266,3,18032,,
,42,29,3,7595,,
,42,292,3,13860,,
,42,298,3,8474,,
,42,306,3,23287,,
,42,313,3,3859,,
,42,318,3,15216,,
,42,320,3,17886,,
,42,330,3,16228,,
,42,333,3,21382,,
,42,367,3,20387,,
,42,369,3,18900,,
,42,378,3,14872,,
,42,42,3,7753,,
,42,59,3,2721,,
,42,9,3,12848,,
,42,95,3,20670,,
,42,96,3,4187,,
,420,106,3,12904,,
,420,119,3,23044,,
,420,132,3,224,,
,420,138,3,791,,
,420,14,3,254,,
,420,143,3,8562,,
,420,172,3,2875,,
,420,176,3,18776,,
,420,191,3,17530,,
,420,197,3,12416,,
,420,2,3,3287,,
,420,20,3,8151,,
,420,205,3,8478,,
,420,207,3,9633,,
,420,218,3,22732,,
,420,244,3,9124,,
,420,274,3,21256,,
,420,282,3,2332,,
,420,291,3,18556,,
,420,292,3,17947,,
,420,301,3,20050,,
,420,307,3,5367,,
,420,31,3,728,,
,420,34,3,15399,,
,420,381,3,9739,,
,420,382,3,5738,,
,420,58,3,10342,,
,420,59,3,4757,,
,420,73,3,21912,,
,4200,216,3,12356,,
,4207,216,3,17833,,
,421,106,3,4381,,
,421,11,3,12814,,
,421,119,3,15400,,
,421,132,3,3570,,
,421,14,3,5889,,
,421,159,3,13488,,
,421,172,3,7876,,
,421,176,3,20408,,
,421,191,3,21420,,
,421,198,3,9373,,
,421,205,3,688,,
,421,207,3,21207,,
,421,218,3,21676,,
,421,244,3,8050,,
,421,274,3,21455,,
,421,279,3,11018,,
,421,282,3,17326,,
,421,291,3,16520,,
,421,298,3,21736,,
,421,307,3,13904,,
,421,31,3,1638,,
,421,381,3,8091,,
,421,382,3,19509,,
,421,59,3,4020,,
,4210,216,3,3413,,
,421A,205,3,15105,,
,422,106,3,4938,,
,422,11,3,4323,,
,422,119,3,11706,,
,422,132,3,10650,,
,422,14,3,20499,,
,422,159,3,6747,,
,422,176,3,21862,,
,422,191,3,6328,,
,422,198,3,243,,
,422,2,3,17839,,
,422,20,3,14259,,
,422,205,3,13470,,
,422,207,3,8406,,
,422,216,3,10151,,
,422,244,3,5114,,
,422,291,3,290,,
,422,298,3,19128,,
,422,301,3,11885,,
,422,307,3,13526,,
,422,31,3,21344,,
,422,313,3,18075,,
,422,381,3,5718,,
,422,382,3,10669,,
,422,41,3,15819,,
,422,59,3,3495,,
,422,73,3,10788,,
,422A,205,3,19057,,
,423,106,3,1017,,
,423,11,3,10542,,
,423,132,3,17041,,
,423,14,3,20960,,
,423,159,3,13368,,
,423,176,3,5733,,
,423,191,3,15804,,
,423,2,3,6244,,
,423,20,3,8383,,
,423,205,3,12441,,
,423,207,3,12388,,
,423,230,3,14632,4C76BA,FFFFFF
,423,244,3,20689,,
,423,282,3,6586,,
,423,291,3,19852,,
,423,298,3,1362,,
,423,307,3,12996,,
,423,31,3,6397,,
,423,330,3,2065,,
,423,381,3,22724,,
,423,382,3,14970,,
,423,59,3,16298,,
,423,73,3,22046,,
,423 RufBus,282,3,867,,
,424,106,3,13685,,
,424,11,3,13950,,
,424,132,3,3210,,
,424,14,3,22980,,
,424,176,3,2702,,
,424,191,3,18388,,
,424,2,3,17813,,
,424,20,3,10270,,
,424,205,3,3802,,
,424,207,3,15341,,
,424,216,3,10919,,
,424,274,3,13373,,
,424,279,3,11066,,
,424,291,3,20976,,
,424,292,3,13063,,
,424,301,3,20465,,
,424,307,3,17971,,
,424,31,3,14219,,
,424,313,3,4079,,
,424,315,3,17137,,
,424,382,3,6551,,
,424,59,3,8786,,
,424,73,3,14396,,
,425,106,3,16950,,
,425,119,3,20982,,
,425,132,3,20961,,
,425,14,3,8876,,
,425,143,3,8468,,
,425,159,3,15326,,
,425,176,3,21648,,
,425,198,3,4420,,
,425,2,3,14260,,
,425,205,3,2049,,
,425,207,3,23627,,
,425,274,3,520,,
,425,279,3,346,,
,425,291,3,10695,,
,425,301,3,13252,,
,425,307,3,3015,,
,425,315,3,18864,,
,425,330,3,5159,,
,425,381,3,13258,,
,425,59,3,13163,,
,425,73,3,10044,,
,425A,205,3,10897,,
,426,106,3,23441,,
,426,11,3,4904,,
,426,132,3,4461,,
,426,14,3,18879,,
,426,159,3,12527,,
,426,176,3,7291,,
,426,191,3,1588,,
,426,198,3,7287,,
,426,2,3,5880,,
,426,205,3,12638,,
,426,207,3,11470,,
,426,274,3,21096,,
,426,282,3,19340,,
,426,301,3,14269,,
,426,307,3,7856,,
,426,31,3,9857,,
,426,315,3,7051,,
,426,381,3,1808,,
,426,382,3,2893,,
,426,59,3,14356,,
,426,73,3,14250,,
,426 RufBus,282,3,22016,,
,427,106,3,8654,,
,427,11,3,9851,,
,427,14,3,14186,,
,427,159,3,255,,
,427,176,3,13575,,
,427,191,3,8806,,
,427,2,3,10263,,
,427,205,3,21071,,
,427,207,3,9198,,
,427,216,3,16000,,
,427,274,3,799,,
,427,279,3,1530,,
,427,282,3,9010,,
,427,291,3,4163,,
,427,307,3,12086,,
,427,31,3,23475,,
,427,315,3,1056,,
,427,374,3,4431,,
,427,381,3,7697,,
,427,382,3,11625,,
,427,59,3,8281,,
,427,73,3,13464,,
,427A,205,3,23771,,
,428,11,3,411,,
,428,159,3,20322,,
,428,176,3,13888,,
,428,2,3,23089,,
,428,205,3,7956,,
,428,207,3,9949,,
,428,216,3,10558,,
,428,274,3,17449,,
,428,279,3,19462,,
,428,282,3,7912,,
,428,291,3,15227,,
,428,307,3,9325,,
,428,313,3,13701,,
,428,382,3,18789,,
,428,59,3,16078,,
,428,73,3,22963,,
,428 RufBus,282,3,9918,,
,428A,274,3,8744,,
,429,159,3,4592,,
,429,176,3,16730,,
,429,191,3,18500,,
,429,205,3,18309,,
,429,207,3,17582,,
,429,230,3,5106,,
,429,274,3,18757,,
,429,282,3,14980,,
,429,291,3,2847,,
,429,307,3,12314,,
,429,313,3,6121,,
,429,381,3,17024,,
,429,382,3,5774,,
,429 RufBus,282,3,8333,,
,42A,106,3,21811,,
,42S,376,3,15808,,
,42V,9,3,19993,,
,43,106,3,1429,,
,43,119,3,20729,,
,43,132,3,7775,,
,43,14,3,2912,,
,43,146,3,4119,,
,43,147,3,7707,,
,43,154,3,17607,,
,43,156,3,13374,ADB9A6,
,43,163,3,20946,,
,43,164,3,2466,,
,43,172,3,14201,,
,43,18,3,14357,,
,43,181,3,11028,,
,43,2,3,19915,,
,43,20,3,17303,,
,43,201,3,13672,,
,43,205,3,444,,
,43,216,3,10588,,
,43,227,3,16702,,
,43,253,3,8241,8CCBD6,
,43,254,3,17318,,
,43,292,3,21115,,
,43,298,3,4334,,
,43,304,3,7563,,
,43,306,3,17547,,
,43,313,0,6790,,
,43,313,3,2834,,
,43,320,3,6090,,
,43,322,3,3731,,
,43,330,3,11223,,
,43,365,3,4945,,
,43,367,3,16355,,
,43,369,3,3701,,
,43,42,3,16986,,
,43,68,3,10877,008492,FFFFFF
,43,9,3,20290,,
,43,95,3,12815,,
,43,96,3,20983,,
,430,11,3,12032,,
,430,116,3,20899,,
,430,119,3,8465,,
,430,14,3,7741,,
,430,143,3,3424,,
,430,159,3,3129,,
,430,172,3,11919,,
,430,176,3,13205,,
,430,197,3,16243,,
,430,198,3,2773,,
,430,205,3,4009,,
,430,207,3,10332,,
,430,216,3,548,,
,430,218,3,19178,,
,430,230,3,3988,4C76BA,FFFFFF
,430,274,3,12009,,
,430,307,3,4441,,
,430,31,3,7266,,
,430,313,3,11967,,
,430,381,3,20133,,
,430,382,3,134,,
,430,58,3,19212,,
,430,59,3,9393,,
,430,73,3,20884,,
,430A,205,3,6212,,
,431,106,3,22591,,
,431,11,3,2665,,
,431,132,3,630,,
,431,14,3,3603,,
,431,140,3,3777,,
,431,159,3,1706,,
,431,172,3,1873,,
,431,176,3,2300,,
,431,191,3,7372,,
,431,2,3,15634,,
,431,205,3,18076,,
,431,207,3,9507,,
,431,218,3,9719,,
,431,230,3,8446,F3953F,FFFFFF
,431,244,3,1872,,
,431,274,3,5680,,
,431,279,3,7816,,
,431,282,3,15241,,
,431,291,3,166,,
,431,31,3,22079,,
,431,313,3,6915,,
,431,381,3,4053,,
,431,382,3,5835,,
,431,59,3,15187,,
,431,73,3,15772,,
,431 RufBus,282,3,21525,,
,432,11,3,12068,,
,432,116,3,4685,,
,432,119,3,21345,,
,432,132,3,2450,,
,432,14,3,19329,,
,432,140,3,1585,,
,432,172,3,18276,,
,432,191,3,4542,,
,432,2,3,23216,,
,432,207,3,20512,,
,432,216,3,17903,,
,432,230,3,13756,D995BD,FFFFFF
,432,244,3,4504,,
,432,274,3,395,,
,432,279,3,18824,,
,432,291,3,4080,,
,432,301,3,1797,,
,432,313,3,15657,,
,432,381,3,2870,,
,432,382,3,22710,,
,432,41,3,263,,
,432,73,3,103,,
,433,11,3,7900,,
,433,119,3,5582,,
,433,132,3,22770,,
,433,14,3,8968,,
,433,176,3,5764,,
,433,191,3,22552,,
,433,205,3,21630,,
,433,207,3,22074,,
,433,216,3,212,,
,433,230,3,8719,9D9D9C,
,433,244,3,17996,,
,433,274,3,7975,,
,433,291,3,8712,,
,433,31,3,19497,,
,433,313,3,10499,,
,433,381,3,10221,,
,433,382,3,18028,,
,433,41,3,23234,,
,433,59,3,1450,,
,433,73,3,11478,,
,433A,205,3,4188,,
,434,119,3,7352,,
,434,132,3,7490,,
,434,14,3,20525,,
,434,172,3,22432,,
,434,176,3,9523,,
,434,191,3,7944,,
,434,230,3,15635,B90276,FFFFFF
,434,244,3,11029,,
,434,274,3,2967,,
,434,282,3,3016,,
,434,291,3,20662,,
,434,31,3,6091,,
,434,313,3,3272,,
,434,381,3,7299,,
,434,382,3,5391,,
,434,41,3,17314,,
,434,73,3,4476,,
,435,119,3,11239,,
,435,143,3,9362,,
,435,176,3,15820,,
,435,191,3,20540,,
,435,197,3,14040,,
,435,205,3,16662,,
,435,230,3,10249,009640,FFFFFF
,435,244,3,22597,,
,435,274,3,7123,,
,435,279,3,21361,,
,435,282,3,8891,,
,435,291,3,4477,,
,435,307,3,23113,,
,435,31,3,15743,,
,435,313,3,4968,,
,435,381,3,2938,,
,435,382,3,20741,,
,435,73,3,16513,,
,436,116,3,766,,
,436,119,3,10627,,
,436,172,3,22543,,
,436,176,3,2645,,
,436,191,3,11012,,
,436,2,3,21105,,
,436,216,3,18424,,
,436,244,3,21368,,
,436,274,3,20684,,
,436,282,3,14833,,
,436,291,3,10271,,
,436,307,3,13582,,
,436,31,3,1851,,
,436,313,3,10853,,
,436,381,3,23668,,
,436,382,3,1451,,
,436,73,3,16284,,
,436 RufBus,282,3,21789,,
,437,119,3,17534,,
,437,172,3,11841,,
,437,191,3,3017,,
,437,207,3,16341,,
,437,216,3,2248,,
,437,230,3,22017,F3953F,FFFFFF
,437,274,3,23039,,
,437,282,3,13824,,
,437,291,3,22752,,
,437,307,3,18954,,
,437,31,3,17846,,
,437,381,3,22581,,
,437,382,3,17704,,
,437,73,3,21967,,
,437 RufBus,282,3,21901,,
,438,119,3,18584,,
,438,172,3,23170,,
,438,191,3,4172,,
,438,216,3,8282,,
,438,230,3,18842,D995BD,FFFFFF
,438,244,3,18567,,
,438,274,3,2276,,
,438,282,3,10898,,
,438,307,3,22107,,
,438,381,3,6632,,
,438,382,3,3617,,
,438,73,3,23772,,
,438,82,3,23155,,
,439,119,3,38,,
,439,159,3,6637,,
,439,172,3,12461,,
,439,191,3,3198,,
,439,207,3,14908,,
,439,216,3,14580,,
,439,230,3,9228,E2684C,FFFFFF
,439,243,3,23741,73D700,FFFFFF
,439,244,3,22264,,
,439,274,3,9039,,
,439,282,3,20912,,
,439,291,3,9865,,
,439,307,3,3204,,
,439,313,3,20216,,
,439,381,3,14599,,
,439,382,3,12921,,
,439,73,3,20730,,
,439 RufBus,282,3,9811,,
,43A,253,3,16188,8CCBD6,
,43E,172,3,22338,,
,43E,86,3,11224,,
,43E,9,3,19858,,
,44,111,3,5160,,
,44,118,3,15497,,
,44,119,3,9500,,
,44,132,3,7933,,
,44,14,3,1682,,
,44,141,3,3158,,
,44,146,3,5304,,
,44,147,3,22903,,
,44,164,3,13242,,
,44,18,3,17450,,
,44,2,3,23389,,
,44,20,3,11516,,
,44,201,3,9305,,
,44,205,3,12196,,
,44,22,3,2309,,
,44,253,3,14722,006F99,FFFFFF
,44,254,3,6712,,
,44,266,3,10020,,
,44,278,3,1226,,
,44,292,3,14347,,
,44,298,3,17613,,
,44,304,3,18968,,
,44,306,3,5266,,
,44,318,3,942,,
,44,320,3,1889,,
,44,333,3,18140,,
,44,34,3,23750,,
,44,365,3,9643,,
,44,367,3,9129,,
,44,72,3,12727,,
,44,9,3,920,,
,44,95,3,4249,,
,44,96,3,8194,,
,440,106,3,931,,
,440,14,3,5635,,
,440,140,3,1442,,
,440,172,3,4735,,
,440,176,3,8871,,
,440,191,3,5107,,
,440,2,3,2880,,
,440,20,3,18300,,
,440,207,3,18964,,
,440,216,3,15826,,
,440,250,3,13477,,
,440,262,3,5277,,
,440,274,3,6428,,
,440,282,3,21238,,
,440,301,3,17059,,
,440,335,3,12583,,
,440,381,3,412,,
,440,382,3,14896,,
,440,58,3,12668,,
,440,73,3,7403,,
,4400,216,3,3913,,
,4402,216,3,18061,,
,4404,216,3,15416,,
,4405,216,3,16179,,
,4406,216,3,637,,
,4407,216,3,19008,,
,4408,216,3,9104,,
,4409,216,3,11905,,
,441,106,3,6771,,
,441,14,3,23404,,
,441,159,3,9751,,
,441,2,3,19433,,
,441,20,3,17803,,
,441,207,3,8384,,
,441,244,3,10101,,
,441,274,3,10696,,
,441,279,3,792,,
,441,282,3,1521,,
,441,301,3,15002,,
,441,313,3,18772,,
,441,381,3,12743,,
,441,382,3,18790,,
,441,41,3,21518,,
,441,59,3,12589,,
,441,73,3,17113,,
,441 Bau,20,3,8762,,
,441 RufBus,282,3,9644,,
,4410,216,3,20598,,
,442,172,3,20747,,
,442,191,3,16640,,
,442,197,3,1197,,
,442,2,3,5476,,
,442,20,3,9950,,
,442,207,3,11188,,
,442,244,3,16128,,
,442,250,3,7236,,
,442,274,3,18396,,
,442,282,3,10343,,
,442,301,3,3140,,
,442,381,3,15559,,
,442,41,3,15759,,
,442,59,3,6356,,
,442,73,3,6263,,
,443,172,3,19578,,
,443,191,3,23015,,
,443,2,3,23529,,
,443,20,3,18033,,
,443,205,3,9664,,
,443,207,3,22121,,
,443,216,3,7877,,
,443,250,3,15336,,
,443,274,3,2074,,
,443,282,3,3869,,
,443,381,3,16051,,
,443,41,3,5437,,
,443,73,3,8041,,
,443 RufBus,282,3,18945,,
,444,172,3,4478,,
,444,191,3,19518,,
,444,197,3,3666,,
,444,2,3,12181,,
,444,20,3,15773,,
,444,205,3,4687,,
,444,274,3,12576,,
,444,282,3,3093,,
,444,301,3,23649,,
,444,307,3,1007,,
,444,381,3,1066,,
,444,41,3,13959,,
,444,59,3,7731,,
,444A,205,3,8623,,
,444V,191,3,997,,
,445,11,3,18791,,
,445,132,3,3205,,
,445,143,3,738,,
,445,159,3,20129,,
,445,172,3,7512,,
,445,191,3,1866,,
,445,2,3,12869,,
,445,20,3,937,,
,445,207,3,15960,,
,445,274,3,18783,,
,445,279,3,17033,,
,445,282,3,14633,,
,445,307,3,22661,,
,445,31,3,20071,,
,445,381,3,2354,,
,445,58,3,15598,,
,445,73,3,17484,,
,445V,191,3,17734,,
,446,11,3,22742,,
,446,132,3,16814,,
,446,140,3,7180,,
,446,172,3,1610,,
,446,191,3,18041,,
,446,2,3,10500,,
,446,20,3,22409,,
,446,205,3,14119,,
,446,207,3,2171,,
,446,262,3,12291,,
,446,274,3,14649,,
,446,279,3,13836,,
,446,282,3,15571,,
,446,307,3,22040,,
,446,381,3,16794,,
,446,73,3,17085,,
,446A,205,3,20583,,
,447,11,3,21962,,
,447,119,3,17495,,
,447,132,3,18727,,
,447,140,3,6431,,
,447,191,3,19930,,
,447,20,3,12922,,
,447,216,3,12968,,
,447,274,3,6306,,
,447,279,3,15620,,
,447,282,3,19700,,
,447,307,3,13438,,
,447,41,3,7862,,
,447,59,3,6955,,
,447,73,3,2888,,
,447T,119,3,3346,,
,448,140,3,7107,,
,448,172,3,3707,,
,448,174,3,11590,,
,448,191,3,18650,,
,448,2,3,4619,,
,448,20,3,15160,,
,448,216,3,16121,,
,448,274,3,10274,,
,448,279,3,17847,,
,448,381,3,20008,,
,448,59,3,10928,,
,448,73,3,22629,,
,448T,119,3,18207,,
,449,172,3,23179,,
,449,174,3,23628,,
,449,2,3,23189,,
,449,20,3,21129,,
,449,274,3,23045,,
,449,291,3,8078,,
,449,307,3,18994,,
,449,34,3,2092,,
,449,381,3,23548,,
,449,59,3,16066,,
,449,73,3,1421,,
,44S,376,3,10278,,
,44a,226,3,10483,,
,44b,226,3,12870,,
,44c,226,3,16365,,
,45,106,3,15314,,
,45,118,3,16621,,
,45,119,3,17191,,
,45,132,3,5825,,
,45,134,3,16881,,
,45,138,3,20272,,
,45,14,3,13135,,
,45,147,3,19294,,
,45,164,3,2103,,
,45,18,3,23272,,
,45,181,3,6971,,
,45,2,3,5292,,
,45,20,3,2324,,
,45,201,3,13789,,
,45,205,3,4588,,
,45,22,3,4212,,
,45,254,3,2815,,
,45,278,3,1798,,
,45,29,3,8938,,
,45,292,3,13465,,
,45,298,3,20513,,
,45,304,3,13547,,
,45,310,3,6780,,
,45,318,3,15188,,
,45,320,3,7614,,
,45,322,3,19311,,
,45,34,3,2039,,
,45,365,3,13521,,
,45,369,3,17682,,
,45,72,3,1318,,
,45,9,3,6272,,
,45,95,3,14476,,
,45 AST,292,3,19058,,
,45 B,292,3,20244,,
,450,11,3,18171,,
,450,116,3,11295,,
,450,132,3,8902,,
,450,14,3,23412,,
,450,140,3,8455,,
,450,143,3,445,,
,450,159,3,603,,
,450,174,3,17213,,
,450,197,3,11041,,
,450,2,3,19950,,
,450,207,3,295,,
,450,216,3,21383,,
,450,218,3,16521,,
,450,244,3,9645,,
,450,279,3,22228,,
,450,282,3,15410,,
,450,291,3,2943,,
,450,292,3,8287,,
,450,31,3,5890,,
,450,335,3,22994,,
,450,45,3,17131,,
,450,58,3,11994,,
,450,59,3,14327,,
,450,73,3,18888,,
,451,11,3,6847,,
,451,132,3,13600,,
,451,14,3,19544,,
,451,140,3,8092,,
,451,172,3,446,,
,451,174,3,5576,,
,451,176,3,16366,,
,451,191,3,12997,,
,451,205,3,14897,,
,451,207,3,10550,,
,451,216,3,20628,,
,451,243,3,5847,73D700,FFFFFF
,451,244,3,17430,,
,451,274,3,12361,,
,451,279,3,5628,,
,451,282,3,10760,,
,451,298,3,7218,,
,451,301,3,20514,,
,451,315,3,5765,,
,451,335,3,14229,,
,451,381,3,1311,,
,451,382,3,12519,,
,451,41,3,14192,,
,451,59,3,14581,,
,451,64,3,7948,,
,451,73,3,17938,,
,452,11,3,11090,,
,452,116,3,11139,,
,452,14,3,20240,,
,452,140,3,22036,,
,452,159,3,9873,,
,452,172,3,14041,,
,452,174,3,21042,,
,452,176,3,20355,,
,452,191,3,9177,,
,452,2,3,8579,,
,452,244,3,13693,,
,452,274,3,23635,,
,452,279,3,22964,,
,452,282,3,20062,,
,452,301,3,13449,,
,452,313,3,10745,,
,452,335,3,8559,,
,452,381,3,19715,,
,452,382,3,21323,,
,452,41,3,23455,,
,452,73,3,15621,,
,453,132,3,17863,,
,453,14,3,17202,,
,453,172,3,20500,,
,453,191,3,18896,,
,453,207,3,5701,,
,453,244,3,1879,,
,453,274,3,123,,
,453,277,3,9299,,
,453,279,3,19895,,
,453,282,3,7788,,
,453,291,3,7934,,
,453,307,3,10257,,
,453,313,3,2291,,
,453,335,3,10589,,
,453,381,3,5504,,
,453,382,3,1522,,
,453,59,3,20896,,
,453,73,3,11047,,
,454,132,3,1974,,
,454,14,3,21112,,
,454,172,3,20755,,
,454,176,3,15377,,
,454,191,3,11700,,
,454,2,3,7808,,
,454,207,3,3803,,
,454,216,3,20505,,
,454,274,3,20541,,
,454,279,3,7513,,
,454,282,3,9858,,
,454,291,3,1301,,
,454,301,3,20169,,
,454,31,3,19907,,
,454,313,3,483,,
,454,335,3,22862,,
,454,381,3,20515,,
,454,59,3,20719,,
,455,11,3,7113,,
,455,132,3,2135,,
,455,140,3,16801,,
,455,143,3,17219,,
,455,172,3,3123,,
,455,174,3,11802,,
,455,191,3,10746,,
,455,205,3,17556,,
,455,207,3,11643,,
,455,243,3,5972,73D700,FFFFFF
,455,244,3,9493,,
,455,274,3,21741,,
,455,279,3,15986,,
,455,282,3,14873,,
,455,291,3,17203,,
,455,307,3,6671,,
,455,31,3,12973,,
,455,313,3,9065,,
,455,335,3,19119,,
,455,381,3,22468,,
,455,382,3,5512,,
,455,59,3,13831,,
,455,64,3,3771,,
,4550,139,3,6645,,
,456,132,3,8922,,
,456,172,3,20962,,
,456,191,3,14310,,
,456,2,3,9553,,
,456,205,3,23482,,
,456,207,3,13070,,
,456,243,3,17348,73D700,FFFFFF
,456,244,3,8978,,
,456,274,3,8639,,
,456,279,3,9638,,
,456,282,3,3473,,
,456,291,3,4312,,
,456,381,3,20273,,
,456,382,3,14716,,
,456,59,3,6238,,
,456A,205,3,21476,,
,457,11,3,4168,,
,457,174,3,8343,,
,457,2,3,3628,,
,457,205,3,145,,
,457,244,3,7308,,
,457,274,3,5096,,
,457,279,3,8183,,
,457,282,3,2221,,
,457,335,3,14432,,
,457,382,3,8195,,
,457,59,3,6129,,
,457,64,3,8517,,
,458,119,3,3950,,
,458,140,3,12554,,
,458,172,3,13041,,
,458,207,3,3094,,
,458,244,3,15941,,
,458,282,3,1076,,
,458,291,3,6106,,
,458,313,3,800,,
,458,382,3,7732,,
,458,59,3,4405,,
,459,140,3,2285,,
,459,159,3,19092,,
,459,172,3,23650,,
,459,183,3,16347,,
,459,191,3,22806,,
,459,2,3,19350,,
,459,205,3,21668,,
,459,207,3,13821,,
,459,244,3,22764,,
,459,279,3,12728,,
,459,282,3,7300,,
,459,291,3,498,,
,459,382,3,11007,,
,459,59,3,13042,,
,459A,205,3,17462,,
,45E,304,3,9261,,
,45V,9,3,5241,,
,46,119,3,19285,,
,46,14,3,16385,,
,46,147,3,10460,,
,46,164,3,17634,,
,46,18,3,13694,,
,46,2,3,3453,,
,46,201,3,8288,,
,46,22,3,7343,,
,46,254,3,5662,,
,46,278,3,14193,,
,46,292,3,4680,,
,46,298,3,17742,,
,46,304,3,12857,,
,46,310,3,6865,,
,46,313,3,1218,,
,46,320,3,18858,,
,46,322,3,1852,,
,46,42,3,3303,,
,46,7,3,20519,,
,46,9,3,21719,,
,46,95,3,19312,,
,46,96,3,9599,,
,460,116,3,11459,,
,460,14,3,8072,,
,460,140,3,11329,,
,460,143,3,15924,,
,460,164,3,18999,,
,460,172,3,7838,,
,460,191,3,4424,,
,460,2,3,9086,,
,460,205,3,20931,,
,460,207,3,2732,,
,460,218,3,4444,,
,460,244,3,8821,,
,460,250,3,20648,,
,460,274,3,14075,,
,460,279,3,8038,,
,460,282,3,14263,,
,460,291,3,9352,,
,460,301,3,8726,,
,460,335,3,521,,
,460,382,3,16738,,
,460,73,3,20592,,
,4602,216,3,20040,,
,4603,216,3,932,,
,4604,216,3,1345,,
,4605,216,3,3026,,
,4606,216,3,11338,,
,4607,216,3,17927,,
,4608,216,3,20556,,
,4608,82,3,11311,,
,4609,216,3,22222,,
,460A,205,3,22704,,
,460E,3,3,10294,,
,461,116,3,2659,,
,461,119,3,347,,
,461,14,3,3008,,
,461,140,3,13615,,
,461,159,3,12173,,
,461,172,3,3667,,
,461,176,3,10708,,
,461,191,3,17997,,
,461,2,3,23700,,
,461,205,3,565,,
,461,207,3,21025,,
,461,218,3,16989,,
,461,244,3,4033,,
,461,274,3,19187,,
,461,282,3,104,,
,461,291,3,19420,,
,461,3,3,16780,,
,461,301,3,12871,,
,461,382,3,2310,,
,461,41,3,18631,,
,461,7,3,23156,,
,461,73,3,5386,,
,4611,216,3,17008,,
,4613,216,3,12704,,
,4614,164,3,23040,,
,4614,216,3,3951,,
,4615,216,3,3764,,
,4618,216,3,18344,,
,462,11,3,22231,,
,462,116,3,1376,,
,462,119,3,8204,,
,462,132,3,10286,,
,462,14,3,12373,,
,462,140,3,18651,,
,462,172,3,16550,,
,462,176,3,12534,,
,462,191,3,14766,,
,462,2,3,18135,,
,462,207,3,21845,,
,462,216,3,20690,,
,462,244,3,21415,,
,462,250,3,5968,,
,462,274,3,13425,,
,462,279,3,21268,,
,462,282,3,22018,,
,462,3,3,16056,,
,462,301,3,1500,,
,462,307,3,13972,,
,462,335,3,6075,,
,462,382,3,10733,,
,462,73,3,9013,,
,462 RufBus,282,3,21180,,
,4620,216,3,15797,,
,4621,216,3,9140,,
,4623,216,3,20017,,
,4624,216,3,8246,,
,463,11,3,20295,,
,463,119,3,4814,,
,463,132,3,16975,,
,463,140,3,14251,,
,463,172,3,10543,,
,463,176,3,1754,,
,463,191,3,17878,,
,463,2,3,4277,,
,463,205,3,9554,,
,463,207,3,2541,,
,463,250,3,19673,,
,463,274,3,11402,,
,463,279,3,23742,,
,463,282,3,15154,,
,463,291,3,1748,,
,463,3,3,9326,,
,463,307,3,11008,,
,463,335,3,16882,,
,463,382,3,4399,,
,463,7,3,1752,,
,463,73,3,22935,,
,4630,216,3,14568,,
,4631,216,3,13960,,
,4632,216,3,9426,,
,4633,216,3,2871,,
,464,11,3,6889,,
,464,119,3,10338,,
,464,132,3,10241,,
,464,172,3,3476,,
,464,176,3,20716,,
,464,191,3,16790,,
,464,2,3,8198,,
,464,205,3,1596,,
,464,216,3,15115,,
,464,250,3,8580,,
,464,274,3,13004,,
,464,279,3,14744,,
,464,282,3,12277,,
,464,291,3,19486,,
,464,307,3,13029,,
,464,31,3,5899,,
,464,382,3,14770,,
,464,59,3,15531,,
,464,73,3,23180,,
,4640,216,3,9467,,
,4641,216,3,14731,,
,4642,216,3,17552,,
,4643,216,3,2127,,
,4644,216,3,80,,
,465,119,3,583,,
,465,132,3,10324,,
,465,172,3,13211,,
,465,191,3,22271,,
,465,2,3,4258,,
,465,205,3,878,,
,465,216,3,2066,,
,465,248,3,22342,,
,465,274,3,12118,,
,465,279,3,7408,,
,465,282,3,17042,,
,465,291,3,7718,,
,465,307,3,213,,
,465,31,3,278,,
,465,313,3,21622,,
,465,335,3,17930,,
,465,59,3,11728,,
,465,7,3,6748,,
,465,73,3,2277,,
,4650,216,3,12267,,
,466,11,3,23557,,
,466,119,3,19188,,
,466,172,3,18034,,
,466,176,3,7002,,
,466,191,3,873,,
,466,2,3,10908,,
,466,248,3,11154,,
,466,250,3,17912,,
,466,274,3,4629,,
,466,282,3,6432,,
,466,291,3,887,,
,466,307,3,12001,,
,466,31,3,11270,,
,466,353,3,18771,,
,466,59,3,15949,,
,466,73,3,15189,,
,466 RufBus,282,3,11701,,
,4661,216,3,3970,,
,4662,216,3,9178,,
,4663,216,3,1377,,
,4664,216,3,18436,,
,4665,216,3,7252,,
,4666,216,3,22480,,
,467,11,3,7309,,
,467,116,3,13583,,
,467,119,3,8847,,
,467,172,3,22987,,
,467,176,3,4071,,
,467,205,3,1239,,
,467,207,3,19351,,
,467,248,3,15712,,
,467,250,3,21016,,
,467,274,3,17025,,
,467,279,3,10878,,
,467,282,3,17349,,
,467,291,3,10713,,
,467,292,3,2200,,
,467,307,3,6049,,
,467,7,3,9017,,
,467-A,292,3,16776,,
,468,11,3,2253,,
,468,116,3,6191,,
,468,119,3,22129,,
,468,172,3,8958,,
,468,176,3,12319,,
,468,191,3,22845,,
,468,248,3,20826,,
,468,250,3,9093,,
,468,274,3,13557,,
,468,279,3,5526,,
,468,282,3,11067,,
,468,292,3,3431,,
,468,307,3,689,,
,468-A,292,3,14659,,
,4681,216,3,9300,,
,4682,216,3,9526,,
,4683,216,3,4767,,
,4684,216,3,3258,,
,469,11,3,7292,,
,469,119,3,17327,,
,469,159,3,6681,,
,469,176,3,14000,,
,469,191,3,8704,,
,469,216,3,16890,,
,469,248,3,18557,,
,469,250,3,18114,,
,469,274,3,20827,,
,469,279,3,9833,,
,469,282,3,6198,,
,469,291,3,13439,,
,469,59,3,5415,,
,469,7,3,624,,
,469,73,3,15475,,
,46ALF,132,3,7455,,
,46S,376,3,22711,,
,46V,9,3,23519,,
,47,119,3,23722,,
,47,132,3,21146,,
,47,138,3,14230,,
,47,14,3,16577,,
,47,147,3,21913,,
,47,164,3,3177,,
,47,18,3,11376,,
,47,2,3,11174,,
,47,201,3,6675,,
,47,205,3,6972,,
,47,253,3,3461,312783,FFFFFF
,47,254,3,13064,,
,47,266,3,4286,,
,47,278,3,7439,,
,47,292,3,4881,,
,47,298,3,4971,,
,47,304,3,14548,,
,47,310,3,21804,,
,47,318,3,7189,,
,47,320,3,5946,,
,47,322,3,16212,,
,47,42,3,18734,,
,47,9,3,5947,,
,47,95,3,9180,,
,47,96,3,12033,,
,470,116,3,14501,,
,470,119,3,9262,,
,470,132,3,22496,,
,470,14,3,6838,,
,470,143,3,14120,,
,470,164,3,18521,,
,470,172,3,20913,,
,470,191,3,21352,,
,470,2,3,3938,,
,470,218,3,10842,,
,470,244,3,4654,,
,470,248,3,8313,,
,470,250,3,22215,,
,470,291,3,13527,,
,470,292,3,1707,,
,470,301,3,6698,,
,470,307,3,6375,,
,470,335,3,10822,,
,470,59,3,682,,
,470,73,3,16285,,
,4705,216,3,10339,,
,471,116,3,13466,,
,471,119,3,11845,,
,471,132,3,9735,,
,471,14,3,1501,,
,471,159,3,3141,,
,471,172,3,3199,,
,471,2,3,4094,,
,471,225,3,3466,,
,471,244,3,6067,,
,471,248,3,14328,,
,471,250,3,1544,,
,471,274,3,12749,,
,471,279,3,12087,,
,471,282,3,10867,,
,471,301,3,1153,,
,471,31,3,17809,,
,471,313,3,20615,,
,471,335,3,20429,,
,471,41,3,17142,,
,471,59,3,13616,,
,471,73,3,2083,,
,4714,216,3,19916,,
,472,119,3,1115,,
,472,132,3,22883,,
,472,14,3,756,,
,472,159,3,19853,,
,472,172,3,10287,,
,472,2,3,19867,,
,472,225,3,419,,
,472,230,3,4801,E2684C,FFFFFF
,472,244,3,19778,,
,472,248,3,3454,,
,472,250,3,14771,,
,472,274,3,9912,,
,472,279,3,1443,,
,472,282,3,14939,,
,472,301,3,3971,,
,472,313,3,14139,,
,472,335,3,10419,,
,472,59,3,9684,,
,472,73,3,7884,,
,472 RufBus,282,3,16092,,
,473,116,3,8772,,
,473,119,3,11796,,
,473,132,3,3048,,
,473,14,3,12165,,
,473,172,3,23463,,
,473,2,3,18924,,
,473,244,3,7622,,
,473,248,3,21677,,
,473,274,3,8684,,
,473,279,3,3612,,
,473,282,3,5278,,
,473,301,3,14332,,
,473,307,3,18477,,
,473,313,3,2522,,
,473,59,3,2237,,
,473,73,3,13129,,
,473 RufBus,282,3,291,,
,474,119,3,11822,,
,474,132,3,21307,,
,474,14,3,21116,,
,474,172,3,9614,,
,474,191,3,11432,,
,474,2,3,20022,,
,474,216,3,15142,,
,474,230,3,7440,6FBC85,FFFFFF
,474,244,3,8108,,
,474,248,3,1663,,
,474,274,3,4579,,
,474,279,3,20869,,
,474,282,3,11990,,
,474,59,3,11517,,
,474,73,3,6338,,
,475,11,3,8351,,
,475,116,3,14302,,
,475,119,3,5903,,
,475,132,3,2822,,
,475,14,3,17214,,
,475,172,3,18777,,
,475,176,3,20023,,
,475,191,3,20274,,
,475,2,3,5341,,
,475,207,3,16969,,
,475,230,3,8698,4C76BA,FFFFFF
,475,244,3,2188,,
,475,248,3,1045,,
,475,279,3,9615,,
,475,301,3,20232,,
,475,73,3,20616,,
,4750,216,3,17879,,
,476,119,3,20156,,
,476,172,3,5588,,
,476,191,3,8338,,
,476,2,3,2438,,
,476,207,3,8166,,
,476,216,3,16189,,
,476,243,3,19622,73D700,FFFFFF
,476,244,3,4660,,
,476,248,3,22363,,
,476,250,3,14380,,
,476,282,3,20542,,
,476,59,3,8959,,
,476,73,3,2855,,
,477,191,3,3482,,
,477,2,3,7901,,
,477,205,3,17226,,
,477,207,3,14467,,
,477,244,3,9314,,
,477,248,3,1116,,
,477,250,3,23711,,
,477,282,3,11692,,
,477,291,3,11961,,
,477,301,3,2179,,
,477,59,3,7430,,
,477,73,3,1841,,
,477,82,3,21346,,
,478,119,3,6903,,
,478,132,3,2315,,
,478,191,3,18365,,
,478,2,3,7079,,
,478,207,3,17232,,
,478,216,3,21133,,
,478,244,3,17276,,
,478,282,3,15077,,
,478,336,3,23712,,
,479,119,3,20441,,
,479,132,3,6002,,
,479,191,3,21952,,
,479,2,3,594,,
,479,244,3,6969,,
,479,250,3,6713,,
,479,279,3,1483,,
,479,282,3,23524,,
,479,59,3,6186,,
,47E,9,3,8222,,
,47V,9,3,21477,,
,48,119,3,10053,,
,48,132,3,11216,,
,48,138,3,18115,,
,48,14,3,20202,,
,48,156,3,13686,,
,48,164,3,12005,,
,48,18,3,10770,,
,48,2,3,17512,,
,48,201,3,1494,,
,48,253,3,10909,C2C65E,
,48,254,3,16958,,
,48,278,3,1618,,
,48,292,3,1605,,
,48,298,3,17192,,
,48,304,3,15271,,
,48,306,3,22,,
,48,318,3,4701,,
,48,320,3,16919,,
,48,322,3,7528,,
,48,367,3,17823,,
,48,42,3,9480,,
,48,9,3,15447,,
,48,95,3,540,,
,48,96,3,17872,,
,480,119,3,10938,,
,480,132,3,15840,,
,480,14,3,18417,,
,480,143,3,13635,,
,480,159,3,7172,,
,480,172,3,4796,,
,480,218,3,6602,,
,480,244,3,1502,,
,480,250,3,4996,,
,480,291,3,4543,,
,480,301,3,18792,,
,480,31,3,22863,,
,480,59,3,3815,,
,480,73,3,13360,,
,480 RufBus,282,3,1941,,
,4800,191,3,22087,,
,4801,216,3,814,,
,481,132,3,6564,,
,481,14,3,15272,,
,481,172,3,1346,,
,481,191,3,18989,,
,481,2,3,5554,,
,481,244,3,691,,
,481,279,3,20991,,
,481,291,3,14796,,
,481,301,3,8655,,
,481,31,3,18536,,
,481,376,3,4997,,
,481,59,3,504,,
,481,64,3,20847,,
,481,73,3,5368,,
,481 RufBus,282,3,633,,
,482,132,3,2684,,
,482,14,3,22965,,
,482,172,3,1765,,
,482,191,3,1550,,
,482,2,3,2341,,
,482,244,3,20819,,
,482,274,3,7888,,
,482,279,3,10585,,
,482,291,3,16307,,
,482,301,3,1597,,
,482,31,3,7029,,
,482,73,3,17887,,
,482 RufBus,282,3,14973,,
,483,11,3,13130,,
,483,132,3,18172,,
,483,14,3,4202,,
,483,172,3,23041,,
,483,174,3,5830,,
,483,2,3,9607,,
,483,244,3,6383,,
,483,274,3,5775,,
,483,291,3,6899,,
,483,298,3,22319,,
,483,64,3,15876,,
,483 RufBus,282,3,921,,
,484,132,3,18611,,
,484,14,3,7573,,
,484,172,3,17114,,
,484,2,3,1134,,
,484,244,3,15515,,
,484,274,3,13603,,
,484,279,3,5874,,
,484,291,3,15668,,
,484,298,3,10570,,
,484,301,3,18995,,
,484,64,3,5231,,
,484 RufBus,282,3,14839,,
,485,132,3,18229,,
,485,172,3,5984,,
,485,243,3,22247,73D700,FFFFFF
,485,244,3,22966,,
,485,274,3,12050,,
,485,291,3,893,,
,485 RufBus,282,3,17765,,
,486,132,3,7330,,
,486,243,3,12605,73D700,FFFFFF
,486,244,3,14112,,
,486,250,3,9784,,
,486,274,3,5860,,
,486,279,3,11710,,
,486,59,3,23575,,
,486 RufBus,282,3,23419,,
,4860,216,3,15143,,
,487,132,3,2542,,
,487,172,3,17101,,
,487,244,3,20011,,
,487,274,3,4178,,
,487,291,3,17482,,
,487,313,3,11052,,
,487 RufBus,282,3,14057,,
,4870,216,3,1018,,
,488,132,3,3750,,
,488,191,3,16376,,
,488,205,3,20233,,
,488,216,3,4611,,
,488,274,3,4432,,
,488,301,3,18701,,
,488 RufBus,282,3,12596,,
,4887,216,3,12647,,
,4888,216,3,894,,
,4889,216,3,12914,,
,489,132,3,23583,,
,489,172,3,9600,,
,489,191,3,13395,,
,489,216,3,19039,,
,489,274,3,11278,,
,489,301,3,5739,,
,489,313,3,13711,,
,489 RufBus,282,3,9003,,
,48ALT,9,3,7776,,
,49,106,3,17513,,
,49,119,3,6798,,
,49,138,3,22522,,
,49,147,3,13644,,
,49,18,3,6587,,
,49,2,3,17599,,
,49,201,3,22610,,
,49,226,3,2401,,
,49,278,3,6322,,
,49,304,3,6818,,
,49,313,3,20828,,
,49,367,3,6040,,
,49,7,3,19073,,
,49,95,3,7935,,
,49,96,3,18735,,
,49 City-Bus,322,3,10466,,
,490,14,3,22637,,
,490,143,3,674,,
,490,18,3,18359,,
,490,191,3,2265,,
,490,2,3,22433,,
,490,218,3,12493,,
,490,230,3,10313,,
,490,244,3,2411,,
,490,250,3,5154,,
,490,258,3,11360,,
,490,274,3,2264,,
,490,301,3,19111,,
,490,313,3,8829,,
,490,73,3,8230,,
,490 RufBus,282,3,3618,,
,4900,191,3,7885,,
,490X,59,3,22696,,
,491,14,3,21876,,
,491,159,3,7770,,
,491,172,3,13391,,
,491,191,3,12309,,
,491,2,3,16100,,
,491,230,3,3288,8BADDC,FFFFFF
,491,243,3,15827,73D700,FFFFFF
,491,244,3,12821,,
,491,274,3,3562,,
,491,279,3,8777,,
,491,336,3,12630,,
,491,376,3,14726,,
,491,7,3,4998,,
,491 RufBus,282,3,8552,,
,4910,274,3,14333,,
,4911,274,3,9276,,
,4912,274,3,5049,,
,4913,274,3,2944,,
,4914,274,3,259,,
,4915,274,3,12769,,
,4916,274,3,858,,
,4917,274,3,22006,,
,4918,274,3,15718,,
,492,14,3,20526,,
,492,159,3,15713,,
,492,191,3,3554,,
,492,216,3,21486,,
,492,218,3,7216,,
,492,230,3,2527,B90276,FFFFFF
,492,243,3,413,73D700,FFFFFF
,492,244,3,10333,,
,492,274,3,15726,,
,492,291,3,5452,,
,492,301,3,23421,,
,492,313,3,22254,,
,492,336,3,8388,,
,492 RuBus,282,3,8217,,
,4920,274,3,11200,,
,4921,274,3,13014,,
,4922,274,3,21583,,
,4923,274,3,2529,,
,4924,274,3,4395,,
,4925,274,3,21569,,
,4927,274,3,6376,,
,4928,274,3,21863,,
,493,132,3,17792,,
,493,14,3,8469,,
,493,191,3,16223,,
,493,2,3,10854,,
,493,216,3,9998,,
,493,230,3,19482,F3953F,FFFFFF
,493,244,3,4802,,
,493,313,3,13454,,
,493,336,3,21243,,
,493 RufBus,282,3,3769,,
,494,132,3,3513,,
,494,14,3,9983,,
,494,172,3,16107,,
,494,191,3,13832,,
,494,216,3,22807,,
,494,230,3,3483,009640,FFFFFF
,494,244,3,21922,,
,494,279,3,21290,,
,494,301,3,16470,,
,494,307,3,541,,
,494,313,3,3341,,
,494,336,3,23636,,
,494 RufBus,282,3,11119,,
,495,172,3,4574,,
,495,191,3,6135,,
,495,230,3,18225,009640,FFFFFF
,495,301,3,6960,,
,495,307,3,14531,,
,495,336,3,279,,
,495 RufBus,282,3,22434,,
,4958,274,3,13687,,
,4959,274,3,12190,,
,496,172,3,8034,,
,496,191,3,13636,,
,496,307,3,9327,,
,496 RufBus,282,3,14685,,
,4961,274,3,1726,,
,4964,274,3,1080,,
,4965,274,3,379,,
,4966,274,3,23735,,
,4967,274,3,20584,,
,4968,274,3,13584,,
,4969,274,3,8012,,
,497,172,3,22216,,
,497,191,3,6086,,
,497,274,3,13893,,
,497,279,3,12618,,
,497,313,3,2581,,
,497 RufBus,282,3,1179,,
,4970,274,3,5909,,
,4971,274,3,23057,,
,4972,274,3,2768,,
,4973,274,3,22328,,
,498,191,3,9078,,
,498,2,3,4865,,
,498,274,3,17227,,
,498 RufBus,282,3,13679,,
,4980,274,3,19313,,
,4987,274,3,10130,,
,4988,274,3,8822,,
,499,172,3,5040,,
,499,274,3,8363,,
,499,313,3,23390,,
,4998,274,3,20093,,
,4A,127,3,20414,,
,4A,304,3,15512,,
,4AE,304,3,16715,,
,4ALFA,139,3,13369,,
,4E,141,0,22904,,
,4E,304,3,15280,,
,4E,7,3,19162,,
,4N,254,3,8118,,
,4S,141,0,23164,,
,4a,52,3,17021,,
,4b,52,3,9697,,
,5,106,0,20125,,
,5,106,3,17143,,
,5,110,3,12389,,
,5,116,3,14046,,
,5,118,3,22261,,
,5,119,3,14820,,
,5,121,3,3281,,
,5,127,3,270,,
,5,130,0,1942,,
,5,132,3,4198,,
,5,134,3,6761,,
,5,135,3,1689,,
,5,138,3,20963,,
,5,139,3,21088,,
,5,141,0,17026,,
,5,145,3,12257,,
,5,147,0,9181,,
,5,151,3,5431,,
,5,154,0,9819,,
,5,154,3,20421,,
,5,156,0,5143,,
,5,159,0,14886,,
,5,161,3,6730,,
,5,163,3,19074,,
,5,164,3,9579,,
,5,172,3,7468,,
,5,175,3,12683,,
,5,184,3,9447,,
,5,196,3,21714,,
,5,2,3,7654,,
,5,201,3,12162,,
,5,203,3,6545,,
,5,21,3,1349,,
,5,216,3,22920,,
,5,218,1,20551,,
,5,22,3,13385,,
,5,221,3,8152,,
,5,222,3,1302,,
,5,227,3,14788,,
,5,239,3,2494,,
,5,247,3,15069,,
,5,253,0,19406,E3791C,FFFFFF
,5,256,3,2216,,
,5,262,3,8705,,
,5,266,0,1629,,
,5,268,3,14926,,
,5,278,3,13122,,
,5,282,3,13159,,
,5,291,3,13588,,
,5,292,3,11228,,
,5,304,3,5881,,
,5,31,0,21244,,
,5,313,0,6887,,
,5,323,0,5108,,
,5,324,3,767,,
,5,330,3,15606,,
,5,333,3,14036,,
,5,34,3,5791,,
,5,340,3,23727,,
,5,353,3,2839,,
,5,354,3,2534,,
,5,365,3,7146,,
,5,367,3,5016,,
,5,369,3,10295,,
,5,378,3,14789,,
,5,381,0,3,,
,5,41,3,12718,,
,5,42,3,2688,,
,5,45,3,22410,,
,5,5,0,645,,
,5,58,3,7596,,
,5,59,3,5416,,
,5,68,0,16342,008436,FFFFFF
,5,69,3,22976,,
,5,7,3,2533,,
,5,9,3,20018,,
,5,94,0,23609,,
,5,96,3,6819,,
,5,97,3,11797,,
,5 (Hoyerswerda),207,3,22705,,
,5 A,195,3,2738,,
,5 B,195,3,12427,,
,5 SEV,159,3,4554,,
,5 b,367,3,16332,,
,5/43,333,3,4681,,
,50,100,3,22041,,
,50,106,3,12863,,
,50,116,3,4154,,
,50,118,3,20624,,
,50,138,3,13961,,
,50,146,3,19528,,
,50,147,3,18131,,
,50,151,3,14456,,
,50,181,3,20947,,
,50,2,3,21232,,
,50,201,3,11984,,
,50,205,3,8065,,
,50,228,3,7878,,
,50,240,3,21441,,
,50,266,3,11729,,
,50,274,0,19112,,
,50,29,3,14603,,
,50,304,3,22223,,
,50,318,3,16190,,
,50,320,3,16866,,
,50,322,3,2394,,
,50,365,3,13790,,
,50,369,3,17177,,
,50,378,3,3674,,
,50,380,3,12631,,
,50,42,3,11194,,
,50,46,0,13482,,
,50,54,3,16411,,
,50,69,3,14811,,
,50,7,3,13274,,
,50,9,3,5193,,
,50/S,282,3,859,,
,500,106,3,20617,,
,500,119,3,22081,,
,500,121,3,12800,,
,500,138,3,15545,,
,500,139,3,17194,,
,500,151,3,9812,,
,500,164,3,13037,,
,500,2,3,21590,,
,500,207,3,5667,,
,500,218,3,5168,,
,500,225,3,7362,,
,500,248,3,23315,,
,500,262,3,6151,,
,500,274,3,2447,,
,500,291,3,9048,,
,500,295,3,16739,,
,500,31,3,8417,,
,500,328,3,5056,,
,500,352,3,14092,,
,500,353,3,10489,,
,500,83,3,16544,,
,500,97,3,5734,,
,5001,216,3,14042,,
,5002,216,3,15116,,
,5003,216,3,22497,,
,5004,216,3,4234,,
,5005,216,3,13930,,
,5007,216,3,9656,,
,5008,216,3,14150,,
,5009,216,3,16404,,
,501,106,3,16990,,
,501,119,3,12632,,
,501,132,3,16236,,
,501,138,3,21394,,
,501,139,3,21802,,
,501,151,3,5226,,
,501,191,3,20189,,
,501,197,3,18742,,
,501,2,3,18456,,
,501,205,3,13637,,
,501,207,3,13680,,
,501,225,3,7030,,
,501,262,3,7991,,
,501,274,3,9580,,
,501,279,3,21147,,
,501,291,3,13651,,
,501,295,3,1330,,
,501,298,3,21797,,
,501,30,3,11484,,
,501,31,3,4946,,
,501,311,3,922,,
,501,333,3,13825,,
,501,349,3,12494,,
,501,353,3,18681,,
,501,381,3,18511,,
,501,45,3,22376,,
,501,78,3,15607,,
,501,83,3,20012,,
,5010,191,3,22055,,
,5011,216,3,22042,,
,5012,216,3,7317,,
,5013,216,3,6812,,
,5015,216,3,4568,,
,5016,216,3,22689,,
,5017,216,3,14348,,
,5019,216,3,4356,,
,501V,191,3,9828,,
,502,106,3,21035,,
,502,119,3,3751,,
,502,132,3,3903,,
,502,138,3,20395,,
,502,139,3,22808,,
,502,151,3,17642,,
,502,191,3,9549,,
,502,197,3,18891,,
,502,2,3,19579,,
,502,205,3,5606,,
,502,225,3,5109,,
,502,248,3,20142,,
,502,262,3,16679,,
,502,274,3,15128,,
,502,279,3,6115,,
,502,291,3,3191,,
,502,30,3,1766,,
,502,31,3,15774,,
,502,311,3,7997,,
,502,32,3,16536,,
,502,333,3,7839,,
,502,353,3,1127,,
,502,381,3,16723,,
,502,45,3,9306,,
,502,83,3,15042,,
,5020,191,3,4110,,
,5020,216,3,8024,,
,5021,216,3,13136,,
,5027,216,3,4927,,
,502V,191,3,20561,,
,503,106,3,19093,,
,503,119,3,20970,,
,503,132,3,16400,,
,503,138,3,3342,,
,503,139,3,5965,,
,503,151,3,4010,,
,503,183,3,7549,,
,503,197,3,13725,,
,503,2,3,22180,,
,503,205,3,21770,,
,503,225,3,12985,,
,503,262,3,7039,,
,503,274,3,6323,,
,503,279,3,15530,,
,503,291,3,2363,,
,503,31,3,1468,,
,503,32,3,2861,,
,503,349,3,14594,,
,503,353,3,4189,,
,503,381,3,15871,,
,503,83,3,1890,,
,504,106,0,4808,,
,504,106,3,15129,,
,504,119,3,9024,,
,504,132,3,14039,,
,504,138,3,20557,,
,504,139,3,21653,,
,504,151,3,3162,,
,504,186,3,6087,,
,504,197,3,11415,,
,504,2,3,2266,,
,504,205,3,6595,,
,504,248,3,646,,
,504,262,3,16466,,
,504,274,3,10442,,
,504,279,3,16150,,
,504,291,3,1698,,
,504,31,3,4301,,
,504,32,3,2593,,
,504,353,3,22697,,
,504,381,3,22300,,
,504,83,3,12675,,
,505,106,0,4709,,
,505,106,3,23492,,
,505,119,3,4085,,
,505,132,3,13940,,
,505,138,3,12473,,
,505,139,3,11559,,
,505,186,3,1897,,
,505,191,3,2559,,
,505,2,3,4278,,
,505,225,3,4146,,
,505,262,3,15588,,
,505,274,3,19663,,
,505,279,3,13966,,
,505,291,3,13380,,
,505,295,3,17055,,
,505,31,3,7646,,
,505,32,3,1981,,
,505,381,3,723,,
,5050,191,3,22296,,
,505ALFA,139,3,1708,,
,505V,191,3,16482,,
,506,106,3,19809,,
,506,119,3,22498,,
,506,138,3,10207,,
,506,139,3,9592,,
,506,186,3,3228,,
,506,197,3,12643,,
,506,2,3,64,,
,506,248,3,17161,,
,506,262,3,2703,,
,506,274,3,12442,,
,506,279,3,4835,,
,506,291,3,3820,,
,506,295,3,18505,,
,506,31,3,12248,,
,506,32,3,15599,,
,506,381,3,22184,,
,506,45,3,4648,,
,5061,216,3,7237,,
,5062,216,3,4259,,
,5063,216,3,19245,,
,506e,138,3,4809,,
,507,106,3,16991,,
,507,119,3,5227,,
,507,132,3,10776,,
,507,138,3,9381,,
,507,139,3,13645,,
,507,191,3,158,,
,507,2,3,5318,,
,507,248,3,9481,,
,507,274,3,9066,,
,507,282,3,4702,,
,507,31,3,9427,,
,507,32,3,15877,,
,507,349,3,21591,,
,507,381,3,8852,,
,507 RufBus,282,3,5792,,
,5071,216,3,22217,,
,5072,216,3,13514,,
,5073,216,3,16951,,
,5074,216,3,18287,,
,5075,216,3,7108,,
,508,106,3,7597,,
,508,119,3,16270,,
,508,132,3,21953,,
,508,138,3,17873,,
,508,186,3,3484,,
,508,2,3,7810,,
,508,205,3,19764,,
,508,248,3,584,,
,508,274,3,4748,,
,508,279,3,8352,,
,508,282,3,15841,,
,508,30,3,972,,
,508,31,3,7238,,
,508,32,3,860,,
,508,33,3,15078,,
,508,381,3,18675,,
,508 RufBus,282,3,15138,,
,508ALFA,139,3,1452,,
,509,106,3,18627,,
,509,119,3,6060,,
,509,132,3,20196,,
,509,139,3,23260,,
,509,183,3,18796,,
,509,2,3,15356,,
,509,248,3,11315,,
,509,279,3,22809,,
,509,282,3,23502,,
,509,291,3,7514,,
,509,30,3,6571,,
,509,31,3,16875,,
,509,32,3,31,,
,509,381,3,12905,,
,509,45,3,5329,,
,509 RufBus,282,3,19986,,
,50ALT,9,3,18512,,
,50N,201,3,2679,,
,50S,310,3,15778,,
,50_1,7,3,20234,,
,51,100,3,244,,
,51,106,3,7460,,
,51,119,3,2478,,
,51,138,3,5216,,
,51,146,3,19519,,
,51,147,3,16599,,
,51,156,3,3752,,
,51,164,3,7318,,
,51,172,3,5453,,
,51,183,3,17743,,
,51,2,3,16858,,
,51,201,3,10258,,
,51,210,0,12232,,
,51,227,3,9805,,
,51,266,3,22421,,
,51,274,0,11013,,
,51,29,3,16932,,
,51,310,3,3379,,
,51,313,3,5161,,
,51,318,3,4368,,
,51,320,3,16286,,
,51,322,3,23354,,
,51,333,3,17166,,
,51,365,3,18931,,
,51,367,3,18713,,
,51,369,3,14887,,
,51,378,3,21339,,
,51,380,3,89,,
,51,42,3,16970,,
,51,68,3,8647,3D3776,FFFFFF
,51,7,3,15872,,
,51,9,3,5165,,
,51/S,282,3,15896,,
,510,106,3,21935,,
,510,115,3,10765,,
,510,116,3,16426,,
,510,119,3,20791,,
,510,138,3,10062,,
,510,139,3,13877,,
,510,151,3,719,,
,510,164,3,7331,,
,510,2,3,7863,,
,510,218,3,22789,,
,510,225,3,12739,,
,510,248,3,23011,,
,510,274,3,23146,,
,510,279,3,15928,,
,510,295,3,5536,,
,510,30,3,8306,,
,510,31,3,7850,,
,510,32,3,22767,,
,510,335,3,3192,,
,510,352,3,15965,,
,510,353,3,23294,,
,510,38,3,19219,,
,510,381,3,7056,,
,510,59,3,11499,,
,510,77,3,3571,,
,510,83,3,13772,,
,5100,216,3,9859,,
,5102,216,3,22242,,
,5103,216,3,18833,,
,5104,216,3,12535,,
,511,119,3,12094,,
,511,132,3,19129,,
,511,138,3,4011,,
,511,139,3,18374,,
,511,151,3,8289,,
,511,157,3,14017,,
,511,159,3,13539,,
,511,176,3,11201,,
,511,186,3,22753,,
,511,191,3,1165,,
,511,2,3,11897,,
,511,248,3,7913,,
,511,274,3,17124,,
,511,279,3,13922,,
,511,298,3,18482,,
,511,31,3,3018,,
,511,338,3,5891,,
,511,381,3,15878,,
,511,45,3,19994,,
,511,59,3,12380,,
,511,83,3,1990,,
,5110,216,3,23651,,
,5111,216,3,22675,,
,5112,216,3,14102,,
,5114,216,3,15719,,
,511V,191,3,8396,,
,512,106,3,20900,,
,512,115,3,22958,,
,512,116,3,10645,,
,512,119,3,10296,,
,512,138,3,2269,,
,512,139,3,23558,,
,512,157,3,6031,,
,512,159,3,14448,,
,512,172,3,7541,,
,512,176,3,13791,,
,512,186,3,8539,,
,512,191,3,20190,,
,512,2,3,18916,,
,512,207,3,23241,,
,512,248,3,16836,,
,512,274,3,22993,,
,512,279,3,6015,,
,512,282,3,21692,,
,512,291,3,4437,,
,512,32,3,4350,,
,512,381,3,14303,,
,512,83,3,2023,,
,512 RufBus,282,3,6213,,
,512401,151,3,18778,,
,512402,151,3,23225,,
,512403,151,3,5102,,
,512404,151,3,20149,,
,512406,151,3,9838,,
,512407,151,3,2627,,
,512408,151,3,21089,,
,512409,151,3,3963,,
,512410,151,3,9588,,
,512V,191,3,17978,,
,513,106,3,22795,,
,513,115,3,10397,,
,513,119,3,16747,,
,513,139,3,10939,,
,513,151,3,22676,,
,513,172,3,1257,,
,513,176,3,23196,,
,513,186,3,18506,,
,513,191,3,5248,,
,513,2,3,18208,,
,513,248,3,12095,,
,513,282,3,17584,,
,513,291,3,17583,,
,513,3,3,3535,,
,513,30,3,4528,,
,513,31,3,11924,,
,513,32,3,8596,,
,513,381,3,23422,,
,513,83,3,11622,,
,513 AST,183,3,22796,,
,513 RufBus,282,3,522,,
,5130,216,3,12110,,
,5131,216,3,5119,,
,513V,191,3,14857,,
,514,106,3,11316,,
,514,115,3,2456,,
,514,119,3,15235,,
,514,139,3,2032,,
,514,151,3,19587,,
,514,176,3,21003,,
,514,186,3,8809,,
,514,2,3,15842,,
,514,262,3,13051,,
,514,274,3,8706,,
,514,279,3,17009,,
,514,282,3,14006,,
,514,291,3,14690,,
,514,31,3,11733,,
,514,32,3,22265,,
,514,381,3,11825,,
,514,83,3,9720,,
,514 RufBus,282,3,449,,
,514ALFA,139,3,5375,,
,515,106,3,20574,,
,515,115,3,11491,,
,515,119,3,15021,,
,515,172,3,396,,
,515,176,3,2222,,
,515,186,3,15357,,
,515,191,3,13077,,
,515,2,3,13206,,
,515,225,3,15752,,
,515,274,3,15704,,
,515,279,3,5205,,
,515,282,3,8607,,
,515,291,3,11658,,
,515,3,3,2295,,
,515,31,3,17956,,
,515,32,3,23337,,
,515,335,3,3637,,
,515,381,3,19189,,
,516,106,3,11760,,
,516,115,3,15390,,
,516,119,3,14723,,
,516,176,3,7626,,
,516,2,3,16688,,
,516,248,3,348,,
,516,262,3,13331,,
,516,280,3,13123,,
,516,282,3,2395,,
,516,291,3,5629,,
,516,31,3,20691,,
,516,32,3,23610,,
,516,381,3,5398,,
,516 RufBus,282,3,17567,,
,516191,151,3,1589,,
,516a,90,3,19552,,
,516b,90,3,17514,,
,516c,90,3,8911,,
,516d,90,3,2342,,
,517,115,3,13540,,
,517,119,3,2502,,
,517,172,3,11788,,
,517,2,3,19341,,
,517,248,3,23206,,
,517,274,3,8162,,
,517,279,3,18218,,
,517,282,3,12898,,
,517,291,3,15600,,
,517,3,3,10949,,
,517,31,3,7843,,
,517,32,3,10752,,
,517,381,3,15978,,
,517 RufBus,282,3,21411,,
,518,115,3,11935,,
,518,119,3,4774,,
,518,157,3,5491,,
,518,2,3,10427,,
,518,248,3,12339,,
,518,274,3,3683,,
,518,279,3,16348,,
,518,282,3,15466,,
,518,31,3,10152,,
,518,32,3,20415,,
,518,381,3,4972,,
,519,115,3,16244,,
,519,2,3,13720,,
,519,248,3,18537,,
,519,262,3,18702,,
,519,279,3,3804,,
,519,32,3,8334,,
,519,381,3,18612,,
,519 RufBus,282,3,10398,,
,51E,172,3,7095,,
,51E,9,3,4848,,
,51S,310,3,1683,,
,51V,9,3,16287,,
,52,100,3,15467,,
,52,106,3,2988,,
,52,118,3,7606,,
,52,119,3,19630,,
,52,138,3,17757,,
,52,141,3,575,,
,52,146,3,9014,,
,52,147,3,2427,,
,52,154,3,23525,,
,52,156,3,10913,,
,52,164,3,7409,,
,52,172,3,477,,
,52,18,3,4905,,
,52,183,3,10448,,
,52,2,3,8923,,
,52,201,3,4324,,
,52,205,3,2929,,
,52,226,3,18652,,
,52,227,3,13038,,
,52,240,3,12206,,
,52,266,3,23442,,
,52,274,0,232,,
,52,274,3,10347,,
,52,29,3,13515,,
,52,298,3,3055,,
,52,304,3,14159,,
,52,310,3,6334,,
,52,313,3,5867,,
,52,318,3,9961,,
,52,320,3,12205,,
,52,322,3,18812,,
,52,333,3,19234,,
,52,365,3,19696,,
,52,369,3,23377,,
,52,378,3,5877,,
,52,42,3,19256,,
,52,68,3,1363,7A2850,FFFFFF
,52,7,3,23538,,
,52,9,3,16427,,
,52,96,3,21867,,
,52/S,282,3,7404,,
,520,106,3,15327,,
,520,118,3,5492,,
,520,119,3,595,,
,520,138,3,3613,,
,520,139,3,5589,,
,520,176,3,2930,,
,520,197,3,23016,,
,520,2,3,14125,,
,520,207,3,6146,,
,520,218,3,11685,,
,520,225,3,20275,,
,520,274,3,667,,
,520,282,3,15320,,
,520,344,3,22534,,
,520,38,3,18450,,
,520,381,3,15350,,
,520,45,3,21623,,
,520,97,3,3065,,
,5200,216,3,19363,,
,5201,216,3,8633,,
,5202,216,3,16213,,
,5203,216,3,5614,,
,520ALFA,139,3,3071,,
,521,106,3,6068,,
,521,115,3,21090,,
,521,138,3,2143,,
,521,139,3,22364,,
,521,159,3,18541,,
,521,172,3,21314,,
,521,2,3,4262,,
,521,207,3,10766,,
,521,218,3,18084,,
,521,225,3,3425,,
,521,274,3,9685,,
,521,282,3,21429,,
,521,3,3,19009,,
,521,31,3,13589,,
,521,313,3,5162,,
,521,333,3,14637,,
,521,344,3,2211,,
,521,349,3,2628,,
,521,381,3,3595,,
,521,45,3,10611,,
,522,106,3,8129,,
,522,115,3,6633,,
,522,139,3,15079,,
,522,159,3,2968,,
,522,172,3,19220,,
,522,191,3,3702,,
,522,2,3,5987,,
,522,207,3,19393,,
,522,218,3,6032,,
,522,274,3,361,,
,522,3,3,20484,,
,522,31,3,7491,,
,522,333,3,5100,,
,522,344,3,14076,,
,522,349,3,15007,,
,522,381,3,6239,,
,522,45,3,20226,,
,522ALFA,139,3,4989,,
,523,106,3,22474,,
,523,125,3,3408,,
,523,132,3,7923,,
,523,159,3,518,,
,523,172,3,19077,,
,523,191,3,9913,,
,523,2,3,5861,,
,523,218,3,5766,,
,523,274,3,19179,,
,523,3,3,15918,,
,523,314,3,7367,,
,523,338,3,17102,,
,523,349,3,9031,,
,523,381,3,20072,,
,523,45,3,11925,,
,524,106,3,20227,,
,524,115,3,23660,,
,524,125,3,17010,,
,524,132,3,11160,,
,524,172,3,21269,,
,524,191,3,7080,,
,524,216,3,6859,,
,524,262,3,2333,,
,524,274,3,20606,,
,524,31,3,5801,,
,524,344,3,4836,,
,524,349,3,10670,,
,524,381,3,22677,,
,524,45,3,4325,,
,524V,191,3,20814,,
,525,106,3,11644,,
,525,115,3,17527,,
,525,118,3,7323,,
,525,125,3,17144,,
,525,132,3,7981,,
,525,139,3,5618,,
,525,172,3,5642,,
,525,191,3,6813,,
,525,2,3,20041,,
,525,262,3,5351,,
,525,274,3,729,,
,525,282,3,11416,,
,525,31,3,9482,,
,525,314,3,13812,,
,525,344,3,5217,,
,525,349,3,8513,,
,525,381,3,19885,,
,525,45,3,10233,,
,525 RufBus,282,3,19854,,
,5251,216,3,22411,,
,525ALFA,139,3,20520,,
,526,106,3,11003,,
,526,119,3,6187,,
,526,125,3,3772,,
,526,139,3,2881,,
,526,172,3,13131,,
,526,191,3,11291,,
,526,2,3,1720,,
,526,262,3,15460,,
,526,274,3,23728,,
,526,282,3,18062,,
,526,313,3,4041,,
,526,314,3,17867,,
,526,344,3,23543,,
,526,349,3,6314,,
,526,45,3,18901,,
,526 RufBus,282,3,12051,,
,526ALFA,139,3,15669,,
,527,106,3,18969,,
,527,115,3,14293,,
,527,164,3,18200,,
,527,191,3,655,,
,527,216,3,3262,,
,527,274,3,22181,,
,527,3,3,19765,,
,527,344,3,3939,,
,527,349,3,21315,,
,527,381,3,23252,,
,527e,344,3,5242,,
,528,106,3,10144,,
,528,115,3,4302,,
,528,164,3,20901,,
,528,172,3,22810,,
,528,191,3,1814,,
,528,2,3,14126,,
,528,282,3,7945,,
,528,3,3,7598,,
,528,349,3,15851,,
,528,45,3,3778,,
,528 RufBus,282,3,18946,,
,529,106,3,20103,,
,529,125,3,4882,,
,529,282,3,349,,
,529,314,3,589,,
,529,338,3,9790,,
,529,381,3,20373,,
,529 RufBus,282,3,14140,,
,529.1,262,3,9416,,
,529.2,262,3,9991,,
,52A,310,3,21592,,
,52E,172,3,15601,,
,53,100,3,23775,,
,53,106,3,9709,,
,53,118,3,8807,,
,53,138,3,14676,,
,53,146,3,14457,,
,53,147,3,17515,,
,53,154,3,1019,,
,53,156,3,4318,,
,53,159,0,19314,,
,53,164,3,20666,,
,53,18,3,1787,,
,53,2,3,22630,,
,53,201,3,16011,,
,53,205,3,6076,,
,53,220,3,4313,,
,53,227,3,20456,,
,53,274,0,3952,,
,53,29,3,17319,,
,53,298,3,9887,,
,53,304,3,9073,,
,53,310,3,21597,,
,53,313,3,11068,,
,53,318,3,17536,,
,53,320,3,12182,,
,53,322,3,7660,,
,53,333,3,14187,,
,53,378,3,20848,,
,53,42,3,22757,,
,53,72,3,18320,,
,53,9,3,7789,,
,53,96,3,1475,,
,53/S,282,3,3923,,
,530,106,3,2666,,
,530,116,3,4866,,
,530,119,3,11170,,
,530,139,3,15060,,
,530,14,3,6494,,
,530,164,3,14311,,
,530,172,3,15223,,
,530,2,3,8407,,
,530,207,3,7647,,
,530,216,3,14385,,
,530,218,3,13853,,
,530,225,3,10242,,
,530,274,3,18389,,
,530,282,3,1213,,
,530,291,3,763,,
,530,31,3,2151,,
,530,381,3,11104,,
,530,41,3,14963,006651,FFFFFF
,530,45,3,18768,,
,5300,216,3,11865,,
,5301,216,3,1880,,
,5301,353,3,17694,,
,5302,216,3,18762,,
,5303,216,3,8749,,
,530ALFA,139,3,430,,
,531,106,3,5232,,
,531,118,3,18209,,
,531,132,3,14334,,
,531,139,3,8979,,
,531,164,3,12295,,
,531,172,3,6171,,
,531,186,3,9315,,
,531,191,3,15775,,
,531,205,3,19442,,
,531,207,3,19580,,
,531,243,3,10137,73D700,FFFFFF
,531,274,3,5280,,
,531,279,3,17152,,
,531,282,3,9448,,
,531,291,3,12155,,
,531,3,3,7936,,
,531,31,3,5469,,
,531,381,3,2974,,
,531,45,3,20685,,
,531 RufBus,282,3,9673,,
,5315,216,3,9785,,
,531A,205,3,8119,,
,531ALFA,139,3,19732,,
,532,106,3,21139,,
,532,118,3,20089,,
,532,132,3,16654,,
,532,139,3,19817,,
,532,172,3,2797,,
,532,186,3,6939,,
,532,191,3,14103,,
,532,205,3,18463,,
,532,207,3,13030,,
,532,218,3,3150,,
,532,274,3,2894,,
,532,282,3,9895,,
,532,291,3,18069,,
,532,381,3,7714,,
,532 RufBus,282,3,10980,,
,532A,205,3,5412,,
,532ALFA,139,3,20863,,
,533,106,3,11317,,
,533,118,3,9550,,
,533,132,3,8314,,
,533,139,3,2428,,
,533,186,3,2106,,
,533,191,3,13522,,
,533,205,3,13426,,
,533,207,3,7691,,
,533,216,3,11479,,
,533,282,3,11991,,
,533,291,3,16356,,
,533,381,3,1397,,
,533,45,3,23090,,
,533 RufBus,282,3,9527,,
,533A,205,3,11069,,
,533ALFA,139,3,3589,,
,534,115,3,22886,,
,534,139,3,22339,,
,534,164,3,5998,,
,534,191,3,21593,,
,534,205,3,22941,,
,534,207,3,5376,,
,534,216,3,5900,,
,534,218,3,19374,,
,534,274,3,12536,,
,534,282,3,19697,,
,534,291,3,22439,,
,534,3,3,7497,,
,534,344,3,9331,,
,534,381,3,20780,,
,534 RufBus,282,3,7358,,
,5345,353,3,7207,,
,534A,205,3,18880,,
,535,115,3,21570,,
,535,139,3,23365,,
,535,172,3,10011,,
,535,186,3,1898,,
,535,191,3,20157,,
,535,205,3,16910,,
,535,207,3,4575,,
,535,216,3,1140,,
,535,274,3,9199,,
,535,282,3,8678,,
,535,291,3,4499,,
,535,3,3,14001,,
,535,381,3,13396,,
,535 RufBus,282,3,5754,,
,5353,216,3,923,,
,535ALFA,139,3,3977,,
,536,106,3,16593,,
,536,191,3,14858,,
,536,205,3,16004,,
,536,207,3,15054,,
,536,216,3,6659,,
,536,282,3,5929,,
,536,291,3,21857,,
,536,3,3,10628,,
,536,344,3,1091,,
,536,381,3,19269,,
,536 RufBus,282,3,3805,,
,5361,216,3,15305,,
,5362,216,3,5743,,
,536A,205,3,13305,,
,537,106,3,4667,,
,537,115,3,1193,,
,537,191,3,5354,,
,537,216,3,10688,,
,537,274,3,20610,,
,537,282,3,18430,,
,537,3,3,8283,,
,537 RufBus,282,3,10479,,
,538,115,3,6107,,
,538,186,3,17308,,
,538,191,3,1026,,
,538,274,3,9382,,
,538,282,3,7692,,
,538,291,3,15228,,
,538,336,3,3972,,
,538 RufBus,282,3,19043,,
,539,115,3,13194,,
,539,172,3,3880,,
,539,186,3,15468,,
,539,191,3,20179,,
,539,216,3,2543,,
,539,274,3,9878,,
,539,282,3,22831,,
,539,291,3,13848,,
,539,336,3,5702,,
,539,381,3,3809,,
,539 RufBus,282,3,3399,,
,539V,191,3,542,,
,53A,310,3,13735,,
,53N,304,3,1135,,
,53S,310,3,21784,,
,54,100,3,4867,,
,54,119,3,10078,,
,54,138,3,3590,,
,54,146,3,22945,,
,54,147,3,13419,,
,54,156,3,11109,,
,54,159,0,18628,,
,54,164,3,14582,,
,54,183,3,9353,,
,54,2,3,12614,,
,54,201,3,9978,,
,54,205,3,1954,,
,54,210,0,10449,,
,54,220,3,4047,,
,54,274,3,10892,,
,54,29,3,12545,,
,54,298,3,19588,,
,54,310,3,8587,,
,54,318,3,6433,,
,54,320,3,6307,,
,54,322,3,14423,,
,54,365,3,11019,,
,54,42,3,13652,,
,54,9,3,15179,,
,54,96,3,1101,,
,54,97,3,16976,,
,540,106,3,17171,,
,540,115,3,16650,,
,540,118,3,5497,,
,540,125,3,17859,,
,540,139,3,13361,,
,540,172,3,18219,,
,540,197,3,9777,,
,540,2,3,18464,,
,540,216,3,4738,,
,540,218,3,20409,,
,540,274,3,7550,,
,540,282,3,5126,,
,540,291,3,23576,,
,540,381,3,21464,,
,540,45,3,959,,
,540,48,3,13987,,
,5403,191,3,811,,
,5403,216,3,1478,,
,5404,216,3,15936,,
,5405,216,3,2584,,
,540ALFA,139,3,17246,,
,541,106,3,3172,,
,541,115,3,9736,,
,541,118,3,10325,,
,541,119,3,15043,,
,541,125,3,8713,,
,541,139,3,6464,,
,541,2,3,11568,,
,541,205,3,4330,,
,541,274,3,7332,,
,541,282,3,9670,,
,541,291,3,7319,,
,541,3,3,4346,,
,541,381,3,4269,,
,541,48,3,6526,,
,541 RufBus,282,3,2384,,
,541ALFA,139,3,15689,,
,541F,191,3,19209,,
,541H,191,3,6890,,
,541S,191,3,4027,,
,542,106,3,8205,,
,542,115,3,9150,,
,542,118,3,13911,,
,542,119,3,21117,,
,542,125,3,638,,
,542,132,3,22846,,
,542,139,3,18975,,
,542,172,3,11023,,
,542,191,3,4564,,
,542,2,3,1303,,
,542,205,3,21496,,
,542,282,3,22132,,
,542,291,3,7669,,
,542,3,3,22440,,
,542,314,3,23123,,
,542,344,3,2615,,
,542,381,3,6245,,
,542,45,3,2866,,
,542,48,3,14735,,
,542 RufBus,282,3,9888,,
,543,106,3,4688,,
,543,115,3,186,,
,543,119,3,4984,,
,543,132,3,9601,,
,543,139,3,19839,,
,543,186,3,17377,,
,543,191,3,21208,,
,543,2,3,10450,,
,543,216,3,11826,,
,543,274,3,4357,,
,543,282,3,4179,,
,543,291,3,15651,,
,543,3,3,10461,,
,543,381,3,12417,,
,543,45,3,1141,,
,543,48,3,4695,,
,543 RufBus,282,3,6829,,
,543ALFA,139,3,17553,,
,544,106,3,9551,,
,544,119,3,20471,,
,544,125,3,17298,,
,544,132,3,10363,,
,544,139,3,18253,,
,544,172,3,5076,,
,544,186,3,18600,,
,544,2,3,9934,,
,544,205,3,16655,,
,544,274,3,17284,,
,544,282,3,6353,,
,544,291,3,21742,,
,544,336,3,14981,,
,544,344,3,3539,,
,544,381,3,18047,,
,544ALFA,139,3,23391,,
,545,106,3,16386,,
,545,115,3,13628,,
,545,118,3,16528,,
,545,119,3,7811,,
,545,125,3,14790,,
,545,132,3,4689,,
,545,139,3,16748,,
,545,172,3,1029,,
,545,191,3,8861,,
,545,262,3,15438,,
,545,274,3,15090,,
,545,277,3,11986,,
,545,282,3,23103,,
,545,291,3,3836,,
,545,314,3,8720,,
,545,353,3,22839,,
,545,381,3,11250,,
,545,48,3,18805,,
,545 RufBus,282,3,17913,,
,545ALFA,139,3,8231,,
,546,106,3,159,,
,546,118,3,9369,,
,546,119,3,1294,,
,546,125,3,861,,
,546,132,3,10722,,
,546,172,3,39,,
,546,186,3,23235,,
,546,191,3,18513,,
,546,2,3,6848,,
,546,274,3,15295,,
,546,277,3,10525,,
,546,282,3,3037,,
,546,291,3,8787,,
,546,3,3,11361,,
,546,314,3,17388,,
,546,344,3,10079,,
,546,381,3,3027,,
,546,48,3,15132,,
,546 RufBus,282,3,16085,,
,547,106,3,5498,,
,547,119,3,22329,,
,547,125,3,9992,,
,547,132,3,21654,,
,547,191,3,6910,,
,547,2,3,12340,,
,547,274,3,15563,,
,547,277,3,20748,,
,547,3,3,7484,,
,547,349,3,21405,,
,547,381,3,19133,,
,548,106,3,20212,,
,548,119,3,22778,,
,548,125,3,3821,,
,548,132,3,17648,,
,548,172,3,20720,,
,548,186,3,772,,
,548,191,3,14532,,
,548,2,3,6389,,
,548,216,3,2194,,
,548,274,3,3367,,
,548,291,3,16977,,
,548,3,3,13988,,
,548,314,3,19801,,
,548,381,3,3793,,
,548,48,3,15161,,
,549,119,3,16867,,
,549,125,3,3504,,
,549,172,3,1619,,
,549,191,3,22465,,
,549,274,3,10860,,
,549,291,3,20731,,
,549,314,3,19094,,
,549,381,3,1304,,
,549,48,3,1858,,
,549 RufBus,282,3,9798,,
,54ALT,9,3,2476,,
,54V,9,3,5676,,
,55,100,3,7124,,
,55,106,3,16992,,
,55,118,3,19773,,
,55,121,3,3555,,
,55,138,3,23493,,
,55,141,3,1551,,
,55,146,3,13805,,
,55,147,3,12619,,
,55,164,3,21456,,
,55,172,3,15905,,
,55,183,3,6172,,
,55,2,3,19355,,
,55,201,3,15144,,
,55,220,3,10571,,
,55,227,3,15809,,
,55,240,3,21972,,
,55,266,3,16349,,
,55,274,3,4406,,
,55,298,3,9268,,
,55,304,3,1077,,
,55,320,3,22718,,
,55,322,3,7003,,
,55,372,3,22631,,
,55,378,3,23046,,
,55,42,3,3211,,
,55,9,3,14477,,
,55,96,3,20875,,
,55,97,3,4021,,
,55/S,282,3,17600,,
,550,106,3,1384,,
,550,119,3,2152,,
,550,125,3,15257,,
,550,169,3,5672,,
,550,2,3,5361,,
,550,216,3,6402,,
,550,274,3,9388,,
,550,291,3,18468,,
,550,3,3,1734,,
,550,314,3,18819,,
,550,338,3,8136,,
,550,344,3,15727,,
,550,352,3,12923,,
,550,353,3,8144,,
,550,381,3,11328,,
,550,48,3,4860,,
,5500,216,3,22243,,
,5501,216,3,4823,,
,5502,216,3,10259,,
,5503,216,3,14791,,
,5507,216,3,23,,
,551,125,3,7785,,
,551,159,3,16101,,
,551,169,3,18797,,
,551,205,3,22012,,
,551,216,3,11678,,
,551,282,3,315,,
,551,291,3,11296,,
,551,3,3,7537,,
,551,314,3,20213,,
,551,338,3,21914,,
,551,344,3,17766,,
,551,349,3,18345,,
,551,376,3,4358,,
,551,381,3,21669,,
,551,48,3,11641,,
,551 RufBus,282,3,21043,,
,5510,45,3,2296,,
,5511,45,3,21555,,
,5512,45,3,19709,,
,5513,45,3,20081,,
,5515,45,3,21777,,
,5516,45,3,13604,,
,551A,205,3,5593,,
,552,111,3,328,,
,552,132,3,11403,,
,552,159,3,9840,,
,552,169,3,20296,,
,552,172,3,20702,,
,552,197,3,13207,,
,552,274,3,22523,,
,552,291,3,5915,,
,552,338,3,14270,,
,552,344,3,6749,,
,552,349,3,18086,,
,552,381,3,13732,,
,552,48,3,21331,,
,5520,45,3,505,,
,553,125,3,13792,,
,553,132,3,5442,,
,553,159,3,20786,,
,553,169,3,4906,,
,553,191,3,14166,,
,553,274,3,14390,,
,553,282,3,11761,,
,553,291,3,2337,,
,553,3,3,11789,,
,553,314,3,7125,,
,553,338,3,15217,,
,553,344,3,7109,,
,553,349,3,13381,,
,553,381,3,12733,,
,553,45,3,19693,,
,553,48,3,998,,
,553 RufBus,282,3,4661,,
,554,125,3,9674,,
,554,132,3,12301,,
,554,159,3,471,,
,554,169,3,10886,,
,554,205,3,7062,,
,554,216,3,15100,,
,554,274,3,22615,,
,554,277,3,5933,,
,554,291,3,2913,,
,554,3,3,12239,,
,554,338,3,3115,,
,554,381,3,711,,
,554,45,3,7363,,
,554,48,3,14772,,
,554A,205,3,17896,,
,555,106,3,874,,
,555,119,3,19137,,
,555,125,3,18592,,
,555,132,3,16464,,
,555,159,3,4127,,
,555,169,3,18333,,
,555,191,3,17864,,
,555,197,3,14440,,
,555,274,3,13516,,
,555,277,3,11734,60B239,FFFFFF
,555,282,3,12302,,
,555,291,3,18210,,
,555,292,3,6753,,
,555,3,3,19623,,
,555,314,3,13184,,
,555,338,3,18691,,
,556,106,3,7648,,
,556,169,3,6116,,
,556,186,3,16428,,
,556,205,3,14220,,
,556,274,3,13667,,
,556,291,3,21539,,
,556,3,3,15417,,
,556,338,3,19453,,
,556,352,3,12315,,
,556,353,3,22951,,
,556,381,3,13105,,
,556,48,3,9657,,
,557,106,3,9004,,
,557,119,3,23605,,
,557,132,3,6480,,
,557,169,3,9968,,
,557,186,3,16498,,
,557,191,3,9786,,
,557,274,3,9005,,
,557,338,3,4990,,
,557,381,3,10692,,
,557,48,3,19258,,
,557,91,3,3104,,
,558,106,3,22279,,
,558,119,3,10125,,
,558,157,3,11463,,
,558,164,3,16483,,
,558,169,3,21930,,
,558,172,3,2355,,
,558,191,3,9698,,
,558,205,3,16367,,
,558,274,3,17266,,
,558,277,3,2097,,
,558,291,3,11312,,
,558,338,3,13483,,
,558,344,3,13548,,
,558,349,3,7515,,
,558,381,3,12590,,
,558,48,3,8252,,
,559,119,3,7324,,
,559,164,3,13412,,
,559,169,3,20971,,
,559,191,3,7966,,
,559,205,3,20922,,
,559,274,3,4063,,
,559,291,3,13285,,
,559,338,3,6250,,
,559,381,3,18288,,
,55ALT,9,3,12853,,
,55B,304,3,22101,,
,55S,310,3,17437,,
,55V,9,3,14202,,
,56,100,3,21526,,
,56,119,3,16911,,
,56,121,3,17027,,
,56,138,3,20984,,
,56,146,3,1709,,
,56,147,3,8545,,
,56,156,3,20586,,
,56,164,3,1536,,
,56,172,3,8634,,
,56,183,3,21790,,
,56,2,3,14544,,
,56,201,3,20585,,
,56,205,3,14527,,
,56,210,0,4919,,
,56,22,3,8988,,
,56,220,3,15837,,
,56,274,3,18055,,
,56,298,3,13382,,
,56,304,3,20798,,
,56,310,3,15862,,
,56,313,3,1917,,
,56,318,3,1262,,
,56,320,3,10160,,
,56,322,3,23498,,
,56,367,3,2798,,
,56,372,3,9494,,
,56,378,3,12801,,
,56,96,3,12096,,
,56/S,282,3,17236,,
,560,106,3,17758,,
,560,116,3,8912,,
,560,159,3,23729,,
,560,169,3,4287,,
,560,186,3,202,,
,560,2,3,3581,,
,560,205,3,10635,,
,560,218,3,3124,,
,560,282,3,8500,,
,560,291,3,2632,,
,560,31,3,17293,,
,560,338,3,8581,,
,560,344,3,21877,,
,560,381,3,3904,,
,560,48,3,12183,,
,5600,216,3,17277,,
,5606,216,3,10045,,
,561,106,3,1735,,
,561,169,3,3245,,
,561,172,3,9896,,
,561,191,3,7918,,
,561,205,3,10575,,
,561,216,3,12945,,
,561,218,3,19668,,
,561,274,3,9399,,
,561,282,3,4012,,
,561,338,3,23139,,
,561,381,3,10801,,
,561,48,3,22725,,
,561,50,3,14209,,
,561 RufBus,282,3,13224,,
,562,106,3,14865,,
,562,111,3,17423,,
,562,169,3,4164,,
,562,172,3,3582,,
,562,191,3,1166,,
,562,2,3,9267,,
,562,205,3,3521,,
,562,216,3,16614,,
,562,218,3,22562,,
,562,274,3,3409,,
,562,338,3,10356,,
,562,349,3,10590,,
,562,376,3,16012,,
,562,381,3,10415,,
,562,48,3,2356,,
,562,50,3,4634,,
,562,97,3,559,,
,5621,191,3,17034,,
,562V,191,3,4853,,
,563,106,3,11626,,
,563,169,3,17370,,
,563,172,3,18793,,
,563,2,3,13773,,
,563,205,3,12528,,
,563,274,3,16765,,
,563,291,3,22698,,
,563,338,3,18397,,
,563,376,3,1881,,
,563,48,3,10480,,
,563,50,3,2180,,
,564,172,3,3116,,
,564,191,3,21655,,
,564,2,3,153,,
,564,205,3,9806,,
,564,274,3,15525,,
,564,338,3,16656,,
,564,381,3,16336,,
,564,48,3,16633,,
,564,50,3,15705,,
,564,97,3,19342,,
,564V,191,3,11577,,
,565,106,3,8588,,
,565,119,3,16777,,
,565,132,3,15035,,
,565,164,3,23544,,
,565,169,3,8385,,
,565,172,3,5174,,
,565,191,3,21158,,
,565,2,3,29,,
,565,274,3,7242,,
,565,282,3,1258,,
,565,338,3,16258,,
,565,344,3,18098,,
,565,381,3,23098,,
,565,50,3,1515,,
,566,106,3,8913,,
,566,119,3,17874,,
,566,164,3,18965,,
,566,169,3,7364,,
,566,172,3,10153,,
,566,186,3,12669,,
,566,2,3,21893,,
,566,205,3,10364,,
,566,274,3,17089,,
,566,282,3,15016,,
,566,291,3,10991,,
,566,31,3,23058,,
,566,338,3,2429,,
,566,376,3,8323,,
,566,381,3,10411,,
,566,50,3,15203,,
,566,97,3,11762,,
,566 RufBus,282,3,14173,,
,567,106,3,17571,,
,567,164,3,6603,,
,567,172,3,9593,,
,567,186,3,8344,,
,567,191,3,18478,,
,567,205,3,6900,,
,567,216,3,18714,,
,567,274,3,5776,,
,567,282,3,14446,,
,567,381,3,18085,,
,567,48,3,21594,,
,567,50,3,13550,,
,567 RufBus,282,3,22402,,
,5670,191,3,13052,,
,567A,205,3,6916,,
,567V,191,3,10700,,
,568,106,3,11096,,
,568,164,3,20341,,
,568,172,3,19142,,
,568,186,3,14407,,
,568,191,3,11464,,
,568,2,3,22441,,
,568,205,3,2015,,
,568,274,3,23588,,
,568,282,3,14358,,
,568,338,3,17998,,
,568,381,3,5966,,
,568,48,3,19802,,
,568,50,3,9820,,
,5680,191,3,15070,,
,568A,205,3,9787,,
,568V,191,3,6961,,
,569,119,3,4962,,
,569,164,3,5777,,
,569,172,3,7010,,
,569,191,3,17043,,
,569,2,3,6509,,
,569,216,3,5206,,
,569,274,3,2343,,
,569,282,3,1918,,
,569,291,3,6206,,
,569,48,3,17875,,
,569,50,3,13931,,
,569V,191,3,747,,
,56E,172,3,19747,,
,57,100,3,9813,,
,57,119,3,2952,,
,57,138,3,10250,,
,57,141,3,4479,,
,57,147,3,18048,,
,57,156,3,3596,,
,57,164,3,2667,,
,57,172,3,13494,,
,57,183,3,18116,,
,57,205,3,6506,,
,57,274,3,3009,,
,57,298,3,3440,,
,57,310,3,23295,,
,57,318,3,10105,,
,57,320,3,5175,,
,57,322,3,23443,,
,57,380,3,2286,,
,57,96,3,1670,,
,57/S,282,3,6225,,
,570,106,3,6465,,
,570,116,3,6904,,
,570,119,3,18665,,
,570,132,3,9468,,
,570,164,3,9105,,
,570,169,3,23002,,
,570,172,3,20876,,
,570,191,3,12233,,
,570,218,3,8431,,
,570,274,3,20717,,
,570,291,3,15514,,
,570,295,3,7790,,
,570,338,3,22847,,
,570,344,3,10879,,
,570,376,3,17267,,
,570,381,3,14898,,
,570,48,3,16569,,
,570,50,3,12287,,
,5700,216,3,17972,,
,5701,216,3,17979,,
,5702,216,3,12123,,
,5703,216,3,20051,,
,5705,216,3,15180,,
,5706,216,3,23535,,
,5707,216,3,16578,,
,571,119,3,20416,,
,571,132,3,10193,,
,571,164,3,1331,,
,571,172,3,1758,,
,571,186,3,15516,,
,571,191,3,14792,,
,571,2,3,12591,,
,571,205,3,4788,,
,571,218,3,18451,,
,571,274,3,11679,,
,571,291,3,1453,,
,571,338,3,19394,,
,571,344,3,14244,,
,571,381,3,12670,,
,571A,205,3,19098,,
,571TB,119,3,16501,,
,572,116,3,19607,,
,572,119,3,472,,
,572,132,3,12537,,
,572,164,3,12504,,
,572,172,3,20552,,
,572,186,3,19980,,
,572,2,3,16868,,
,572,205,3,8486,,
,572,218,3,19386,,
,572,274,3,17717,,
,572,291,3,17125,,
,572,338,3,8200,,
,572,381,3,4730,,
,572,48,3,19407,,
,572TB,119,3,8247,,
,573,119,3,20082,,
,573,164,3,18606,,
,573,169,3,10777,,
,573,172,3,12303,,
,573,186,3,16102,,
,573,191,3,21063,,
,573,2,3,17228,,
,573,205,3,6413,,
,573,218,3,16781,,
,573,274,3,12876,,
,573,291,3,11349,,
,573,295,3,5623,,
,573,338,3,4001,,
,573,381,3,16657,,
,573,50,3,13111,,
,574,119,3,12999,,
,574,164,3,7421,,
,574,169,3,16993,,
,574,172,3,2692,,
,574,186,3,7649,,
,574,191,3,11395,,
,574,205,3,21140,,
,574,216,3,23600,,
,574,218,3,14882,,
,574,274,3,2430,,
,574,291,3,2159,,
,574,338,3,16350,,
,574,50,3,18542,,
,574A,205,3,10467,,
,575,106,3,8830,,
,575,119,3,19503,,
,575,164,3,21973,,
,575,172,3,15025,,
,575,191,3,8897,,
,575,218,3,11771,,
,575,274,3,11438,,
,575,291,3,12705,,
,575,338,3,23350,,
,575,344,3,19923,,
,575,50,3,6147,,
,5751,216,3,23236,,
,576,119,3,5176,,
,576,164,3,13878,,
,576,169,3,13212,,
,576,172,3,16551,,
,576,191,3,9699,,
,576,216,3,16647,,
,576,291,3,17586,,
,576,338,3,12671,,
,576,381,3,16903,,
,577,119,3,17744,,
,577,132,3,17485,,
,577,164,3,4548,,
,577,169,3,4892,,
,577,291,3,13917,,
,577,338,3,23165,,
,577,344,3,16079,,
,577,349,3,8084,,
,577,381,3,16458,,
,578,119,3,5218,,
,578,132,3,8364,,
,578,164,3,6419,,
,578,205,3,21277,,
,578,216,3,13721,,
,578,291,3,23325,,
,578,338,3,19044,,
,578,344,3,14990,,
,578,349,3,14349,,
,578,381,3,12006,,
,579,119,3,17148,,
,579,164,3,15476,,
,579,191,3,18552,,
,579,205,3,1640,,
,579,291,3,7152,,
,579,338,3,22232,,
,579,344,3,14234,,
,579,381,3,1364,,
,579e,344,3,22392,,
,57E,172,3,6737,,
,58,100,3,10753,,
,58,118,3,15572,,
,58,119,3,12570,,
,58,138,3,12816,,
,58,141,3,1671,,
,58,147,3,22758,,
,58,156,3,18859,,
,58,172,3,1030,,
,58,183,3,22936,,
,58,205,3,23226,,
,58,226,3,14093,,
,58,274,3,15071,,
,58,304,3,23033,,
,58,310,3,6016,,
,58,318,3,23474,,
,58,320,3,17973,,
,58,42,3,10095,,
,58,68,3,10929,10A3DD,FFFFFF
,58,7,3,4190,,
,58,9,3,9332,,
,58,96,3,10709,,
,58/S,282,3,19463,,
,580,106,3,5454,,
,580,118,3,17475,,
,580,119,3,4120,,
,580,164,3,8862,,
,580,169,3,9025,,
,580,172,3,3273,,
,580,176,3,13114,,
,580,191,3,20765,,
,580,2,3,16488,,
,580,218,3,8799,,
,580,274,3,23305,,
,580,291,3,20134,,
,580,295,3,8778,,
,580,48,3,15133,,
,580V,191,3,12649,,
,581,118,3,23299,,
,581,119,3,881,,
,581,164,3,18666,,
,581,169,3,21077,,
,581,172,3,2594,,
,581,191,3,18728,,
,581,218,3,2984,,
,581,274,3,17521,,
,581,291,3,15029,,
,581,295,3,20374,,
,581,298,3,17132,,
,581,3,3,10680,,
,581,338,3,12156,,
,581,344,3,16377,,
,581,349,3,11777,,
,581,48,3,18245,,
,582,106,3,23054,,
,582,164,3,1569,,
,582,169,3,19401,,
,582,191,3,15937,,
,582,274,3,14736,,
,582,282,3,8934,,
,582,291,3,10888,,
,582,3,3,2574,,
,582,338,3,18141,,
,582,349,3,20629,,
,582,48,3,1495,,
,582,7,3,933,,
,583,106,3,16999,,
,583,164,3,6701,,
,583,169,3,18514,,
,583,172,3,604,,
,583,176,3,9160,,
,583,274,3,12469,,
,583,291,3,21494,,
,583,3,3,16641,,
,583,338,3,10508,,
,583,349,3,19299,,
,583,48,3,10314,,
,583,7,3,19601,,
,584,106,3,6588,,
,584,132,3,16554,,
,584,164,3,18077,,
,584,169,3,16103,,
,584,191,3,10126,,
,584,274,3,10072,,
,584,291,3,815,,
,584,338,3,11945,,
,584,344,3,16912,,
,584,349,3,8810,,
,584,48,3,23273,,
,584.1,3,3,2016,,
,584.2,3,3,5009,,
,584V,191,3,6714,,
,585,106,3,21172,,
,585,132,3,4758,,
,585,169,3,3368,,
,585,274,3,19880,,
,585,282,3,19171,,
,585,291,3,12512,,
,585,3,3,13306,,
,585,313,3,12344,,
,585,338,3,9282,,
,585,344,3,22255,,
,585,349,3,14569,,
,585,7,3,8898,,
,586,106,3,14947,,
,586,132,3,20568,,
,586,169,3,14553,,
,586,176,3,21044,,
,586,191,3,20058,,
,586,274,3,13484,,
,586,291,3,12676,,
,586,3,3,5219,,
,586,338,3,16634,,
,586,344,3,22145,,
,586,349,3,14271,,
,586,48,3,22811,,
,587,106,3,18642,,
,587,132,3,11861,,
,587,169,3,21644,,
,587,172,3,12052,,
,587,191,3,23399,,
,587,274,3,16752,,
,587,291,3,11877,,
,587,3,3,2512,,
,587,344,3,8093,,
,587,349,3,16555,,
,587,48,3,5019,,
,587,7,3,22905,,
,587,82,3,20781,,
,588,106,3,11972,,
,588,132,3,7310,,
,588,169,3,2991,,
,588,216,3,21275,,
,588,291,3,15857,,
,588,3,3,20324,,
,588,313,3,16529,,
,588,349,3,15044,,
,588,48,3,1402,,
,589,132,3,23629,,
,589,169,3,9067,,
,589,172,3,23042,,
,589,216,3,566,,
,589,291,3,16351,,
,589,3,3,9220,,
,589,48,3,8707,,
,589,59,3,3229,,
,589a,7,3,10992,,
,589b,7,3,10490,,
,589c,7,3,11823,,
,58E,172,3,15779,,
,59,100,3,16484,,
,59,106,3,9087,,
,59,119,3,11485,,
,59,138,3,23319,,
,59,147,3,17035,,
,59,151,3,20749,,
,59,156,3,3480,,
,59,164,3,9954,,
,59,183,3,8734,,
,59,205,3,10304,,
,59,304,3,14478,,
,59,318,3,11229,,
,59,320,3,5636,,
,59,322,3,8253,,
,59,380,3,11453,,
,59,7,3,19810,,
,59/S,282,3,16818,,
,590,106,3,13407,,
,590,132,3,11161,,
,590,169,3,3929,,
,590,172,3,9316,,
,590,191,3,18990,,
,590,2,3,17721,,
,590,205,3,20671,,
,590,274,3,11171,,
,590,277,3,3888,60B239,FFFFFF
,590,291,3,9562,,
,590,295,3,12026,,
,590,313,3,23342,,
,590,381,3,3294,,
,590,48,3,13702,,
,590,59,3,9557,,
,5900,216,3,2348,,
,5902,216,3,7197,,
,5903,216,3,3441,,
,5904,216,3,4776,,
,591,106,3,22754,,
,591,111,3,8788,,
,591,119,3,13010,,
,591,132,3,18820,,
,591,169,3,12111,,
,591,172,3,1219,,
,591,205,3,18531,,
,591,274,3,20852,,
,591,291,3,10701,,
,591,3,3,2925,,
,591,349,3,15538,,
,591,376,3,18813,,
,591,7,3,9182,,
,5911,274,3,18996,,
,5915,274,3,22563,,
,5916,274,3,7698,,
,591A,205,3,9374,,
,592,106,3,7801,,
,592,111,3,5875,,
,592,138,3,16057,,
,592,169,3,1690,,
,592,172,3,6394,,
,592,191,3,7992,,
,592,205,3,10473,,
,592,262,3,7599,,
,592,291,3,21176,,
,592,344,3,2055,,
,592,349,3,16941,,
,592,381,3,9106,,
,5925,274,3,17081,,
,592A,205,3,20750,,
,592B,205,3,2144,,
,593,111,3,11271,,
,593,169,3,11623,,
,593,172,3,3572,,
,593,191,3,9665,,
,593,216,3,8408,,
,593,274,3,6872,,
,593,291,3,4147,,
,593,349,3,12368,,
,593,381,3,6660,,
,593,7,3,17204,,
,5930,274,3,9634,,
,5931,274,3,18976,,
,5932,274,3,11842,,
,5933,274,3,726,,
,5934,274,3,20543,,
,594,111,3,20276,,
,594,172,3,6704,,
,594,191,3,8514,,
,594,216,3,20840,,
,594,274,3,22019,,
,594,349,3,19798,,
,594,381,3,23114,,
,594,7,3,13712,,
,5940,274,3,110,,
,5946,274,3,17595,,
,595,106,3,16237,,
,595,111,3,334,,
,595,121,3,18959,,
,595,132,3,4314,,
,595,169,3,180,,
,595,191,3,4810,,
,595,205,3,1611,,
,595,216,3,16933,,
,595,274,3,13375,,
,595,291,3,13780,,
,595,344,3,16994,,
,595,80,3,16058,,
,596,106,3,22365,,
,596,132,3,12042,,
,596,138,3,19099,,
,596,169,3,22115,,
,596,191,3,9501,,
,596,2,3,16272,,
,596,274,3,15780,,
,596,291,3,6873,,
,596,381,3,1061,,
,596,80,3,17695,,
,5960,274,3,7914,,
,597,132,3,6366,,
,597,169,3,18593,,
,597,191,3,6280,,
,597,349,3,7504,,
,597,381,3,3390,,
,597,65,3,3689,,
,597,7,3,12606,,
,597.1,336,3,21055,,
,597.2,336,3,8831,,
,5971,274,3,8753,,
,5972,274,3,5916,,
,5974,274,3,2953,,
,5978,274,3,7279,,
,5979,274,3,9627,,
,598,132,3,7126,,
,598,191,3,8248,,
,598,274,3,11686,,
,598,344,3,2136,,
,598,381,3,3019,,
,598,80,3,10279,,
,5980,274,3,3221,,
,598A,169,3,875,,
,598B,169,3,12962,,
,598C,169,3,20832,,
,598D,169,3,19811,,
,598E,169,3,5115,,
,598F,169,3,19868,,
,598G,169,3,17350,,
,599,111,3,625,,
,599,132,3,6970,,
,599,139,3,4218,,
,599,191,3,15347,,
,599,262,3,22865,,
,599,274,3,11711,,
,599,344,3,335,,
,599,381,3,15828,,
,59A,304,3,23423,,
,59ALT,9,3,4536,,
,5A,163,3,17444,,
,5A,304,3,7725,,
,5ALFA,139,3,5663,,
,5E,154,0,9866,,
,5E,304,3,21693,,
,5S,141,0,22095,,
,5V,9,3,8418,,
,5a,52,3,9428,,
,5b,52,3,705,,
,6,106,0,12561,,
,6,106,3,6061,,
,6,119,3,15929,,
,6,121,3,11763,,
,6,127,3,16238,,
,6,132,3,15670,,
,6,134,3,6807,,
,6,135,3,5505,,
,6,138,3,22662,,
,6,139,3,9671,,
,6,141,0,5668,FFCC00,FFFFFF
,6,145,3,1067,,
,6,147,0,10714,,
,6,151,3,18932,,
,6,156,0,10048,,
,6,159,3,8266,,
,6,161,3,6860,,
,6,166,0,8254,,
,6,172,3,14359,,
,6,175,3,14751,,
,6,184,3,3289,,
,6,2,3,16823,,
,6,201,3,23043,,
,6,203,3,23464,,
,6,207,0,15642,,
,6,21,3,12234,,
,6,216,3,12268,,
,6,218,1,11377,,
,6,221,3,13523,,
,6,222,3,2867,,
,6,226,3,1062,,
,6,245,0,22812,C39E00,FFFFFF
,6,247,3,6973,,
,6,262,3,2889,,
,6,266,0,16263,,
,6,268,3,23720,,
,6,274,3,7633,,
,6,282,3,20663,,
,6,291,3,3837,,
,6,292,3,8518,,
,6,304,3,19017,,
,6,306,0,21430,,
,6,322,3,11634,,
,6,323,0,15690,,
,6,324,3,7661,,
,6,330,3,18564,,
,6,333,3,1305,,
,6,34,3,24,,
,6,340,3,3314,,
,6,353,3,23253,,
,6,354,3,19387,,
,6,365,3,21878,,
,6,367,3,15162,,
,6,369,3,12462,,
,6,378,3,882,,
,6,41,3,5477,,
,6,42,3,8939,,
,6,45,3,12362,,
,6,52,3,13765,,
,6,59,3,21936,,
,6,60,3,11260,,
,6,68,0,12431,7BAA1F,FFFFFF
,6,69,3,11627,,
,6,7,3,14174,,
,6,9,3,17683,,
,6,94,0,8501,,
,6,96,3,14782,,
,6,97,3,22088,,
,6 S,268,3,712,,
,60,100,3,9251,,
,60,106,3,8940,,
,60,11,3,23717,,
,60,118,3,816,,
,60,119,3,3838,,
,60,138,3,6138,,
,60,146,3,19981,,
,60,147,3,14677,,
,60,151,3,16276,,
,60,155,3,2254,,
,60,181,3,14604,,
,60,2,3,9512,,
,60,205,3,15546,,
,60,210,3,3181,,
,60,266,3,2402,,
,60,274,3,4686,,
,60,298,3,18246,,
,60,304,3,16031,,
,60,310,3,13253,,
,60,320,3,15163,,
,60,322,3,8886,,
,60,363,7,13558,,
,60,372,3,9532,,
,60,378,3,19574,,
,60,380,3,18091,,
,60,46,0,172,,
,60,54,3,14773,,
,60,68,3,4593,B95A70,FFFFFF
,60,7,3,21045,,
,60,96,3,907,,
,600,106,3,2917,,
,600,11,3,2021,,
,600,116,3,9508,,
,600,119,3,7389,,
,600,122,3,22889,,
,600,138,3,15658,,
,600,139,3,19194,,
,600,164,3,22866,,
,600,218,3,2568,,
,600,292,3,20359,,
,600,360,3,2780,,
,600,363,3,5392,,
,600,381,3,19095,,
,600,45,3,1325,,
,600,83,3,9904,,
,600,93,3,4973,,
,6001,59,3,20833,,
,6008,59,3,19786,,
,6009,59,3,13440,,
,601,106,3,14305,,
,601,11,3,11680,,
,601,119,3,2612,,
,601,137,3,21316,,
,601,138,3,9032,,
,601,139,3,13351,,
,601,172,3,21375,,
,601,191,3,23166,,
,601,216,3,22670,,
,601,262,3,17829,,
,601,274,3,1749,,
,601,291,3,8735,,
,601,297,3,2704,,
,601,298,3,8098,,
,601,31,3,3514,,
,601,328,3,21159,,
,601,333,3,1214,,
,601,360,3,4359,,
,601,363,3,21442,,
,601,381,3,883,,
,601,39,3,2613,,
,601,48,3,12976,,
,601,83,3,16946,,
,601,93,3,17389,,
,601.1,262,3,15643,,
,6010,118,3,5570,,
,6010,59,3,21624,,
,6012,59,3,10085,,
,6013,59,3,6214,,
,6018,59,3,20985,,
,602,106,3,596,,
,602,11,3,6579,,
,602,119,3,19000,,
,602,137,3,4,,
,602,186,3,4635,,
,602,191,3,22503,,
,602,262,3,12994,,
,602,27,3,20073,,
,602,274,3,15403,,
,602,291,3,18366,,
,602,297,3,17689,,
,602,31,3,8487,,
,602,328,3,10305,,
,602,333,3,21710,,
,602,360,3,15164,,
,602,363,3,15613,,
,602,381,3,21017,,
,602,42,3,16467,,
,602,45,3,23366,,
,602,48,3,8223,,
,602,93,3,1867,,
,6022,59,3,18729,,
,6023,59,3,15943,,
,6028,59,3,18507,,
,602R,42,3,19113,,
,603,106,3,549,,
,603,11,3,21099,,
,603,119,3,1970,,
,603,133,3,2128,,
,603,137,3,7817,,
,603,172,3,23392,,
,603,186,3,7557,,
,603,191,3,2693,,
,603,216,3,13189,,
,603,262,3,15829,,
,603,264,3,3072,,
,603,274,3,7566,,
,603,291,3,17892,,
,603,295,3,10200,,
,603,297,3,21347,,
,603,31,3,523,,
,603,328,3,16758,,
,603,360,3,13093,,
,603,363,3,146,,
,603,381,3,12410,,
,603,93,3,5086,,
,6030,59,3,9533,,
,6034,59,3,20370,,
,6035,59,3,15961,,
,6036,59,3,15342,,
,6037,59,3,23115,,
,6038,59,3,13559,,
,6039,59,3,13781,,
,604,106,3,20422,,
,604,11,3,22447,,
,604,119,3,19149,,
,604,148,3,720,,
,604,186,3,12555,,
,604,191,3,11854,,
,604,262,3,6139,,
,604,274,3,17392,,
,604,291,3,12197,,
,604,297,3,14533,,
,604,31,3,17722,,
,604,328,3,692,,
,604,360,3,22759,,
,604,363,3,17531,,
,604,381,3,8356,,
,604,42,3,6173,,
,6040,59,3,6596,,
,6041,59,3,6384,,
,6042,59,3,11410,,
,6043,59,3,4555,,
,6044,59,3,14151,,
,6045,59,3,12139,,
,6046,59,3,18020,,
,6047,59,3,16086,,
,6048,59,3,18715,,
,6049,59,3,17299,,
,605,11,3,5097,,
,605,119,3,22997,,
,605,133,3,12892,,
,605,139,3,6117,,
,605,172,3,9489,,
,605,186,3,3230,,
,605,191,3,11030,,
,605,274,3,23456,,
,605,291,3,3978,,
,605,297,3,17747,,
,605,30,3,18585,,
,605,328,3,7480,,
,605,381,3,13094,,
,605,65,3,8613,,
,6050,59,3,21778,,
,6051,59,3,3668,,
,6052,59,3,5958,,
,6053,378,3,10145,,
,6053,59,3,2184,,
,6055,59,3,18501,,
,6056,352,3,938,,
,6057,352,3,15297,,
,6057,59,3,6230,,
,6058,352,3,16245,,
,6058,59,3,4219,,
,6059,59,3,7021,,
,606,11,3,11304,,
,606,139,3,19105,,
,606,172,3,9340,,
,606,186,3,260,,
,606,191,3,2334,,
,606,216,3,6092,,
,606,262,3,16537,,
,606,274,3,5826,,
,606,291,3,4920,,
,606,297,3,14840,,
,606,30,3,4191,,
,606,31,3,9852,,
,606,328,3,12053,,
,606,363,3,3726,,
,606,381,3,17285,,
,607,11,3,17914,,
,607,139,3,17711,,
,607,172,3,6054,,
,607,186,3,5369,,
,607,191,3,5098,,
,607,216,3,21317,,
,607,274,3,9955,,
,607,291,3,6620,,
,607,297,3,15080,,
,607,31,3,4105,,
,607,328,3,11404,,
,607,363,3,9942,,
,607,381,3,20829,,
,607,48,3,415,,
,607,65,3,17351,,
,608,137,3,2377,,
,608,172,3,2412,,
,608,186,3,20217,,
,608,191,3,18011,,
,608,216,3,4837,,
,608,272,3,10715,,
,608,291,3,11926,,
,608,297,3,13190,,
,608,31,3,15328,,
,608,328,3,19943,,
,608,338,3,19408,,
,608,363,3,21771,,
,608,381,3,23539,,
,608,48,3,10131,,
,608,65,3,7627,,
,6081,59,3,18230,,
,609,119,3,6557,,
,609,133,3,18743,,
,609,137,3,15677,,
,609,172,3,22102,,
,609,186,3,683,,
,609,191,3,8368,,
,609,216,3,14821,,
,609,272,3,181,,
,609,274,3,14521,,
,609,291,3,9943,,
,609,297,3,17745,,
,609,31,3,11506,,
,609,360,3,3200,,
,609,363,3,6580,,
,609,381,3,21812,,
,609,63,3,6288,,
,6093,263,3,22638,,
,60A,106,3,19449,,
,60A,310,3,3529,,
,61,105,3,17587,,
,61,106,3,20110,,
,61,118,3,12278,,
,61,119,3,11976,,
,61,138,3,5506,,
,61,141,3,3742,,
,61,146,3,7634,,
,61,147,3,6414,,
,61,151,3,11906,,
,61,156,3,5446,,
,61,18,3,3756,,
,61,181,3,20927,,
,61,2,3,3604,,
,61,205,3,8299,,
,61,207,3,7011,,
,61,210,3,2287,,
,61,216,4,5919,,
,61,228,3,19029,,
,61,240,3,8690,,
,61,291,3,22133,,
,61,292,3,15190,,
,61,304,3,9033,,
,61,318,3,14203,,
,61,320,3,4002,,
,61,333,3,18322,,
,61,34,3,19004,,
,61,365,3,8369,,
,61,367,3,18063,,
,61,369,3,13383,,
,61,380,3,924,,
,61,381,0,1523,,
,61,42,3,22746,,
,61,46,0,6166,,
,61,54,3,22185,,
,61,68,3,22343,A2A173,FFFFFF
,61,7,3,6722,,
,61,9,3,1788,,
,61,96,3,14252,,
,610,106,3,17352,,
,610,116,3,12838,,
,610,119,3,21883,,
,610,138,3,17445,,
,610,139,3,14737,,
,610,164,3,11973,,
,610,172,3,19631,,
,610,186,3,12529,,
,610,191,3,661,,
,610,192,3,2249,,
,610,216,3,13861,,
,610,218,3,9841,,
,610,262,3,403,,
,610,272,3,9239,,
,610,274,3,1043,,
,610,277,3,5201,,
,610,297,3,13366,,
,610,31,3,15652,,
,610,328,3,23261,,
,610,360,3,4192,,
,610,363,3,23754,,
,610,381,3,2668,,
,610,42,3,16104,,
,610,48,3,12330,,
,610,59,3,7547,,
,610,72,3,2582,,
,610,83,3,14934,,
,610,93,3,15902,,
,610 Rufbus,72,3,1691,,
,6101,216,3,4227,,
,6101,59,3,10357,,
,6102,216,3,452,,
,6102,59,3,17848,,
,6103,216,3,19803,,
,6103,59,3,10315,,
,6104,216,3,23777,,
,6105,216,3,22272,,
,6106,216,3,21305,,
,6106,59,3,23721,,
,6107,59,3,22122,,
,6108,59,3,21559,,
,6109,59,3,8914,,
,611,106,3,23281,,
,611,11,3,4921,,
,611,119,3,15106,,
,611,137,3,7153,,
,611,138,3,12080,,
,611,139,3,18241,,
,611,172,3,17748,,
,611,186,3,23413,,
,611,191,3,4589,,
,611,192,3,22779,,
,611,218,3,6458,,
,611,274,3,23176,,
,611,277,3,7410,,
,611,291,3,22576,,
,611,297,3,18452,,
,611,31,3,5058,,
,611,328,3,6686,,
,611,360,3,1046,,
,611,363,3,21443,,
,611,381,3,7456,,
,611,48,3,12401,,
,611,59,3,21751,,
,611,72,3,9879,,
,611,80,3,10656,,
,611,83,3,7889,,
,611,93,3,6,,
,611.1,336,3,8479,,
,611.2,336,3,21188,,
,6110,59,3,10778,,
,6111,59,3,4489,,
,6113,59,3,9221,,
,612,11,3,11471,,
,612,119,3,1936,,
,612,133,3,1158,,
,612,137,3,21285,,
,612,138,3,22977,,
,612,172,3,5673,,
,612,186,3,9130,,
,612,191,3,1078,,
,612,192,3,17804,,
,612,205,3,22544,,
,612,274,3,619,,
,612,277,3,15863,,
,612,291,3,19443,,
,612,297,3,14955,,
,612,31,3,23503,,
,612,360,3,7993,,
,612,363,3,15134,,
,612,381,3,5696,,
,612,48,3,11560,,
,612,59,3,18078,,
,612,72,3,22082,,
,612,80,3,8000,,
,612,93,3,20410,,
,612 Rufbus,72,3,20801,,
,612-5,239,3,12620,,
,612.5,155,3,748,,
,6120,59,3,5077,,
,6121,59,3,23300,,
,6124,59,3,6517,,
,6125,59,3,826,,
,6129,59,3,23414,,
,612A,205,3,6289,,
,613,11,3,13202,,
,613,119,3,3147,,
,613,137,3,7582,,
,613,176,3,22733,,
,613,186,3,7693,,
,613,192,3,6949,,
,613,216,3,16689,,
,613,272,3,7223,,
,613,274,3,8437,,
,613,297,3,19931,,
,613,31,3,15431,,
,613,328,3,21868,,
,613,360,3,14127,,
,613,363,3,7742,,
,613,381,3,23219,,
,613,48,3,4396,,
,613,72,3,16246,,
,613,80,3,3432,,
,613,93,3,12822,,
,613 Rufbus,72,3,9935,,
,6130,59,3,19743,,
,6131,59,3,22150,,
,6132,59,3,5948,,
,6133,59,3,431,,
,6134,59,3,1537,,
,6135,59,3,19458,,
,6136,59,3,23465,,
,6137,59,3,13673,,
,6138,59,3,19138,,
,6139,59,3,19450,,
,614,119,3,7982,,
,614,137,3,7063,,
,614,139,3,6715,,
,614,148,3,16164,,
,614,172,3,22366,,
,614,186,3,13290,,
,614,191,3,11987,,
,614,192,3,8969,,
,614,272,3,11465,,
,614,274,3,17065,,
,614,291,3,1198,,
,614,297,3,14447,,
,614,31,3,3619,,
,614,328,3,16724,,
,614,336,3,20941,,
,614,363,3,7733,,
,614,381,3,16113,,
,614,72,3,1652,,
,614,93,3,10428,,
,614 Rufbus,72,3,11110,,
,6141,59,3,17060,,
,6142,59,3,12839,,
,6143,59,3,9740,,
,6144,59,3,6499,,
,6145,59,3,3254,,
,6146,59,3,12010,,
,6147,59,3,3117,,
,6148,59,3,17604,,
,6149,59,3,3462,,
,615,106,3,10747,,
,615,119,3,3455,,
,615,137,3,4649,,
,615,139,3,4662,,
,615,172,3,14536,,
,615,191,3,831,,
,615,192,3,3463,,
,615,235,3,21118,,
,615,262,3,17393,,
,615,291,3,1281,,
,615,297,3,16343,,
,615,31,3,4907,,
,615,328,3,9576,,
,615,363,3,264,,
,615,42,3,5267,,
,615,59,3,13617,,
,615,93,3,4375,,
,6150,216,3,13275,,
,6150,59,3,10433,,
,6151,216,3,20864,,
,6151,59,3,12381,,
,6152,59,3,20094,,
,6153,59,3,19575,,
,6154,59,3,13898,,
,6155,59,3,12787,,
,6156,59,3,2637,,
,6157,59,3,20375,,
,6159,59,3,7081,,
,616,133,3,9125,,
,616,137,3,12174,,
,616,172,3,7154,,
,616,191,3,20782,,
,616,192,3,16299,,
,616,216,3,23069,,
,616,218,3,13362,,
,616,291,3,9741,,
,616,297,3,10802,,
,616,31,3,2882,,
,616,313,3,20214,,
,616,328,3,1739,,
,616,363,3,12304,,
,616,80,3,13932,,
,616,93,3,14605,,
,6160,216,3,17359,,
,6161,216,3,18334,,
,6162,216,3,16392,,
,6164,59,3,8324,,
,6165,59,3,11053,,
,6166,59,3,11492,,
,6167,59,3,8998,,
,6168,59,3,23594,,
,6169,59,3,21598,,
,617,119,3,6854,,
,617,137,3,4620,,
,617,186,3,16663,,
,617,191,3,7929,,
,617,216,3,16312,,
,617,272,3,7558,,
,617,291,3,7344,,
,617,297,3,15843,,
,617,363,3,8930,,
,617,80,3,8699,,
,617,93,3,13862,,
,6170,216,3,15573,,
,6170,59,3,1047,,
,6171,216,3,14397,,
,6172,216,3,9635,,
,6173,216,3,11189,,
,6173,59,3,22344,,
,6174,59,3,12350,,
,6175,59,3,1846,,
,6176,59,3,12027,,
,618,106,3,2646,,
,618,137,3,265,,
,618,139,3,17635,,
,618,172,3,13757,,
,618,186,3,22244,,
,618,191,3,2931,,
,618,192,3,14888,,
,618,291,3,22491,,
,618,297,3,16353,,
,618,31,3,7096,,
,618,328,3,16352,,
,618,363,3,16731,,
,618,42,3,11120,,
,618,80,3,1891,,
,618,93,3,22452,,
,6185,59,3,1932,,
,619,11,3,18750,,
,619,133,3,3773,,
,619,137,3,40,,
,619,139,3,12758,,
,619,186,3,6409,,
,619,191,3,11261,,
,619,192,3,16378,,
,619,216,3,16337,,
,619,272,3,16429,,
,619,291,3,15448,,
,619,297,3,5233,,
,619,31,3,12088,,
,619,363,3,23504,,
,619,80,3,5486,,
,619,93,3,19608,,
,6191,36,3,1068,,
,6193,59,3,16556,,
,6194,59,3,18409,,
,6195,59,3,6861,,
,6196,263,3,10054,,
,6197,59,3,8660,,
,6198,59,3,18355,,
,6199,59,3,12097,,
,61A,304,3,5910,,
,62,100,3,14319,,
,62,105,3,6917,,
,62,106,3,5949,,
,62,111,3,5020,,
,62,119,3,75,,
,62,138,3,18188,,
,62,141,3,12831,,
,62,147,3,17643,,
,62,151,3,13736,,
,62,18,3,17814,,
,62,2,3,10260,,
,62,205,3,9495,,
,62,207,3,256,,
,62,210,3,15700,,
,62,216,4,20664,,
,62,228,3,7301,,
,62,240,3,12112,,
,62,266,3,15897,,
,62,274,3,4148,,
,62,291,3,13905,,
,62,292,3,7337,,
,62,298,3,22233,,
,62,304,3,19279,,
,62,313,3,773,,
,62,318,3,18682,,
,62,320,3,23267,,
,62,333,3,2479,,
,62,365,3,3753,,
,62,367,3,20163,,
,62,369,3,23207,,
,62,378,3,730,,
,62,380,3,4893,,
,62,381,0,7446,,
,62,42,3,20028,,
,62,46,0,7976,,
,62,54,3,10531,,
,62,7,3,9269,,
,62,9,3,8682,,
,62,96,3,2431,,
,620,106,3,1081,,
,620,11,3,3556,,
,620,116,3,18703,,
,620,119,3,19636,,
,620,139,3,11507,,
,620,159,3,21678,,
,620,176,3,17957,,
,620,183,3,17237,,
,620,186,3,7203,,
,620,191,3,20649,,
,620,192,3,15582,,
,620,205,3,13906,,
,620,218,3,3028,,
,620,272,3,3723,,
,620,277,3,19163,,
,620,291,3,22435,,
,620,297,3,463,,
,620,31,3,9417,,
,620,314,3,15906,,
,620,328,3,6646,,
,620,360,3,4888,,
,620,363,3,6699,,
,620,42,3,3182,,
,620,48,3,2419,,
,620,59,3,6415,,
,620,93,3,12081,,
,6200,59,3,2403,,
,6201,59,3,22867,,
,6205,59,3,2413,,
,6206,59,3,17625,,
,6207,59,3,13078,,
,6208,59,3,22163,,
,6209,59,3,16802,,
,620A,205,3,13566,,
,621,11,3,22874,,
,621,119,3,23551,,
,621,137,3,11190,,
,621,139,3,12357,,
,621,159,3,9040,,
,621,172,3,17504,,
,621,186,3,15439,,
,621,191,3,6822,,
,621,216,3,973,,
,621,218,3,21291,,
,621,272,3,4514,,
,621,291,3,8739,,
,621,297,3,18211,,
,621,31,3,13408,,
,621,328,3,11772,,
,621,336,3,13178,,
,621,360,3,18839,,
,621,363,3,15378,,
,621,42,3,6740,,
,621,93,3,5973,,
,6211,59,3,14899,,
,6212,59,3,4173,,
,6213,59,3,2486,,
,6214,59,3,23701,,
,6215,59,3,3547,,
,6216,59,3,2040,,
,6217,59,3,7551,,
,6218,59,3,15224,,
,6219,59,3,2959,,
,622,11,3,4319,,
,622,119,3,22967,,
,622,191,3,21707,,
,622,205,3,9114,,
,622,272,3,1721,,
,622,291,3,1672,,
,622,297,3,17193,,
,622,328,3,9141,,
,622,360,3,12418,,
,622,363,3,19664,,
,622,42,3,15955,,
,622,48,3,8109,,
,622,63,3,16947,,
,622,93,3,7338,,
,6220,59,3,22251,,
,6221,59,3,10803,,
,6222,59,3,11561,,
,6223,59,3,6207,,
,6226,59,3,16923,,
,6228,59,3,576,,
,623,11,3,5041,,
,623,119,3,7583,,
,623,186,3,23540,,
,623,191,3,17457,,
,623,192,3,6399,,
,623,205,3,12269,,
,623,291,3,13317,,
,623,297,3,13386,,
,623,328,3,16108,,
,623,360,3,10201,,
,623,363,3,21173,,
,623,42,3,4416,,
,623,48,3,10138,,
,623,63,3,639,,
,623,93,3,6676,,
,6235,59,3,13489,,
,6236,59,3,12915,,
,6237,59,3,1489,,
,6238,59,3,21406,,
,623A,205,3,8001,,
,624,11,3,14188,,
,624,116,3,1982,,
,624,119,3,14450,,
,624,139,3,3930,,
,624,176,3,2752,,
,624,186,3,21078,,
,624,191,3,9183,,
,624,205,3,17649,,
,624,216,3,2777,,
,624,274,3,14891,,
,624,291,3,17568,,
,624,297,3,15120,,
,624,363,3,9686,,
,624,42,3,11707,,
,624,48,3,15549,,
,624,93,3,3774,,
,625,11,3,19545,,
,625,116,3,18843,,
,625,119,3,17381,,
,625,139,3,2250,,
,625,172,3,17775,,
,625,191,3,6823,,
,625,205,3,8409,,
,625,274,3,13415,,
,625,291,3,20766,,
,625,297,3,7584,,
,625,360,3,6918,,
,625,363,3,15574,,
,625,42,3,15696,,
,625,63,3,15329,,
,625,93,3,6033,,
,6257,59,3,20150,,
,6258,59,3,1326,,
,6259,59,3,12363,,
,626,11,3,8945,,
,626,111,3,22755,,
,626,119,3,13339,,
,626,139,3,18189,,
,626,172,3,20575,,
,626,186,3,23393,,
,626,191,3,350,,
,626,205,3,5223,,
,626,272,3,7451,,
,626,274,3,5136,,
,626,291,3,10434,,
,626,297,3,17619,,
,626,31,3,590,,
,626,313,3,22301,,
,626,34,3,18736,,
,626,381,3,9026,,
,626,48,3,8130,,
,626,65,3,18977,,
,626,93,3,6438,,
,626 G,119,3,20363,,
,626.1,336,3,12374,,
,6264,191,3,18865,,
,627,11,3,13962,,
,627,119,3,9969,,
,627,139,3,17360,,
,627,172,3,21160,,
,627,186,3,7759,,
,627,191,3,11387,,
,627,216,3,10393,,
,627,243,3,13918,73D700,FFFFFF
,627,274,3,6814,,
,627,291,3,5120,,
,627,31,3,19987,,
,627,363,3,8066,,
,627,42,3,9470,,
,627,48,3,12436,,
,627,65,3,18525,,
,6271,59,3,3875,,
,6273,59,3,11949,,
,628,11,3,15790,,
,628,119,3,21823,,
,628,172,3,3246,,
,628,183,3,21954,,
,628,191,3,12390,,
,628,274,3,20778,,
,628,291,3,1750,,
,628,31,3,3038,,
,628,313,3,2093,,
,628,363,3,17931,,
,628,42,3,18955,,
,628,48,3,22116,,
,628,65,3,5577,,
,629,106,3,7970,,
,629,11,3,7431,,
,629,119,3,11417,,
,629,172,3,10210,,
,629,186,3,19134,,
,629,191,3,2616,,
,629,216,3,1227,,
,629,274,3,21079,,
,629,291,3,16530,,
,629,313,3,3649,,
,629,328,3,4490,,
,629,363,3,17304,,
,629,48,3,19388,,
,629,65,3,316,,
,629,93,3,17257,,
,6299,59,3,11524,,
,62A,304,3,1209,,
,62B,304,3,124,,
,62C,304,3,22297,,
,62D,304,3,14051,,
,62E,205,3,7198,,
,62V,9,3,16759,,
,63,100,3,15821,,
,63,105,3,19637,,
,63,106,3,8887,,
,63,111,3,3697,,
,63,119,3,10814,,
,63,138,3,4480,,
,63,141,3,8060,,
,63,151,3,14776,,
,63,163,3,12102,,
,63,18,3,23157,,
,63,2,3,15979,,
,63,207,3,17086,,
,63,210,3,6385,,
,63,22,3,5293,,
,63,228,3,19444,,
,63,240,3,19804,,
,63,262,3,77,,
,63,274,3,21917,,
,63,291,3,8115,,
,63,298,3,8116,,
,63,304,3,245,,
,63,313,3,6348,,
,63,318,3,15575,,
,63,320,3,1388,,
,63,333,3,10961,,
,63,365,3,7405,,
,63,367,3,5234,,
,63,378,3,22134,,
,63,380,3,22395,,
,63,381,0,20104,,
,63,46,0,22234,,
,63,7,3,19235,,
,63,9,3,22572,,
,63,96,3,1809,,
,63/9,367,3,7786,,
,630,11,3,16005,,
,630,119,3,2517,,
,630,137,3,8426,,
,630,139,3,16806,,
,630,151,3,13837,,
,630,172,3,9301,,
,630,186,3,23026,,
,630,191,3,14940,,
,630,197,3,19840,,
,630,218,3,15770,,
,630,272,3,20019,,
,630,274,3,23611,,
,630,277,3,5637,,
,630,291,3,17668,,
,630,31,3,10251,,
,630,328,3,3548,,
,630,360,3,13346,,
,630,363,3,3328,,
,630,381,3,9762,,
,630,42,3,23657,,
,630,48,3,16224,,
,630,72,3,20997,,
,630,80,3,22699,,
,630,93,3,4054,,
,630,97,3,15844,,
,630.1,336,3,7390,,
,6301,191,3,3282,,
,6302,191,3,9317,,
,6302,59,3,12621,,
,6303,191,3,10710,,
,6303,59,3,22135,,
,6304,191,3,6805,,
,630S,97,3,23566,,
,631,11,3,1069,,
,631,119,3,2705,,
,631,137,3,9970,,
,631,139,3,14381,,
,631,186,3,21839,,
,631,192,3,16778,,
,631,205,3,21785,,
,631,218,3,1598,,
,631,274,3,19477,,
,631,291,3,18663,,
,631,328,3,12444,,
,631,360,3,21907,,
,631,363,3,12571,,
,631,381,3,3263,,
,631,42,3,10651,,
,631,48,3,6390,,
,631,63,3,10930,,
,631,72,3,21683,,
,631,93,3,8470,,
,631,97,3,18356,,
,6317,59,3,20304,,
,631A,205,3,7708,,
,632,106,3,11127,,
,632,11,3,13601,,
,632,119,3,8952,,
,632,137,3,19999,,
,632,139,3,3400,,
,632,186,3,13347,,
,632,191,3,13576,,
,632,197,3,3856,,
,632,272,3,12397,,
,632,274,3,21257,,
,632,291,3,16333,,
,632,360,3,4400,,
,632,363,3,21702,,
,632,381,3,12792,,
,632,42,3,9184,,
,632,48,3,6510,,
,632,63,3,12069,,
,632,72,3,16587,,
,632,93,3,12166,,
,632,97,3,22557,,
,6324,59,3,6661,,
,632A,274,3,18029,,
,633,119,3,13432,,
,633,137,3,5447,,
,633,139,3,19520,,
,633,172,3,4838,,
,633,186,3,1538,,
,633,191,3,1503,,
,633,197,3,20599,,
,633,272,3,10451,,
,633,274,3,22553,,
,633,291,3,6799,,
,633,328,3,12562,,
,633,360,3,21130,,
,633,363,3,22513,,
,633,381,3,5544,,
,633,42,3,17066,,
,633,48,3,15244,,
,633,65,3,6995,,
,633,72,3,12672,,
,633,93,3,3765,,
,633.1,336,3,15898,,
,633V,191,3,10328,,
,634,137,3,7159,,
,634,139,3,1405,,
,634,172,3,4235,,
,634,186,3,12217,,
,634,191,3,8832,,
,634,197,3,8763,,
,634,205,3,23723,,
,634,274,3,6450,,
,634,291,3,22345,,
,634,328,3,5163,,
,634,353,3,23644,,
,634,381,3,15174,,
,634,48,3,2214,,
,634,65,3,7131,,
,634,80,3,13622,,
,634,93,3,16264,,
,634 / VSL37,192,3,2084,,
,634A,205,3,21897,,
,634V,191,3,2763,,
,635,11,3,6391,,
,635,119,3,1136,,
,635,139,3,6003,,
,635,172,3,14175,,
,635,186,3,22924,,
,635,191,3,17626,,
,635,192,3,5146,,
,635,197,3,17090,,
,635,205,3,21106,,
,635,218,3,20235,,
,635,274,3,14883,,
,635,360,3,22528,,
,635,363,3,12788,,
,635,42,3,1434,,
,635,48,3,14458,,
,635,65,3,8863,,
,635,93,3,879,,
,635.1,336,3,23743,,
,636,11,3,7957,,
,636,111,3,1853,,
,636,119,3,3889,,
,636,137,3,8099,,
,636,139,3,18235,,
,636,172,3,990,,
,636,186,3,21599,,
,636,191,3,14065,,
,636,197,3,4912,,
,636,205,3,4928,,
,636,218,3,5583,,
,636,272,3,4450,,
,636,274,3,16441,,
,636,291,3,20218,,
,636,313,3,233,,
,636,328,3,5697,,
,636,381,3,620,,
,636,42,3,18493,,
,636,93,3,524,,
,637,11,3,19675,,
,637,119,3,7441,,
,637,139,3,11956,,
,637,172,3,2647,,
,637,191,3,18070,,
,637,192,3,3130,,
,637,205,3,16859,,
,637,291,3,3195,,
,637,313,3,17705,,
,637,363,3,13034,,
,637,381,3,15858,,
,637,80,3,6647,,
,637,93,3,3066,,
,638,11,3,6070,,
,638,119,3,20311,,
,638,133,3,14289,,
,638,139,3,3264,,
,638,172,3,23691,,
,638,186,3,10988,,
,638,191,3,11681,,
,638,192,3,3274,,
,638,205,3,8357,,
,638,216,3,10872,,
,638,218,3,14398,,
,638,274,3,15165,,
,638,291,3,246,,
,638,313,3,19474,,
,638,360,3,125,,
,638,363,3,19335,,
,638,381,3,8267,,
,638,93,3,6785,,
,6380,59,3,2364,,
,639,106,3,8410,,
,639,11,3,16387,,
,639,119,3,14587,,
,639,133,3,12701,,
,639,139,3,4199,,
,639,186,3,23466,,
,639,191,3,3362,,
,639,192,3,13994,,
,639,216,3,16952,,
,639,218,3,9821,,
,639,291,3,640,,
,639,313,3,11297,,
,639,363,3,19788,,
,639,381,3,437,,
,639,80,3,3953,,
,639,93,3,21694,,
,6396,59,3,1412,,
,63A,105,3,8848,,
,63S,141,3,21902,,
,63S,66,3,668,,
,63V,9,3,8794,,
,64,105,3,14570,,
,64,106,3,20325,,
,64,111,3,11596,,
,64,119,3,22813,,
,64,138,3,20029,,
,64,151,3,22567,,
,64,2,3,5638,,
,64,205,3,10365,,
,64,207,3,14320,,
,64,216,4,22123,,
,64,262,3,257,,
,64,274,3,19487,,
,64,291,3,12750,,
,64,298,3,8946,,
,64,304,3,19336,,
,64,318,3,11735,,
,64,320,3,18784,,
,64,333,3,12474,,
,64,365,3,14762,,
,64,378,3,23512,,
,64,380,3,15498,,
,64,42,3,32,,
,64,51,3,6125,,
,64,7,3,23704,,
,64,9,3,20090,,
,64,96,3,5901,,
,640,106,3,6226,,
,640,11,3,11604,,
,640,116,3,22632,,
,640,121,3,7699,,
,640,137,3,8816,,
,640,138,3,17107,,
,640,139,3,4203,,
,640,191,3,2443,,
,640,197,3,23099,,
,640,205,3,1545,,
,640,216,3,23129,,
,640,262,3,12713,,
,640,272,3,20732,,
,640,274,3,11305,,
,640,277,3,22367,,
,640,291,3,16545,,
,640,31,3,3095,,
,640,313,3,16313,,
,640,336,3,16265,,
,640,360,3,1836,,
,640,363,3,2918,,
,640,381,3,20466,,
,640,42,3,13517,,
,640,48,3,14691,,
,640,93,3,888,,
,640.1,336,3,12723,,
,641,11,3,12227,,
,641,111,3,2856,,
,641,116,3,6996,,
,641,138,3,793,,
,641,183,3,6058,,
,641,186,3,6495,,
,641,191,3,362,,
,641,197,3,11111,,
,641,205,3,22952,,
,641,216,3,12163,,
,641,262,3,6329,,
,641,272,3,18565,,
,641,274,3,2722,,
,641,291,3,13311,,
,641,297,3,8750,,
,641,314,3,15583,,
,641,333,3,12323,,
,641,336,3,21684,,
,641,360,3,5545,,
,641,363,3,19830,,
,641,42,3,17605,,
,641,48,3,14974,,
,641,93,3,4236,,
,641K,336,3,9944,,
,642,11,3,9363,,
,642,148,3,11370,,
,642,172,3,3096,,
,642,183,3,8972,,
,642,186,3,19375,,
,642,191,3,9185,,
,642,205,3,2680,,
,642,262,3,22814,,
,642,272,3,3304,,
,642,274,3,10113,,
,642,291,3,7181,,
,642,297,3,22002,,
,642,313,3,10169,,
,642,314,3,7147,,
,642,333,3,14889,,
,642,360,3,13441,,
,642,363,3,3334,,
,642,42,3,6476,,
,642,93,3,8206,,
,642.1,336,3,16860,,
,642.2,336,3,3183,,
,642.3,336,3,3684,,
,642.4,336,3,22476,,
,642.5,336,3,7052,,
,642K,336,3,17684,,
,643,186,3,23520,,
,643,191,3,9730,,
,643,262,3,8546,,
,643,274,3,16502,,
,643,291,3,18902,,
,643,297,3,17382,,
,643,314,3,140,,
,643,363,3,10920,,
,643,48,3,5059,,
,643,93,3,12916,,
,643V,191,3,420,,
,644,116,3,6231,,
,644,172,3,684,,
,644,186,3,17300,,
,644,262,3,2755,,
,644,272,3,6167,,
,644,274,3,21123,,
,644,314,3,2926,,
,644,363,3,3964,,
,644,42,3,2325,,
,644,48,3,15030,,
,644,93,3,7288,,
,645,116,3,22047,,
,645,172,3,9563,,
,645,186,3,14822,,
,645,191,3,21664,,
,645,262,3,1964,,
,645,272,3,4034,,
,645,274,3,20364,,
,645,291,3,16995,,
,645,314,3,14834,,
,645,363,3,6152,,
,645,42,3,15181,,
,645,48,3,15728,,
,645,93,3,8466,,
,646,119,3,22164,,
,646,172,3,16254,,
,646,186,3,12695,,
,646,262,3,10551,,
,646,274,3,1641,,
,646,291,3,12888,,
,646,363,3,884,,
,646,42,3,22320,,
,646,48,3,18716,,
,647,119,3,13703,,
,647,172,3,21297,,
,647,186,3,10931,,
,647,216,3,21189,,
,647,274,3,3839,,
,647,291,3,9889,,
,647,363,3,22734,,
,647,42,3,7983,,
,647,48,3,9490,,
,647,51,3,16095,,
,647,93,3,19409,,
,648,119,3,11508,,
,648,172,3,18325,,
,648,186,3,15298,,
,648,272,3,1247,,
,648,274,3,11472,,
,648,291,3,18410,,
,648,363,3,14245,,
,648,42,3,11528,,
,648,51,3,17830,,
,648HN,42,3,20679,,
,649,106,3,13695,,
,649,119,3,12607,,
,649,148,3,3743,,
,649,186,3,16627,,
,649,216,3,16869,,
,649,272,3,22025,,
,649,274,3,15296,,
,649,291,3,12260,,
,649,363,3,1983,,
,649,42,3,1339,,
,649,51,3,5342,,
,64A,105,3,1240,,
,64B,105,3,11977,,
,65,106,3,21362,,
,65,111,3,9337,,
,65,119,3,3067,,
,65,138,3,154,,
,65,141,3,15614,,
,65,146,3,11426,,
,65,147,3,21278,,
,65,151,3,19367,,
,65,18,3,20865,,
,65,205,3,17309,,
,65,207,3,22062,,
,65,210,3,23311,,
,65,216,4,5974,,
,65,274,3,21318,,
,65,291,3,20219,,
,65,298,3,23338,,
,65,304,3,22875,,
,65,318,3,8872,,
,65,320,3,15330,,
,65,333,3,21712,,
,65,378,3,19596,,
,65,380,3,2999,,
,65,381,0,12445,,
,65,51,3,22206,,
,65,68,3,17934,84534B,FFFFFF
,65,7,3,7520,,
,65,9,3,5950,,
,65,96,3,2883,,
,650,106,3,15589,,
,650,11,3,10740,,
,650,121,3,20076,,
,650,138,3,14077,,
,650,139,3,2272,,
,650,148,3,19086,,
,650,172,3,2835,,
,650,191,3,2862,,
,650,205,3,7267,,
,650,208,3,15265,,
,650,291,3,8370,,
,650,31,3,20316,,
,650,313,3,22890,,
,650,314,3,10515,,
,650,328,3,1454,,
,650,360,3,20258,,
,650,363,3,13325,,
,650,381,3,14052,,
,650,45,3,16388,,
,650,72,3,19180,,
,650 Rufbus,72,3,10037,,
,6500,216,3,9731,,
,6501,216,3,23274,,
,6502,216,3,7600,,
,6503,216,3,13392,,
,6504,216,3,23530,,
,6505,216,3,5855,,
,6506,216,3,7411,,
,6507,216,3,15191,,
,650A,97,3,3505,,
,650B,97,3,3530,,
,650S,97,3,1285,,
,650V,191,3,1606,,
,651,106,3,17286,,
,651,11,3,10873,,
,651,121,3,6581,,
,651,148,3,8571,,
,651,172,3,6468,,
,651,186,3,22245,,
,651,191,3,22508,,
,651,205,3,895,,
,651,218,3,22292,,
,651,274,3,13881,,
,651,291,3,11652,,
,651,314,3,5499,,
,651,42,3,20527,,
,651,45,3,13270,,
,651,93,3,11543,,
,651,97,3,2660,,
,651A,205,3,1722,,
,652,11,3,19510,,
,652,148,3,22487,,
,652,172,3,9555,,
,652,186,3,7791,,
,652,191,3,2674,,
,652,205,3,20737,,
,652,218,3,16080,,
,652,235,3,8864,,
,652,274,3,18258,,
,652,291,3,17048,,
,652,313,3,13455,,
,652,376,3,9925,,
,652,42,3,15485,,
,652,45,3,13977,,
,652,72,3,7070,,
,652,93,3,15139,,
,652 Rufbus,72,3,2638,,
,6520,216,3,13899,,
,6525,216,3,11587,,
,6527,216,3,2981,,
,653,119,3,6281,,
,653,148,3,13871,,
,653,172,3,18692,,
,653,186,3,4829,,
,653,191,3,7442,,
,653,205,3,4462,,
,653,235,3,18677,,
,653,272,3,21431,,
,653,274,3,22891,,
,653,291,3,6477,,
,653,376,3,23541,,
,653,93,3,7325,,
,653,97,3,9246,,
,6530,216,3,8153,,
,6532,216,3,12505,,
,653A,205,3,12103,,
,654,11,3,17198,,
,654,119,3,19733,,
,654,148,3,10835,,
,654,172,3,19464,,
,654,191,3,8218,,
,654,205,3,6004,,
,654,235,3,22855,,
,654,274,3,9119,,
,654,291,3,6246,,
,654,72,3,2895,,
,654,93,3,9528,,
,654 Rufbus,72,3,9860,,
,6541,216,3,4759,,
,6542,216,3,22284,,
,6543,216,3,19410,,
,6544,216,3,9880,,
,6549-AST,216,3,17654,,
,654A,205,3,23279,,
,655,11,3,20834,,
,655,119,3,15166,,
,655,121,3,9061,,
,655,139,3,22545,,
,655,148,3,18667,,
,655,172,3,20820,,
,655,191,3,23296,,
,655,235,3,19221,,
,655,272,3,7274,,
,655,291,3,16725,,
,655,31,3,20312,,
,655,360,3,15966,,
,655,93,3,7700,,
,6550,216,3,17849,,
,6551,216,3,749,,
,6553,216,3,12463,,
,6554,216,3,19143,,
,6555,216,3,22509,,
,6557,216,3,3998,,
,656,11,3,17548,,
,656,119,3,18917,,
,656,148,3,2085,,
,656,172,3,9929,,
,656,205,3,22048,,
,656,274,3,6126,,
,656,291,3,21080,,
,656,31,3,12658,,
,656,93,3,20821,,
,6560,216,3,12104,,
,657,11,3,7253,,
,657,148,3,2471,,
,657,172,3,15036,,
,657,235,3,14194,,
,657,274,3,4425,,
,657,291,3,10086,,
,657,313,3,9277,,
,657,93,3,23370,,
,658,11,3,10636,,
,658,148,3,16664,,
,658,172,3,9364,,
,658,216,3,6830,,
,658,235,3,12140,,
,658,274,3,5537,,
,658,291,3,16022,,
,658,31,3,197,,
,658,313,3,296,,
,658,93,3,20143,,
,6580,216,3,8061,,
,659,11,3,12464,,
,659,148,3,982,,
,659,172,3,15499,,
,659,272,3,16013,,
,659,274,3,6130,,
,659,291,3,10921,,
,659,313,3,20170,,
,659,45,3,5519,,
,659,93,3,18289,,
,65S,105,3,15307,,
,66,111,3,13696,,
,66,119,3,10344,,
,66,138,3,7114,,
,66,139,3,14160,,
,66,141,3,20480,,
,66,145,3,17036,,
,66,146,3,21840,,
,66,147,3,8519,,
,66,151,3,4861,,
,66,156,3,721,,
,66,163,3,18443,,
,66,2,3,3508,,
,66,205,3,20291,,
,66,207,3,9502,,
,66,210,3,4854,,
,66,216,4,14408,,
,66,274,3,13782,,
,66,291,3,11778,,
,66,304,3,10348,,
,66,310,3,2390,,
,66,318,3,4445,,
,66,333,3,12795,,
,66,367,3,6429,,
,66,380,3,19955,,
,66,381,0,20228,,
,66,42,3,8137,,
,66,9,3,9429,,
,66,97,3,15026,,
,660,11,3,21384,,
,660,121,3,23622,,
,660,148,3,8025,,
,660,172,3,13571,,
,660,205,3,3110,,
,660,235,3,1393,,
,660,272,3,12175,,
,660,274,3,1159,,
,660,291,3,2046,,
,660,31,3,18643,,
,660,360,3,13863,,
,660,42,3,6879,,
,660,72,3,13416,,
,660,93,3,14024,,
,660S,274,3,15045,,
,661,106,3,18335,,
,661,11,3,5470,,
,661,125,3,14892,,
,661,138,3,18751,,
,661,139,3,14312,,
,661,148,3,13973,,
,661,172,3,6448,,
,661,191,3,6434,,
,661,232,3,15204,,
,661,272,3,7949,,
,661,274,3,12059,,
,661,291,3,12098,,
,661,297,3,21695,,
,661,313,3,6534,,
,661,333,3,12131,,
,661,360,3,17205,,
,661,381,3,19873,,
,661,42,3,3148,,
,661,64,3,3540,,
,661,72,3,6282,,
,661,93,3,5819,,
,6610,216,3,21209,,
,6611,139,3,14638,,
,6611,216,3,10652,,
,6612,139,3,11768,,
,6612,216,3,22442,,
,6613,139,3,16395,,
,6615,139,3,17655,,
,6615,216,3,20024,,
,6619,139,3,17824,,
,662,11,3,9094,,
,662,133,3,841,,
,662,139,3,6439,,
,662,148,3,23130,,
,662,172,3,1507,,
,662,191,3,20986,,
,662,197,3,9581,,
,662,232,3,216,,
,662,272,3,21424,,
,662,274,3,11809,,
,662,291,3,16514,,
,662,313,3,11645,,
,662,360,3,453,,
,662,376,3,17458,,
,662,42,3,10693,,
,662,64,3,4797,,
,662,72,3,2840,,
,662,93,3,15910,,
,6620,139,3,5060,,
,6620,216,3,4149,,
,6621,139,3,5207,,
,6621,216,3,1403,,
,6622,139,3,14549,,
,6622,216,3,15469,,
,6623,216,3,739,,
,6624,139,3,11439,,
,6624,216,3,3358,,
,6629,139,3,11362,,
,662V,191,3,10194,,
,663,11,3,7871,,
,663,139,3,7208,,
,663,148,3,21245,,
,663,191,3,14812,,
,663,205,3,13605,,
,663,232,3,10491,,
,663,272,3,12279,,
,663,274,3,13882,,
,663,291,3,11418,,
,663,360,3,23637,,
,663,42,3,7675,,
,663,72,3,9056,,
,663,93,3,13838,,
,663A,205,3,8670,,
,664,148,3,9161,,
,664,172,3,23181,,
,664,191,3,15321,,
,664,232,3,21864,,
,664,235,3,5917,,
,664,272,3,15845,,
,664,274,3,2530,,
,664,291,3,19881,,
,664,313,3,2733,,
,664,360,3,16934,,
,664,42,3,3231,,
,664V,191,3,14113,,
,665,148,3,3380,,
,665,172,3,20835,,
,665,191,3,17278,,
,665,205,3,19724,,
,665,232,3,11712,,
,665,272,3,17644,,
,665,274,3,329,,
,665,291,3,21805,,
,665,353,3,12099,,
,665,360,3,7127,,
,665,42,3,6997,,
,665E,274,3,16070,,
,666,11,3,14692,,
,666,119,3,8989,,
,666,125,3,23447,,
,666,139,3,1095,,
,666,148,3,8666,,
,666,191,3,10591,,
,666,205,3,21908,,
,666,274,3,20042,,
,666,291,3,11798,,
,666,313,3,6500,,
,666,363,3,5147,,
,666,42,3,17199,,
,666,93,3,20236,,
,666 SB,304,3,5352,,
,6661,216,3,12650,,
,6663,216,3,8345,,
,6664,216,3,11978,,
,6667,216,3,17294,,
,6668,216,3,19478,,
,6669-AST,216,3,19321,,
,666A,205,3,22577,,
,667,119,3,6738,,
,667,139,3,16368,,
,667,148,3,5387,,
,667,191,3,1908,,
,667,232,3,22346,,
,667,274,3,15273,,
,667,291,3,11666,,
,667,360,3,12191,,
,667,42,3,675,,
,6671,216,3,3640,,
,6673,216,3,5455,,
,6674,216,3,2576,,
,6675,216,3,10653,,
,668,119,3,13065,,
,668,137,3,1546,,
,668,139,3,21056,,
,668,148,3,8773,,
,668,191,3,7926,,
,668,197,3,7136,,
,668,291,3,7828,,
,668,42,3,17469,,
,668,93,3,10334,,
,669,11,3,21008,,
,669,119,3,2001,,
,669,148,3,7377,,
,669,216,3,3979,,
,669,235,3,23158,,
,669,274,3,14468,,
,669,291,3,22334,,
,669,313,3,7864,,
,669,360,3,2344,,
,669,363,3,6055,,
,669,42,3,3084,,
,66A,304,3,17980,,
,66V,9,3,10443,,
,67,111,3,567,,
,67,119,3,8817,,
,67,138,3,14141,,
,67,141,3,605,,
,67,147,3,10893,,
,67,151,3,2587,,
,67,18,3,8013,,
,67,2,3,160,,
,67,210,3,15970,,
,67,240,3,5651,,
,67,274,3,7937,,
,67,298,3,4576,,
,67,304,3,19063,,
,67,310,3,15846,,
,67,333,3,19368,,
,67,380,3,13286,,
,67,381,0,4883,,
,67,42,3,14025,,
,67,46,0,13071,,
,670,106,3,22453,,
,670,11,3,6614,,
,670,137,3,10789,,
,670,139,3,16144,,
,670,148,3,17577,,
,670,197,3,17817,,
,670,235,3,12651,,
,670,274,3,22266,,
,670,291,3,9524,,
,670,34,3,14496,,
,670,353,3,6638,,
,670,360,3,11957,,
,670,42,3,19050,,
,671,11,3,15919,,
,671,137,3,20815,,
,671,139,3,8754,,
,671,148,3,432,,
,671,159,3,4690,,
,671,191,3,19322,,
,671,197,3,22475,,
,671,235,3,2278,,
,671,262,3,19701,,
,671,272,3,10993,,
,671,274,3,17491,,
,671,313,3,161,,
,671,360,3,10509,,
,671,376,3,14280,,
,671,381,3,19553,,
,671,42,3,4426,,
,672,11,3,15404,,
,672,139,3,3456,,
,672,148,3,12586,,
,672,159,3,20590,,
,672,172,3,22851,,
,672,191,3,11344,,
,672,197,3,13854,,
,672,235,3,17082,,
,672,272,3,12132,,
,672,274,3,7064,,
,672,291,3,16897,,
,672,360,3,7585,,
,672,376,3,3980,,
,672,42,3,19523,,
,673,11,3,4457,,
,673,139,3,10161,,
,673,148,3,20237,,
,673,159,3,4288,,
,673,172,3,17108,,
,673,235,3,18821,,
,673,262,3,597,,
,673,274,3,12296,,
,673,291,3,23679,,
,673,376,3,22620,,
,673,42,3,8249,,
,674,11,3,9131,,
,674,148,3,19315,,
,674,172,3,3557,,
,674,191,3,20411,,
,674,272,3,15229,,
,674,291,3,8953,,
,674,42,3,1263,,
,675,148,3,16953,,
,675,172,3,1694,,
,675,191,3,18267,,
,675,235,3,17645,,
,675,272,3,12345,,
,675,274,3,12002,,
,675,291,3,13490,,
,675,313,3,18697,,
,675,353,3,4777,,
,675,42,3,8624,,
,676,11,3,11741,,
,676,139,3,12411,,
,676,148,3,21227,,
,676,172,3,2694,,
,676,191,3,16696,,
,676,262,3,41,,
,676,274,3,10080,,
,676,291,3,5876,,
,676,353,3,4158,,
,676,42,3,8100,,
,677,139,3,19369,,
,677,148,3,19402,,
,677,172,3,3905,,
,677,262,3,10681,,
,677,274,3,17585,,
,677,291,3,3163,,
,677,313,3,20544,,
,677,353,3,8154,,
,677,42,3,4999,,
,678,139,3,11982,,
,678,148,3,21571,,
,678,172,3,10741,,
,678,191,3,12167,,
,678,262,3,15249,,
,678,274,3,20009,,
,678,313,3,6716,,
,678,376,3,17897,,
,678,42,3,12475,,
,678.1,262,3,3029,,
,679,106,3,21081,,
,679,148,3,20052,,
,679,172,3,11566,,
,679,191,3,2230,,
,679,274,3,25,,
,679,291,3,13951,,
,679,376,3,12935,,
,68,100,3,21004,,
,68,111,3,6824,,
,68,119,3,14804,,
,68,141,3,8727,,
,68,147,3,19316,,
,68,151,3,18132,,
,68,163,3,6527,,
,68,172,3,19789,,
,68,207,3,17535,,
,68,216,4,23381,,
,68,274,3,9930,,
,68,298,3,3931,,
,68,304,3,15864,,
,68,310,3,11898,,
,68,318,3,23705,,
,68,320,3,7571,,
,68,333,3,19018,,
,68,372,3,21998,,
,68,380,3,23488,,
,68,381,0,1455,,
,68,46,0,23197,,
,68,7,3,10572,,
,68,9,3,812,,
,680,106,3,6739,,
,680,11,3,18341,,
,680,121,3,12240,,
,680,125,3,19760,,
,680,139,3,18092,,
,680,148,3,13160,,
,680,172,3,16692,,
,680,176,3,7132,,
,680,191,3,9229,,
,680,197,3,3159,,
,680,235,3,173,,
,680,272,3,7110,,
,680,274,3,7902,,
,680,291,3,13923,,
,680,295,3,14451,,
,680,353,3,6318,,
,680,59,3,20002,,
,680.1,336,3,6762,,
,680.2,336,3,10815,,
,680.3,336,3,2857,,
,680.4,336,3,8404,,
,680.5,336,3,19782,,
,681,106,3,9247,,
,681,11,3,13456,,
,681,125,3,4844,,
,681,139,3,383,,
,681,148,3,17398,,
,681,168,3,11962,,
,681,172,3,5487,,
,681,191,3,13225,,
,681,274,3,5555,,
,681,291,3,13447,,
,681,295,3,1167,,
,681,313,3,12664,,
,681,42,3,5421,,
,681,65,3,20558,,
,681,72,3,8990,,
,682,11,3,22492,,
,682,125,3,16913,,
,682,148,3,713,,
,682,168,3,20356,,
,682,172,3,9474,,
,682,191,3,18326,,
,682,272,3,17569,,
,682,274,3,22961,,
,682,291,3,14845,,
,682,295,3,3654,,
,682,313,3,10716,,
,682,42,3,6648,,
,682,65,3,9491,,
,682V,191,3,6682,,
,683,11,3,12906,,
,683,148,3,17095,,
,683,168,3,20733,,
,683,191,3,22546,,
,683,272,3,7018,,
,683,274,3,7564,,
,683,291,3,11233,,
,683,295,3,714,,
,683,313,3,18201,,
,683,42,3,8853,,
,683,65,3,13254,,
,683V,191,3,13989,,
,684,148,3,901,,
,684,168,3,14614,,
,684,172,3,21752,,
,684,191,3,17706,,
,684,272,3,22063,,
,684,291,3,19589,,
,684,295,3,16165,,
,684,313,3,5820,,
,684,42,3,10202,,
,684,65,3,5478,,
,685,11,3,23079,,
,685,125,3,15547,,
,685,148,3,18357,,
,685,168,3,20106,,
,685,172,3,9107,,
,685,176,3,11480,,
,685,191,3,1122,,
,685,274,3,12011,,
,685,291,3,18181,,
,685,295,3,5235,,
,685,34,3,21134,,
,685,353,3,1496,,
,685,42,3,8042,,
,685,65,3,6520,,
,686,11,3,12351,,
,686,125,3,20107,,
,686,139,3,8085,,
,686,148,3,17371,,
,686,168,3,17470,,
,686,172,3,15500,,
,686,176,3,15121,,
,686,191,3,81,,
,686,291,3,17532,,
,686,42,3,12659,,
,686,65,3,7243,,
,687,139,3,8242,,
,687,148,3,18653,,
,687,168,3,4778,,
,687,172,3,21174,,
,687,191,3,16622,,
,687,291,3,8411,,
,688,11,3,18035,,
,688,139,3,7822,,
,688,148,3,17834,,
,688,172,3,15739,,
,688,191,3,19395,,
,688,274,3,16585,,
,688,291,3,22611,,
,688,42,3,647,,
,689,106,3,1020,,
,689,140,3,5448,,
,689,148,3,13043,,
,689,168,3,3275,,
,689,172,3,3212,,
,689,272,3,17636,,
,689,274,3,6219,,
,689,291,3,1456,,
,689,336,3,15061,,
,689,42,3,13629,,
,68V,9,3,21169,,
,69,147,3,8892,,
,69,151,3,7464,,
,69,156,3,23131,,
,69,18,3,22089,,
,69,210,3,21625,,
,69,274,3,5258,,
,69,313,3,10848,,
,69,318,3,16494,,
,69,322,3,14418,,
,69,380,3,818,,
,69,51,3,18607,,
,69,9,3,7280,,
,690,11,3,3890,,
,690,133,3,7559,,
,690,168,3,9568,,
,690,172,3,12007,,
,690,176,3,6763,,
,690,191,3,17145,,
,690,218,3,9650,,
,690,272,3,5456,,
,690,274,3,5749,,
,690,313,3,774,,
,690,360,3,19210,,
,690,80,3,9863,,
,690,99,3,14793,,
,6900,274,3,16180,,
,6901,274,3,21708,,
,6902,274,3,794,,
,6903,274,3,1642,,
,6904,274,3,14841,,
,691,133,3,11870,,
,691,151,3,8915,,
,691,159,3,6349,,
,691,168,3,3605,,
,691,172,3,21135,,
,691,191,3,21946,,
,691,272,3,16690,,
,691,274,3,7004,,
,691,313,3,7683,,
,691,360,3,19376,,
,691,42,3,12008,,
,691,80,3,20672,,
,691,99,3,16883,,
,6913,274,3,15980,,
,6914,274,3,1727,,
,691R,42,3,13500,,
,691V,191,3,317,,
,692,133,3,10106,,
,692,140,3,9232,,
,692,151,3,11234,,
,692,159,3,12236,,
,692,168,3,14971,,
,692,172,3,10090,,
,692,191,3,5355,,
,692,218,3,16468,,
,692,274,3,12241,,
,692,360,3,7047,,
,692,42,3,5988,,
,692,80,3,13442,,
,6926,274,3,13872,,
,6927,274,3,15218,,
,6928,274,3,19236,,
,693,133,3,14026,,
,693,159,3,14693,,
,693,168,3,8980,,
,693,172,3,23713,,
,693,191,3,19445,,
,693,272,3,20074,,
,693,274,3,5409,,
,693,360,3,16740,,
,693,376,3,543,,
,693.1,336,3,10384,,
,693.2,336,3,16038,,
,693.3,336,3,14114,,
,693.4,336,3,8131,,
,694,133,3,13952,,
,694,138,3,5556,,
,694,159,3,4295,,
,694,168,3,1206,,
,694,172,3,7071,,
,694,183,3,7477,,
,694,191,3,16334,,
,694,218,3,23405,,
,694,272,3,17496,,
,694,274,3,12872,,
,694,360,3,12556,,
,694,42,3,17966,,
,694,80,3,21656,,
,694,99,3,1590,,
,6940,274,3,11708,,
,6948,274,3,7915,,
,695,133,3,13072,,
,695,139,3,21649,,
,695,159,3,16924,,
,695,168,3,23246,,
,695,172,3,2799,,
,695,191,3,8691,,
,695,218,3,8307,,
,695,313,3,13933,,
,695,360,3,3638,,
,695,42,3,8563,,
,695,80,3,20043,,
,695,99,3,3735,,
,695a,99,3,11054,,
,696,133,3,2137,,
,696,139,3,20053,,
,696,159,3,6962,,
,696,168,3,17183,,
,696,191,3,19295,,
,696,218,3,3467,,
,696,274,3,9162,,
,696,34,3,11871,,
,696,360,3,5324,,
,696,99,3,9283,,
,6961,274,3,21057,,
,6962,274,3,925,,
,6963,274,3,5155,,
,6967,274,3,10211,,
,6968,274,3,3372,,
,697,133,3,18806,,
,697,168,3,4531,,
,697,218,3,18444,,
,697,274,3,4383,,
,697,360,3,17781,,
,697,99,3,7967,,
,6971,274,3,23584,,
,6972,274,3,21340,,
,6973,274,3,8960,,
,6975,274,3,7984,,
,6976,274,3,6687,,
,6977,274,3,22013,,
,698,133,3,8184,,
,698,168,3,6192,,
,698,191,3,5186,,
,698,218,3,13572,,
,698,274,3,12802,,
,698,360,3,17620,,
,698,99,3,14777,,
,6986,274,3,11693,,
,6987,274,3,4963,,
,698V,191,3,22256,,
,699,11,3,19172,,
,699,133,3,16450,,
,699,139,3,18737,,
,699,168,3,8308,,
,699,336,3,22582,,
,699,99,3,11262,,
,6991,274,3,6891,,
,6992,274,3,8219,,
,6994,274,3,5081,,
,6998,274,3,17178,,
,6E,141,0,22422,,
,6E,304,3,2675,,
,6V,9,3,8671,,
,6a,7,3,19030,,
,7,106,3,309,,
,7,110,3,20063,,
,7,119,3,1626,,
,7,121,3,20501,,
,7,127,3,20317,,
,7,132,3,9897,,
,7,134,3,20964,,
,7,135,3,19190,,
,7,139,3,18543,,
,7,145,3,3222,,
,7,147,0,23371,,
,7,151,3,13393,,
,7,154,0,7734,,
,7,154,3,3414,,
,7,159,3,6589,,
,7,161,3,3125,,
,7,164,3,6215,,
,7,172,3,10734,,
,7,195,3,3468,,
,7,2,3,15482,,
,7,203,3,1995,,
,7,207,0,19554,,
,7,21,3,6839,,
,7,210,0,12969,,
,7,216,3,18093,,
,7,218,1,8597,,
,7,22,3,7879,,
,7,221,3,15622,,
,7,227,3,2774,,
,7,247,3,16669,,
,7,262,3,11283,,
,7,268,3,14727,,
,7,282,3,16259,,
,7,291,3,17627,,
,7,292,3,4594,,
,7,304,3,14956,,
,7,322,3,5989,,
,7,323,0,4607,,
,7,330,3,3332,,
,7,333,3,14483,,
,7,335,3,13115,,
,7,34,3,1678,,
,7,340,3,3395,,
,7,354,3,162,,
,7,367,3,13282,,
,7,372,3,827,,
,7,381,0,19164,,
,7,41,3,3669,,
,7,42,3,6535,,
,7,58,3,4320,,
,7,64,3,11396,,
,7,69,3,21626,,
,7,7,3,14497,,
,7,9,3,7601,,
,7,94,0,17067,,
,7,96,3,15050,,
,7,97,3,6232,,
,70,105,3,16665,,
,70,106,3,4749,,
,70,111,3,13978,,
,70,118,3,20135,,
,70,119,3,9233,,
,70,127,3,4913,,
,70,146,3,1394,,
,70,147,3,22396,,
,70,151,3,9383,,
,70,181,3,8419,,
,70,205,3,14299,,
,70,207,3,19504,,
,70,210,3,17068,,
,70,22,3,18532,,
,70,266,3,1767,,
,70,274,3,14221,,
,70,296,3,7743,,
,70,298,3,297,,
,70,304,3,5131,,
,70,306,3,15859,,
,70,320,3,5607,,
,70,378,3,2165,,
,70,38,3,14115,,
,70,42,3,4220,,
,70,7,3,1854,,
,70,9,3,2764,,
,70,96,3,16658,,
,70.1,119,3,19632,,
,70.2,119,3,10107,,
,70.3,119,3,9807,,
,700,106,3,22224,,
,700,116,3,16344,,
,700,119,3,14884,,
,700,122,3,3541,,
,700,138,3,13646,,
,700,139,3,21611,,
,700,14,3,10394,,
,700,144,3,21181,,
,700,151,3,11628,,
,700,164,3,4789,,
,700,218,3,433,,
,700,262,3,23778,,
,700,291,3,23601,,
,700,311,3,4438,,
,700,353,3,19831,,
,700,5,3,4463,,
,700,78,3,17793,,
,700,99,3,23104,,
,7000,223,3,16819,,
,7000,45,3,8903,,
,701,106,3,12028,,
,701,119,3,3097,,
,701,122,3,21798,,
,701,138,3,12324,,
,701,144,3,13420,,
,701,151,3,16308,,
,701,155,3,2166,,
,701,177,0,20998,,
,701,179,3,16071,,
,701,191,3,8598,,
,701,205,3,5224,,
,701,218,3,1885,,
,701,274,3,22912,,
,701,291,3,3265,,
,701,298,3,10492,,
,701,311,3,23268,,
,701,352,3,22558,,
,701,381,3,14537,,
,701,5,3,8067,,
,701,55,3,15885,,
,701,7,3,15822,,
,701,78,3,12930,,
,701,83,3,17028,,
,701,99,3,15391,,
,7010,45,3,9458,,
,7015,59,3,13618,,
,7016,45,3,5156,,
,7017,45,3,14517,,
,7018,45,3,10994,,
,7019,45,3,4977,,
,701A,205,3,12893,,
,702,106,3,14342,,
,702,119,3,4315,,
,702,122,3,4763,,
,702,138,3,15663,,
,702,144,3,9307,,
,702,151,3,3188,,
,702,179,3,21974,,
,702,183,3,13011,,
,702,191,3,16154,,
,702,205,3,22592,,
,702,274,3,15762,,
,702,291,3,13606,,
,702,311,3,15308,,
,702,314,3,19356,,
,702,321,3,4590,,
,702,381,3,13813,,
,702,55,3,15258,,
,702,7,3,4281,,
,702,78,3,3620,,
,702,83,3,20841,,
,702,99,3,18683,,
,7020,45,3,20932,,
,7020,59,3,17675,,
,7021,59,3,93,,
,7025,59,3,22884,,
,7026,45,3,355,,
,7027,45,3,1306,,
,7028,45,3,10861,,
,7029,45,3,1586,,
,703,106,3,2756,,
,703,119,3,7567,,
,703,122,3,7137,,
,703,144,3,5584,,
,703,151,3,6528,,
,703,179,3,20877,,
,703,191,3,6005,,
,703,205,3,10654,,
,703,274,3,21270,,
,703,291,3,1123,,
,703,311,3,15192,,
,703,313,3,15932,,
,703,314,3,19195,,
,703,321,3,21497,,
,703,336,3,1984,,
,703,381,3,11055,,
,703,55,3,4518,,
,703,7,3,10880,,
,703,99,3,16904,,
,7030,45,3,12192,,
,7030,59,3,19655,,
,7036,45,3,16807,,
,7037,45,3,5110,,
,7038,45,3,8789,,
,704,106,3,12520,,
,704,11,3,21449,,
,704,119,3,7641,,
,704,122,3,14842,,
,704,138,3,7840,,
,704,151,3,14409,,
,704,177,0,7382,,
,704,179,3,12974,,
,704,191,3,17310,,
,704,205,3,18064,,
,704,274,3,1027,,
,704,291,3,20942,,
,704,311,3,3056,,
,704,313,3,18709,,
,704,321,3,8608,,
,704,352,3,11569,,
,704,381,3,11388,,
,704,55,3,21639,,
,704,7,3,23301,,
,704,99,3,16091,,
,7040,45,3,21233,,
,7041,45,3,13175,,
,7045,45,3,7719,,
,7046,45,3,16769,,
,7049,45,3,10794,,
,704A,205,3,2432,,
,705,106,3,21432,,
,705,119,3,13541,,
,705,122,3,10026,,
,705,144,3,14706,,
,705,151,3,12184,,
,705,177,0,11427,,
,705,179,3,1826,,
,705,191,3,3954,,
,705,205,3,21213,,
,705,274,3,16393,,
,705,291,3,22443,,
,705,311,3,20703,,
,705,313,3,6529,,
,705,314,3,1859,,
,705,321,3,6764,,
,705,336,3,14805,,
,705,381,3,14824,,
,705,55,3,8155,,
,705,78,3,12953,,
,705,99,3,4159,,
,7050,45,3,1710,,
,7055,45,3,17589,,
,7056,45,3,18991,,
,7059,45,3,18834,,
,705A,205,3,13883,,
,706,106,3,15358,,
,706,119,3,13826,,
,706,122,3,18367,,
,706,138,3,6963,,
,706,144,3,2858,,
,706,151,3,16628,,
,706,177,0,9293,,
,706,179,3,18866,,
,706,191,3,20111,,
,706,205,3,16914,,
,706,262,3,11872,,
,706,274,3,3369,,
,706,291,3,12054,,
,706,311,3,21412,,
,706,313,3,8502,,
,706,321,3,19560,,
,706,336,3,23003,,
,706,381,3,6688,,
,706,7,3,18997,,
,706,78,3,8026,,
,706,99,3,5319,,
,7060,138,3,20376,,
,7060,45,3,10899,,
,7061,45,3,14660,,
,7062,45,3,14639,,
,7064,45,3,20650,,
,7065,45,3,10162,,
,707,106,3,16181,,
,707,119,3,14441,,
,707,122,3,16741,,
,707,138,3,3981,,
,707,144,3,8774,,
,707,151,3,1389,,
,707,177,0,13524,,
,707,179,3,8014,,
,707,191,3,7447,,
,707,205,3,4636,,
,707,262,3,17206,,
,707,274,3,6511,,
,707,291,3,19896,,
,707,321,3,6831,,
,707,381,3,7890,,
,707,78,3,20569,,
,707,80,3,7971,,
,707,99,3,15287,,
,7070,138,3,2863,,
,7070,45,3,14235,,
,7071,45,3,6654,,
,7075,45,3,14368,,
,7076,45,3,6377,,
,7077,45,3,11781,,
,7078,45,3,94,,
,707a,99,3,21545,,
,708,106,3,19995,,
,708,119,3,13745,,
,708,122,3,530,,
,708,151,3,577,,
,708,177,0,11175,,
,708,191,3,6140,,
,708,205,3,21029,,
,708,274,3,22671,,
,708,291,3,11493,,
,708,311,3,4750,,
,708,321,3,20105,,
,708,336,3,11042,,
,708,381,3,1909,,
,708,55,3,14142,,
,708,78,3,3515,,
,7080,45,3,11350,,
,7081,45,3,23595,,
,7082,45,3,11345,,
,7083,45,3,10702,,
,7085,45,3,5990,,
,7086,45,3,11155,,
,7087,45,3,22524,,
,7088,45,3,21749,,
,7089,45,3,862,,
,708V,191,3,13427,,
,709,106,3,17471,,
,709,119,3,15017,,
,709,122,3,3290,,
,709,151,3,913,,
,709,177,0,8572,,
,709,205,3,7031,,
,709,274,3,9252,,
,709,291,3,12751,,
,709,311,3,12060,,
,709,381,3,21993,,
,709,55,3,8006,,
,709,78,3,9166,,
,709A,205,3,1759,,
,70A,105,3,6546,,
,71,105,3,5527,,
,71,106,3,19996,,
,71,111,3,13443,,
,71,119,3,15744,,
,71,127,3,1124,,
,71,138,3,1768,,
,71,146,3,8973,,
,71,147,3,13421,,
,71,151,3,7349,,
,71,156,3,1965,,
,71,172,3,8120,,
,71,2,3,15432,,
,71,205,3,19681,,
,71,210,3,13894,,
,71,22,3,828,,
,71,228,3,8232,,
,71,240,3,14995,,
,71,266,3,10055,,
,71,274,3,2301,,
,71,291,3,13137,,
,71,292,3,20136,,
,71,296,3,2098,,
,71,298,3,21869,,
,71,304,3,5594,,
,71,306,3,7345,,
,71,318,3,11411,,
,71,320,3,16635,,
,71,365,3,21894,,
,71,367,3,23552,,
,71,369,3,2273,,
,71,380,3,15031,,
,71,42,3,16564,,
,71,45,3,12696,,
,71,7,3,20977,,
,71,9,3,8991,,
,71,96,3,19434,,
,71.1,119,3,18390,,
,71.2,119,3,12986,,
,71.3,119,3,18654,,
,71.5,119,3,21389,,
,71.6,119,3,9217,,
,71.7,119,3,15274,,
,71.8,119,3,10280,,
,710,106,3,11031,,
,710,122,3,21301,,
,710,139,3,20137,,
,710,143,3,23431,,
,710,151,3,17753,,
,710,191,3,17476,,
,710,197,3,10374,,
,710,218,3,20292,,
,710,226,3,22481,,
,710,274,3,16615,,
,710,277,3,18860,,
,710,291,3,18978,,
,710,295,3,15625,,
,710,31,3,10689,,
,710,313,3,22368,,
,710,321,3,8020,,
,710,353,3,23306,,
,710,78,3,19529,,
,710,83,3,20077,,
,710,99,3,974,,
,711,106,3,8438,,
,711,119,3,8823,,
,711,122,3,15550,,
,711,138,3,2009,,
,711,139,3,3614,,
,711,151,3,12061,,
,711,172,3,12280,,
,711,179,3,2583,,
,711,184,3,7701,,
,711,191,3,19511,,
,711,205,3,12761,,
,711,218,3,4839,,
,711,262,3,14508,,
,711,274,3,9074,,
,711,291,3,9788,,
,711,295,3,19902,,
,711,313,3,19530,,
,711,321,3,17361,,
,711,336,3,7617,,
,711,352,3,2056,,
,711,381,3,23027,,
,711,55,3,14104,,
,711,7,3,15740,,
,711,78,3,16109,,
,711,83,3,11539,,
,711,99,3,22885,,
,712,106,3,225,,
,712,119,3,9520,,
,712,122,3,14152,,
,712,139,3,499,,
,712,144,3,21082,,
,712,151,3,11878,,
,712,179,3,13195,,
,712,184,3,10349,,
,712,262,3,13674,,
,712,274,3,15099,,
,712,291,3,1457,,
,712,295,3,13005,,
,712,313,3,3442,,
,712,321,3,16708,,
,712,352,3,1082,,
,712,381,3,8389,,
,712,83,3,19246,,
,712,99,3,6257,,
,7122,263,3,13263,,
,7122,330,3,11614,,
,7123,263,3,20279,,
,7124,330,3,14236,,
,712R,7,3,5151,,
,713,106,3,17000,,
,713,119,3,12119,,
,713,122,3,18616,,
,713,151,3,12907,,
,713,172,3,14778,,
,713,179,3,23312,,
,713,262,3,19716,,
,713,274,3,18215,,
,713,291,3,7204,,
,713,313,3,17328,,
,713,352,3,9204,,
,713,381,3,21279,,
,713,7,3,1776,,
,713,83,3,21182,,
,713,99,3,2787,,
,7130,330,3,19001,,
,7131,330,3,22780,,
,7131,59,3,174,,
,7132,330,3,13230,,
,7132,59,3,11097,,
,7134,330,3,10516,,
,7135,330,3,21737,,
,7136,330,3,16538,,
,7136,59,3,19862,,
,7137,330,3,11742,,
,714,106,3,21947,,
,714,119,3,7465,,
,714,122,3,19242,,
,714,139,3,16503,,
,714,151,3,19702,,
,714,172,3,15051,,
,714,179,3,6312,,
,714,274,3,19609,,
,714,336,3,12597,,
,714,352,3,17729,,
,714,381,3,18195,,
,714,99,3,19512,,
,7141,216,3,9308,,
,7141,330,3,21413,,
,7142,330,3,21703,,
,7142,36,3,669,,
,7143,36,3,20948,,
,7144,330,3,14459,,
,7144,36,3,5177,,
,7146,330,3,14479,,
,7149,36,3,12610,,
,715,106,0,20822,,
,715,106,3,18375,,
,715,119,3,8255,,
,715,122,3,13967,,
,715,139,3,15576,,
,715,144,3,14617,,
,715,179,3,6127,,
,715,191,3,13326,,
,715,197,3,19411,,
,715,291,3,2739,,
,715,313,3,15107,,
,715,321,3,6044,,
,715,352,3,10226,,
,715,80,3,15944,,
,715,99,3,15231,,
,7150,330,3,17505,,
,7150,36,3,22914,,
,7151,330,3,3131,,
,7156,330,3,9513,,
,715A,274,3,22756,,
,715B,274,3,12780,,
,716,106,0,15781,,
,716,106,3,2420,,
,716,119,3,10887,,
,716,122,3,20203,,
,716,144,3,5249,,
,716,151,3,11428,,
,716,172,3,20305,,
,716,291,3,10725,,
,716,313,3,19389,,
,716,321,3,10468,,
,716,55,3,11405,,
,716,7,3,19774,,
,716,80,3,4608,,
,7160,330,3,11078,,
,7161,330,3,18744,,
,716A,274,3,10946,,
,716B,274,3,4442,,
,717,106,0,7416,,
,717,106,3,5599,,
,717,119,3,9449,,
,717,122,3,4894,,
,717,144,3,7373,,
,717,151,3,7443,,
,717,179,3,9338,,
,717,205,3,23343,,
,717,274,3,506,,
,717,291,3,1799,,
,717,313,3,18382,,
,717,352,3,18445,,
,717,381,3,23489,,
,717,80,3,9861,,
,717A,205,3,12212,,
,718,106,3,2061,,
,718,119,3,19247,,
,718,122,3,23367,,
,718,144,3,9341,,
,718,151,3,3401,,
,718,274,3,5137,,
,718,291,3,6750,,
,718,352,3,13143,,
,718,80,3,11782,,
,719,106,3,22892,,
,719,122,3,7209,,
,719,138,3,8854,,
,719,151,3,234,,
,719,179,3,6590,,
,719,191,3,15411,,
,719,266,3,16586,,
,719,274,3,13340,,
,719,291,3,23730,,
,719,311,3,4446,,
,719,321,3,4013,,
,719,55,3,23731,,
,719,7,3,16459,,
,719,80,3,20204,,
,71A,105,3,10358,,
,71E,172,3,1241,,
,71F,304,3,2024,,
,71V,9,3,13822,,
,72,106,3,19646,,
,72,111,3,23198,,
,72,119,3,5991,,
,72,127,3,21049,,
,72,146,3,22510,,
,72,147,3,7182,,
,72,151,3,20965,,
,72,156,3,19150,,
,72,164,3,12168,,
,72,172,3,18446,,
,72,18,3,11371,,
,72,2,3,18136,,
,72,205,3,5816,,
,72,207,3,8068,,
,72,210,3,22108,,
,72,216,4,5818,,
,72,22,3,7787,,
,72,228,3,55,,
,72,256,3,11389,,
,72,266,3,21968,,
,72,291,3,3239,,
,72,292,3,6689,,
,72,298,3,8043,,
,72,304,3,4595,,
,72,313,3,17718,,
,72,320,3,19196,,
,72,365,3,18202,,
,72,367,3,3410,,
,72,378,3,21083,,
,72,380,3,1653,,
,72,42,3,16996,,
,72,7,3,14018,,
,72,9,3,7217,,
,72,96,3,4691,,
,72.1,119,3,209,,
,72.3,119,3,11263,,
,72.4,119,3,23382,,
,72.5,119,3,15526,,
,72.6,119,3,21478,,
,72.7,119,3,12987,,
,72.8,119,3,8599,,
,72/2,367,3,23159,,
,720,106,3,11702,,
,720,119,3,1264,,
,720,122,3,18376,,
,720,138,3,6754,,
,720,139,3,8439,,
,720,143,3,14686,,
,720,144,3,16362,,
,720,151,3,16134,,
,720,191,3,7478,,
,720,262,3,10212,,
,720,274,3,15401,,
,720,277,3,17754,,
,720,291,3,454,,
,720,311,3,9769,,
,720,314,3,12706,,
,720,321,3,19266,,
,720,381,3,13208,,
,720,78,3,19454,,
,720,99,3,14732,,
,7204,116,3,21148,,
,7205,116,3,10306,,
,7208,116,3,11927,,
,721,106,3,16166,,
,721,119,3,1860,,
,721,122,3,9789,,
,721,139,3,15994,,
,721,144,3,20171,,
,721,172,3,22998,,
,721,177,3,20155,,
,721,191,3,15266,,
,721,205,3,8790,,
,721,248,3,8924,,
,721,262,3,1215,,
,721,274,3,18594,,
,721,277,3,801,,
,721,291,3,6188,,
,721,311,3,13066,,
,721,314,3,9710,,
,721,381,3,22347,,
,721,55,3,19534,,
,721,99,3,1199,,
,7212,116,3,4204,,
,7216,116,3,3347,,
,721A,205,3,2884,,
,721V,191,3,15623,,
,722,106,3,126,,
,722,11,3,2196,,
,722,119,3,4815,,
,722,138,3,1591,,
,722,144,3,12652,,
,722,151,3,13231,,
,722,177,3,12734,,
,722,191,3,6258,,
,722,205,3,9167,,
,722,248,3,11035,,
,722,262,3,2433,,
,722,274,3,19181,,
,722,311,3,2396,,
,722,381,3,19897,,
,722,382,3,13653,,
,722,85,3,15671,,
,722,99,3,6035,,
,722A,205,3,9646,,
,723,11,3,15701,,
,723,119,3,5294,,
,723,138,3,18601,,
,723,151,3,4830,,
,723,177,3,5399,,
,723,191,3,2546,,
,723,205,3,18247,,
,723,248,3,19151,,
,723,274,3,12375,,
,723,311,3,21560,,
,723,329,3,18730,,
,723,381,3,15477,,
,723,55,3,22199,,
,723,7,3,9597,,
,723,85,3,16266,,
,723,99,3,11751,,
,7231,116,3,2457,,
,723A,205,3,2804,,
,724,106,3,17247,,
,724,119,3,2010,,
,724,144,3,23182,,
,724,151,3,11121,,
,724,172,3,20992,,
,724,177,3,10410,,
,724,191,3,1654,,
,724,197,3,662,,
,724,248,3,8981,,
,724,274,3,2338,,
,724,311,3,4014,,
,724,7,3,8002,,
,724,99,3,22235,,
,7240,116,3,13203,,
,725,106,3,13668,,
,725,119,3,20576,,
,725,138,3,10195,,
,725,139,3,9582,,
,725,144,3,2841,,
,725,151,3,19602,,
,725,172,3,21715,,
,725,177,3,7469,,
,725,191,3,6665,,
,725,205,3,17463,,
,725,248,3,23751,,
,725,262,3,9410,,
,725,274,3,15486,,
,725,291,3,6723,,
,725,313,3,7115,,
,725,352,3,18479,,
,7255,116,3,23420,,
,7257,116,3,5309,,
,7258,116,3,9365,,
,7259,116,3,21064,,
,725V,191,3,4048,,
,726,106,3,18515,,
,726,119,3,1422,,
,726,139,3,4360,,
,726,151,3,13196,,
,726,172,3,21251,,
,726,177,3,14545,,
,726,191,3,2932,,
,726,227,3,1664,,
,726,248,3,10595,,
,726,262,3,13031,,
,726,274,3,11813,,
,726,291,3,1021,,
,726,311,3,14132,,
,726,313,3,1740,,
,726,336,3,7662,,
,726,85,3,7927,,
,7261,116,3,16239,,
,7262,116,3,2535,,
,7266,181,3,217,,
,727,106,3,11646,,
,727,119,3,14167,,
,727,139,3,1048,,
,727,151,3,19686,,
,727,177,3,4556,,
,727,191,3,1552,,
,727,248,3,23140,,
,727,291,3,13138,,
,727,311,3,19561,,
,727,313,3,20642,,
,727V,191,3,12577,,
,728,119,3,10213,,
,728,151,3,22735,,
,728,177,3,10523,,
,728,191,3,10612,,
,728,205,3,16471,,
,728,248,3,11036,,
,728,274,3,14490,,
,728,291,3,2243,,
,728,311,3,22306,,
,728,313,3,3333,,
,728,41,3,5624,,
,728,7,3,7655,,
,729,106,3,4326,,
,729,119,3,10552,,
,729,151,3,4515,,
,729,177,3,20442,,
,729,191,3,15729,,
,729,248,3,19710,,
,729,291,3,3516,,
,729,313,3,10538,,
,729,7,3,1699,,
,73,106,3,23623,,
,73,119,3,14116,,
,73,127,3,17195,,
,73,146,3,7880,,
,73,147,3,10962,,
,73,151,3,11335,,
,73,156,3,8233,,
,73,163,3,8609,,
,73,172,3,2075,,
,73,18,3,15193,,
,73,205,3,9205,,
,73,207,3,7985,,
,73,210,3,7268,,
,73,216,4,1327,,
,73,22,3,6844,,
,73,228,3,4824,,
,73,240,3,4160,,
,73,266,3,10823,,
,73,282,3,8855,,
,73,291,3,12376,,
,73,292,3,4884,,
,73,298,3,14571,,
,73,304,3,330,,
,73,306,3,18798,,
,73,313,3,3030,,
,73,320,3,19114,,
,73,322,3,9778,,
,73,367,3,15590,,
,73,378,3,9791,,
,73,380,3,18383,,
,73,7,3,21479,,
,73,9,3,1736,,
,73,96,3,11525,,
,73.1,119,3,8185,,
,73.2,119,3,1002,,
,73.3,119,3,14618,,
,73.4,119,3,9732,,
,730,106,3,3766,,
,730,11,3,16680,,
,730,119,3,20138,,
,730,138,3,17459,,
,730,139,3,19396,,
,730,143,3,3043,,
,730,151,3,6940,,
,730,177,3,6372,,
,730,248,3,4098,,
,730,274,3,13341,,
,730,275,3,8309,,
,730,277,3,9945,,
,730,291,3,3896,,
,730,31,3,10682,,
,730,381,3,23490,,
,730,85,3,7155,,
,7300,116,3,15343,,
,7301,116,3,11264,,
,7302,116,3,8614,,
,7304,116,3,1417,,
,7305,116,3,14738,,
,7306,116,3,5228,,
,7307,116,3,23696,,
,7308,116,3,7111,,
,7309,116,3,19228,,
,731,106,3,14948,,
,731,119,3,21572,,
,731,139,3,8207,,
,731,144,3,10954,,
,731,151,3,17407,,
,731,152,3,4537,,
,731,172,3,2775,,
,731,177,3,22312,,
,731,248,3,18457,,
,731,262,3,6373,,
,731,274,3,9535,,
,731,291,3,22504,,
,731,295,3,12419,,
,731,31,3,696,,
,731,336,3,18360,,
,731,353,3,20172,,
,731,381,3,17557,,
,731,55,3,3247,,
,7310,116,3,17958,,
,7311,116,3,2728,,
,7312,116,3,78,,
,7313,116,3,21657,,
,7314,116,3,5969,,
,7317,116,3,4580,,
,7318,116,3,12707,,
,7319,116,3,18608,,
,732,106,3,17273,,
,732,119,3,9672,,
,732,139,3,19064,,
,732,151,3,19656,,
,732,177,3,3940,,
,732,248,3,10620,,
,732,274,3,5295,,
,732,291,3,23167,,
,732,31,3,2371,,
,732,311,3,10103,,
,732,313,3,4760,,
,732,336,3,1531,,
,732,353,3,2794,,
,732,41,3,18825,,
,7320,116,3,111,,
,7321,116,3,9971,,
,7322,116,3,18970,,
,7323,116,3,22999,,
,7324,116,3,8795,,
,7325,116,3,9569,,
,7326,116,3,11195,,
,7327,116,3,7119,,
,7328,116,3,20126,,
,7329,116,3,3433,,
,733,106,3,9742,,
,733,119,3,9163,,
,733,144,3,11786,,
,733,151,3,10592,,
,733,152,3,16588,,
,733,177,3,2255,,
,733,216,3,22712,,
,733,248,3,966,,
,733,291,3,3223,,
,733,31,3,20696,,
,733,313,3,3812,,
,733,314,3,21879,,
,733,353,3,4598,,
,733,381,3,11988,,
,733,382,3,9979,,
,733,41,3,2047,,
,733,7,3,19343,,
,7330,116,3,6608,,
,7331,116,3,21218,,
,7334,116,3,22535,,
,7335,116,3,189,,
,7336,116,3,4902,,
,7337,116,3,13722,,
,7338,116,3,21994,,
,7339,116,3,18220,,
,733AL,119,3,18668,,
,734,106,3,14650,,
,734,119,3,4974,,
,734,144,3,15392,,
,734,151,3,13161,,
,734,177,3,15008,,
,734,205,3,3993,,
,734,248,3,10683,,
,734,291,3,1655,,
,734,31,3,5000,,
,734,336,3,14534,,
,734,381,3,6980,,
,734,7,3,15776,,
,7340,116,3,3794,,
,7341,116,3,8842,,
,7342,116,3,13997,,
,7343,116,3,17621,,
,7344,116,3,10375,,
,7345,116,3,2577,,
,7346,116,3,12331,,
,7347,116,3,18071,,
,7348,116,3,11687,,
,735,119,3,16727,,
,735,138,3,7903,,
,735,139,3,15602,,
,735,144,3,13968,,
,735,151,3,14752,,
,735,177,3,20630,,
,735,216,3,363,,
,735,248,3,7156,,
,735,274,3,5513,,
,735,275,3,18621,,
,735,291,3,11372,,
,735,313,3,1378,,
,735,314,3,19248,,
,735,381,3,10452,,
,735 b,41,3,16971,,
,736,139,3,19259,,
,736,144,3,21915,,
,736,151,3,90,,
,736,177,3,1861,,
,736,216,3,20197,,
,736,248,3,20966,,
,736,274,3,4086,,
,736,275,3,9792,,
,736,291,3,1996,,
,736,31,3,6486,,
,736,313,3,9867,,
,736,336,3,1109,,
,736,381,3,2823,,
,737,106,3,7470,,
,737,119,3,20412,,
,737,139,3,14606,,
,737,144,3,13518,,
,737,177,3,21806,,
,737,216,3,20593,,
,737,248,3,11048,,
,737,274,3,19917,,
,737,275,3,5034,,
,737,291,3,7485,,
,737,311,3,6956,,
,737,313,3,4296,,
,737,336,3,4369,,
,737,381,3,2326,,
,737,7,3,14386,,
,7376,353,3,8868,,
,7377,353,3,7244,,
,7379,353,3,13919,,
,738,144,3,8086,,
,738,151,3,23424,,
,738,177,3,13823,,
,738,248,3,8589,,
,738,291,3,751,,
,738,311,3,17767,,
,738,313,3,16420,,
,738,336,3,4614,,
,738,381,3,16309,,
,738,55,3,14369,,
,7380,353,3,10340,,
,7381,353,3,17486,,
,7382,353,3,20331,,
,7383,353,3,4816,,
,7384,353,3,21873,,
,7385,353,3,15108,,
,7386,353,3,679,,
,7389,353,3,20545,,
,739,11,3,20673,,
,739,138,3,10526,,
,739,144,3,15145,,
,739,151,3,16742,,
,739,207,3,9108,,
,739,248,3,23022,,
,739,31,3,19377,,
,739,311,3,23652,,
,739,313,3,5831,,
,739,314,3,1177,,
,739,321,3,9711,,
,739,336,3,19744,,
,739,41,3,5992,,
,739,55,3,3641,,
,739,7,3,19687,,
,7391,292,3,20306,,
,7392,353,3,22893,,
,7394,353,3,12157,,
,7395,353,3,16557,,
,7396,353,3,5920,,
,7397,353,3,12483,,
,73E,172,3,5138,,
,73E,9,3,9475,,
,74,105,3,13197,,
,74,106,3,5685,,
,74,11,3,17072,,
,74,111,3,5305,,
,74,119,3,22930,,
,74,146,3,17412,,
,74,151,3,5698,,
,74,155,3,8110,,
,74,172,3,20025,,
,74,18,3,11615,,
,74,2,3,8262,,
,74,205,3,16145,,
,74,207,3,18905,,
,74,210,3,18346,,
,74,266,3,10243,,
,74,274,3,16852,,
,74,291,3,5848,,
,74,292,3,10272,,
,74,298,3,16642,,
,74,304,3,13884,,
,74,306,3,21501,,
,74,320,3,7529,,
,74,34,3,10544,,
,74,367,3,23083,,
,74,378,3,10671,,
,74,7,3,1117,,
,74,9,3,1057,,
,74,96,3,7190,,
,74/1,367,3,9210,,
,740,11,3,22736,,
,740,138,3,12137,,
,740,139,3,6469,,
,740,179,3,11758,,
,740,218,3,16681,,
,740,262,3,8961,,
,740,291,3,5959,,
,740,31,3,4958,,
,740,314,3,16220,,
,740,321,3,17782,,
,740,381,3,17248,,
,740,41,3,3685,,
,740,55,3,10857,,
,7400,330,3,11950,,
,74001,151,3,12708,,
,74002,151,3,6941,,
,74003,151,3,3675,,
,7401,330,3,16023,,
,7402,330,3,7391,,
,7403,330,3,2153,,
,7404,330,3,14588,,
,7405,330,3,18773,,
,7406,330,3,23638,,
,7408,330,3,13276,,
,7409,330,3,10049,,
,741,119,3,5643,,
,741,139,3,15412,,
,741,151,3,9542,,
,741,177,3,5904,,
,741,179,3,3118,,
,741,218,3,18469,,
,741,248,3,16803,,
,741,262,3,23513,,
,741,274,3,21495,,
,741,291,3,13969,,
,741,298,3,163,,
,741,31,3,6122,,
,741,321,3,23017,,
,741,330,3,15950,,
,741,381,3,11412,,
,741,80,3,5268,,
,7410,330,3,331,,
,7411,330,3,14168,,
,7414,330,3,5841,,
,7415,330,3,19344,,
,7415A,330,3,6974,,
,7415B,330,3,23012,,
,7417,330,3,5194,,
,7418,330,3,2788,,
,742,139,3,17572,,
,742,151,3,13106,,
,742,177,3,7865,,
,742,179,3,1728,,
,742,248,3,19300,,
,742,291,3,21210,,
,742,31,3,20003,,
,742,311,3,23147,,
,742,313,3,8475,,
,742,330,3,1083,,
,7421,353,3,23755,,
,7422,353,3,23070,,
,7425,353,3,16872,,
,742TB,119,3,12484,,
,743,139,3,6017,,
,743,144,3,3079,,
,743,151,3,11968,,
,743,177,3,10754,,
,743,179,3,17825,,
,743,248,3,5528,,
,743,274,3,20674,,
,743,291,3,284,,
,743,31,3,16074,,
,743,311,3,21425,,
,743,321,3,22536,,
,743,41,3,13495,,
,7432,330,3,2901,,
,743TB,119,3,14877,,
,744,139,3,14335,,
,744,144,3,17335,,
,744,151,3,20933,,
,744,179,3,4237,,
,744,191,3,9521,,
,744,274,3,14275,,
,744,291,3,18420,,
,744,31,3,20742,,
,744,311,3,7281,,
,744,321,3,10672,,
,744,381,3,1570,,
,744,46,3,8268,,
,744,80,3,18758,,
,7440,116,3,20756,,
,7444,116,3,2709,,
,7445,116,3,9068,,
,745,11,3,14893,,
,745,138,3,18544,,
,745,139,3,16310,,
,745,177,3,7930,,
,745,179,3,19106,,
,745,205,3,22369,,
,745,218,3,3758,,
,745,274,3,11330,,
,745,291,3,7986,,
,745,31,3,6866,,
,745,311,3,6892,,
,745,313,3,10629,,
,745,321,3,17091,,
,745,381,3,2499,,
,745,41,3,3073,,
,745,85,3,11378,,
,745A,205,3,16405,,
,746,139,3,13839,,
,746,177,3,9384,,
,746,179,3,7185,,
,746,207,3,22981,,
,746,262,3,23148,,
,746,274,3,21909,,
,746,291,3,12062,,
,746,31,3,10809,,
,746,321,3,9459,,
,746,381,3,16122,,
,7462,116,3,7754,,
,747,111,3,23109,,
,747,139,3,5710,,
,747,151,3,237,,
,747,177,3,5778,,
,747,179,3,6942,,
,747,205,3,5595,,
,747,262,3,1571,,
,747,291,3,1312,,
,747,31,3,17220,,
,747,313,3,5652,,
,747,381,3,13460,,
,7475,116,3,11591,,
,7479,116,3,18814,,
,748,11,3,17138,,
,748,119,3,706,,
,748,139,3,6296,,
,748,151,3,6683,,
,748,177,3,20472,,
,748,179,3,15094,,
,748,205,3,18720,,
,748,262,3,3164,,
,748,274,3,18669,,
,748,291,3,2560,,
,748,31,3,11851,,
,748,314,3,16046,,
,7481,116,3,2765,,
,7484,116,3,9793,,
,7486,116,3,23047,,
,748A,205,3,23004,,
,749,119,3,11549,,
,749,139,3,5796,,
,749,151,3,6992,,
,749,177,3,1760,,
,749,262,3,1919,,
,749,274,3,9721,,
,749,291,3,20013,,
,749,31,3,6081,,
,749,313,3,15182,,
,749,381,3,6018,,
,74A,105,3,5767,,
,74ALT,9,3,13855,,
,74E,172,3,1635,,
,74E,86,3,22321,,
,75,111,3,13758,,
,75,119,3,947,,
,75,127,3,21527,,
,75,146,3,775,,
,75,151,3,17100,,
,75,18,3,19010,,
,75,210,3,1038,,
,75,216,4,17056,,
,75,22,3,19202,,
,75,266,3,18494,,
,75,274,3,17207,,
,75,291,3,21627,,
,75,292,3,12729,,
,75,304,3,20949,,
,75,318,3,2041,,
,75,320,3,2207,,
,75,378,3,4855,,
,75,38,3,9602,,
,75,68,3,22499,006D71,FFFFFF
,75,7,3,10038,,
,75,9,3,12310,,
,75,96,3,3178,,
,75.1,119,3,12684,,
,750,106,3,15259,,
,750,116,3,14661,,
,750,119,3,6496,,
,750,121,3,8346,,
,750,122,3,20229,,
,750,138,3,3391,,
,750,139,3,14694,,
,750,151,3,4141,,
,750,256,3,7735,,
,750,261,3,22209,,
,750,262,3,4155,,
,750,274,3,11146,,
,750,291,3,11473,,
,750,31,3,12889,,
,750,313,3,8532,,
,750,314,3,14859,,
,750,381,3,6521,,
,750,55,3,11682,,
,7500,139,3,17336,,
,7500,216,3,5405,,
,7503,139,3,23415,,
,7503,216,3,3469,,
,7504,139,3,12793,,
,7504,216,3,7333,,
,7505,139,3,18254,,
,7505,216,3,10139,,
,7506,139,3,21791,,
,7506,216,3,19197,,
,7507,59,3,22868,,
,7508,139,3,15933,,
,7508,216,3,11942,,
,7509,139,3,11037,,
,751,106,3,13970,,
,751,116,3,17554,,
,751,119,3,10621,,
,751,122,3,23779,,
,751,139,3,9018,,
,751,177,3,4347,,
,751,179,3,20351,,
,751,205,3,17399,,
,751,207,3,7650,,
,751,261,3,19045,,
,751,274,3,23063,,
,751,291,3,14927,,
,751,293,3,22760,,
,751,31,3,4978,,
,751,313,3,15146,,
,751,381,3,18021,,
,751,55,3,18807,,
,751 Altstadtfest,261,3,4599,,
,7513,59,3,3822,,
,7518,367,3,6153,,
,752,106,3,4081,,
,752,116,3,16935,,
,752,119,3,10605,,
,752,122,3,22856,,
,752,139,3,15236,,
,752,177,3,16766,,
,752,179,3,21239,,
,752,205,3,1340,,
,752,261,3,18844,,
,752,262,3,1599,,
,752,274,3,10453,,
,752,291,3,9263,,
,752,31,3,16570,,
,752,381,3,7141,,
,752 Altstadtfest,261,3,17238,,
,7522,59,3,16007,,
,753,119,3,5563,,
,753,122,3,12082,,
,753,139,3,15311,,
,753,172,3,8999,,
,753,177,3,4035,,
,753,205,3,15626,,
,753,207,3,22043,,
,753,213,3,19182,,
,753,261,3,4985,,
,753,274,3,7994,,
,753,291,3,17221,,
,753,293,3,3102,,
,753,31,3,9675,,
,753,381,3,8685,,
,753 Altstadtfest,261,3,10154,,
,7530,216,3,21995,,
,7530,59,3,885,,
,7531,59,3,22117,,
,7532,59,3,13185,,
,7533,59,3,23220,,
,7534,353,3,4516,,
,7534,59,3,6591,,
,7535,353,3,12823,,
,7535,59,3,7120,,
,7536,256,3,17818,,
,7537,256,3,6547,,
,7538,256,3,4868,,
,7539,256,3,21036,,
,7539,353,3,21462,,
,754,119,3,16804,,
,754,122,3,8679,,
,754,139,3,22229,,
,754,177,3,18983,,
,754,179,3,19087,,
,754,274,3,11336,,
,754,291,3,1761,,
,754,31,3,22869,,
,754,381,3,22049,,
,7540,216,3,7334,,
,7540,256,3,10843,,
,7541,256,3,15440,,
,7542,256,3,22765,,
,7543,353,3,9842,,
,7543,59,3,2231,,
,7544,353,3,18259,,
,7544,59,3,18391,,
,7546,353,3,3381,,
,7549,34,3,11454,,
,755,119,3,3402,,
,755,122,3,14589,,
,755,139,3,8564,,
,755,172,3,14600,,
,755,205,3,76,,
,755,207,3,17408,,
,755,261,3,7607,,
,755,274,3,8290,,
,755,293,3,15591,,
,755,31,3,21987,,
,755,313,3,16247,,
,755 Altstadtfest,261,3,10350,,
,755-AK,216,3,19703,,
,7550,216,3,21508,,
,7550,353,3,2279,,
,7551,216,3,21113,,
,7551,353,3,9722,,
,7552,353,3,9639,,
,7554,353,3,7802,,
,7557,353,3,11449,,
,7558,353,3,16565,,
,756,119,3,18301,,
,756,122,3,15810,,
,756,139,3,22578,,
,756,177,3,18947,,
,756,179,3,22832,,
,756,205,3,13401,,
,756,207,3,20635,,
,756,261,3,15879,,
,756,31,3,6975,,
,756,55,3,15678,,
,756 Altstadtfest,261,3,3496,,
,7562,59,3,21772,,
,7567,353,3,22537,,
,7567,59,3,16905,,
,7567.1,353,3,18421,,
,7568,59,3,15636,,
,7569,34,3,21807,,
,7569,59,3,4128,,
,757,122,3,10486,,
,757,139,3,15331,,
,757,177,3,14703,,
,757,179,3,15332,,
,757,205,3,19657,,
,757,207,3,6118,,
,757,274,3,5479,,
,757,293,3,10118,,
,757,31,3,7239,,
,7570,216,3,14350,,
,7570,353,3,19065,,
,7570,59,3,22573,,
,7571,353,3,271,,
,7571,59,3,11779,,
,7572,34,3,3359,,
,7572,59,3,13243,,
,7573,59,3,15749,,
,7573.1,353,3,18178,,
,7574,59,3,5111,,
,7575,59,3,8180,,
,7576,59,3,2414,,
,7577,59,3,10297,,
,7578,59,3,1194,,
,7579,59,3,11790,,
,758,122,3,13307,,
,758,139,3,21846,,
,758,177,3,21444,,
,758,179,3,21884,,
,758,207,3,6772,,
,758,274,3,10971,,
,758,293,3,1070,,
,7580,216,3,15167,,
,7580,59,3,20377,,
,7581,59,3,12709,,
,7583,59,3,7891,,
,7584,59,3,17424,,
,7587,353,3,17057,,
,759,122,3,13936,,
,759,177,3,4150,,
,759,179,3,568,,
,759,197,3,14558,,
,759,207,3,19317,,
,759,261,3,7022,,
,759,274,3,4585,,
,759,291,3,11043,,
,759,293,3,6440,,
,759,55,3,1991,,
,7590,59,3,819,,
,7591,139,3,3297,,
,7591,216,3,2757,,
,7591,59,3,18785,,
,7592,139,3,11920,,
,7592,216,3,12730,,
,7592,59,3,20808,,
,7593,59,3,23339,,
,7599,59,3,10214,,
,75A,105,3,2617,,
,75S,105,3,2602,,
,76,119,3,6006,,
,76,127,3,15782,,
,76,146,3,8420,,
,76,151,3,1110,,
,76,172,3,20562,,
,76,205,3,6765,,
,76,210,3,22026,,
,76,22,3,11191,,
,76,274,3,8779,,
,76,282,3,11379,,
,76,291,3,6597,,
,76,292,3,17383,,
,76,298,3,12377,,
,76,306,3,14645,,
,76,313,3,1286,,
,76,320,3,19694,,
,76,322,3,8007,,
,76,367,3,6136,,
,76,7,3,6451,,
,76,96,3,9049,,
,760,11,3,9088,,
,760,119,3,17992,,
,760,121,3,17578,,
,760,122,3,11419,,
,760,138,3,17049,,
,760,139,3,12689,,
,760,177,3,1777,,
,760,197,3,20265,,
,760,205,3,132,,
,760,207,3,9188,,
,760,218,3,5306,,
,760,262,3,14058,,
,760,291,3,10810,,
,760,352,3,983,,
,760,381,3,15361,,
,760,85,3,10155,,
,7600,216,3,3795,,
,7600,59,3,12083,,
,7601,292,3,11243,,
,7605,292,3,6988,,
,7606,353,3,13630,,
,7609,139,3,1910,,
,7609-AST,216,3,14634,,
,760A,205,3,17746,,
,761,119,3,404,,
,761,122,3,21631,,
,761,139,3,11363,,
,761,172,3,2327,,
,761,177,3,17840,,
,761,205,3,5480,,
,761,207,3,8224,,
,761,274,3,17222,,
,761,291,3,3487,,
,761,293,3,18632,,
,761,313,3,11518,,
,761,381,3,16779,,
,7611,292,3,11246,,
,7612,292,3,3031,,
,7613,292,3,14982,,
,7615,292,3,9763,,
,7616,292,3,8234,,
,761A,205,3,21685,,
,762,119,3,21009,,
,762,139,3,7744,,
,762,144,3,16760,,
,762,172,3,1265,,
,762,179,3,2927,,
,762,207,3,6141,,
,762,261,3,13590,,
,762,274,3,7702,,
,762,291,3,12592,,
,762,293,3,2145,,
,762,381,3,23494,,
,762 Altstadtfest,261,3,10140,,
,7623,292,3,17606,,
,7623A,292,3,16891,,
,7625,292,3,20620,,
,7626,292,3,13501,,
,7626A,292,3,3298,,
,7627,292,3,21841,,
,7628,292,3,22322,,
,7629,292,3,11557,,
,7629A,292,3,21612,,
,763,119,3,4351,,
,763,122,3,12894,,
,763,139,3,18148,,
,763,144,3,14424,,
,763,172,3,6666,,
,763,205,3,23467,,
,763,274,3,13623,,
,763,293,3,4672,,
,763,381,3,17880,,
,763,7,3,23612,,
,7630,59,3,7019,,
,7631,59,3,23059,,
,7632,59,3,5144,,
,7633,292,3,15117,,
,7633,59,3,280,,
,7634,59,3,5740,,
,7635,292,3,13704,,
,7635,353,3,23585,,
,7635,59,3,20158,,
,7636,59,3,15373,,
,7637,59,3,21720,,
,7638,59,3,20254,,
,7639,59,3,22029,,
,763A,205,3,17320,,
,764,119,3,12364,,
,764,122,3,14745,,
,764,139,3,11056,,
,764,179,3,13793,,
,764,205,3,8397,,
,764,207,3,21975,,
,764,216,3,7471,,
,764,291,3,21308,,
,764,293,3,5432,,
,764,313,3,8375,,
,764,381,3,19370,,
,7640,59,3,19455,,
,7643,353,3,18149,,
,7644,292,3,5471,,
,7644,353,3,19371,,
,765,122,3,20334,,
,765,139,3,2885,,
,765,205,3,11420,,
,765,207,3,5768,,
,765,216,3,5320,,
,765,274,3,18502,,
,765,291,3,11306,,
,765,293,3,3632,,
,765,313,3,12936,,
,765,314,3,8582,,
,7650,216,3,948,,
,7651,216,3,13953,,
,766,122,3,7057,,
,766,139,3,19301,,
,766,179,3,19286,,
,766,205,3,8992,,
,766,207,3,999,,
,766,262,3,1815,,
,766,293,3,2734,,
,766,381,3,16146,,
,7660,216,3,16059,,
,7662,353,3,13299,,
,766A,205,3,11866,,
,767,139,3,3994,,
,767,207,3,23744,,
,767,262,3,1656,,
,767,274,3,20112,,
,767,293,3,4174,,
,767,381,3,3542,,
,7670,216,3,10435,,
,7671,216,3,16753,,
,768,122,3,23074,,
,768,139,3,12770,,
,768,274,3,22639,,
,768,313,3,18933,,
,768,381,3,13053,,
,7680,216,3,19963,,
,768A,205,3,16240,,
,769,119,3,2842,,
,769,122,3,18617,,
,769,205,3,16430,,
,769,207,3,6552,,
,769,216,3,14094,,
,769,381,3,13990,,
,769,7,3,19382,,
,7696,367,3,18349,,
,7698,367,3,275,,
,76A,105,3,22355,,
,76E,172,3,7422,,
,76S,105,3,13478,,
,77,119,3,16026,,
,77,127,3,12899,,
,77,139,3,23567,,
,77,145,3,9309,,
,77,146,3,9536,,
,77,151,3,2523,,
,77,164,3,10288,,
,77,172,3,20417,,
,77,205,3,18104,,
,77,207,3,19345,,
,77,210,3,7635,,
,77,22,3,20897,,
,77,227,3,17876,,
,77,291,3,22616,,
,77,292,3,21686,,
,77,320,3,9151,,
,77,367,3,22876,,
,77,42,3,5330,,
,77,7,3,13856,,
,770,111,3,9142,,
,770,119,3,23624,,
,770,121,3,17776,,
,770,122,3,22007,,
,770,139,3,3989,,
,770,172,3,18190,,
,770,177,3,1195,,
,770,179,3,1874,,
,770,197,3,10932,,
,770,313,3,421,,
,770,381,3,19758,,
,7700,216,3,7101,,
,7700,59,3,16147,,
,7701,216,3,13479,,
,7705,216,3,13577,,
,771,111,3,2225,,
,771,119,3,12587,,
,771,122,3,22064,,
,771,139,3,2116,,
,771,172,3,15945,,
,771,177,3,13164,,
,771,179,3,22781,,
,771,191,3,16795,,
,771,197,3,10264,,
,771,207,3,5892,,
,771,274,3,10630,,
,772,119,3,16767,,
,772,122,3,2836,,
,772,139,3,3382,,
,772,172,3,22678,,
,772,177,3,18191,,
,772,191,3,5779,,
,772,197,3,4825,,
,772,207,3,14909,,
,772,274,3,4397,,
,772,381,3,5007,,
,7720,216,3,16267,,
,7722,216,3,20491,,
,7725,216,3,13624,,
,772V,191,3,7589,,
,773,119,3,7851,,
,773,122,3,17735,,
,773,139,3,1789,,
,773,172,3,560,,
,773,177,3,2650,,
,773,205,3,7829,,
,773,207,3,14128,,
,773,381,3,20030,,
,773A,205,3,11105,,
,774,119,3,2661,,
,774,122,3,4193,,
,774,139,3,7032,,
,774,172,3,12917,,
,774,177,3,20853,,
,774,197,3,10804,,
,774,207,3,17656,,
,774,216,3,20751,,
,774,313,3,6119,,
,775,121,3,19805,,
,775,139,3,1063,,
,775,197,3,13318,,
,775,207,3,4137,,
,775,313,3,13901,,
,7751,139,3,2595,,
,7751,216,3,19711,,
,7752,139,3,22700,,
,7752,216,3,9168,,
,7753,139,3,8893,,
,7753,216,3,14195,,
,776,119,3,17608,,
,776,172,3,5370,,
,776,177,3,5529,,
,776,205,3,20139,,
,776,207,3,17115,,
,776,216,3,5564,,
,7760,59,3,1959,,
,7761,59,3,6572,,
,7762,59,3,12975,,
,7763,59,3,19249,,
,777,119,3,16515,,
,777,153,3,21819,,
,777,179,3,473,,
,777,197,3,5139,,
,777,207,3,15433,,
,777,291,3,11421,,
,777,328,3,15894,,
,7770,59,3,13283,,
,778,177,3,7830,,
,778,179,3,15627,,
,778,197,3,438,,
,778,207,3,5821,,
,778,328,3,7694,,
,7782,330,3,10675,,
,7784,330,3,10399,,
,7787,330,3,7245,,
,7788,330,3,16052,,
,778A,292,3,13713,,
,779,177,3,1572,,
,779,179,3,15628,,
,779,207,3,6233,,
,7794,197,3,11529,,
,78,119,3,22690,,
,78,127,3,22348,,
,78,138,3,926,,
,78,139,3,247,,
,78,146,3,10824,,
,78,151,3,23697,,
,78,164,3,21400,,
,78,18,3,13840,,
,78,207,3,16884,,
,78,22,3,16697,,
,78,274,3,7737,,
,78,291,3,7736,,
,78,292,3,10784,,
,78,298,3,1128,,
,78,304,3,231,,
,78,306,3,4500,,
,78,318,3,16032,,
,78,320,3,21010,,
,78,322,3,19761,,
,78,372,3,19624,,
,78.1,119,3,3736,,
,78.2,119,3,17425,,
,78.3,119,3,14078,,
,780,119,3,5500,,
,780,139,3,14894,,
,780,177,3,9558,,
,780,205,3,9529,,
,780,207,3,14509,,
,780,218,3,112,,
,780,328,3,16827,,
,781,139,3,22737,,
,781,172,3,21021,,
,781,177,3,4183,,
,781,207,3,17167,,
,781,216,3,8371,,
,781,293,3,10016,,
,781,328,3,9385,,
,781,352,3,21149,,
,782,119,3,4820,,
,782,138,3,20830,,
,782,139,3,4532,,
,782,172,3,19213,,
,782,177,3,16936,,
,782,179,3,13277,,
,782,186,3,12046,,
,782,191,3,16093,,
,782,205,3,9622,,
,782,207,3,10298,,
,782,274,3,376,,
,782,293,3,23316,,
,782,328,3,19412,,
,782,352,3,1113,,
,783,119,3,13510,,
,783,139,3,21937,,
,783,172,3,23334,,
,783,177,3,19120,,
,783,205,3,10429,,
,783,207,3,16412,,
,783,293,3,15003,,
,783,328,3,23437,,
,783,352,3,1242,,
,784,119,3,4895,,
,784,139,3,5653,,
,784,177,3,12382,,
,784,207,3,6615,,
,784,293,3,8094,,
,784,328,3,489,,
,784,352,3,16489,,
,7846,367,3,12198,,
,785,119,3,22649,,
,785,139,3,8044,,
,785,177,3,17707,,
,785,179,3,13759,,
,785,191,3,17920,,
,785,207,3,17119,,
,785,218,3,12305,,
,785,293,3,5042,,
,785,313,3,2185,,
,785,314,3,10127,,
,785,328,3,8560,,
,785-AK,216,3,10676,,
,786,119,3,20783,,
,786,139,3,1328,,
,786,177,3,10307,,
,786,179,3,1469,,
,786,207,3,21988,,
,786,313,3,22388,,
,786,314,3,18100,,
,786,328,3,20241,,
,7864,367,3,5882,,
,7865,367,3,17853,,
,7865/2,367,3,2022,,
,7865/8,367,3,10622,,
,7866,367,3,13112,,
,7867,367,3,20502,,
,7867/1,367,3,11433,,
,7867/8,367,3,5750,,
,7869,367,3,17337,,
,7869/1,367,3,6634,,
,787,139,3,17162,,
,787,177,3,16666,,
,787,179,3,11578,,
,787,207,3,13841,,
,7871,367,3,10900,,
,788,119,3,17768,,
,788,153,3,17362,,
,788,177,3,19562,,
,788,179,3,9189,,
,788,207,3,12391,,
,788,85,3,4389,,
,789,119,3,4213,,
,789,122,3,1458,,
,789,153,3,19863,,
,789,177,3,598,,
,789,207,3,23505,,
,789,85,3,14662,,
,79,119,3,22097,,
,79,151,3,1459,,
,79,164,3,21465,,
,79,18,3,20318,,
,79,207,3,4282,,
,79,210,3,16033,,
,79,274,3,6178,,
,79,291,3,15405,,
,79,292,3,22189,,
,79,304,3,20113,,
,79,313,3,13657,,
,79,318,3,9224,,
,79,367,3,15205,,
,79,42,3,17719,,
,79,7,3,22096,,
,79.1,119,3,4064,,
,790,119,3,16961,,
,790,122,3,10316,,
,790,138,3,21258,,
,790,139,3,2588,,
,790,153,3,4221,,
,790,177,3,11014,,
,790,205,3,23674,,
,790,207,3,1341,,
,790,243,3,10816,73D700,FFFFFF
,790,262,3,1524,,
,790,31,3,5422,,
,790,321,3,9069,,
,7900,216,3,6062,,
,7900,274,3,863,,
,7907,274,3,9905,,
,7908,274,3,12873,,
,7909,274,3,8069,,
,791,122,3,12346,,
,791,139,3,15147,,
,791,153,3,23645,,
,791,177,3,20293,,
,791,179,3,1673,,
,791,191,3,9394,,
,791,207,3,11530,,
,791,262,3,2086,,
,791,274,3,17179,,
,791,291,3,6536,,
,791,292,3,5178,,
,791,31,3,5905,,
,791,314,3,17601,,
,791,353,3,15441,,
,7910,274,3,656,,
,7911,274,3,6667,,
,7912,274,3,19990,,
,7915,216,3,21324,,
,791V,191,3,5842,,
,792,119,3,6943,,
,792,122,3,15032,,
,792,139,3,12611,,
,792,177,3,6357,,
,792,179,3,6501,,
,792,207,3,8390,,
,792,262,3,9616,,
,792,274,3,9752,,
,792,291,3,12412,,
,792,292,3,19832,,
,792,31,3,50,,
,792,314,3,8869,,
,792,328,3,13814,,
,792,353,3,20114,,
,7920,216,3,17044,,
,7921,216,3,7368,,
,7921,274,3,3142,,
,7922,216,3,3754,,
,7922,367,3,14900,,
,7923,274,3,12125,,
,7925,274,3,22020,,
,7926,274,3,17329,,
,7929,274,3,7709,,
,793,122,3,11773,,
,793,139,3,18480,,
,793,207,3,3845,,
,793,216,3,11838,,
,793,274,3,23132,,
,793,291,3,5832,,
,793,31,3,12070,,
,793,314,3,2472,,
,793,328,3,22397,,
,793,353,3,23064,,
,7930,216,3,11038,,
,7932,274,3,6702,,
,7933,274,3,12731,,
,7934,274,3,14272,,
,7935,274,3,8610,,
,7938,330,3,3715,,
,794,119,3,16027,,
,794,122,3,18094,,
,794,179,3,8015,,
,794,207,3,13319,,
,794,216,3,11895,,
,794,274,3,10795,,
,794,291,3,1643,,
,794,31,3,967,,
,794,314,3,12880,,
,794,328,3,8755,,
,794,353,3,12479,,
,795,122,3,15281,,
,795,139,3,1790,,
,795,207,3,17769,,
,795,274,3,8480,,
,795,291,3,17180,,
,795,31,3,4165,,
,7950,216,3,22568,,
,7950,274,3,12937,,
,7955,274,3,805,,
,7956,274,3,6724,,
,7958,274,3,292,,
,7959,274,3,17153,,
,796,122,3,3823,,
,796,139,3,21632,,
,796,207,3,10462,,
,796,216,3,19790,,
,796,274,3,18221,,
,796,291,3,17258,,
,796,31,3,7023,,
,796,328,3,806,,
,796,85,3,7950,,
,7960,274,3,13726,,
,7961,139,3,19719,,
,7961,216,3,19937,,
,7962,139,3,17893,,
,7962,216,3,19165,,
,7969,139,3,23168,,
,797,122,3,4668,,
,797,138,3,22427,,
,797,139,3,414,,
,797,183,3,4129,,
,797,207,3,2789,,
,797,274,3,18710,,
,797,31,3,16892,,
,797,328,3,5883,,
,797,85,3,20594,,
,7970,216,3,5862,,
,7971,216,3,3759,,
,7972,216,3,10215,,
,7973,216,3,14554,,
,7975,216,3,10559,,
,7977,216,3,12538,,
,798,139,3,17959,,
,798,183,3,9779,,
,798,274,3,21721,,
,798,328,3,91,,
,798,85,3,6007,,
,7980,216,3,7232,,
,799,139,3,12796,,
,799,274,3,14419,,
,799,31,3,14007,,
,7A,353,3,3906,,
,7ALT,9,3,5664,,
,7E,304,3,4596,,
,7V,9,3,6649,,
,7a,367,3,3457,,
,7a,52,3,11392,,
,7a,7,3,15852,,
,7b,52,3,2094,,
,8,106,3,23344,,
,8,121,3,2712,,
,8,127,3,10666,,
,8,132,3,2876,,
,8,135,3,22505,,
,8,138,3,17022,,
,8,139,3,5751,,
,8,141,0,2651,95C11F,FFFFFF
,8,145,3,10690,,
,8,147,0,20802,,
,8,151,3,5321,,
,8,154,0,9564,,
,8,156,0,5686,,
,8,159,3,7353,,
,8,161,3,19352,,
,8,164,3,4519,,
,8,172,3,5393,,
,8,203,3,23619,,
,8,207,0,20388,,
,8,21,3,22370,,
,8,210,0,2451,,
,8,216,3,4341,,
,8,218,1,16406,,
,8,22,3,5937,,
,8,221,3,15194,,
,8,222,3,21183,,
,8,226,3,2372,,
,8,256,3,7040,,
,8,262,3,20365,,
,8,268,3,19066,,
,8,278,3,513,,
,8,282,3,3995,,
,8,291,3,18925,,
,8,292,3,1810,,
,8,304,3,11743,,
,8,322,3,3876,,
,8,323,0,807,E3000B,FFFFFF
,8,323,3,6512,8A1478,FFFFFF
,8,333,3,6131,,
,8,335,3,3860,,
,8,340,3,6565,,
,8,354,3,14586,,
,8,369,3,10172,,
,8,42,3,14835,,
,8,58,3,6993,,
,8,64,3,18404,,
,8,69,3,5220,,
,8,7,3,3824,,
,8,9,3,779,,
,8,94,0,19390,,
,8,96,3,6358,,
,8,97,3,3348,,
,8 A,195,3,2495,,
,8 B,195,3,8525,,
,8/1,41,3,19183,,
,8/2,41,3,11156,,
,8/32,304,3,9874,,
,80,106,3,22803,,
,80,111,3,12724,,
,80,119,3,10196,,
,80,127,3,8167,,
,80,138,3,4896,,
,80,141,3,5208,,
,80,146,3,22777,,
,80,151,3,15527,,
,80,205,3,19121,,
,80,207,3,1464,,
,80,210,3,9946,,
,80,228,3,8027,,
,80,256,3,15364,,
,80,274,3,3727,,
,80,282,3,7745,,
,80,291,3,3955,,
,80,298,3,3655,,
,80,318,3,1129,,
,80,320,3,23653,,
,80,359,3,8062,,
,80,38,3,15487,,
,80,380,3,23773,,
,80,68,3,22621,A9AD55,
,80,9,3,15004,,
,80,96,3,22519,,
,80.1,119,3,22825,,
,80.2,119,3,19982,,
,80.3,119,3,18655,,
,800,106,0,5810,,
,800,106,3,8225,,
,800,11,3,19712,,
,800,110,3,21689,,
,800,116,3,9287,,
,800,119,3,6677,,
,800,125,3,19475,,
,800,129,3,6308,,
,800,137,3,626,,
,800,138,3,10972,,
,800,139,3,22640,,
,800,163,3,5169,,
,800,164,3,17697,,
,800,2,3,18670,,
,800,218,3,364,,
,800,254,3,2189,,
,800,274,3,2585,,
,800,285,3,15037,,
,800,291,3,14964,,
,800,328,3,2208,,
,800,353,3,2405,,
,800,381,3,10532,,
,800,83,3,5724,,
,8000,191,3,397,,
,8000,223,3,22538,,
,8001,223,3,21561,,
,8002,223,3,10341,,
,8003,223,3,5112,,
,8004,223,3,3703,,
,8005,223,3,9962,,
,8006,223,3,10066,,
,801,106,0,578,,
,801,11,3,9173,,
,801,110,3,10395,,
,801,119,3,21931,,
,801,139,3,9870,,
,801,197,3,15783,,
,801,218,3,23448,,
,801,23,3,17921,,
,801,262,3,14014,,
,801,274,3,23468,,
,801,285,3,4082,,
,801,291,3,11081,,
,801,293,3,20608,,
,801,298,3,19360,,
,801,31,3,12113,,
,801,328,3,22593,,
,801,381,3,20587,,
,801,83,3,14522,,
,801.1,80,3,16972,,
,801.2,80,3,4779,,
,802,106,0,5993,,
,802,11,3,5780,,
,802,110,3,18845,,
,802,119,3,6088,,
,802,218,3,3085,,
,802,23,3,2652,,
,802,262,3,18125,,
,802,274,3,11570,,
,802,285,3,2160,,
,802,291,3,2547,,
,802,293,3,5654,,
,802,31,3,13012,,
,802,328,3,13957,,
,802,336,3,12465,,
,802,381,3,5068,,
,802,83,3,22719,,
,803,106,0,9375,,
,803,11,3,1684,,
,803,119,3,6319,,
,803,144,3,10663,,
,803,191,3,7919,,
,803,23,3,889,,
,803,249,3,8325,,
,803,262,3,15962,,
,803,274,3,23514,,
,803,285,3,13647,,
,803,291,3,21026,,
,803,293,3,1180,,
,803,31,3,14161,,
,803,336,3,13675,,
,803,83,3,16167,,
,804,106,0,1274,,
,804,119,3,22922,,
,804,144,3,23780,,
,804,191,3,8780,,
,804,23,3,16583,,
,804,249,3,10825,,
,804,262,3,1228,,
,804,274,3,1222,,
,804,285,3,13113,,
,804,291,3,508,,
,804,293,3,20934,,
,804,31,3,16636,,
,804,328,3,3232,,
,804,336,3,365,,
,804,83,3,20473,,
,805,106,3,16937,,
,805,11,3,2919,,
,805,119,3,13015,,
,805,144,3,12480,,
,805,177,3,1365,,
,805,191,3,17001,,
,805,205,3,5035,,
,805,23,3,21433,,
,805,249,3,21445,,
,805,274,3,164,,
,805,285,3,12685,,
,805,291,3,8456,,
,805,293,3,5836,,
,805,31,3,15033,,
,805,328,3,20799,,
,805,336,3,8904,,
,805,381,3,8540,,
,805,83,3,15720,,
,806,106,0,11969,,
,806,106,3,2740,,
,806,11,3,1187,,
,806,139,3,10351,,
,806,23,3,20570,,
,806,249,3,16330,,
,806,274,3,12690,,
,806,285,3,8055,,
,806,291,3,18159,,
,806,293,3,7395,,
,806,31,3,2896,,
,806,328,3,7568,,
,806,381,3,9126,,
,807,106,3,17810,,
,807,119,3,6862,,
,807,139,3,7525,,
,807,144,3,22906,,
,807,177,3,23526,,
,807,191,3,15925,,
,807,205,3,12369,,
,807,23,3,2829,,
,807,249,3,15055,,
,807,274,3,8156,,
,807,285,3,6700,,
,807,291,3,7777,,
,807,293,3,11992,,
,807,31,3,1928,,
,807,328,3,4370,,
,807,336,3,10289,,
,807,381,3,18613,,
,8073,159,3,17749,,
,808,106,3,9389,,
,808,139,3,19924,,
,808,144,3,12881,,
,808,205,3,4297,,
,808,23,3,12150,,
,808,249,3,11774,,
,808,274,3,17274,,
,808,285,3,20967,,
,808,291,3,1266,,
,808,31,3,4544,,
,808,328,3,11799,,
,808,381,3,3233,,
,808A,205,3,6335,,
,809,106,0,15584,,
,809,119,3,15168,,
,809,139,3,490,,
,809,144,3,23499,,
,809,191,3,3039,,
,809,205,3,18779,,
,809,249,3,3509,,
,809,274,3,12902,,
,809,285,3,3415,,
,809,291,3,11544,,
,809,293,3,7072,,
,809,31,3,21065,,
,809,381,3,9376,,
,809A,205,3,18327,,
,809V,191,3,3796,,
,81,105,3,13244,,
,81,106,3,20280,,
,81,134,3,2596,,
,81,138,3,5802,,
,81,141,3,22136,,
,81,147,3,14370,,
,81,164,3,9127,,
,81,172,3,10966,,
,81,18,3,6094,,
,81,205,3,16472,,
,81,207,3,1034,,
,81,210,3,11730,,
,81,22,3,14253,,
,81,274,3,10234,,
,81,282,3,13885,,
,81,291,3,1251,,
,81,304,3,15306,,
,81,318,3,18087,,
,81,320,3,13287,,
,81,322,3,14965,,
,81,343,3,15730,,
,81,367,3,18903,,
,81,369,3,18840,,
,81,380,3,5021,,
,81,51,3,23124,,
,81,96,3,16151,,
,810,106,0,11318,,
,810,116,3,7560,,
,810,119,3,17723,,
,810,125,3,10227,,
,810,129,3,4889,,
,810,137,3,3335,,
,810,138,3,21037,,
,810,139,3,15501,,
,810,151,3,3098,,
,810,164,3,15424,,
,810,172,3,20752,,
,810,177,3,19720,,
,810,183,3,12193,,
,810,191,3,14019,,
,810,23,3,13983,,
,810,237,3,4439,,
,810,249,3,17522,,
,810,277,3,17544,,
,810,285,3,10922,,
,810,291,3,1711,,
,810,293,3,12141,,
,810,31,3,23221,,
,810,313,3,5615,,
,810,381,3,19658,,
,810,59,3,23661,,
,810,83,3,22173,,
,810 (VLC) / 5 (RVV),163,3,13511,,
,8101,216,3,8427,,
,8101,223,3,20000,,
,8101,262,3,2365,,
,8102,216,3,9700,,
,8102,59,3,4130,,
,8103,216,3,22349,,
,8103,223,3,740,,
,8104,216,3,17295,,
,8104,223,3,15219,,
,8105,216,3,16682,,
,8105,223,3,22894,,
,8106,139,3,12858,,
,8106,216,3,15009,,
,8106,223,3,9743,,
,8106,59,3,15644,,
,8107,216,3,20447,,
,8107,223,3,16182,,
,8107,262,3,5725,,
,8107,59,3,14425,,
,8108,216,3,9753,,
,8108,59,3,23355,,
,8109,216,3,10148,,
,810A,138,3,5893,,
,810A,249,3,1937,,
,810R,138,3,22090,,
,811,106,0,19524,,
,811,119,3,12677,,
,811,125,3,3497,,
,811,129,3,7320,,
,811,137,3,4042,,
,811,138,3,5281,,
,811,139,3,4340,,
,811,172,3,15245,,
,811,191,3,8728,,
,811,205,3,5423,,
,811,23,3,16853,,
,811,249,3,9318,,
,811,285,3,19665,,
,811,291,3,11995,,
,811,293,3,2292,,
,811,31,3,15385,,
,811,328,3,7636,,
,811,334,3,8073,,
,811,381,3,20773,,
,811,83,3,15637,,
,8110,1,3,389,,
,8110,216,3,23589,,
,8110,59,3,2982,,
,8111,216,3,20692,,
,8111,59,3,23116,,
,8112,216,3,20430,,
,8113,216,3,21793,,
,8114,139,3,18126,,
,8114,216,3,12840,,
,8115,216,3,16954,,
,8116,216,3,9687,,
,8117,216,3,1142,,
,8118,216,3,13139,,
,812,106,3,12347,,
,812,119,3,6077,,
,812,129,3,20059,,
,812,137,3,10012,,
,812,139,3,17431,,
,812,151,3,4464,,
,812,172,3,5681,,
,812,177,3,8600,,
,812,191,3,11899,,
,812,205,3,943,,
,812,23,3,18260,,
,812,237,3,17545,,
,812,249,3,18881,,
,812,274,3,22109,,
,812,285,3,11466,,
,812,291,3,21753,,
,812,7,3,13638,,
,812,83,3,10664,,
,8120,1,3,848,,
,8120,216,3,5413,,
,8121,216,3,4597,,
,8122,216,3,12988,,
,8122,59,3,11713,,
,8124,59,3,18572,,
,8125,59,3,6573,,
,8129,59,3,18310,,
,813,106,3,9801,,
,813,139,3,14294,,
,813,151,3,22056,,
,813,172,3,17588,,
,813,191,3,4845,,
,813,205,3,6082,,
,813,237,3,18498,,
,813,249,3,15122,,
,813,274,3,976,,
,813,285,3,18072,,
,813,293,3,9411,,
,813,336,3,1154,,
,813,381,3,18948,,
,813,83,3,4780,,
,8130,216,3,18079,,
,8131,216,3,1674,,
,8133,216,3,13278,,
,8134,216,3,9871,,
,8136,216,3,20378,,
,8136,59,3,634,,
,8138,59,3,7552,,
,8139 AST,139,3,19451,,
,813V,191,3,13320,,
,814,106,3,18752,,
,814,125,3,20164,,
,814,137,3,20352,,
,814,172,3,12764,,
,814,191,3,7160,,
,814,205,3,16589,,
,814,249,3,3416,,
,814,262,3,22403,,
,814,285,3,318,,
,814,291,3,6395,,
,814,313,3,1435,,
,814,334,3,4876,,
,814,336,3,14866,,
,814,381,3,1369,,
,814,83,3,6478,,
,8140,1,3,20563,,
,8140,216,3,11810,,
,8142,216,3,11979,,
,8145,216,3,56,,
,8146,216,3,11816,,
,8147,262,3,19787,,
,8147,59,3,7260,,
,8148,59,3,10940,,
,814Ast,119,3,15560,,
,814V,191,3,6470,,
,815,106,3,599,,
,815,125,3,13815,,
,815,137,3,22870,,
,815,138,3,15130,,
,815,177,3,15393,,
,815,191,3,19775,,
,815,205,3,12530,,
,815,249,3,15299,,
,815,291,3,17268,,
,815,293,3,6132,,
,815,313,3,22622,,
,815,336,3,6944,,
,815,381,3,8291,,
,815,83,3,9853,,
,8150,1,3,22110,,
,8150,216,3,1385,,
,815R,138,3,22075,,
,816,106,0,17413,,
,816,106,3,20774,,
,816,119,3,15062,,
,816,125,3,298,,
,816,137,3,22186,,
,816,191,3,22804,,
,816,205,3,14402,,
,816,249,3,20360,,
,816,285,3,3663,,
,816,291,3,13457,,
,816,293,3,21252,,
,816,328,3,11319,,
,816,381,3,3924,,
,8160,1,3,4720,,
,8160,216,3,4240,,
,8161,1,3,8175,,
,8162,1,3,17109,,
,8167,59,3,22466,,
,816A,205,3,15911,,
,817,119,3,9218,,
,817,125,3,20885,,
,817,137,3,8365,,
,817,177,3,15645,,
,817,191,3,2067,,
,817,205,3,18786,,
,817,249,3,10779,,
,817,274,3,6133,,
,817,293,3,5608,,
,817,328,3,3606,,
,817,336,3,1295,,
,817,381,3,13376,,
,8170,1,3,12222,,
,8170,216,3,7024,,
,8170,59,3,2232,,
,8171,216,3,18578,,
,8173,59,3,1985,,
,8175,59,3,902,,
,818,125,3,14452,,
,818,137,3,4721,,
,818,138,3,5707,,
,818,191,3,19270,,
,818,205,3,13866,,
,818,249,3,20718,,
,818,291,3,21923,,
,818,293,3,12228,,
,818,328,3,16982,,
,818,336,3,21619,,
,818,381,3,12678,,
,8180,1,3,5546,,
,8180,139,3,18036,,
,8180,216,3,23227,,
,8181,139,3,21584,,
,8181,216,3,10923,,
,8182,139,3,12105,,
,8182,216,3,20918,,
,8185,59,3,13594,,
,818A,205,3,3283,,
,818R,138,3,2561,,
,819,138,3,14910,,
,819,172,3,10728,,
,819,249,3,2496,,
,819,285,3,167,,
,819,293,3,606,,
,819,381,3,9496,,
,8190,262,3,3718,,
,819R,138,3,14375,,
,81E,172,3,22931,,
,82,106,3,8993,,
,82,138,3,19886,,
,82,141,3,17330,,
,82,146,3,585,,
,82,147,3,13889,,
,82,172,3,4630,,
,82,18,3,8315,,
,82,205,3,13845,,
,82,210,3,6320,,
,82,274,3,4952,,
,82,277,3,18182,,
,82,282,3,16948,,
,82,291,3,21679,,
,82,298,3,12332,,
,82,304,3,7102,,
,82,313,3,12218,,
,82,318,3,12333,,
,82,320,3,18321,,
,82,322,3,16060,,
,82,343,3,1210,,
,82,367,3,10345,,
,82,380,3,16824,,
,82,9,3,17172,,
,82,96,3,3870,,
,820,106,0,15169,,
,820,106,3,13658,,
,820,121,3,14179,,
,820,138,3,3276,,
,820,139,3,13941,,
,820,151,3,8275,,
,820,164,3,23335,,
,820,172,3,1444,,
,820,183,3,305,,
,820,191,3,1644,,
,820,197,3,285,,
,820,2,3,15250,,
,820,218,3,676,,
,820,237,3,22384,,
,820,243,3,2357,73D700,FFFFFF
,820,249,3,70,,
,820,274,3,6888,,
,820,277,3,5951,,
,820,291,3,4501,,
,820,31,3,4451,,
,820,328,3,7452,,
,820,381,3,22877,,
,8200,191,3,18173,,
,8200,223,3,11397,,
,8201,223,3,21487,,
,8201,59,3,16962,,
,8202,223,3,2146,,
,8202,59,3,3850,,
,8203,223,3,7293,,
,8203,59,3,422,,
,8204,223,3,6650,,
,8204,59,3,1862,,
,8205,223,3,14763,,
,8205,59,3,9603,,
,8206,223,3,2569,,
,8206,59,3,1971,,
,8207,59,3,10717,,
,8208,59,3,7161,,
,8209,59,3,21286,,
,821,106,3,14555,,
,821,125,3,3585,,
,821,129,3,9822,,
,821,137,3,9764,,
,821,138,3,22946,,
,821,139,3,20485,,
,821,151,3,16490,,
,821,172,3,390,,
,821,23,3,3132,,
,821,237,3,16571,,
,821,274,3,3196,,
,821,277,3,21426,,
,821,285,3,7681,,
,821,298,3,7711,,
,821,31,3,18112,,
,821,328,3,320,,
,821,381,3,22988,,
,821,80,3,9169,,
,8210,59,3,16183,,
,8211,59,3,8376,,
,8212,59,3,2783,,
,8213,59,3,11320,,
,8214,59,3,23685,,
,8215,59,3,14066,,
,822,106,3,11873,,
,822,116,3,4283,,
,822,137,3,15886,,
,822,138,3,6487,,
,822,139,3,14129,,
,822,191,3,8916,,
,822,23,3,7417,,
,822,237,3,13387,,
,822,274,3,5078,,
,822,277,3,23692,,
,822,285,3,10299,,
,822,31,3,8035,,
,822,313,3,13595,,
,822,328,3,1868,,
,822,336,3,22350,,
,822,359,3,20600,,
,822,381,3,1553,,
,8221,59,3,19855,,
,8222,59,3,13335,,
,8223,59,3,22726,,
,8224,59,3,12402,,
,8225,59,3,7738,,
,8226,59,3,9099,,
,8227,59,3,21273,,
,8228,59,3,18753,,
,8229,59,3,14523,,
,822S,274,3,18150,,
,823,106,3,12502,,
,823,129,3,1479,,
,823,138,3,3284,,
,823,172,3,14480,,
,823,191,3,22190,,
,823,23,3,1679,,
,823,237,3,13067,,
,823,274,3,398,,
,823,285,3,23708,,
,823,328,3,14382,,
,823,381,3,23372,,
,823,80,3,2421,,
,8230,59,3,10173,,
,8231,59,3,7872,,
,824,106,0,9310,,
,824,125,3,13039,,
,824,137,3,18738,,
,824,138,3,7521,,
,824,172,3,9906,,
,824,197,3,2397,,
,824,23,3,10222,,
,824,274,3,15691,,
,824,285,3,9256,,
,824,298,3,19531,,
,824,328,3,9936,,
,824,381,3,15750,,
,825,106,0,20144,,
,825,125,3,21528,,
,825,129,3,23133,,
,825,137,3,10063,,
,825,138,3,18248,,
,825,139,3,21938,,
,825,172,3,13857,,
,825,191,3,16761,,
,825,23,3,10963,,
,825,249,3,351,,
,825,262,3,22083,,
,825,285,3,15731,,
,825,313,3,17126,,
,825,328,3,3099,,
,825,381,3,3032,,
,825,80,3,17590,,
,825,87,3,9366,,
,826,106,0,12806,,
,826,125,3,1282,,
,826,138,3,135,,
,826,139,3,19725,,
,826,172,3,1791,,
,826,191,3,11545,,
,826,205,3,19323,,
,826,23,3,9522,,
,826,291,3,17331,,
,826,292,3,1573,,
,826,328,3,17146,,
,826,377,3,2212,,
,826,381,3,8764,,
,826,80,3,12466,,
,826A,205,3,12759,,
,826R,138,3,11429,,
,827,111,3,18316,,
,827,125,3,22514,,
,827,137,3,17906,,
,827,139,3,5630,,
,827,172,3,21665,,
,827,177,3,11272,,
,827,205,3,13363,,
,827,23,3,13737,,
,827,291,3,18453,,
,827,381,3,9843,,
,827,80,3,13271,,
,828,111,3,6717,,
,828,125,3,3299,,
,828,137,3,19324,,
,828,172,3,7453,,
,828,177,3,23577,,
,828,205,3,11183,,
,828,249,3,22076,,
,828,274,3,7895,,
,828,328,3,22008,,
,828,381,3,441,,
,828,82,3,12781,,
,829,172,3,18231,,
,829,177,3,15425,,
,829,191,3,7162,,
,829,274,3,2050,,
,829,313,3,491,,
,829,381,3,3522,,
,829,80,3,731,,
,829,82,3,4722,,
,829S,274,3,17163,,
,82E,172,3,12859,,
,82S,105,3,16693,,
,82V,9,3,23356,,
,83,106,3,18232,,
,83,119,3,701,,
,83,147,3,10004,,
,83,18,3,12653,,
,83,207,3,4072,,
,83,210,3,9240,,
,83,22,3,19191,,
,83,266,3,9050,,
,83,282,3,23110,,
,83,291,3,12633,,
,83,298,3,11963,,
,83,313,3,113,,
,83,318,3,22225,,
,83,320,3,13095,,
,83,322,3,23764,,
,83,367,3,21981,,
,83,380,3,17321,,
,83,51,3,20357,,
,83,9,3,17184,,
,83,96,3,7763,,
,830,106,3,10890,,
,830,138,3,6592,,
,830,139,3,21687,,
,830,177,3,1645,,
,830,183,3,11060,,
,830,191,3,20625,,
,830,218,3,3956,,
,830,23,3,10517,,
,830,237,3,9089,,
,830,274,3,15237,,
,830,277,3,20546,,
,830,285,3,15823,,
,830,31,3,19555,,
,830,328,3,21141,,
,830,334,3,7492,,
,830,381,3,21240,,
,8300,191,3,17669,,
,8300,223,3,18659,,
,8301,223,3,16749,,
,8302,223,3,11509,,
,8307,223,3,3020,,
,8308,223,3,14556,,
,8309,223,3,17622,,
,830S,274,3,2648,,
,831,106,3,21194,,
,831,137,3,17127,,
,831,138,3,11049,,
,831,139,3,14002,,
,831,151,3,20165,,
,831,177,3,20858,,
,831,218,3,544,,
,831,23,3,8163,,
,831,237,3,20721,,
,831,249,3,4335,,
,831,262,3,2544,,
,831,274,3,4371,,
,831,277,3,20923,,
,831,285,3,3151,,
,831,291,3,8176,,
,831,31,3,2244,,
,831,334,3,1011,,
,831,381,3,5985,,
,8310,223,3,10265,,
,8311,223,3,12765,,
,8312,223,3,15359,,
,831A,151,3,18398,,
,831R,138,3,22137,,
,832,106,0,1741,,
,832,106,3,11879,,
,832,137,3,7608,,
,832,138,3,20083,,
,832,139,3,4458,,
,832,177,3,4731,,
,832,191,3,15175,,
,832,23,3,5269,,
,832,249,3,6635,,
,832,262,3,3531,,
,832,274,3,16608,,
,832,277,3,8503,,
,832,285,3,12941,,
,832,291,3,5371,,
,832,31,3,11440,,
,832,336,3,14442,,
,832,381,3,17974,,
,833,138,3,8132,,
,833,139,3,18897,,
,833,177,3,15706,,
,833,191,3,11951,,
,833,23,3,5465,,
,833,243,3,18568,73D700,FFFFFF
,833,249,3,3010,,
,833,262,3,20457,,
,833,274,3,22679,,
,833,284,3,352,,
,833,285,3,14996,,
,833,291,3,16683,,
,833,31,3,3621,,
,833,381,3,6849,,
,834,119,3,20787,,
,834,137,3,1900,,
,834,138,3,8865,,
,834,139,3,8873,,
,834,177,3,18328,,
,834,23,3,11355,,
,834,249,3,22826,,
,834,274,3,10600,,
,834,285,3,10335,,
,834,291,3,1899,,
,834,31,3,6880,,
,834,336,3,1620,,
,834,381,3,10317,,
,835,137,3,19938,,
,835,138,3,4959,,
,835,139,3,2992,,
,835,177,3,7755,,
,835,191,3,15664,,
,835,218,3,17061,,
,835,23,3,5811,,
,835,243,3,1130,73D700,FFFFFF
,835,249,3,10981,,
,835,274,3,15517,,
,835,285,3,16260,,
,835,381,3,3498,,
,836,137,3,12521,,
,836,138,3,1436,,
,836,139,3,19745,,
,836,177,3,7359,,
,836,23,3,11900,,
,836,249,3,14607,,
,836,274,3,9270,,
,836,285,3,14663,,
,836,291,3,8263,,
,836,31,3,23048,,
,836,328,3,21201,,
,836,381,3,5010,,
,837,137,3,11996,,
,837,138,3,7321,,
,837,139,3,13654,,
,837,191,3,22895,,
,837,23,3,5061,,
,837,249,3,4142,,
,837,274,3,6123,,
,837,285,3,1350,,
,837,291,3,23449,,
,837,336,3,14707,,
,837,381,3,5520,,
,837,82,3,17663,,
,838,137,3,7121,,
,838,138,3,5424,,
,838,139,3,23562,,
,838,191,3,15488,,
,838,274,3,3810,,
,838,285,3,9937,,
,838,291,3,9492,,
,838,336,3,17805,,
,838,381,3,10366,,
,838,82,3,12292,,
,838R,138,3,3477,,
,839,102,3,20492,,
,839,106,0,8533,,
,839,139,3,22827,,
,839,177,3,17730,,
,839,191,3,13348,,
,839,285,3,22377,,
,839,291,3,20950,,
,839,336,3,14133,,
,839,381,3,15791,,
,839,82,3,6598,,
,83S,105,3,19793,,
,83V,9,3,741,,
,84,105,3,17417,,
,84,106,3,12697,,
,84,119,3,12446,,
,84,138,3,4263,,
,84,146,3,5514,,
,84,147,3,20396,,
,84,172,3,1504,,
,84,205,3,21824,,
,84,207,3,10308,,
,84,210,3,7472,,
,84,282,3,21292,,
,84,291,3,13087,,
,84,298,3,21540,,
,84,318,3,3411,,
,84,320,3,6071,,
,84,322,3,6019,,
,84,380,3,7823,,
,84,7,3,4922,,
,84,9,3,14797,,
,84,96,3,10518,,
,84.1,119,3,20060,,
,84.2,119,3,11553,,
,84.3,119,3,832,,
,84.4,119,3,12352,,
,84.5,119,3,21829,,
,840,106,0,1319,,
,840,106,3,23613,,
,840,125,3,17988,,
,840,137,3,9701,,
,840,138,3,21600,,
,840,139,3,15491,,
,840,151,3,14008,,
,840,183,3,18236,,
,840,191,3,19721,,
,840,218,3,21650,,
,840,23,3,944,,
,840,237,3,12185,,
,840,274,3,10510,,
,840,31,3,21325,,
,840,328,3,13846,,
,840,82,3,16698,,
,8400,191,3,3788,,
,8400,223,3,17208,,
,8401,59,3,7886,,
,8402,59,3,11667,,
,8403,59,3,22743,,
,8404,59,3,10642,,
,8405,59,3,23373,,
,8406,59,3,6820,,
,8407,59,3,2933,,
,8408,59,3,4241,,
,8409,59,3,22448,,
,841,106,0,9712,,
,841,125,3,8095,,
,841,137,3,1160,,
,841,139,3,10501,,
,841,151,3,19250,,
,841,23,3,1267,,
,841,237,3,11720,,
,841,243,3,14067,73D700,FFFFFF
,841,274,3,908,,
,841,285,3,13631,,
,841,291,3,6522,,
,841,31,3,16594,,
,841,328,3,15148,,
,841,366,3,1646,,
,841,82,3,11112,,
,8410,59,3,4169,,
,8411,59,3,13806,,
,8412,59,3,1465,,
,841E,366,3,10108,,
,841T,366,3,9688,,
,842,106,0,23736,,
,842,125,3,15987,,
,842,139,3,11061,,
,842,151,3,18133,,
,842,23,3,4303,,
,842,237,3,15337,,
,842,274,3,8530,,
,842,285,3,2784,,
,842,291,3,21319,,
,842,313,3,23262,,
,842,328,3,310,,
,842,366,3,5884,,
,842,381,3,17888,,
,842E,366,3,19243,,
,842T,366,3,3143,,
,843,106,0,16651,,
,843,125,3,14806,,
,843,137,3,22720,,
,843,138,3,2689,,
,843,139,3,12207,,
,843,151,3,14538,,
,843,191,3,3740,,
,843,23,3,4121,,
,843,237,3,2005,,
,843,274,3,14941,,
,843,285,3,11140,,
,843,366,3,8168,,
,843,381,3,3607,,
,843,82,3,21556,,
,843E,366,3,23515,,
,844,106,0,17477,,
,844,125,3,5243,,
,844,137,3,20486,,
,844,23,3,9565,,
,844,237,3,11441,,
,844,274,3,23586,,
,844,291,3,5744,,
,844,366,3,21541,,
,844E,366,3,3982,,
,845,106,0,21457,,
,845,106,3,11273,,
,845,137,3,939,,
,845,138,3,8625,,
,845,139,3,2439,,
,845,191,3,14983,,
,845,23,3,9570,,
,845,237,3,9907,,
,845,274,3,175,,
,845,285,3,10941,,
,845,328,3,3656,,
,845,381,3,16579,,
,845,82,3,22246,,
,846,106,0,15010,,
,846,125,3,20245,,
,846,137,3,18465,,
,846,237,3,7771,,
,846,274,3,1351,,
,846,285,3,5960,,
,846,291,3,23171,,
,846,82,3,15554,,
,847,106,0,19676,,
,847,125,3,19908,,
,847,137,3,7824,,
,847,274,3,10826,,
,847,285,3,12539,,
,847,291,3,12557,,
,847,328,3,3295,,
,847,82,3,16600,,
,848,106,0,15418,,
,848,125,3,12686,,
,848,137,3,18212,,
,848,274,3,17657,,
,848,285,3,7892,,
,848,291,3,2297,,
,848,328,3,6124,,
,848,366,3,16854,,
,848,82,3,17698,,
,848T,366,3,7396,,
,849,106,0,20842,,
,849,125,3,22680,,
,849,137,3,7374,,
,849,139,3,14281,,
,849,254,3,5022,,
,849,274,3,6850,,
,849,291,3,22351,,
,849,366,3,3086,,
,849,82,3,18237,,
,849E,366,3,11321,,
,849T,366,3,15564,,
,84A,7,3,9034,,
,84E,172,3,7904,,
,84V,9,3,13186,,
,84X,7,3,17690,,
,85,105,3,9497,,
,85,118,3,14724,,
,85,119,3,12,,
,85,138,3,5609,,
,85,146,3,3336,,
,85,207,3,8833,,
,85,210,3,12771,,
,85,282,3,16460,,
,85,298,3,14295,,
,85,304,3,11714,,
,85,320,3,1955,,
,85,322,3,12199,,
,85,380,3,2902,,
,85,51,3,7676,,
,85,7,3,1084,,
,85,82,3,15225,,
,85,9,3,18533,,
,85,96,3,434,,
,85.1,119,3,21830,,
,85.2,119,3,6566,,
,850,106,0,7561,,
,850,121,3,1612,,
,850,139,3,17239,,
,850,218,3,8121,,
,850,23,3,11474,,
,850,237,3,18411,,
,850,254,3,23450,,
,850,274,3,757,,
,850,285,3,1111,,
,850,291,3,15251,,
,850,31,3,903,,
,850,328,3,3744,,
,850,366,3,15267,,
,850,7,3,14204,,
,8500,191,3,10564,,
,8501,216,3,14911,,
,8501,223,3,21202,,
,8501,59,3,8982,,
,8502,216,3,19383,,
,8502,223,3,23169,,
,8503,223,3,19794,,
,8504,223,3,18160,,
,8505,223,3,19465,,
,8506,223,3,12219,,
,850S,274,3,1313,,
,850T,366,3,12495,,
,851,11,3,12476,,
,851,138,3,14059,,
,851,139,3,19795,,
,851,191,3,21688,,
,851,23,3,22790,,
,851,237,3,9271,,
,851,254,3,15792,,
,851,274,3,21119,,
,851,285,3,1174,,
,851,291,3,17915,,
,851,31,3,11196,,
,851,328,3,3851,,
,851,336,3,7311,,
,851,366,3,16248,,
,8511,216,3,19846,,
,8512,216,3,1875,,
,8514,216,3,6616,,
,8515,216,3,19005,,
,851E,366,3,7905,,
,852,11,3,5331,,
,852,138,3,8412,,
,852,191,3,21670,,
,852,23,3,4289,,
,852,237,3,12673,,
,852,254,3,8626,,
,852,291,3,12752,,
,852,31,3,23658,,
,852,336,3,15344,,
,852,366,3,23606,,
,852,82,3,1975,,
,8520,59,3,20487,,
,8521,216,3,20547,,
,8522,216,3,9248,,
,8524,216,3,20379,,
,8525,216,3,8534,,
,8526,216,3,13560,,
,852E,366,3,3133,,
,852R,138,3,10235,,
,853,138,3,17736,,
,853,172,3,18012,,
,853,191,3,12615,,
,853,23,3,7397,,
,853,237,3,6034,,
,853,254,3,4250,,
,853,291,3,13954,,
,853,82,3,10955,,
,854,11,3,18,,
,854,138,3,5433,,
,854,191,3,13116,,
,854,23,3,16837,,
,854,237,3,5225,,
,854,254,3,11020,,
,854,285,3,18966,,
,854,291,3,21259,,
,854,336,3,19173,,
,854,366,3,16273,,
,854E,366,3,532,,
,854x,138,3,7112,,
,855,11,3,13669,,
,855,121,3,5745,,
,855,138,3,5023,,
,855,191,3,7457,,
,855,23,3,12420,,
,855,254,3,7586,,
,855,274,3,16323,,
,855,319,3,15300,,
,855,336,3,23639,,
,855,381,3,13688,,
,856,11,3,16815,,
,856,138,3,16034,,
,856,191,3,14121,,
,856,237,3,23199,,
,856,254,3,10894,,
,856,274,3,16925,,
,856,336,3,1314,,
,856,381,3,7481,,
,856/1,138,3,6416,,
,8568,59,3,22623,,
,857,11,3,8447,,
,857,191,3,1287,,
,857,237,3,13942,,
,857,254,3,14254,,
,857,274,3,2175,,
,857,285,3,12572,,
,857,336,3,5062,,
,857,366,3,10817,,
,857,381,3,19748,,
,85708106,381,3,2872,,
,85708256,381,3,20423,,
,85708428,151,3,9537,,
,85709501,381,3,10771,,
,85709829,138,3,16782,,
,85709830,138,3,3517,,
,85710077,138,3,868,,
,85710080,381,3,5229,,
,85710095,381,3,9999,,
,85710112,138,3,14746,,
,85710916,138,3,22210,,
,85710917,138,3,22398,,
,85710918,138,3,4655,,
,85710919,138,3,15721,,
,85710938,381,3,12558,,
,85710942,381,4,732,,
,85710961,381,4,7322,,
,85711549,381,3,71,,
,85711604,336,3,17506,,
,85711621,138,3,5571,,
,8576,59,3,4873,,
,8578,59,3,16978,,
,858,138,3,15920,,
,858,191,3,6604,,
,858,254,3,2548,,
,858,274,3,4170,,
,858,31,3,22323,,
,858,366,3,8276,,
,858,381,3,15659,,
,858 E,366,3,18290,,
,8580,59,3,3806,,
,8583,59,3,14443,,
,8585,59,3,680,,
,859,106,0,6964,,
,859,106,3,16105,,
,859,11,3,21488,,
,859,138,3,509,,
,859,191,3,7498,,
,859,254,3,11803,,
,859,274,3,1071,,
,859,336,3,16504,,
,859,381,3,11079,,
,8599,59,3,10895,,
,85V,9,3,4222,,
,86,119,3,13798,,
,86,192,3,4106,,
,86,203,3,4732,,
,86,205,3,2138,,
,86,207,3,9278,,
,86,210,3,7542,,
,86,282,3,6309,,
,86,298,3,16637,,
,86,320,3,6108,,
,86,322,3,17555,,
,86,373,3,13428,009640,FFFFFF
,86,38,3,20075,,
,86,380,3,18644,,
,86,7,3,14117,,
,86,96,3,16505,,
,86.1,119,3,2890,,
,860,111,3,3907,,
,860,121,3,4376,,
,860,138,3,10565,,
,860,172,3,13155,,
,860,191,3,5760,,
,860,218,3,10378,,
,860,23,3,1470,,
,860,237,3,484,,
,860,243,3,10493,73D700,FFFFFF
,860,254,3,12237,,
,860,274,3,6976,,
,860,291,3,8488,,
,860,31,3,19641,,
,860,319,3,4874,,
,8600,223,3,12452,,
,8601,111,3,3392,,
,8601,223,3,6773,,
,8602,223,3,3080,,
,860S,274,3,12954,,
,861,111,3,23425,,
,861,137,3,8547,,
,861,172,3,18614,,
,861,191,3,7831,,
,861,23,3,8811,,
,861,237,3,15290,,
,861,254,3,864,,
,861,291,3,7065,,
,861,31,3,5449,,
,861,319,3,17881,,
,861,336,3,11846,,
,861,87,3,12908,,
,862,111,3,12882,,
,862,137,3,19144,,
,862,172,3,13433,,
,862,191,3,11936,,
,862,23,3,4869,,
,862,237,3,715,,
,862,291,3,14997,,
,862,319,3,11322,,
,862,336,3,19833,,
,862,87,3,3136,,
,863,137,3,23208,,
,863,177,3,16873,,
,863,191,3,13058,,
,863,23,3,15195,,
,863,319,3,2311,,
,863,336,3,13073,,
,863,381,3,8212,,
,863,87,3,5797,,
,864,111,3,22146,,
,864,137,3,45,,
,864,243,3,20182,73D700,FFFFFF
,864,291,3,6182,,
,864,319,3,19891,,
,864,336,3,7097,,
,864,381,3,6523,,
,864,87,3,3990,,
,865,111,3,8310,,
,865,137,3,12063,,
,865,218,3,17073,,
,865,237,3,4361,,
,865,274,3,635,,
,865,291,3,16201,,
,865,319,3,15830,,
,865,381,3,17233,,
,865,87,3,2223,,
,866,111,3,7887,,
,866,137,3,14502,,
,866,254,3,9770,,
,866,319,3,9347,,
,866,381,3,15971,,
,866,87,3,11481,,
,867,111,3,21332,,
,867,137,3,8877,,
,867,274,3,550,,
,867,319,3,9713,,
,867,381,3,8235,,
,867,87,3,579,,
,868,137,3,17451,,
,868,172,3,16396,,
,868,254,3,14003,,
,868,274,3,9035,,
,868,291,3,22681,,
,868,336,3,15315,,
,868,381,3,1685,,
,868,87,3,16442,,
,869,11,3,1181,,
,869,111,3,1952,,
,869,274,3,553,,
,869,291,3,6161,,
,869,381,3,3074,,
,869,87,3,1675,,
,87,105,3,22280,,
,87,111,3,6881,,
,87,119,3,11434,,
,87,138,3,19869,,
,87,146,3,19825,,
,87,18,3,10487,,
,87,19,0,14231,,
,87,207,3,22009,,
,87,210,3,21434,,
,87,282,3,2549,,
,87,298,3,12421,,
,87,318,3,20173,,
,87,320,3,12841,,
,87,51,3,7005,,
,87,96,3,21450,,
,870,121,3,17699,,
,870,138,3,18399,,
,870,149,3,15095,,
,870,169,3,9395,,
,870,218,3,2975,,
,870,23,3,4826,,
,870,237,3,6174,,
,870,254,3,2190,,
,870,274,3,18794,,
,870,381,3,2201,,
,870,7,3,7543,,
,870,87,3,6836,,
,8700,191,3,13774,,
,8700,223,3,13,,
,8701,223,3,1929,,
,8703,223,3,5585,,
,8704,223,3,14360,,
,8705,223,3,10027,,
,8706,223,3,13827,,
,8707,223,3,14828,,
,8708,223,3,18949,,
,870R,138,3,1102,,
,871,11,3,14798,,
,871,111,3,10596,,
,871,172,3,14053,,
,871,191,3,8021,,
,871,23,3,20601,,
,871,237,3,21246,,
,871,31,3,5377,,
,871,319,3,20108,,
,871,336,3,4790,,
,871,381,3,15518,,
,871,87,3,15838,,
,8710,216,3,9758,,
,8711,216,3,21989,,
,8712,216,3,4270,,
,8713,216,3,19023,,
,871R,138,3,14031,,
,872,11,3,11460,,
,872,111,3,2186,,
,872,191,3,21519,,
,872,23,3,16590,,
,872,254,3,17438,,
,872,319,3,904,,
,872,381,3,10973,,
,872,87,3,11828,,
,8720,216,3,2076,,
,8721,216,3,20205,,
,8722,216,3,16846,,
,8723,216,3,21203,,
,8724,216,3,2781,,
,8725,216,3,8386,,
,8726,216,3,11070,,
,8727,139,3,22454,,
,8727,216,3,5011,,
,8728,139,3,5843,,
,8728,216,3,11044,,
,873,11,3,6020,,
,873,111,3,11298,,
,873,191,3,909,,
,873,23,3,7998,,
,873,254,3,22907,,
,873,31,3,3629,,
,873,381,3,19147,,
,873,7,3,13245,,
,873,87,3,10868,,
,8730,216,3,2578,,
,8731,216,3,15981,,
,8732,216,3,22098,,
,8733,216,3,18870,,
,8734,216,3,2669,,
,8735,216,3,12817,,
,874,11,3,23288,,
,874,111,3,19019,,
,874,191,3,19988,,
,874,23,3,1087,,
,874,31,3,18120,,
,874,381,3,17050,,
,874,80,3,2989,,
,874,87,3,9624,,
,8740,216,3,7764,,
,8741,216,3,19726,,
,8742,216,3,23607,,
,875,11,3,19372,,
,875,111,3,8300,,
,875,138,3,10416,,
,875,139,3,10102,,
,875,191,3,17074,,
,875,23,3,22469,,
,875,274,3,977,,
,875,31,3,802,,
,875,381,3,1742,,
,875,80,3,12370,,
,875,87,3,8122,,
,8750,216,3,22569,,
,8751,216,3,5450,,
,8752,216,3,2741,,
,8753,216,3,21390,,
,8754,216,3,168,,
,8755,216,3,16114,,
,8756,216,3,11235,,
,8757,216,3,22771,,
,876,11,3,10488,,
,876,138,3,13140,,
,876,23,3,6403,,
,876,254,3,8301,,
,876,319,3,21786,,
,876,381,3,4327,,
,876,87,3,20843,,
,8760,216,3,4569,,
,8761,216,3,23084,,
,8762,216,3,17658,,
,8763,216,3,23307,,
,8769-AST,216,3,10469,,
,877,11,3,7103,,
,877,111,3,105,,
,877,254,3,19024,,
,877,381,3,5578,,
,877,80,3,13738,,
,877,87,3,15365,,
,8770,216,3,12735,,
,8770,59,3,836,,
,8771,216,3,22896,,
,8772,216,3,21601,,
,8773,139,3,5356,,
,8773,216,3,16855,,
,8774,139,3,18013,,
,8774,216,3,19469,,
,878,11,3,19488,,
,878,111,3,18495,,
,878,274,3,2385,,
,878,381,3,14306,,
,878,51,3,10967,,
,878,87,3,23200,,
,8780,216,3,9559,,
,8781,216,3,10028,,
,879,11,3,20704,,
,879,111,3,2939,,
,879,254,3,9170,,
,879,274,3,22111,,
,879,381,3,19046,,
,879,51,3,4557,,
,879,87,3,15131,,
,8790,216,3,6378,,
,8791,216,3,1423,,
,8792,216,3,5930,,
,8793,216,3,6582,,
,8794,216,3,19856,,
,87N,86,3,3144,,
,88,119,3,10673,,
,88,19,0,17269,,
,88,207,3,7977,,
,88,210,3,3248,,
,88,282,3,22978,,
,88,322,3,6911,,
,88,7,3,1574,,
,88,9,3,14296,,
,88,96,3,18664,,
,880,11,3,724,,
,880,111,3,19819,,
,880,138,3,8565,,
,880,197,3,9109,,
,880,23,3,6056,,
,880,237,3,22003,,
,880,254,3,9234,,
,880,274,3,6072,,
,880,319,3,5481,,
,880,381,3,19546,,
,880,87,3,15912,,
,880.1,138,3,3957,,
,880.2,138,3,22641,,
,880.3,138,3,21889,,
,8800,191,3,2848,,
,8800,216,3,10601,,
,880S,274,3,20313,,
,881,11,3,1647,,
,881,111,3,768,,
,881,119,3,9984,,
,881,191,3,3434,,
,881,23,3,12563,,
,881,237,3,16491,,
,881,254,3,20238,,
,881,291,3,12818,,
,881,319,3,18164,,
,881,381,3,9454,,
,881,87,3,4877,,
,8810,216,3,20675,,
,8811,216,3,22539,,
,8812,216,3,16955,,
,8813,216,3,4055,,
,8814,216,3,14912,,
,8815,139,3,22302,,
,8815,216,3,4545,,
,881V,191,3,12138,,
,882,111,3,13264,,
,882,119,3,15282,,
,882,191,3,21097,,
,882,243,3,10228,73D700,FFFFFF
,882,291,3,3958,,
,882,319,3,14878,,
,882,381,3,18721,,
,882,87,3,12403,,
,8820,216,3,4939,,
,8821,216,3,4739,,
,8822,216,3,20870,,
,8823,216,3,21463,,
,8824,139,3,5515,,
,8824,216,3,17670,,
,883,11,3,9908,,
,883,111,3,23023,,
,883,119,3,3908,,
,883,191,3,11833,,
,883,254,3,5600,,
,883,291,3,17685,,
,883,319,3,21885,,
,883,381,3,17558,,
,883,87,3,17983,,
,8830,216,3,20120,,
,8831,216,3,10723,,
,8832,216,3,4166,,
,8833,216,3,14913,,
,8834,139,3,17731,,
,8834,216,3,11601,,
,8835,139,3,5619,,
,8835,216,3,14210,,
,8836,139,3,6488,,
,8836,216,3,23049,,
,884,11,3,15333,,
,884,111,3,17353,,
,884,119,3,3941,,
,884,254,3,20993,,
,884,291,3,17602,,
,884,319,3,18065,,
,884,381,3,1103,,
,884,87,3,19446,,
,8840,216,3,20458,,
,8841,216,3,9418,,
,8842,216,3,17215,,
,8843,216,3,19397,,
,8844,139,3,11867,,
,8844,216,3,3813,,
,885,11,3,12076,,
,885,111,3,3305,,
,885,119,3,14361,,
,885,169,3,16703,,
,885,191,3,20844,,
,885,254,3,22701,,
,885,291,3,17110,,
,885,381,3,10119,,
,885,87,3,405,,
,8850,216,3,769,,
,8851,216,3,6950,,
,8852,216,3,20297,,
,885E,111,3,7163,,
,886,11,3,147,,
,886,111,3,12573,,
,886,191,3,22482,,
,886,254,3,19251,,
,886,291,3,19198,,
,886,313,3,20951,,
,886,319,3,10613,,
,886,381,3,4087,,
,886,87,3,22191,,
,8860,1,3,464,,
,8860,216,3,23160,,
,8861,1,3,6718,,
,8861,216,3,21369,,
,8862,216,3,21124,,
,8863,139,3,12284,,
,8863,216,3,12564,,
,886V,191,3,3011,,
,887,11,3,3111,,
,887,169,3,13867,,
,887,191,3,18602,,
,887,254,3,19834,,
,887,291,3,20389,,
,887,381,3,21898,,
,887,87,3,8428,,
,8870,216,3,13187,,
,8871,216,3,4156,,
,8872,139,3,2843,,
,8872,216,3,5024,,
,8879-AST,216,3,12946,,
,888,11,3,23451,,
,888,169,3,9465,,
,888,381,3,13156,,
,8880,216,3,16110,,
,8881,216,3,19456,,
,8882,216,3,15732,,
,8884,216,3,4384,,
,889,11,3,14753,,
,889,138,3,16623,,
,889,291,3,6010,,
,889,299,3,5285,,
,889,313,3,22554,,
,889,319,3,2758,,
,889,336,3,3831,,
,889,381,3,12660,,
,889,87,3,5579,,
,8890,216,3,4015,,
,8891,216,3,685,,
,8892,216,3,2087,,
,8893,216,3,3826,,
,8894,216,3,18412,,
,8895,216,3,20712,,
,8896,216,3,1729,,
,8897,216,3,12325,,
,88E,86,3,4577,,
,88S,105,3,5644,,
,88V,9,3,7302,,
,88X,7,3,2422,,
,88a,274,3,13308,,
,88b,274,3,23620,,
,88c,304,3,11240,,
,89,119,3,13659,,
,89,147,3,4914,,
,89,167,0,7715,,
,89,203,3,19203,,
,89,207,3,15196,,
,89,210,3,8292,,
,89,282,3,4718,,
,89,298,3,23693,,
,89,313,3,12931,,
,89,318,3,17770,,
,89,322,3,9211,,
,89,7,3,2960,,
,89,9,3,6593,,
,89,96,3,2245,,
,89.1,119,3,19470,,
,890,138,3,21585,,
,890,23,3,19603,,
,890,237,3,15360,,
,890,254,3,5148,,
,890,274,3,7398,,
,890,319,3,6957,,
,890,87,3,11964,,
,8900,223,3,21895,,
,8900,274,3,3861,,
,8901,274,3,23527,,
,8902,223,3,15672,,
,8902,274,3,5310,,
,8903,274,3,6919,,
,8904,223,3,15608,,
,8904,274,3,22937,,
,8905,274,3,5682,,
,8906,274,3,20054,,
,8907,274,3,9744,,
,891,111,3,10718,,
,891,138,3,3040,,
,891,177,3,391,,
,891,191,3,5521,,
,891,23,3,13561,,
,891,237,3,19818,,
,891,254,3,7574,,
,891,319,3,6227,,
,891,381,3,18684,,
,891,87,3,5082,,
,8911,274,3,1966,,
,8912,274,3,22833,,
,8913,274,3,10005,,
,8917,274,3,9288,,
,892,111,3,4591,,
,892,138,3,2458,,
,892,191,3,11974,,
,892,23,3,9514,,
,892,237,3,4184,,
,892,254,3,636,,
,892,313,3,17181,,
,892,319,3,7104,,
,892,381,3,8700,,
,892,87,3,1516,,
,8920,274,3,22021,,
,893,111,3,2345,,
,893,138,3,1283,,
,893,177,3,46,,
,893,191,3,22947,,
,893,23,3,18298,,
,893,237,3,22908,,
,893,319,3,18431,,
,893,381,3,4650,,
,893,87,3,485,,
,8930,274,3,20198,,
,8931,274,3,19002,,
,8932,274,3,10109,,
,8935,274,3,20044,,
,8936,274,3,5849,,
,8937,274,3,23621,,
,8938,274,3,13246,,
,894,139,3,23737,,
,894,177,3,19291,,
,894,191,3,2051,,
,894,23,3,21011,,
,894,237,3,17898,,
,894,254,3,8526,,
,894,87,3,10533,,
,8940,1,3,20031,,
,8941,274,3,20643,,
,8942,274,3,19330,,
,8943,274,3,14426,,
,8944,274,3,10081,,
,8946,274,3,8413,,
,894V,191,3,18926,,
,895,191,3,20091,,
,895,237,3,4621,,
,895,313,3,8169,,
,895,381,3,8414,,
,895,87,3,18151,,
,8950,1,3,17806,,
,8950,274,3,7978,,
,8951,274,3,20064,,
,8952,274,3,18906,,
,8953,274,3,12942,,
,8954,274,3,9702,,
,896,177,3,14678,,
,896,191,3,17452,,
,896,319,3,12353,,
,896,381,3,8277,,
,896,87,3,3532,,
,8961,1,3,4512,,
,8962,1,3,4028,,
,897,191,3,1200,,
,897,381,3,20559,,
,897,87,3,13873,,
,898,381,3,22617,,
,898,87,3,17259,,
,899,191,3,22050,,
,899,274,3,13021,,
,899,291,3,12404,,
,899,87,3,9253,,
,8A,127,3,17671,,
,8A,42,3,1484,,
,8A-1,304,3,18277,,
,8A-2,304,3,17414,,
,8A-3,304,3,16942,,
,8A-4,304,3,12963,,
,8AST,97,3,14427,,
,8B,127,3,23183,,
,8E,141,0,21125,,
,8E,154,0,2011,,
,8E,304,3,20935,,
,8R,98,3,1769,,
,8V,9,3,10484,,
,8a,52,3,19932,,
,8b,52,3,8736,,
,9,106,3,14371,,
,9,110,3,11050,,
,9,121,3,9802,,
,9,127,3,3213,,
,9,132,3,934,,
,9,138,3,10677,,
,9,151,3,10560,,
,9,154,0,6958,,
,9,156,0,13035,,
,9,159,3,18861,,
,9,164,3,533,,
,9,172,3,2513,,
,9,207,0,19096,,
,9,21,3,16963,,
,9,210,0,17439,,
,9,216,3,5187,,
,9,218,1,23297,,
,9,221,3,4151,,
,9,227,3,2099,,
,9,247,3,23476,,
,9,254,3,18622,,
,9,268,3,14813,,
,9,274,3,23406,,
,9,282,3,16061,,
,9,291,3,16001,,
,9,292,3,20078,,
,9,304,3,17096,,
,9,322,3,20459,,
,9,330,3,1143,,
,9,333,3,12453,,
,9,335,3,1268,,
,9,340,3,19887,,
,9,354,3,16624,,
,9,369,3,13209,,
,9,381,0,14664,,
,9,42,3,6981,,
,9,58,3,7133,,
,9,60,3,13920,,
,9,68,3,15056,00A4BC,FFFFFF
,9,69,3,21280,,
,9,7,3,2993,,
,9,94,0,14928,,
,9,96,3,19325,,
,9,97,3,11241,,
,90,106,3,13059,,
,90,119,3,5601,,
,90,138,3,16522,,
,90,141,3,5837,,
,90,146,3,1288,,
,90,203,3,22057,,
,90,205,3,6945,,
,90,207,3,4242,,
,90,210,3,4840,,
,90,274,3,1275,,
,90,298,3,15492,,
,90,306,3,10956,,
,90,320,3,5417,,
,90,322,3,5755,,
,90,323,3,5069,,
,90,34,3,10534,,
,90,367,3,14060,,
,90,68,3,7778,032E69,FFFFFF
,90,9,3,2518,,
,90,96,3,14695,,
,90.1,119,3,18302,,
,90.2,119,3,1370,,
,900,119,3,9284,,
,900,121,3,16926,,
,900,155,3,2328,,
,900,163,3,1490,,
,900,164,3,5099,,
,900,218,3,10950,,
,900,243,3,14304,73D700,FFFFFF
,900,274,3,8649,,
,900,294,3,21451,,
,900,309,3,15907,,
,900,353,3,22307,,
,900,83,3,8293,,
,900,87,3,11764,,
,9001,116,3,5213,,
,9002,116,3,3983,,
,9003,116,3,18377,,
,9004,116,3,7522,,
,9006,116,3,20564,,
,9007,116,3,7426,,
,9008,116,3,6216,,
,9009,116,3,169,,
,901,101,0,4111,,
,901,106,3,15784,,
,901,119,3,21376,,
,901,131,3,18822,,
,901,138,3,22782,,
,901,144,3,11901,,
,901,160,3,18867,,
,901,191,3,5188,,
,901,205,3,13746,,
,901,236,3,23013,,
,901,239,3,1743,,
,901,274,3,11611,,
,901,294,3,7282,,
,901,309,3,7812,,
,901,313,3,19547,,
,901,367,3,12392,,
,901,83,3,3897,,
,901,87,3,13995,,
,9010,116,3,10914,,
,901A,205,3,15283,,
,901AL,119,3,12194,,
,902,106,3,1744,,
,902,131,3,1639,,
,902,138,3,2233,,
,902,144,3,14211,,
,902,160,3,3676,,
,902,191,3,3426,,
,902,205,3,1847,,
,902,239,3,20174,,
,902,274,3,8905,,
,902,294,3,11162,,
,902,309,3,4433,,
,902,313,3,9354,,
,902,367,3,19011,,
,902,83,3,6109,,
,902,87,3,7792,,
,9020,116,3,4290,,
,9021,116,3,10318,,
,903,101,0,20401,,
,903,106,3,2088,,
,903,109,3,18868,,
,903,138,3,5325,,
,903,144,3,18851,,
,903,160,3,12513,,
,903,191,3,12432,,
,903,205,3,17712,,
,903,239,3,3914,,
,903,274,3,226,,
,903,309,3,13874,,
,903,367,3,17069,,
,903,87,3,7916,,
,9035,116,3,6893,,
,904,106,3,2057,,
,904,109,3,9890,,
,904,131,3,20836,,
,904,138,3,18261,,
,904,160,3,18127,,
,904,205,3,5938,,
,904,239,3,10494,,
,904,274,3,4710,,
,904,309,3,10780,,
,904,313,3,16155,,
,904,87,3,17173,,
,905,101,3,1485,,
,905,106,3,702,,
,905,109,3,12639,,
,905,131,3,20636,,
,905,138,3,10735,,
,905,191,3,12740,,
,905,205,3,10703,,
,905,218,3,9386,,
,905,274,3,19378,,
,905,309,3,22477,,
,905,313,3,18262,,
,905,381,3,23531,,
,905,87,3,6766,,
,9051,116,3,15197,,
,9055,116,3,14313,,
,9056,116,3,14,,
,905E,101,3,9377,,
,906,101,3,7486,,
,906,106,3,299,,
,906,109,3,14590,,
,906,131,3,14949,,
,906,138,3,16847,,
,906,160,3,2226,,
,906,191,3,19078,,
,906,205,3,23374,,
,906,218,3,17418,,
,906,239,3,7505,,
,906,274,3,10379,,
,906,309,3,13963,,
,906,367,3,22657,,
,906,87,3,5647,,
,9061,116,3,4870,,
,907,101,3,23237,,
,907,106,3,10539,,
,907,109,3,11133,,
,907,131,3,22303,,
,907,138,3,22070,,
,907,218,3,21658,,
,907,239,3,17953,,
,907,274,3,18704,,
,907,87,3,3296,,
,907 E,101,3,1058,,
,908,101,3,23018,,
,908,106,3,20953,,
,908,131,3,5911,,
,908,138,3,15238,,
,908,160,3,16699,,
,908,274,3,17614,,
,908,87,3,15301,,
,908 E,101,3,5746,,
,909,101,3,15760,,
,909,106,3,20987,,
,909,131,3,11184,,
,909,160,3,23756,,
,909,191,3,2849,,
,909,87,3,15561,,
,909 E,101,3,12496,,
,9095,138,3,10881,,
,9096,138,3,14608,,
,9097,138,3,4538,,
,9098,138,3,19766,,
,9099,138,3,20206,,
,90E,141,3,15660,,
,91,106,3,4703,,
,91,119,3,11274,,
,91,133,0,545,,
,91,141,3,10711,,
,91,147,3,7225,,
,91,154,3,20294,,
,91,159,3,12947,,
,91,164,3,3315,,
,91,203,3,7105,,
,91,205,3,5838,,
,91,207,3,12626,,
,91,210,3,7844,,
,91,228,3,20004,,
,91,274,3,14162,,
,91,298,3,20246,,
,91,304,3,11653,,
,91,306,3,23774,,
,91,320,3,21385,,
,91,322,3,6791,,
,91,323,3,20402,,
,91,365,3,22200,,
,91,367,3,17755,,
,91,369,3,14469,,
,91,68,3,366,2B696B,FFFFFF
,91,96,3,14222,,
,910,101,3,21228,,
,910,106,3,12208,,
,910,121,3,17394,,
,910,131,3,9430,,
,910,138,3,9486,,
,910,164,3,4711,,
,910,218,3,11571,,
,910,239,3,13528,,
,910,243,3,3999,73D700,FFFFFF
,910,281,3,16716,,
,910,294,3,23075,,
,910,309,3,21066,,
,910,381,3,10573,,
,910,83,3,2805,,
,910,87,3,670,,
,910 E,101,3,9339,,
,9100,138,3,22488,,
,9101,138,3,22158,,
,9105,138,3,22529,,
,9107,262,3,8553,,
,9108,138,3,16357,,
,9109,138,3,15111,,
,9109A,138,3,22124,,
,910R,138,3,9041,,
,911,106,3,1379,,
,911,119,3,17287,,
,911,121,3,2914,,
,911,131,3,14814,,
,911,160,3,7493,,
,911,191,3,8157,,
,911,205,3,8269,,
,911,239,3,4088,,
,911,274,3,3615,,
,911,298,3,10039,,
,911,309,3,12249,,
,911,322,3,16495,,
,911,360,3,11435,,
,911,381,3,14528,,
,911,54,3,21613,,
,911,83,3,1680,,
,911,87,3,10216,,
,9112,118,3,12114,,
,9114,118,3,11946,,
,9115,335,3,9660,,
,911A,205,3,1413,,
,912,106,3,13868,,
,912,119,3,2690,,
,912,121,3,12710,,
,912,131,3,22672,,
,912,138,3,1508,,
,912,191,3,16983,,
,912,205,3,10502,,
,912,274,3,11886,,
,912,322,3,7628,,
,912,54,3,19357,,
,912,83,3,19597,,
,912,87,3,8837,,
,9120,335,3,22125,,
,912A,205,3,16831,,
,912ST,119,3,7765,,
,913,121,3,15880,,
,913,138,3,21586,,
,913,160,3,11554,,
,913,191,3,3474,,
,913,205,3,3383,,
,913,274,3,9011,,
,913,309,3,11635,,
,913,322,3,4803,,
,913,360,3,20936,,
,913,54,3,20924,,
,913,87,3,23209,,
,9130,45,3,4923,,
,913A,205,3,8339,,
,914,121,3,3165,,
,914,131,3,21309,,
,914,138,3,8270,,
,914,160,3,20020,,
,914,191,3,9319,,
,914,205,3,19812,,
,914,274,3,4421,,
,914,309,3,15532,,
,914,322,3,12772,,
,914,54,3,21184,,
,914,87,3,5557,,
,9140,45,3,21722,,
,9142,82,3,20676,,
,914A,205,3,4447,,
,914R,138,3,1259,,
,915,131,3,367,,
,915,160,3,1480,,
,915,205,3,13327,,
,915,239,3,8561,,
,915,274,3,5850,,
,915,322,3,2280,,
,915,360,3,4342,,
,915,381,3,1424,,
,915,54,3,21446,,
,915,87,3,6313,,
,9150,118,3,19122,,
,9150,82,3,1920,,
,9151,118,3,11887,,
,9153,118,3,10236,,
,9154,118,3,3857,,
,9154,45,3,22915,,
,9157,118,3,23654,,
,9158,118,3,23516,,
,9159,118,3,14343,,
,916,101,3,11202,,
,916,131,3,10915,,
,916,144,3,2366,,
,916,160,3,6078,,
,916,205,3,1414,,
,916,218,3,5087,,
,916,360,3,1398,,
,916,54,3,21214,,
,916,87,3,4740,,
,916 E,101,3,22155,,
,916A,205,3,16523,,
,917,101,3,12422,,
,917,109,3,18759,,
,917,131,3,17453,,
,917,144,3,18317,,
,917,205,3,17637,,
,917,218,3,7246,,
,917,274,3,4291,,
,917,54,3,4372,,
,917,87,3,21416,,
,917 E,101,3,22257,,
,9173,45,3,22356,,
,918,119,3,7896,,
,918,131,3,17045,,
,918,160,3,22511,,
,918,205,3,14572,,
,918,274,3,9120,,
,918,313,3,742,,
,918,322,3,14027,,
,918,360,3,3329,,
,918,87,3,12281,,
,9180,45,3,19563,,
,9186,45,3,8145,,
,919,101,3,1380,,
,919,131,3,13397,,
,919,144,3,23298,,
,919,160,3,15988,,
,919,239,3,14609,,
,919,313,3,20467,,
,919,87,3,569,,
,919 E,101,3,13291,,
,9199,138,3,23091,,
,91E,42,3,15519,,
,92,106,3,21573,,
,92,119,3,2367,,
,92,133,0,10942,,
,92,141,3,16915,,
,92,147,3,5116,,
,92,159,3,10724,,
,92,164,3,12126,,
,92,203,3,22273,,
,92,205,3,21842,,
,92,207,3,9121,,
,92,228,3,19525,,
,92,274,3,13117,,
,92,298,3,20886,,
,92,306,3,4095,,
,92,320,3,4180,,
,92,323,3,10352,,
,92,34,3,17185,,
,92,365,3,14264,,
,92,367,3,5602,,
,92,42,3,18645,,
,92,68,3,5394,4B95BF,FFFFFF
,92,96,3,9431,,
,92.1,119,3,1636,,
,92.2,119,3,8701,,
,92.3,119,3,9714,,
,920,101,3,14901,,
,920,119,3,11217,,
,920,131,3,19616,,
,920,138,3,22151,,
,920,160,3,23024,,
,920,205,3,13842,,
,920,218,3,9000,,
,920,239,3,2129,,
,920,274,3,7656,,
,920,309,3,14957,,
,920,313,3,18037,,
,920,381,3,6655,,
,920,54,3,18871,,
,920,7,3,5703,,
,920,87,3,9543,,
,920 E,101,3,8201,,
,9201,118,3,14290,,
,9202,118,3,4470,,
,920A,205,3,10400,,
,921,101,3,455,,
,921,119,3,16072,,
,921,138,3,8781,,
,921,191,3,6099,,
,921,205,3,5170,,
,921,239,3,14084,,
,921,274,3,17537,,
,921,298,3,5980,,
,921,309,3,19791,,
,921,313,3,10120,,
,921,322,3,531,,
,921,381,3,18095,,
,921,54,3,17967,,
,921,87,3,306,,
,921A,205,3,136,,
,921B,239,3,19799,,
,921R,138,3,42,,
,921V,191,3,6036,,
,922,101,3,13602,,
,922,131,3,22642,,
,922,138,3,11907,,
,922,144,3,22916,,
,922,205,3,4099,,
,922,274,3,11694,,
,922,309,3,6755,,
,922,313,3,17103,,
,922,381,3,4890,,
,922,54,3,14470,,
,922,87,3,5939,,
,9220,45,3,6175,,
,9221,118,3,8775,,
,9223,118,3,17999,,
,9224,118,3,10013,,
,9226,118,3,2406,,
,9227,118,3,10729,,
,922A,205,3,20366,,
,923,101,3,3219,,
,923,131,3,5466,,
,923,144,3,16168,,
,923,191,3,15210,,
,923,299,3,23718,,
,923,309,3,4200,,
,923,313,3,7766,,
,923,381,3,17609,,
,923,87,3,10933,,
,923 E,101,3,20488,,
,9231,118,3,23222,,
,9232,118,3,21502,,
,9233,118,3,19874,,
,9234,118,3,16566,,
,9235,118,3,3686,,
,9236,118,3,20705,,
,9237,118,3,17168,,
,9238,118,3,1842,,
,9239,118,3,7951,,
,924,101,3,5885,,
,924,119,3,15763,,
,924,191,3,3716,,
,924,205,3,16389,,
,924,274,3,13300,,
,924,294,3,17907,,
,924,309,3,8509,,
,924,313,3,21557,,
,924,381,3,2117,,
,924 E,101,3,8316,,
,9241,118,3,21963,,
,9242,118,3,10553,,
,9242,82,3,10637,,
,9243,118,3,10114,,
,924A,205,3,148,,
,925,101,3,2318,,
,925,119,3,13619,,
,925,274,3,21933,,
,925,294,3,10704,,
,925,309,3,19292,,
,925,360,3,20878,,
,925,7,3,7412,,
,926,101,3,18405,,
,926,218,3,1802,,
,926,239,3,2025,,
,926,274,3,6977,,
,926,299,3,12598,,
,926,309,3,18984,,
,926,313,3,3840,,
,926,360,3,19204,,
,926 B,239,3,5863,,
,927,102,3,10836,,
,927,131,3,5683,,
,927,218,3,23310,,
,927,236,3,11688,,
,927,239,3,6656,,
,927,274,3,15005,,
,927,299,3,21100,,
,927,360,3,6228,,
,927,381,3,2550,,
,928,101,3,16473,,
,928,191,3,12909,,
,928,239,3,11475,,
,928,274,3,10174,,
,928,299,3,21731,,
,928,360,3,13958,,
,928V,191,3,6662,,
,929,138,3,10401,,
,929,239,3,725,,
,929,274,3,551,,
,929,299,3,7590,,
,929,322,3,2197,,
,929,360,3,5558,,
,929,7,3,6345,,
,929 A,239,3,1064,,
,92E,42,3,16369,,
,93,106,3,12250,,
,93,119,3,10566,,
,93,133,0,15847,,
,93,141,3,23757,,
,93,147,3,5894,,
,93,159,3,16115,,
,93,164,3,7602,,
,93,203,3,4471,,
,93,207,3,6874,,
,93,274,3,733,,
,93,298,3,5088,,
,93,304,3,13096,,
,93,306,3,14329,,
,93,313,3,19669,,
,93,322,3,4138,,
,93,323,3,2161,000000,FFE500
,93,365,3,20140,,
,93,367,3,3000,,
,93,42,3,20166,,
,93,96,3,10353,,
,930,101,3,5719,,
,930,131,3,16861,,
,930,218,3,1430,,
,930,239,3,3915,,
,930,274,3,11203,,
,930,294,3,18022,,
,930,309,3,21503,,
,930,381,3,22324,,
,930 E,101,3,7142,,
,931,101,3,17120,,
,931,119,3,12807,,
,931,131,3,4410,,
,931,138,3,11482,,
,931,191,3,13402,,
,931,205,3,6379,,
,931,239,3,10376,,
,931,298,3,17240,,
,931,299,3,13625,,
,931,309,3,5410,,
,931,360,3,9122,,
,931,381,3,16841,,
,931,54,3,12644,,
,931 E,101,3,11422,,
,9314,118,3,6951,,
,931A,205,3,14276,,
,931R,138,3,16558,,
,932,107,3,14223,,
,932,119,3,15338,,
,932,191,3,21754,,
,932,205,3,16191,,
,932,299,3,23630,,
,932,309,3,20026,,
,932,360,3,227,,
,932,54,3,22252,,
,932A,205,3,6011,,
,933,101,3,15895,,
,933,107,3,4924,,
,933,138,3,18432,,
,933,144,3,17850,,
,933,152,3,22706,,
,933,205,3,20095,,
,933,274,3,4673,,
,933,291,3,2873,,
,933,299,3,6684,,
,933,309,3,22840,,
,933,313,3,18216,,
,933,360,3,2994,,
,933,381,3,15963,,
,933 E,101,3,3049,,
,933A,205,3,4228,,
,934,101,3,18080,,
,934,107,3,23036,,
,934,191,3,6283,,
,934,205,3,20481,,
,934,274,3,11455,,
,934,291,3,813,,
,934,299,3,7326,,
,934 E,101,3,2716,,
,9342,82,3,9544,,
,934A,205,3,20553,,
,935,107,3,7575,,
,935,111,3,2713,,
,935,131,3,5418,,
,935,191,3,22797,,
,935,205,3,10602,,
,935,299,3,9412,,
,935,305,3,15449,,
,935,360,3,1333,,
,935,381,3,17549,,
,935 E,101,3,4663,,
,936,101,3,19272,,
,936,107,3,6756,,
,936,131,3,18595,,
,936,144,3,2503,,
,936,191,3,6781,,
,936,299,3,22985,,
,936,305,3,8440,,
,936,360,3,7931,,
,936,54,3,12824,,
,937,101,3,681,,
,937,107,3,18358,,
,937,131,3,3741,,
,937,191,3,18268,,
,937,274,3,20887,,
,937,299,3,9666,,
,937,360,3,20266,,
,937,381,3,21587,,
,938,131,3,15873,,
,938,144,3,9419,,
,938,191,3,12038,,
,938,218,3,19302,,
,938,299,3,10576,,
,938,360,3,19835,,
,939,101,3,13964,,
,939,107,3,11176,,
,939,144,3,1235,,
,939,191,3,5747,,
,939,274,3,176,,
,939,299,3,18213,,
,939,305,3,4100,,
,939,360,3,9057,,
,94,119,3,21012,,
,94,133,0,9154,,
,94,141,3,6142,,
,94,147,3,2298,,
,94,154,0,6530,,
,94,159,3,21799,,
,94,164,3,8601,,
,94,203,3,13869,,
,94,298,3,20460,,
,94,304,3,2042,,
,94,306,3,19976,,
,94,322,3,15848,,
,94,323,3,7712,,
,94,365,3,4669,,
,94,367,3,18774,,
,94,96,3,4736,,
,940,101,3,17083,,
,940,138,3,1695,,
,940,191,3,20493,,
,940,205,3,16225,,
,940,274,3,4817,,
,940,299,3,13828,,
,940,309,3,7369,,
,940,336,3,15072,,
,940,34,3,7143,,
,940,360,3,11004,,
,940,54,3,17104,,
,940,72,3,19598,,
,940 E,101,3,10033,,
,940 Rufbus,72,3,525,,
,9402,116,3,3852,,
,9403,116,3,12559,,
,940AL,119,3,2753,,
,940R,138,3,21298,,
,941,101,3,11032,,
,941,107,3,9651,,
,941,119,3,19115,,
,941,144,3,17390,,
,941,191,3,13974,,
,941,205,3,7089,,
,941,262,3,2398,,
,941,274,3,991,,
,941,299,3,13925,,
,941,309,3,19166,,
,941,381,3,23545,,
,941,54,3,9152,,
,941 E,101,3,7803,,
,9410,116,3,10017,,
,9414,116,3,13169,,
,9415,116,3,3337,,
,941A,205,3,1921,,
,941AL,119,3,2624,,
,942,101,3,11605,,
,942,107,3,12106,,
,942,119,3,7082,,
,942,191,3,19826,,
,942,205,3,20611,,
,942,262,3,8858,,
,942,274,3,2618,,
,942,299,3,13760,,
,942,54,3,13102,,
,942 E,101,3,15345,,
,942AL,119,3,11251,,
,943,119,3,7210,,
,943,144,3,19859,,
,943,243,3,21723,73D700,FFFFFF
,943,262,3,9503,,
,943,274,3,18629,,
,943,299,3,23345,,
,9432,116,3,12186,,
,9433,343,3,392,,
,9434,82,3,10424,,
,9436,82,3,18685,,
,9437,82,3,15903,,
,9438,82,3,3152,,
,9439,343,3,13152,,
,943TB,119,3,10638,,
,944,191,3,2452,,
,944,243,3,7767,73D700,FFFFFF
,944,262,3,2545,,
,944,274,3,19843,,
,944,277,3,6259,,
,944,299,3,19031,,
,944,381,3,4856,,
,9440,116,3,11958,,
,9440,82,3,12964,,
,9441,191,3,1700,,
,9442,82,3,9844,,
,9443,82,3,18128,,
,9444,116,3,13783,,
,9444,82,3,19419,,
,9445,82,3,1220,,
,9448,82,3,15461,,
,945,101,3,11616,,
,945,274,3,5025,,
,945,299,3,7090,,
,945,360,3,7360,,
,945,381,3,15592,,
,946,119,3,22325,,
,946,218,3,22768,,
,946,277,3,19599,,
,946,299,3,12540,,
,9462,116,3,648,,
,946TB,119,3,5507,,
,947,101,3,6894,,
,947,119,3,19734,,
,947,191,3,13377,,
,947,239,3,3533,,
,947,262,3,10163,,
,947,299,3,18422,,
,9475,116,3,15339,,
,9477,116,3,1730,,
,9478,116,3,3597,,
,9479,116,3,20999,,
,947TB,119,3,8429,,
,947V,191,3,23738,,
,948,119,3,13542,,
,948,191,3,14807,,
,948,218,3,20183,,
,948,299,3,22470,,
,9480,191,3,4692,,
,9481,116,3,14754,,
,9481,82,3,43,,
,9484,116,3,2423,,
,9486,116,3,14376,,
,949,119,3,3737,,
,949,191,3,876,,
,949,218,3,23590,,
,949,274,3,15520,,
,949,299,3,20191,,
,949,381,3,5316,,
,95,119,3,16704,,
,95,141,3,2969,,
,95,147,3,13162,,
,95,154,0,2089,,
,95,159,3,12503,,
,95,183,3,13816,,
,95,203,3,23765,,
,95,298,3,17737,,
,95,304,3,14853,,
,95,322,3,8432,,
,95,323,3,16876,,
,95,365,3,18437,,
,95,367,3,15502,,
,95,68,3,15653,9B91C1,
,95,96,3,7845,,
,950,119,3,22304,,
,950,121,3,18342,,
,950,138,3,6350,,
,950,191,3,8535,,
,950,205,3,21320,,
,950,218,3,849,,
,950,239,3,9919,,
,950,299,3,15232,,
,950,309,3,4696,,
,950,360,3,13213,,
,950,381,3,13170,,
,950,54,3,8878,,
,9504,82,3,14755,,
,9505,191,3,1892,,
,9506,82,3,22230,,
,9507,82,3,18222,,
,9508,82,3,23532,,
,9509,82,3,23709,,
,950A,205,3,20612,,
,950V,191,3,18233,,
,951,119,3,11113,,
,951,138,3,4768,,
,951,191,3,12071,,
,951,205,3,3708,,
,951,239,3,1088,,
,951,243,3,11834,73D700,FFFFFF
,951,299,3,10132,,
,951,309,3,5574,,
,951,313,3,3816,,
,951,360,3,20371,,
,951,54,3,21219,,
,9510,335,3,356,,
,9512,82,3,12627,,
,9513,82,3,16268,,
,9514,82,3,8573,,
,9515,256,3,3789,,
,9515,82,3,6315,,
,9518,82,3,16616,,
,9519,82,3,13107,,
,951A,205,3,20494,,
,951R,138,3,6583,,
,952,144,3,21458,,
,952,191,3,3745,,
,952,239,3,11015,,
,952,262,3,2407,,
,952,274,3,14105,,
,952,305,3,8489,,
,952,309,3,21574,,
,952,360,3,16997,,
,9520,1,3,4036,,
,9520,191,3,12825,,
,9520,45,3,8520,,
,9522,82,3,11519,,
,9523,82,3,21427,,
,9526,82,3,16081,,
,953,119,3,7083,,
,953,138,3,5501,,
,953,191,3,13491,,
,953,239,3,1792,,
,953,262,3,15793,,
,953,305,3,16539,,
,953,309,3,21161,,
,953,360,3,19967,,
,9530,45,3,17659,,
,9532,82,3,399,,
,9533,82,3,6518,,
,954,119,3,20207,,
,954,138,3,5726,,
,954,239,3,6808,,
,954,305,3,17426,,
,954,309,3,5677,,
,954,360,3,23680,,
,954R,138,3,228,,
,955,138,3,20809,,
,955,191,3,16709,,
,955,239,3,272,,
,955,274,3,9115,,
,955,299,3,456,,
,955,305,3,18910,,
,955,309,3,20631,,
,955,360,3,10281,,
,955,381,3,13144,,
,955R,138,3,4485,,
,956,138,3,14739,,
,956,191,3,4065,,
,956,262,3,7987,,
,956,274,3,10183,,
,956,291,3,20954,,
,956,299,3,20084,,
,956,305,3,9808,,
,956,309,3,23640,,
,957,119,3,6926,,
,957,191,3,6392,,
,957,205,3,4022,,
,957,262,3,17363,,
,957,274,3,18108,,
,957,277,3,19075,,
,957,291,3,1770,,
,957,299,3,992,,
,957,305,3,6359,,
,957,381,3,17650,,
,958,191,3,19296,,
,958,205,3,6786,,
,958,274,3,10006,,
,958,291,3,14205,,
,958,299,3,23289,,
,958,87,3,2329,,
,958A,205,3,20259,,
,959,119,3,8791,,
,959,205,3,13937,,
,959,274,3,4558,,
,959,291,3,11775,,
,959,299,3,14846,,
,96,133,0,20180,,
,96,138,3,16221,,
,96,141,3,7703,,
,96,147,3,11436,,
,96,159,3,1466,,
,96,191,3,15252,,
,96,203,3,677,,
,96,298,3,9703,,
,96,304,3,1532,,
,96,313,3,19847,,
,96,320,3,13529,,
,96,322,3,9367,,
,96,323,3,693,,
,96,365,3,2670,,
,96,367,3,486,,
,96,9,3,19759,,
,96,96,3,2302,,
,960,119,3,16959,,
,960,164,3,8340,,
,960,239,3,11721,,
,960,291,3,17241,,
,960,305,3,21370,,
,960,309,3,6370,,
,960,381,3,82,,
,960,54,3,16326,,
,961,119,3,14756,,
,961,144,3,2813,,
,961,205,3,17305,,
,961,239,3,20823,,
,961,274,3,19152,,
,961,291,3,2551,,
,961,305,3,2886,,
,961,309,3,3916,,
,961,381,3,15887,,
,961,54,3,3549,,
,962,119,3,6574,,
,962,138,3,8615,,
,962,191,3,4751,,
,962,205,3,11423,,
,962,218,3,12864,,
,962,262,3,3814,,
,962,274,3,16732,,
,962,291,3,7576,,
,962,305,3,11071,,
,962,309,3,22917,,
,962,381,3,9704,,
,962,54,3,12187,,
,962AL,119,3,15183,,
,963,119,3,20184,,
,963,138,3,12640,,
,963,191,3,9780,,
,963,205,3,17638,,
,963,218,3,5017,,
,963,239,3,23553,,
,963,262,3,15112,,
,963,274,3,23100,,
,963,291,3,2312,,
,963,309,3,8036,,
,963R,138,3,15442,,
,964,205,3,2386,,
,964,218,3,21353,,
,964,274,3,8756,,
,964,277,3,3050,,
,964,291,3,6199,,
,964,309,3,10430,,
,964,381,3,1486,,
,964,54,3,416,,
,964R,138,3,23724,,
,965,138,3,13204,,
,965,191,3,2293,,
,965,205,3,10989,,
,965,218,3,4565,,
,965,239,3,2090,,
,965,274,3,17487,,
,965,277,3,4331,,
,965,291,3,18174,,
,965,309,3,7677,,
,965,360,3,22684,,
,965,381,3,6741,,
,965A,205,3,5250,,
,965R,138,3,2945,,
,966,138,3,19806,,
,966,191,3,3363,,
,966,205,3,21421,,
,966,218,3,3173,,
,966,239,3,7832,,
,966,274,3,12616,,
,966,277,3,17854,,
,966,291,3,16842,,
,966,299,3,12826,,
,966,305,3,16082,,
,966,309,3,2107,,
,966,381,3,18623,,
,966A,205,3,3249,,
,966R,138,3,23141,,
,967,138,3,8702,,
,967,191,3,7841,,
,967,205,3,13567,,
,967,218,3,2227,,
,967,274,3,218,,
,967,291,3,18014,,
,967,299,3,4271,,
,967,305,3,3324,,
,967,381,3,6459,,
,967R,138,3,1131,,
,968,191,3,9814,,
,968,205,3,18862,,
,968,218,3,23766,,
,968,239,3,22010,,
,968,274,3,14261,,
,968,277,3,286,,
,968,291,3,7881,,
,968,299,3,19682,,
,968,381,3,4003,,
,969,191,3,19025,,
,969,239,3,17984,,
,969,262,3,7275,,
,969,274,3,13265,,
,969,277,3,10730,,
,969,291,3,18769,,
,969,299,3,3291,,
,969,381,3,12599,,
,969,54,3,19571,,
,96F,304,3,2448,,
,96V,9,3,3650,,
,97,147,3,15109,,
,97,154,3,11398,,
,97,159,3,20372,,
,97,203,3,11163,,
,97,298,3,1371,,
,97,320,3,13660,,
,97,322,3,4411,,
,97,323,3,19683,,
,97,367,3,11847,,
,97,9,3,14717,8BADDC,FFFFFF
,970,205,3,20431,,
,970,239,3,14282,,
,970,262,3,18904,,
,970,274,3,15253,,
,970,291,3,12158,,
,970,299,3,19944,,
,970,309,3,10511,,
,970,336,3,6625,,
,970,35,3,8548,,
,970,360,3,22130,,
,970,381,3,7846,,
,970,54,3,8725,,
,971,191,3,6234,,
,971,205,3,10156,,
,971,239,3,19590,,
,971,274,3,19,,
,971,277,3,2946,,
,971,291,3,7432,,
,971,298,3,16447,,
,971,309,3,2570,,
,971,381,3,98,,
,972,191,3,9594,,
,972,205,3,4465,,
,972,239,3,20159,,
,972,262,3,6200,,
,972,274,3,15805,,
,972,277,3,19139,,
,972,291,3,9694,,
,972,309,3,22727,,
,972,336,3,21190,,
,972,35,3,20994,,
,972,381,3,6989,,
,972A,205,3,13676,,
,973,191,3,8236,,
,973,239,3,8583,,
,973,274,3,17724,,
,973,291,3,8341,,
,973,309,3,16465,,
,974,191,3,2519,,
,974,239,3,17002,,
,974,274,3,10736,,
,974,291,3,842,,
,974,381,3,14085,,
,975,191,3,4107,,
,975,262,3,8879,,
,975,274,3,23290,,
,975,381,3,13907,,
,976,191,3,16401,,
,976,274,3,20482,,
,976,305,3,1395,,
,976,381,3,9254,,
,977,191,3,13530,,
,977,274,3,10402,,
,977,381,3,22080,,
,978,191,3,1676,,
,978,199,3,20096,,
,978,381,3,18413,,
,978V,191,3,15551,,
,979,191,3,8667,,
,979,199,3,23368,,
,979,305,3,11902,,
,979,381,3,17372,,
,98,111,3,2104,,
,98,119,3,16156,,
,98,133,0,22455,,
,98,141,3,7303,,
,98,147,3,5127,,
,98,159,3,17738,,
,98,203,3,7506,,
,98,274,3,15170,,
,98,298,3,22218,,
,98,9,3,17288,,
,980,130,3,4272,,
,980,191,3,13191,,
,980,205,3,18534,,
,980,239,3,5140,,
,980,262,3,18573,,
,980,274,3,8721,,
,980,381,3,16175,,
,980A,205,3,22058,,
,981,119,3,17121,,
,981,130,3,20220,,
,981,191,3,6540,,
,981,205,3,14410,,
,981,277,3,8627,,
,981,359,3,13226,,
,981A,205,3,23125,,
,982,130,3,9225,,
,982,191,3,21696,,
,982,199,3,6626,,
,982,205,3,10407,,
,982,239,3,14351,,
,982,258,3,4964,,
,982 / 85,274,3,16808,,
,983,130,3,21758,,
,983,199,3,5868,,
,983,205,3,7928,,
,983,239,3,12498,,
,9833,274,3,14573,,
,9834,274,3,13984,,
,9839,274,3,15956,,
,983A,205,3,15865,,
,984,130,3,9400,,
,984,191,3,11526,,
,984,205,3,18633,,
,984,381,3,3690,,
,9840,274,3,7684,,
,9841,274,3,1059,,
,9842,274,3,44,,
,9843,274,3,11339,,
,984A,205,3,4622,,
,985,191,3,8692,,
,985,291,3,7058,,
,985,336,3,4049,,
,985,381,3,2790,,
,9850,274,3,11141,,
,9852,274,3,1930,,
,9855,274,3,21234,,
,986,191,3,11450,,
,986,277,3,13535,,
,986,336,3,3137,,
,986,381,3,17223,,
,9861,274,3,10901,,
,9863,274,3,5311,,
,9867,274,3,14518,,
,9869,274,3,4037,,
,987,130,3,14020,,
,987,191,3,17087,,
,987,239,3,20792,,
,987,381,3,9222,,
,9870,274,3,16192,,
,9871,274,3,4719,,
,9872,274,3,10844,,
,9873,274,3,319,,
,9874,274,3,17538,,
,9875,274,3,5101,,
,9876,274,3,2625,,
,988,123,3,15198,,
,988,130,3,16843,,
,988,274,3,11546,,
,988,381,3,9823,,
,989,123,3,8353,,
,989,191,3,11157,,
,9890,59,3,2877,,
,98A,207,3,8457,,
,98B,207,3,10121,,
,98C,207,3,11393,,
,99,133,0,17023,,
,99,147,3,808,,
,99,159,3,15503,,
,99,203,3,15603,,
,99,205,3,20403,,
,99,274,4,19939,,
,99,298,3,20495,,
,99,367,3,4697,,
,99,96,3,21982,,
,990,123,3,1028,,
,990,262,3,5769,,
,990,274,3,238,,
,990,381,3,12293,,
,991,123,3,7972,,
,991,298,3,17922,,
,992,123,3,15722,,
,994,262,3,6690,,
,994,291,3,17628,,
,995,111,3,19459,,
,995,262,3,23105,,
,995,291,3,1497,,
,995,305,3,20784,,
,996,191,3,6120,,
,996,291,3,4494,,
,997,205,3,12316,,
,997,291,3,1104,,
,998,291,3,8880,,
,999,123,3,3001,,
,999,274,3,15081,,
,9999,304,3,9405,,
,9B,138,3,16848,,
,A,127,3,1406,,
,A,151,3,1320,,
,A,172,3,10614,,
,A,181,3,3633,,
,A,2,3,11583,,
,A,237,3,19753,,
,A,237,3,6316,42BFE3,FFFFFF
,A,265,3,13444,,
,A,272,3,10527,,
,A,275,3,23432,,
,A,277,3,19214,,
,A,293,3,13133,,
,A,295,3,20609,,
,A,298,3,16485,,
,A,300,3,12725,,
,A,313,3,18545,,
,A,340,3,8672,,
,A,348,3,2706,,
,A,373,3,13132,B90276,FFFFFF
,A,78,3,18808,,
,A,94,3,248,,
,A (Großenhain),207,3,21918,,
,A (Heidenau),207,3,6264,,
,A (Meißen),207,3,11279,,
,A/690,297,3,9583,,
,A/G,113,3,17700,,
,A1,113,3,6276,,
,A1,189,3,22489,,
,A1,292,3,3510,,
,A1,78,3,18950,,
,A1 (Riesa),207,3,11024,,
,A1-B,78,3,17799,,
,A1-G,78,3,10046,,
,A12,221,3,9438,,
,A2,113,3,11025,,
,A2,78,3,6705,,
,A2 (Riesa),207,3,16717,,
,A25,292,3,21602,,
,A26,292,3,14524,,
,A27,292,3,20503,,
,A3,113,3,23000,,
,A3,67,3,3779,,
,A3,78,3,20680,,
,A3-Bus,216,3,14902,,
,A320,370,3,17196,,
,A321,370,3,5179,,
,A322,370,3,14815,,
,A330,370,3,11399,,
,A340,370,3,16152,,
,A341,370,3,8881,,
,A350,370,3,11659,,
,A352,370,3,18546,,
,A353,370,3,20621,,
,A360,370,3,16828,,
,A371,370,3,14336,,
,A382,370,3,13288,,
,A383,370,3,5472,,
,A390,370,3,22478,,
,A392,370,3,14156,,
,A4,113,3,1289,,
,A4,292,3,3184,,
,A400,382,3,14068,,
,A514,370,3,905,,
,A522,370,3,3797,,
,A614,370,3,11299,,
,A620,336,3,22313,,
,A630,336,3,20115,,
,A641,370,3,15565,,
,A645,370,3,19155,,
,A646,370,3,3206,,
,A648,370,3,17289,,
,A649,370,3,11236,,
,ADK1,7,3,9509,,
,ADK2,7,3,1803,,
,ADK3,7,3,14757,,
,ADK5,7,3,15881,,
,ADK6,7,3,3435,,
,AFW,138,3,7499,,
,AH,94,3,9891,,
,AIR,94,3,8566,,
,AL1,197,3,19215,,
,AL1,9,3,18960,,
,AL2,197,3,16667,,
,AL2,9,3,11921,,
,AL3,197,3,18872,,
,AL3,9,3,18863,,
,AL3ALT,9,3,13607,,
,AL4,9,3,11009,,
,AL5,9,3,17908,,
,AL6,9,3,15034,,
,ALF25,96,3,6471,,
,ALF26,96,3,2837,,
,ALF4,96,3,16111,,
,ALF5,96,3,2202,,
,ALF58,96,3,22815,,
,ALF64,96,3,20722,,
,ALF66,96,3,6059,,
,ALF67,96,3,11284,,
,ALF70,96,3,4373,,
,ALT,31,3,5411,,
,ALT,335,3,13784,,
,ALT 632,137,3,11456,,
,ALT 668,137,3,5434,,
,ALT31,266,3,12481,,
,ALT32,266,3,14143,,
,ALT42,266,3,12989,,
,ALT47,266,3,8347,,
,ALT5,111,3,10266,,
,ALT50,266,3,15679,,
,ALT52,266,3,9577,,
,ALT53,266,3,5317,,
,ALT54,266,3,13794,,
,ALT62,266,3,17759,,
,ALT64,266,3,8208,,
,ALT70,266,3,12990,,
,ALiTa1,298,3,19684,,
,ALiTa2,298,3,15478,,
,ALiTa3,298,3,993,,
,AS2,197,3,19100,,
,AST,119,3,2850,,
,AST,138,3,21195,,
,AST,149,3,1778,,
,AST,172,3,5152,,
,AST,183,3,21578,,
,AST,235,3,15723,,
,AST,292,3,3057,,
,AST,352,3,11265,,
,AST,365,3,18971,,
,AST,73,3,21890,,
,AST 1,138,3,15406,,
,AST 1,185,3,22285,,
,AST 103,183,3,4811,,
,AST 16,292,3,4043,,
,AST 2,138,3,21120,,
,AST 2,185,3,18826,,
,AST 206,183,3,3277,,
,AST 208,183,3,22236,,
,AST 210,183,3,23479,,
,AST 222,183,3,13108,,
,AST 226,183,3,10830,,
,AST 230,183,3,4194,,
,AST 241,183,3,23602,,
,AST 243,183,3,23005,,
,AST 244,183,3,20767,,
,AST 27,183,3,19174,,
,AST 3,138,3,20803,,
,AST 3,185,3,4723,,
,AST 4,138,3,3240,,
,AST 4,185,3,19925,,
,AST 420,183,3,19012,,
,AST 5,138,3,1922,,
,AST 5,185,3,16856,,
,AST 6,138,3,21535,,
,AST 6,185,3,18503,,
,AST 7,138,3,15291,,
,AST 7,185,3,13118,,
,AST 71,86,3,5357,,
,AST 8,185,3,9241,,
,AST 837,137,3,5803,,
,AST 862,137,3,4878,,
,AST 863,137,3,7906,,
,AST 865,137,3,14411,,
,AST 866,137,3,3445,,
,AST WB,172,3,2575,,
,AST02,363,3,5727,,
,AST1,119,3,11947,,
,AST1,7,3,15046,,
,AST11,363,3,23568,,
,AST13,363,3,3704,,
,AST16,91,3,21215,,
,AST2,119,3,19252,,
,AST2,7,3,14825,,
,AST22,86,3,3443,,
,AST26,86,3,21377,,
,AST3,119,3,12762,,
,AST3,7,3,4849,,
,AST30,363,3,21983,,
,AST33,363,3,6045,,
,AST38,363,3,15908,,
,AST4,119,3,19704,,
,AST45,363,3,23767,,
,AST46,363,3,17615,,
,AST5,7,3,21704,,
,AST50,363,3,7756,,
,AST57,91,3,3780,,
,AST59,91,3,4559,,
,AST594,144,3,4038,,
,AST63,91,3,17855,,
,AST64,363,3,5083,,
,AST68,91,3,13171,,
,AST70,363,3,2662,,
,AST72,91,3,4044,,
,AST73,86,3,10597,,
,AST84,363,3,442,,
,AST89,86,3,580,,
,AST94,91,3,23655,,
,AST95,91,3,15913,,
,AST97,91,3,5728,,
,AST98,86,3,13153,,
,ASTW1,322,3,8146,,
,ASTW2,322,3,1771,,
,AT 1,203,3,4560,,
,AT 10,203,3,17533,,
,AT 11,203,3,1816,,
,AT 12,203,3,6840,,
,AT 13,203,3,15533,,
,AT 14,203,3,4857,,
,AT 15,203,3,23506,,
,AT 16,203,3,5121,,
,AT 17,203,3,17865,,
,AT 18,203,3,16096,,
,AT 2,203,3,13714,,
,AT 3,203,3,14503,,
,AT 4,203,3,23336,,
,AT 5,203,3,13292,,
,AT 6,203,3,18425,,
,AT 7,203,3,9765,,
,AT 8,203,3,23375,,
,AT 9,203,3,554,,
,Airport Bus,274,3,12736,,
,AirportExpress,73,3,439,,
,AirportShuttle,73,3,22852,,
,Ammersee,191,4,5209,,
,B,127,3,10545,,
,B,151,3,6041,,
,B,172,3,18295,,
,B,181,3,16964,,
,B,2,3,21281,,
,B,237,3,6008,,
,B,265,3,10377,,
,B,272,3,22968,,
,B,275,3,19688,,
,B,277,3,10737,,
,B,293,3,2176,,
,B,295,3,23346,,
,B,300,3,12834,,
,B,313,3,16956,,
,B,340,3,18972,,
,B,373,3,14867,D995BD,FFFFFF
,B,42,3,18458,,
,B,78,3,23578,,
,B,94,3,22820,,
,B (Heidenau),207,3,6548,,
,B (Meißen),207,3,18175,,
,B (Riesa),207,3,17968,,
,B/522,166,3,9545,,
,B/691,297,3,22702,,
,B/F,113,3,6351,,
,B1,172,3,3427,,
,B10,172,3,10790,,
,B11,172,3,11122,,
,B12,172,3,17133,,
,B13,172,3,22658,,
,B14,172,3,11300,,
,B15,172,3,2068,,
,B16,172,3,2524,,
,B16,365,3,21546,,
,B2,172,3,12648,,
,B21,172,3,16906,,
,B3,172,3,9171,,
,B3,292,3,4664,,
,B31,172,3,7444,,
,B32,172,3,7544,,
,B4,172,3,3355,,
,B446,172,3,15220,,
,B5,172,3,2424,,
,B51,172,3,3002,,
,B52,172,3,14854,,
,B52,365,3,12371,,
,B54,365,3,15882,,
,B6,172,3,4332,,
,B6,292,3,8087,,
,B61,172,3,23745,,
,B7,172,3,10615,,
,B7,292,3,3278,,
,B71,365,3,8906,,
,B72,365,3,960,,
,B8,172,3,4143,,
,B81,172,3,2358,,
,B9,172,3,13975,,
,BAL,322,3,15995,,
,BAM,322,3,21969,,
,BASF Ergänzungslinie 12,274,3,10546,,
,BASF Hauptlinie 1,274,3,1132,,
,BASF Hauptlinie 2,274,3,14377,,
,BASF Hauptlinie 3,274,3,8271,,
,BASF Kläranlage,274,3,22195,,
,BB,235,3,15798,,
,BB,86,3,4122,,
,BB HKS,274,3,12188,,
,BB Metelen,172,3,7704,,
,BB01,205,3,19337,,
,BB02,205,3,4495,,
,BB03,205,3,18815,,
,BB04,205,3,7946,,
,BB05,205,3,17783,,
,BB06,205,3,14868,,
,BB07,205,3,15566,,
,BB08,205,3,12711,,
,BB09,205,3,21302,,
,BB1,172,3,492,,
,BB1,177,3,19167,,
,BB11,205,3,10982,,
,BB13,205,3,10964,,
,BB14,205,3,3112,,
,BB15,205,3,14481,,
,BB16,205,3,6651,,
,BB17,205,3,6553,,
,BB18,205,3,14679,,
,BB19,205,3,22540,,
,BB2,172,3,18529,,
,BB2,177,3,2026,,
,BB2,338,3,10934,,
,BB20,205,3,18526,,
,BB201,164,3,20907,,
,BB202,164,3,4214,,
,BB3,172,3,5752,,
,BB3,177,3,9552,,
,BB301,164,3,9815,,
,BB40,205,3,4600,,
,BB41,205,3,12077,,
,BB43,205,3,14043,,
,BB50A,205,3,14009,,
,BB50B,205,3,11555,,
,BB50C,205,3,14095,,
,BB601,164,3,3642,,
,BB602,164,3,2172,,
,BB80,205,3,18291,,
,BB81,205,3,19674,,
,BB82,205,3,500,,
,BB84,205,3,4897,,
,BB85,205,3,17771,,
,BB86,205,3,15777,,
,BB90,205,3,22598,,
,BB901,164,3,10014,,
,BB91,205,3,3917,,
,BB92,205,3,8947,,
,BB93,205,3,8656,,
,BB94,205,3,10122,,
,BBA,102,3,5665,,
,BBK,149,3,2663,,
,BBO,381,3,13157,,
,BBS,102,3,11731,,
,BBS,172,3,837,,
,BBT,102,3,10454,,
,BBW,102,3,11292,,
,BBus Altena 1,96,3,17676,,
,BBus Altena 2,96,3,16474,,
,BBus Altena 3,96,3,22267,,
,BBus Balve 3,96,3,23302,,
,BBus Halver 1,96,3,9625,,
,BBus Halver 2,96,3,22357,,
,BBus Halver 3,96,3,8496,,
,BBus Herscheid 1,96,3,19727,,
,BBus Herscheid 2,96,3,3300,,
,BBus Kierspe 1,96,3,7609,,
,BBus Menden 1,96,3,19384,,
,BBus Menden 2,96,3,15707,,
,BBus Menden 3,96,3,16249,,
,BBus Nachrodt 1,96,3,13332,,
,BBus Nachrodt 2,96,3,20175,,
,BBus Nachrodt 3,96,3,23746,,
,BBus Nachrodt 4,96,3,17948,,
,BBus Neuenrade 1,96,3,12003,,
,BBus Neuenrade 2,96,3,18558,,
,BBus Schalksm. 1,96,3,12835,,
,BBus Schalksm. 2,96,3,17070,,
,BBus Schalksm. 3,96,3,11848,,
,BBus Schalksm. 4,96,3,17800,,
,BBus Schalksm. 5,96,3,8326,,
,BBus Werdohl 1,96,3,15292,,
,BBus Werdohl 2,96,3,9219,,
,BBus Werdohl 3,96,3,11874,,
,BC1,363,3,7025,,
,BC2,363,3,1092,,
,BC3,363,3,15452,,
,BC4,363,3,15934,,
,BE1,271,3,21378,,
,BE16,381,3,7354,,
,BE2,271,3,9745,,
,BE3,271,3,20223,,
,BE3,274,3,10431,,
,BEM,322,3,2017,,
,BER2,382,3,7116,,
,BG2,271,3,18000,,
,BG3,271,3,10639,,
,BHB,322,3,12776,,
,BHL,322,3,13289,,
,BHM,322,3,13747,,
,BHX,111,3,5927,,
,BKA1,322,3,14758,,
,BKA2,322,3,7423,,
,BKA3,322,3,9864,,
,BKR,322,3,11928,,
,BL1,363,3,5804,,
,BL1_,197,3,22761,,
,BL2,363,3,20706,,
,BL2_,197,3,10916,,
,BL3,363,3,19841,,
,BL4,363,3,984,,
,BL5,363,3,985,,
,BMS,322,3,501,,
,BN1,363,3,16791,,
,BN2,363,3,2742,,
,BN3,363,3,21150,,
,BN4,363,3,8894,,
,BO 1,119,3,13689,,
,BO 2,119,3,9302,,
,BO 3,119,3,12827,,
,BO 4,119,3,7269,,
,BO 5,119,3,20978,,
,BO 6,119,3,17591,,
,BO 7,119,3,15246,,
,BO8,119,3,1911,,
,BR1,363,3,19713,,
,BR2,363,3,5844,,
,BRB,322,3,22358,,
,BS1,172,3,10326,,
,BS2,172,3,16277,,
,BSO,322,3,7797,,
,BUE,322,3,6162,,
,BUS,219,3,14718,,
,BW1,197,3,10282,,
,BW1,9,3,910,,
,BW2,197,3,13979,,
,BW3_,197,3,7312,,
,BW4_,197,3,21027,,
,BWI1,197,3,8056,,
,Bsv,188,3,22196,,
,Bsv,88,3,21813,,
,Bus,350,3,20314,,
,Bür2,132,3,23587,,
,Bür3,132,3,12634,,
,Bür4,132,3,11380,,
,Bür5,132,3,22957,,
,BürgerBus,172,3,17664,,
,Bürgerbus,172,3,22713,,
,Bürgerbus,216,3,3153,,
,Bürgerbus,338,3,1575,,
,Bürgerbus KG,96,3,14144,,
,Bürgerbus Wannweil,292,3,8284,,
,Bürgerbus-Tour A,292,3,13097,,
,Bürgerbus-Tour B,292,3,14708,,
,Bürgerbus-Tour C,292,3,11381,,
,C,151,3,1533,,
,C,172,3,2507,,
,C,181,3,3214,,
,C,237,3,20335,,
,C,237,3,6886,00579C,FFFFFF
,C,265,3,18873,,
,C,277,3,3499,,
,C,293,3,7958,,
,C,300,3,4505,,
,C,303,3,4073,,
,C,313,3,22286,,
,C,78,3,15443,,
,C (Meißen),207,3,12924,,
,C (Riesa),207,3,3622,,
,C/523,166,3,19783,,
,C/692,297,3,5678,,
,C1,113,3,4651,,
,C1,172,3,22564,,
,C1,313,3,1576,,
,C1,360,3,935,,
,C10,172,3,1912,,
,C100,370,3,10684,,
,C101,370,3,11606,,
,C102,370,3,14700,,
,C103,370,3,4561,,
,C104,370,3,9019,,
,C105,370,3,17989,,
,C106,370,3,4601,,
,C107,370,3,9264,,
,C109,370,3,22853,,
,C11,172,3,7818,,
,C111,370,3,12437,,
,C112,370,3,8074,,
,C113,370,3,149,,
,C114,370,3,2776,,
,C116,370,3,14453,,
,C117,370,3,10073,,
,C12,113,3,2069,,
,C12,172,3,5921,,
,C13,172,3,21847,,
,C130,370,3,4791,,
,C132,370,3,9051,,
,C133,370,3,20281,,
,C134,370,3,4827,,
,C135,370,3,10436,,
,C14,172,3,12485,,
,C2,113,3,5895,,
,C2,172,3,1648,,
,C2,313,3,8504,,
,C2,360,3,13141,,
,C21,172,3,2195,,
,C22,172,3,18496,,
,C23,172,3,16300,,
,C24,172,3,9875,,
,C3,172,3,9920,,
,C3,360,3,11424,,
,C31,172,3,19820,,
,C32,172,3,21131,,
,C33,172,3,11814,,
,C4,172,3,22600,,
,C4,360,3,14265,,
,C40,172,3,12326,,
,C41,172,3,2806,,
,C42,172,3,8317,,
,C43,172,3,17446,,
,C44,172,3,15063,,
,C45,172,3,727,,
,C5,172,3,368,,
,C6,172,3,18656,,
,C7,172,3,19989,,
,C8,172,3,9058,,
,C85,172,3,482,,
,C87,172,3,14559,,
,C9,172,3,21162,,
,C91,172,3,14619,,
,CB,373,3,7339,E2684C,FFFFFF
,CBK,42,3,18481,,
,CBR,163,3,20255,,
,CE51,115,3,3087,,
,CE52,115,3,5482,,
,CE62,363,3,4050,,
,CE63,235,3,6330,,
,CE64,363,3,23702,,
,CE65,363,3,8941,,
,CS,247,3,12574,,
,CW1,197,3,8467,,
,CW2,197,3,22821,,
,Chiemsee-Schifffahrt,202,4,10359,,
,City über ZOB,47,3,5940,,
,City8,97,3,14998,,
,D,127,3,3846,,
,D,147,0,22583,,
,D,151,3,9504,,
,D,172,3,4243,,
,D,181,3,22103,,
,D,237,3,21151,,
,D,277,3,9628,,
,D,300,3,11445,,
,D,303,3,21196,,
,D,313,3,19237,,
,D,78,3,15312,,
,D,97,0,586,,
,D (Riesa),207,3,10300,,
,D/524,166,3,6927,,
,D1,113,3,10141,,
,D1,119,3,15926,,
,D1,132,3,1566,,
,D19,172,3,10561,,
,D2,113,3,12773,,
,D2,119,3,4023,,
,D2,288,3,14134,,
,D3,119,3,22201,,
,D3,288,3,8278,,
,D4,119,3,2461,,
,D45,172,3,8899,,
,D5,119,3,16546,,
,D60,172,3,10831,,
,D76,172,3,16169,,
,D80,172,3,14515,,
,D86,172,3,21536,,
,DG,271,3,886,,
,DGF33,191,3,15890,,
,DGF34,191,3,17154,,
,DL1,177,3,10385,,
,DL4,177,3,14625,,
,DL5,177,3,16407,,
,DL6,177,3,19836,,
,DS1,121,3,21633,,
,DS2,121,3,6678,,
,DS3,121,3,22187,,
,DSB,313,7,22378,,
,DULT,127,3,18183,,
,E,113,3,5603,,
,E,151,3,2167,,
,E,154,0,12608,,
,E,159,3,23247,,
,E,177,3,3677,,
,E,210,3,6317,,
,E,228,3,12115,,
,E,235,3,17939,,
,E,237,3,3781,,
,E,266,0,20757,,
,E,274,3,21299,,
,E,278,3,4292,,
,E,291,3,6251,,
,E,292,3,8729,,
,E,300,3,4960,,
,E,303,3,4066,,
,E,31,0,21072,,
,E,313,3,15374,,
,E,323,0,11252,,
,E,323,3,8849,,
,E,381,3,6882,,
,E,7,3,11237,,
,E,74,3,16197,,
,E,9,3,16250,,
,E,91,3,6163,,
,E (Meißen),207,3,12654,,
,E (Riesa),207,3,9378,,
,E - 37,172,3,22226,,
,E - 38,172,3,16123,,
,E - 82,172,3,3942,,
,E - SV,274,3,3488,,
,E - Schülerverkehr,274,3,4185,,
,E-1,106,3,1548,,
,E-2,106,3,1334,,
,E-31,172,3,7565,,
,E-32,172,3,5735,,
,E-33,172,3,13568,,
,E-35,172,3,722,,
,E-36,172,3,14783,,
,E-39,172,3,5906,,
,E-40,172,3,23238,,
,E-52,172,3,22174,,
,E-53,172,3,12635,,
,E-54,172,3,15874,,
,E-55,172,3,21121,,
,E-56,172,3,4215,,
,E-57,172,3,21835,,
,E-58,172,3,16041,,
,E-60,172,3,23126,,
,E-65,172,3,1372,,
,E-66,172,3,14843,,
,E-69,172,3,22112,,
,E-70,172,3,10175,,
,E-71,172,3,7261,,
,E-72,172,3,11588,,
,E-73,172,3,21220,,
,E-74,172,3,16844,,
,E-75,172,3,14237,,
,E-76,172,3,17296,,
,E-78,172,3,514,,
,E-79,172,3,15379,,
,E-80,172,3,21282,,
,E-81,172,3,18827,,
,E-87,172,3,15957,,
,E-92,172,3,10283,,
,E-95,172,3,6558,,
,E-97,172,3,14028,,
,E/525,166,3,14975,,
,E01,191,3,7461,,
,E01,32,3,13109,,
,E02,191,3,21614,,
,E02,32,3,16733,,
,E03,191,3,3623,,
,E04,191,3,4549,,
,E04,32,3,11929,,
,E05,191,3,22471,,
,E06,191,3,8028,,
,E07,191,3,20127,,
,E08,191,3,22691,,
,E08,32,3,10640,,
,E09,191,3,18816,,
,E09,32,3,23776,,
,E1,115,3,8510,,
,E1,172,3,19564,,
,E1,272,3,4764,,
,E1,278,3,21831,,
,E10,172,3,5438,,
,E10,191,3,23201,,
,E101,115,3,18939,,
,E102,115,3,7020,,
,E104,115,3,16443,,
,E105,115,3,21825,,
,E106,115,3,7530,,
,E107,115,3,7283,,
,E108,115,3,2909,,
,E11,147,3,15275,,
,E11,172,3,1893,,
,E11,191,3,2710,,
,E11,228,3,820,,
,E11,32,3,8318,,
,E11,34,3,5711,,
,E111,115,3,13434,,
,E112,115,3,5026,,
,E114,115,3,13352,,
,E115,115,3,21000,,
,E118,115,3,19659,,
,E119,115,3,14595,,
,E12,115,3,9401,,
,E12,172,3,4454,,
,E12,191,3,5236,,
,E12,228,3,11660,,
,E12,32,3,2130,,
,E121,115,3,5282,,
,E122,115,3,21764,,
,E123,115,3,13124,,
,E124,115,3,22714,,
,E125,115,3,19303,,
,E126,115,3,13198,,
,E128,115,3,16008,,
,E129,115,3,22871,,
,E13,115,3,20591,,
,E13,172,3,11275,,
,E13,191,3,8900,,
,E13,32,3,9515,,
,E13,34,3,14620,,
,E130,115,3,22584,,
,E132,115,3,12159,,
,E133,115,3,12160,,
,E14,115,3,7211,,
,E14,172,3,16770,,
,E14,191,3,13785,,
,E14,278,3,8045,,
,E141,338,3,15366,,
,E15,115,3,22982,,
,E15,172,3,18001,,
,E15,191,3,5425,,
,E15,278,3,1943,,
,E15,32,3,5687,,
,E15,34,3,23161,,
,E16,115,3,14610,,
,E16,32,3,9845,,
,E16,34,3,5488,,
,E162,100,3,9715,,
,E17,115,3,5805,,
,E17,172,3,15260,,
,E17,191,3,16053,,
,E17,278,3,3960,,
,E17,32,3,12100,,
,E18,115,3,9921,,
,E18,191,3,2791,,
,E18,278,3,10417,,
,E183,100,3,18414,,
,E185,100,3,3782,,
,E19,191,3,19837,,
,E2,115,3,2910,,
,E2,272,3,13817,,
,E20,191,3,14196,,
,E20,278,3,4769,,
,E20,32,3,1418,,
,E20,91,3,14950,,
,E21,115,3,20085,,
,E21,191,3,19413,,
,E21,228,3,1712,,
,E21,278,3,15367,,
,E21,32,3,20943,,
,E22,115,3,5332,,
,E22,191,3,1627,,
,E22,228,3,10697,,
,E22,278,3,17464,,
,E22,91,3,14519,,
,E220,100,3,5336,,
,E23,115,3,16075,,
,E23,191,3,1525,,
,E23,278,3,17935,,
,E23,91,3,7938,,
,E24,278,3,6809,,
,E24,91,3,20651,,
,E25,115,3,20723,,
,E25,191,3,7526,,
,E25,91,3,12176,,
,E26,115,3,6193,,
,E26,191,3,20879,,
,E26,91,3,5406,,
,E27,115,3,7383,,
,E27,278,3,15824,,
,E27,91,3,9255,,
,E28,115,3,20707,,
,E28,191,3,5333,,
,E28,91,3,14412,,
,E29,191,3,16674,,
,E29,91,3,21634,,
,E3,278,3,15380,,
,E3,333,3,3563,,
,E3,34,3,1396,,
,E30,115,3,21509,,
,E30,191,3,17051,,
,E30,48,3,2027,,
,E30,91,3,5395,,
,E300,172,3,21976,,
,E302,91,0,22772,,
,E31,115,3,16379,,
,E31,191,3,3234,,
,E31,228,3,8757,,
,E31,91,3,13843,,
,E32,115,3,16288,,
,E32,191,3,17841,,
,E32,228,3,23669,,
,E32,91,3,2349,,
,E33,191,3,16943,,
,E33,91,3,8722,,
,E331,338,3,3817,,
,E332,338,3,20055,,
,E34,115,3,6782,,
,E34,191,3,16157,,
,E34,228,3,9759,,
,E34,91,3,19581,,
,E35,91,3,7048,,
,E36,91,3,4871,,
,E37,191,3,526,,
,E37,278,3,21628,,
,E37,91,3,11158,,
,E371,338,3,20859,,
,E373,338,3,20908,,
,E38,115,3,5781,,
,E38,191,3,20788,,
,E38,91,3,8490,,
,E39,191,3,11394,,
,E39,278,3,16898,,
,E39,91,3,4244,,
,E4,172,3,3891,,
,E4,333,3,7,,
,E40,115,3,3075,,
,E40,191,3,3436,,
,E40,91,3,15875,,
,E400,73,3,5145,,
,E401,305,3,23106,,
,E402,305,3,7270,,
,E403,305,3,19304,,
,E404,305,3,12055,,
,E405,305,3,14169,,
,E406,305,3,22948,,
,E408,305,3,15444,,
,E409,305,3,12365,,
,E41,115,3,1022,,
,E41,191,3,20793,,
,E41,228,3,6928,,
,E41,91,3,19677,,
,E410,305,3,6767,,
,E410,73,3,19331,,
,E411,305,3,9042,,
,E412,305,3,20860,,
,E413,305,3,11661,,
,E414,305,3,18828,,
,E415,305,3,1039,,
,E415,73,3,14539,,
,E416,305,3,8925,,
,E417,305,3,7247,,
,E418,305,3,21595,,
,E42,115,3,14454,,
,E42,191,3,16754,,
,E42,228,3,3573,,
,E420,305,3,14047,,
,E421,305,3,7254,,
,E422,305,3,10164,,
,E422,73,3,7527,,
,E424,305,3,11510,,
,E424,73,3,13717,,
,E425,305,3,20468,,
,E425,73,3,1944,,
,E427,305,3,13775,,
,E43,115,3,17899,,
,E43,191,3,1172,,
,E43,91,3,14914,,
,E430,73,3,16559,,
,E431,305,3,9705,,
,E432,305,3,22834,,
,E432,73,3,21326,,
,E433,305,3,17772,,
,E434,305,3,22925,,
,E435,305,3,10606,,
,E436,305,3,6502,,
,E436,73,3,16370,,
,E437,73,3,20151,,
,E438,305,3,10091,,
,E439,305,3,570,,
,E439,73,3,7173,,
,E440,73,3,7793,,
,E441,73,3,3417,,
,E442,73,3,2346,,
,E443,305,3,607,,
,E444,305,3,23752,,
,E445,305,3,6360,,
,E445,73,3,5345,,
,E447,73,3,19036,,
,E448,73,3,6154,,
,E449,73,3,18165,,
,E45,278,3,12151,,
,E45,91,3,22633,,
,E450,73,3,11572,,
,E46,115,3,5457,,
,E46,278,3,1425,,
,E460,73,3,7399,,
,E461,73,3,17197,,
,E462,73,3,10197,,
,E465,73,3,20474,,
,E469,73,3,21395,,
,E47,115,3,6841,,
,E47,278,3,5596,,
,E47,91,3,18274,,
,E470,73,3,11051,,
,E471,73,3,7148,,
,E473,73,3,10811,,
,E474,73,3,3179,,
,E475,73,3,16638,,
,E476,73,3,23134,,
,E48,278,3,20397,,
,E480,73,3,14784,,
,E481,73,3,10891,,
,E482,73,3,3154,,
,E49,91,3,13705,,
,E5,147,3,18483,,
,E5,172,3,10995,,
,E5,278,3,23263,,
,E5,333,3,10755,,
,E50,191,3,2995,,
,E50,91,3,15684,,
,E51,191,3,4377,,
,E51,91,3,750,,
,E52,191,3,18038,,
,E53,191,3,20326,,
,E53,91,3,1003,,
,E54,191,3,20424,,
,E55,191,3,14640,,
,E553,338,3,8391,,
,E559,338,3,21826,,
,E56,191,3,4581,,
,E56,91,3,13926,,
,E564,338,3,8536,,
,E57,191,3,15958,,
,E57,91,3,18961,,
,E58,191,3,1366,,
,E58,91,3,18439,,
,E59,191,3,8917,,
,E59,91,3,2653,,
,E6,172,3,20693,,
,E6,278,3,22084,,
,E60,191,3,21745,,
,E60,91,3,6063,,
,E61,191,3,21498,,
,E61,228,3,18992,,
,E61,91,3,13596,,
,E62,191,3,1913,,
,E62,91,3,5822,,
,E63,191,3,7191,,
,E63,91,3,9390,,
,E64,191,3,8895,,
,E64,91,3,12482,,
,E65,191,3,21565,,
,E66,191,3,3536,,
,E67,191,3,1023,,
,E67,91,3,6235,,
,E68,191,3,10574,,
,E68,91,3,6100,,
,E69,191,3,9771,,
,E7,115,3,15489,,
,E70,191,3,2070,,
,E701,177,0,12229,,
,E71,191,3,13006,,
,E71,228,3,6361,,
,E71,91,3,20260,,
,E72,191,3,20979,,
,E73,191,3,20032,,
,E73,228,3,15470,,
,E73,91,3,12600,,
,E74,191,3,15039,,
,E75,191,3,22126,,
,E75,91,3,7473,,
,E76,191,3,22159,,
,E76,91,3,20065,,
,E77,191,3,10273,,
,E77,91,3,1161,,
,E78,191,3,5358,,
,E78,91,3,18553,,
,E79,191,3,12433,,
,E79,91,3,3446,,
,E793,153,3,9413,,
,E8,115,3,1600,,
,E8,147,3,7192,,
,E8,172,3,2444,,
,E8,278,3,14646,,
,E8,333,3,23570,,
,E80,191,3,631,,
,E80,228,3,8948,,
,E80,91,3,9746,,
,E801,363,3,11765,,
,E802,363,3,9695,,
,E803,363,3,30,,
,E804,363,3,11266,,
,E805,363,3,8708,,
,E807,363,3,1554,,
,E808,363,3,21746,,
,E809,363,3,13409,,
,E81,191,3,1863,,
,E81,91,3,8177,,
,E810,363,3,5164,,
,E811,363,3,4784,,
,E812,363,3,16358,,
,E813,363,3,6352,,
,E814,363,3,4304,,
,E815,363,3,21447,,
,E816,363,3,19305,,
,E817,363,3,5590,,
,E818,363,3,10301,,
,E819,363,3,3138,,
,E82,191,3,10403,,
,E82,91,3,16314,,
,E820,363,3,17182,,
,E821,363,3,9342,,
,E822,363,3,22663,,
,E823,363,3,16899,,
,E824,363,3,12938,,
,E825,363,3,1945,,
,E826,363,3,22624,,
,E829,363,3,615,,
,E83,191,3,11562,,
,E83,91,3,3145,,
,E830,363,3,18745,,
,E831,363,3,11654,,
,E832,363,3,2887,,
,E833,363,3,10528,,
,E836,363,3,4991,,
,E837,363,3,22138,,
,E840,363,3,18406,,
,E841,363,3,23248,,
,E842,363,3,22071,,
,E843,363,3,20914,,
,E844,363,3,7346,,
,E847,363,3,5856,,
,E849,363,3,5688,,
,E850,363,3,21832,,
,E851,363,3,7049,,
,E852,363,3,4929,,
,E862,363,3,8673,,
,E870,363,3,22379,,
,E871,363,3,10968,,
,E872,363,3,10902,,
,E873,363,3,18350,,
,E874,363,3,14130,,
,E875,363,3,8101,,
,E876,363,3,11218,,
,E877,363,3,16938,,
,E878,363,3,1437,,
,E879,363,3,16718,,
,E88,91,3,9652,,
,E880,363,3,22371,,
,E881,363,3,14197,,
,E882,363,3,15453,,
,E883,363,3,6079,,
,E884,363,3,12612,,
,E885,363,3,14626,,
,E886,363,3,9235,,
,E887,363,3,20282,,
,E888,363,3,6134,,
,E889,363,3,9922,,
,E89,91,3,18242,,
,E890,363,3,12860,,
,E891,363,3,23028,,
,E892,363,3,1967,,
,E9,115,3,1000,,
,E9,172,3,9794,,
,E90,91,3,17105,,
,E901,363,3,10425,,
,E902,363,3,8511,,
,E903,363,3,8926,,
,E904,363,3,1976,,
,E905,363,3,22798,,
,E907,363,3,9538,,
,E909,363,3,9075,,
,E91,228,3,16710,,
,E91,91,3,2629,,
,E910,363,3,4517,,
,E912,363,3,8458,,
,E916,363,3,23781,,
,E92,228,3,14086,,
,E920,363,3,1630,,
,E921,363,3,11573,,
,E925,363,3,18527,,
,E927,363,3,5451,,
,E929,363,3,4798,,
,E93,91,3,18892,,
,E932,363,3,4398,,
,E935,363,3,12910,,
,E937,363,3,21547,,
,E938,363,3,5400,,
,E939,363,3,4205,,
,E941,363,3,13188,,
,E948,363,3,20353,,
,E950,363,3,17046,,
,E952,363,3,14029,,
,E96,91,3,17672,,
,E98,172,3,7920,,
,E99,91,3,9667,,
,EB,271,3,23681,,
,EBU,246,3,21743,,
,EK1,230,3,13890,F3953F,FFFFFF
,EK2,230,3,8616,D995BD,FFFFFF
,EK3,230,3,14135,F3953F,FFFFFF
,EK4,230,3,6851,B90276,FFFFFF
,EV,104,3,2649,,
,EV,162,3,6148,,
,EV,170,3,19864,,
,EV,171,3,19909,,
,EV,205,3,16591,,
,EV,287,3,9303,,
,EV,331,3,4161,,
,EV,339,3,14709,,
,EV,342,3,17364,,
,EV,356,3,22156,,
,EV,361,3,20937,,
,EV,379,3,19888,,
,EV,6,3,20448,,
,EV,81,3,19260,,
,EV 70,189,3,22417,,
,EV 70X,189,3,9455,,
,EV 7X,189,3,2378,,
,EV U28,207,3,949,,
,EV1,254,3,1701,,
,EV1,332,3,19604,,
,EV3,130,3,3418,,
,EV7,189,3,12691,,
,EV8,323,3,18698,,
,EVRT1,323,3,17877,,
,EVRT4,323,3,21865,,
,EVRT5,323,3,16214,,
,EVS31/S3,103,3,11617,,
,EVS41,103,3,1155,,
,EVS41/S4,103,3,12467,,
,EVS5/S51,103,3,18137,,
,EVS7/S71,103,3,12665,,
,EVS7/S8,103,3,7117,,
,EW1,9,3,12047,,
,EW2,9,3,5251,,
,EW2ALT,9,3,15302,,
,EW3,9,3,8272,,
,EW4,9,3,12918,,
,EW4ALT,9,3,8567,,
,EW5,9,3,16231,,
,EW6ALT,9,3,6404,,
,EXB,246,3,4737,,
,F,151,3,16017,,
,F,172,3,13054,,
,F,237,3,22909,,
,F,295,3,10157,,
,F,300,3,9566,,
,F,313,3,17332,,
,F,94,3,6842,,
,F 1,181,3,8974,,
,F 1,207,4,13471,,
,F 10,181,3,8617,,
,F 10,207,4,7651,,
,F 11,181,3,18223,,
,F 13,181,3,11715,,
,F 14,181,3,8994,,
,F 14,207,4,18609,,
,F 16,181,3,17454,,
,F 16,207,4,7685,,
,F 17,207,4,6025,,
,F 19,181,3,5812,,
,F 2,207,4,17773,,
,F 20,181,3,311,,
,F 24,207,4,3068,,
,F 28,207,4,5221,,
,F 3,181,3,9333,,
,F 3,207,4,21221,,
,F 30,207,4,14362,,
,F 4,207,4,4804,,
,F 5,207,4,7819,,
,F 6,207,4,21354,,
,F 7,207,4,190,,
,F 8,207,4,22685,,
,F 9,181,3,21303,,
,F 9,207,4,20496,,
,F/526,166,3,23320,,
,F1,106,3,5952,,
,F1,172,3,11703,,
,F1,369,4,4502,,
,F10,46,4,23579,,
,F11,46,4,5244,,
,F12,46,4,22515,,
,F2,106,3,1307,,
,F2,369,4,1182,,
,F20,174,3,22738,,
,F20,197,3,5189,,
,F21,291,4,2043,,
,F21,46,4,20319,,
,F22,291,4,2743,,
,F23,46,4,11486,,
,F24,46,4,6800,,
,F3,106,3,15609,,
,F3,369,4,15011,,
,F39,167,4,21355,,
,F4,106,3,5252,,
,F51,291,4,19476,,
,F770,321,4,3692,,
,FB-1,325,3,10593,,
,FB-10,325,3,13858,,
,FB-11,325,3,19332,,
,FB-12,325,3,17835,,
,FB-14,325,3,4712,,
,FB-15,325,3,6410,,
,FB-2,325,3,21773,,
,FB-20,325,3,7350,,
,FB-21,325,3,2807,,
,FB-22,325,3,7637,,
,FB-23,325,3,20176,,
,FB-24,325,3,8250,,
,FB-25,325,3,2440,,
,FB-26,325,3,23264,,
,FB-3,325,3,16067,,
,FB-30,325,3,18951,,
,FB-31,325,3,8554,,
,FB-32,325,3,249,,
,FB-33,325,3,14511,,
,FB-34,325,3,406,,
,FB-35,325,3,4765,,
,FB-36,325,3,17660,,
,FB-3E,325,3,5704,,
,FB-40,325,3,5770,,
,FB-41,325,3,21101,,
,FB-42,325,3,18142,,
,FB-43,325,3,14283,,
,FB-44,325,3,19638,,
,FB-45,325,3,7041,,
,FB-48,325,3,11164,,
,FB-49,325,3,23725,,
,FB-50,325,3,1321,,
,FB-51,325,3,23107,,
,FB-52,325,3,4805,,
,FB-53,325,3,7262,,
,FB-54,325,3,19951,,
,FB-55,325,3,2077,,
,FB-56,325,3,11494,,
,FB-57,325,3,11629,,
,FB-58,325,3,15101,,
,FB-60,325,3,16278,,
,FB-60S,325,3,17378,,
,FB-61,325,3,9062,,
,FB-62,325,3,11010,,
,FB-63,325,3,22715,,
,FB-64,325,3,17075,,
,FB-64S,325,3,21792,,
,FB-70,325,3,1498,,
,FB-71,325,3,16825,,
,FB-72,325,3,13886,,
,FB-73,325,3,20898,,
,FB-74,325,3,5999,,
,FB-76,325,3,16135,,
,FB-80,325,3,2654,,
,FB-81,325,3,5283,,
,FB-82,325,3,786,,
,FB-83,325,3,7995,,
,FB-84,325,3,12514,,
,FB-85,325,3,14550,,
,FB-86,325,3,1229,,
,FBS1,158,4,14890,,
,FBS2,158,4,9043,,
,FBS3,158,4,9689,,
,FM,94,3,14591,,
,FV32,172,3,22559,,
,FW 1,42,3,3306,,
,FW 2,42,3,4930,,
,Festbus,116,3,8521,,
,Flughafenbus,274,3,23190,,
,FÄ1,106,4,6420,,
,FÄ2,106,4,19754,,
,Fähre,247,4,9272,,
,Fähre,327,4,9816,,
,G,113,3,6046,,
,G,313,3,9285,,
,G,94,3,20461,,
,G/693,297,3,21001,,
,G/L (Pirna),207,3,22923,,
,G1,172,3,281,,
,GA,271,3,51,,
,GB,271,3,14460,,
,GI-21,325,3,14836,,
,GI-22,325,3,19498,,
,GI-25,325,3,11114,,
,GI-26,325,3,7183,,
,GI-27,325,3,7794,,
,GI-28,325,3,8294,,
,GI-32,325,3,15811,,
,GI-35,325,3,10104,,
,GI-37,325,3,14122,,
,GI-38,325,3,6297,,
,GI-41,325,3,4427,,
,GI-42,325,3,23326,,
,GI-43,325,3,10203,,
,GI-44,325,3,6042,,
,GI-51,325,3,18671,,
,GI-52,325,3,22792,,
,GI-55,325,3,11356,,
,GI-60,325,3,20332,,
,GI-61,325,3,8209,,
,GI-62,325,3,21537,,
,GI-63,325,3,2508,,
,GI-64,325,3,11483,,
,GI-71,325,3,15462,,
,GI-73,325,3,1745,,
,GI-74,325,3,18361,,
,GI-75,325,3,11400,,
,GI-77,325,3,14687,,
,GI-78,325,3,6037,,
,GI-79,325,3,10176,,
,GK1,230,3,13216,B90276,FFFFFF
,GK2,230,3,16496,4C76BA,FFFFFF
,GK3,230,3,19762,,
,GU1,271,3,18846,,
,GU2,271,3,11461,,
,GU3,271,3,6933,,
,GU4,271,3,23357,,
,Golf,45,3,1567,,
,H,113,3,13543,,
,H,295,3,15242,,
,H,94,3,9754,,
,H/528,166,3,4056,,
,H/S (Pirna),207,3,9676,,
,H1,119,3,23521,,
,H10,119,3,697,,
,H11,119,3,16849,,
,H2,119,3,8158,,
,H3,119,3,14123,,
,H4,119,3,4741,,
,H5,119,3,13900,,
,H6,119,3,20665,,
,H7,119,3,19447,,
,H8,119,3,18368,,
,H9,119,3,16979,,
,HB1,73,7,18323,,
,HB2,73,7,10849,,
,HB3,73,7,15504,,
,HB5,73,7,12261,,
,HB7,73,7,17037,,
,HBX,211,3,16862,,
,HEX,191,3,13266,,
,HFB,191,3,2316,,
,HH1,132,3,6617,,
,HH2,132,3,3664,,
,HL,32,3,8295,,
,HM1,132,3,4401,,
,HM2,132,3,18088,,
,HM3,132,3,18800,,
,HM4,132,3,21163,,
,HS 1,164,3,2044,,
,HS 2,164,3,16039,,
,HS 3,164,3,12012,,
,HS 4,164,3,15040,,
,HS 5,164,3,13681,,
,HS 6,164,3,2940,,
,HS1,230,3,9100,,
,HSB,273,3,2536,,
,HSPG,73,3,2671,,
,HW1,132,3,7365,,
,HW2,132,3,1096,,
,HW3,132,3,5689,,
,HX4,132,3,7313,,
,HZ1,9,3,5043,,
,HZ1ALT,9,3,16726,,
,HZ2,9,3,17550,,
,HZ3,9,3,14651,,
,Heide-Shuttle 1,216,3,4965,,
,Heide-Shuttle 2,216,3,18400,,
,Heide-Shuttle 3,216,3,21142,,
,Heide-Shuttle 4,216,3,22104,,
,Heide-Shuttle 5,216,3,12661,,
,Heide-Shuttle 6,216,3,19222,,
,Helmo,172,3,13088,,
,Hotel,116,3,2006,,
,HÜ1,230,3,17616,F3953F,FFFFFF
,Hä+G,172,3,1471,,
,I,295,3,12777,,
,I,313,3,752,,
,IC,246,3,3798,,
,II,313,3,20475,,
,Illersteg Shuttle,138,3,15394,,
,Ismo465,172,3,18690,,
,Ismo466,172,3,2525,,
,Ismo467,172,3,2246,,
,K,113,3,10519,,
,K,295,3,4245,,
,K,313,3,6176,,
,K,94,3,2191,,
,K/529,166,3,1649,,
,K1,217,3,21579,,
,K1,29,3,15351,,
,K10,172,3,3698,,
,K10,29,3,2368,,
,K2,330,3,7392,,
,K3,29,3,627,,
,K4,29,3,13297,,
,K5,330,3,417,,
,KAFK,378,3,10029,,
,KAT,126,4,23625,,
,KAT,13,4,5961,,
,KAT,283,4,10252,,
,KB,172,3,14794,,
,KBB,42,0,15646,,
,KG 1,262,3,18369,,
,KM1,132,3,18292,,
,KM2,132,3,10244,,
,KM3,132,3,23291,,
,KM6,132,3,17354,,
,Kirnitzschtalbahn,207,0,23071,,
,Königssee-Schifffahrt,202,4,19610,,
,L,295,3,14918,,
,L,94,3,22747,,
,L/530,166,3,9070,,
,L1,277,3,7779,,
,L100,172,3,14372,,
,L110,370,3,21327,,
,L115,370,3,14015,,
,L120,370,3,26,,
,L124,370,3,7726,,
,L131,370,3,11147,,
,L136,370,3,3670,,
,L140,370,3,15577,,
,L141,370,3,2655,,
,L150,370,3,1997,,
,L151,370,3,21391,,
,L152,370,3,14224,,
,L162,370,3,11091,,
,L163,370,3,8740,,
,L164,370,3,13055,,
,L165,370,3,7897,,
,L167,370,3,9195,,
,L171,370,3,17592,,
,L182,370,3,99,,
,L190,370,3,7952,,
,L193,370,3,19353,,
,L194,370,3,4846,,
,L195,370,3,13232,,
,L196,370,3,19605,,
,L200,172,3,587,,
,L200,370,3,6194,,
,L201,370,3,16595,,
,L202,370,3,15322,,
,L220,370,3,2562,,
,L221,370,3,17831,,
,L222,370,3,21073,,
,L223,370,3,2537,,
,L230,370,3,9082,,
,L300,172,3,2844,,
,L31,345,3,896,,
,L32,345,3,9063,,
,L33,345,3,20066,,
,L40,345,3,23469,,
,L400,172,3,6905,,
,L500,172,3,12004,,
,L511,370,3,21640,,
,L512,370,3,9020,,
,L513,370,3,2695,,
,L520,370,3,15027,,
,L521,370,3,3630,,
,L524,370,3,14701,,
,L530,370,3,20824,,
,L531,370,3,600,,
,L540,370,3,11337,,
,L541,370,3,6657,,
,L542,370,3,19926,,
,L543,370,3,18559,,
,L544,370,3,21107,,
,L545,370,3,239,,
,L546,370,3,13336,,
,L550,370,3,10855,,
,L560,370,3,19379,,
,L561,370,3,100,,
,L562,370,3,11783,,
,L600,172,3,10562,,
,L7,43,3,22728,,
,L700,172,3,10030,,
,L800,172,3,22385,,
,LGS_1,340,3,17455,,
,LGS_2,340,3,21348,,
,LM-1,187,3,5493,,
,LM-11,376,3,3918,,
,LM-12,376,3,478,,
,LM-13,376,3,7907,,
,LM-14,376,3,19435,,
,LM-15,187,3,21422,,
,LM-16,187,3,7205,,
,LM-2,187,3,15483,,
,LM-20,187,3,4251,,
,LM-21,187,3,12692,,
,LM-22,187,3,22773,,
,LM-23,187,3,15096,,
,LM-24,187,3,19903,,
,LM-25,187,3,13585,,
,LM-26,187,3,19306,,
,LM-3,187,3,17551,,
,LM-31,187,3,2113,,
,LM-32,187,3,9980,,
,LM-33,376,3,10474,,
,LM-41,187,3,1252,,
,LM-44,187,3,20005,,
,LM-45,187,3,21747,,
,LM-46,187,3,8522,,
,LM-5,187,3,11331,,
,LM-50,187,3,3932,,
,LM-51,187,3,5690,,
,LM-52,187,3,16670,,
,LM-54,187,3,5005,,
,LM-55,187,3,6460,,
,LM-56,187,3,7670,,
,LM-57,187,3,20915,,
,LM-59,376,3,11406,,
,LM-61,187,3,21356,,
,LM-62,187,3,10742,,
,LM-63,187,3,17465,,
,LM-64,187,3,5089,,
,LM-65,187,3,4850,,
,LM-66,187,3,18002,,
,LM-68,187,3,13870,,
,LT,138,3,1848,,
,LT967,205,3,12803,,
,Linie 1,47,3,14516,,
,Linie 10,47,3,3909,,
,Linie 11,47,3,2766,,
,Linie 13,47,3,20130,,
,Linie 2,47,3,22612,,
,Linie 3,47,3,13074,,
,Linie 4,47,3,12177,,
,Linie 5,47,3,10503,,
,Linie 56,47,3,10380,,
,Linie 6,47,3,17149,,
,Linie 7,47,3,3657,,
,Linie 78,47,3,15521,,
,Linie 79,47,3,14096,,
,Linie 8,47,3,14106,,
,Linie 9,47,3,17900,,
,Linie K1,47,3,4195,,
,Linie K2,47,3,12499,,
,Linie K3,47,3,817,,
,Linie K4,47,3,7271,,
,Lufthansa Express Bus,191,3,8741,,
,M,266,3,21759,,
,M (Pirna),207,3,3608,,
,M02,360,3,9036,,
,M03,360,3,18015,,
,M04,360,3,12641,,
,M05,360,3,11668,,
,M06,360,3,22822,,
,M07,360,3,15288,,
,M08,360,3,14491,,
,M09,360,3,10481,,
,M1,172,3,13786,,
,M1,176,3,2920,,
,M1,177,3,17311,,
,M1,46,0,12133,,
,M1,46,3,6435,,
,M1,94,3,10275,,
,M10,46,0,12084,,
,M11,360,3,8138,,
,M11,46,3,15018,,
,M12,360,3,5631,,
,M13,360,3,7500,,
,M13,46,0,18979,,
,M17,46,0,20014,,
,M17,46,3,6731,,
,M19,46,3,7050,,
,M2,172,3,4496,,
,M2,176,3,7847,,
,M2,177,3,13353,,
,M2,46,0,16916,,
,M2,46,3,8070,,
,M2,94,3,7053,,
,M21,46,3,1968,,
,M27,46,3,17760,,
,M29,46,3,16087,,
,M3,176,3,10903,,
,M3,177,3,1035,,
,M3,94,3,6000,,
,M32,318,3,5580,,
,M32,46,3,11457,,
,M34,318,3,10667,,
,M36,318,3,9212,,
,M36,46,3,15753,,
,M37,46,3,10056,,
,M4,176,3,5270,,
,M4,46,0,17961,,
,M41,46,3,3943,,
,M43,318,3,14935,,
,M43,46,3,5981,,
,M44,46,3,12804,,
,M45,46,3,16479,,
,M46,318,3,2260,,
,M46,46,3,3818,,
,M48,46,3,15647,,
,M49,46,3,8870,,
,M5,176,3,3081,,
,M5,46,0,11716,,
,M55,318,3,21919,,
,M6,46,0,20854,,
,M60,318,3,5494,,
,M72,318,3,2664,,
,M73,318,3,6252,,
,M76,46,3,7963,,
,M77,46,3,9781,,
,M8,46,0,2209,,
,M8,46,3,1901,,
,M82,46,3,18113,,
,M85,46,3,17488,,
,MD,271,3,2139,,
,ME,271,3,11534,,
,MEX12,300,3,341,,
,MEX12E,205,3,22783,,
,MEX16E,205,3,17940,,
,MEX17,300,3,21067,,
,MEX17E,205,3,19421,,
,MEX18,300,3,18243,,
,MEX18E,205,3,2168,,
,MEX19,300,3,16380,,
,MEX90,300,3,18522,,
,MEX90E,205,3,273,,
,MKK33,310,3,18693,,
,MKK73A,105,3,23117,,
,ML,32,3,22841,,
,MO1,271,3,11888,,
,MO2,271,3,14504,,
,MO2,274,3,11072,,
,MO3,271,3,3705,,
,MO4,271,3,3464,,
,MS14,7,3,4412,,
,MS2,307,3,6663,,
,MS9,7,3,10319,,
,MV01,172,3,16609,,
,MX,34,3,21046,,
,MX,94,3,1923,,
,MeAl1,258,3,15812,,
,MeLu1,258,3,8448,,
,MeMa1,258,3,20708,,
,MeMa2,258,3,10123,,
,MeMa3,258,3,8843,,
,MeMa4,258,3,4761,,
,N,151,3,13661,,
,N,247,3,15914,,
,N (Pirna),207,3,13142,,
,N 4,353,3,13799,,
,N Saturn,110,3,11373,,
,N Venus,110,3,8874,,
,N05,243,3,21321,73D700,FFFFFF
,N07,243,3,12209,73D700,FFFFFF
,N1,118,3,15831,,
,N1,119,3,12582,,
,N1,127,3,13079,,
,N1,130,3,16279,,
,N1,132,3,6792,,
,N1,141,0,23254,,
,N1,147,3,15799,,
,N1,151,3,14688,,
,N1,156,0,11219,ADB9A6,FFFFFF
,N1,166,3,19499,,
,N1,172,3,12413,,
,N1,176,3,15268,,
,N1,186,3,3959,,
,N1,195,3,10495,,
,N1,205,3,15067,,
,N1,210,3,21030,,
,N1,228,3,10996,,
,N1,291,3,219,,
,N1,292,3,4497,,
,N1,298,3,16381,,
,N1,333,3,19135,,
,N1,358,3,10034,,
,N1,370,3,15254,,
,N1,373,3,18882,004080,FFFFFF
,N1,381,3,12341,,
,N1,46,3,21136,,
,N1,68,0,9155,,
,N1,7,3,14847,,
,N1,9,3,18823,,
,N10,118,3,1956,,
,N10,141,0,4792,,
,N10,147,3,9037,,
,N10,172,3,1253,,
,N10,205,3,13551,,
,N10,210,0,13025,,
,N10,228,3,17696,,
,N10,250,3,1085,,
,N10,278,3,5705,,
,N10,381,3,8226,,
,N10,46,3,8541,,
,N100,243,3,3827,73D700,FFFFFF
,N106,243,3,235,73D700,FFFFFF
,N109,243,3,22389,73D700,FFFFFF
,N11,118,3,12200,,
,N11,119,3,2118,,
,N11,147,3,17216,,
,N11,172,3,15665,,
,N11,205,3,17713,,
,N11,243,3,8016,73D700,FFFFFF
,N11,278,3,5962,,
,N11,313,3,21510,,
,N11,318,3,17761,,
,N11,349,3,1322,,
,N11,369,3,3224,,
,N110,243,3,3105,73D700,FFFFFF
,N1135,243,3,6952,73D700,FFFFFF
,N1151,243,3,21787,73D700,FFFFFF
,N1153,243,3,14785,73D700,FFFFFF
,N116,243,3,7713,73D700,FFFFFF
,N12,118,3,21820,,
,N12,119,3,8256,,
,N12,147,3,11937,,
,N12,205,3,8170,,
,N12,278,3,15082,,
,N12,313,3,20794,,
,N12,318,3,23269,,
,N12,349,3,3266,,
,N12,369,3,8459,,
,N12,46,3,11647,,
,N12,66,3,18646,,
,N1206,243,3,16390,73D700,FFFFFF
,N1206A,243,3,11374,73D700,FFFFFF
,N122,243,3,1105,73D700,FFFFFF
,N1222,243,3,9083,73D700,FFFFFF
,N1224,243,3,21407,73D700,FFFFFF
,N1230,243,3,17279,73D700,FFFFFF
,N1290,243,3,6895,73D700,FFFFFF
,N13,118,3,8441,,
,N13,133,3,9505,,
,N13,147,3,17155,,
,N13,205,3,12774,,
,N13,243,3,5922,73D700,FFFFFF
,N13,278,3,23591,,
,N13,313,3,465,,
,N13,349,3,2571,,
,N13,48,3,6672,,
,N1304,243,3,3616,73D700,FFFFFF
,N1305,243,3,11752,73D700,FFFFFF
,N1306,243,3,12169,73D700,FFFFFF
,N1308,243,3,19647,73D700,FFFFFF
,N1309,243,3,8079,73D700,FFFFFF
,N131,243,3,16018,73D700,FFFFFF
,N1310,243,3,16567,73D700,FFFFFF
,N1314,243,3,21705,73D700,FFFFFF
,N1315,243,3,15567,73D700,FFFFFF
,N1316,243,3,5271,73D700,FFFFFF
,N132,243,3,1065,73D700,FFFFFF
,N1320,243,3,15505,73D700,FFFFFF
,N1321,243,3,3307,73D700,FFFFFF
,N1322,243,3,12438,73D700,FFFFFF
,N1323,243,3,20697,73D700,FFFFFF
,N1324,243,3,15915,73D700,FFFFFF
,N1325,243,3,5886,73D700,FFFFFF
,N1326,243,3,17786,73D700,FFFFFF
,N1327,243,3,57,73D700,FFFFFF
,N1328,243,3,1201,73D700,FFFFFF
,N1329,243,3,18089,73D700,FFFFFF
,N1331,243,3,11413,73D700,FFFFFF
,N1334,243,3,13337,73D700,FFFFFF
,N1335,243,3,17395,73D700,FFFFFF
,N1338,243,3,6965,73D700,FFFFFF
,N136,243,3,18893,73D700,FFFFFF
,N1360A,243,3,649,73D700,FFFFFF
,N1360B,243,3,13458,73D700,FFFFFF
,N1361,243,3,19032,73D700,FFFFFF
,N1365,243,3,14314,73D700,FFFFFF
,N1366,243,3,12662,73D700,FFFFFF
,N1367,243,3,19728,73D700,FFFFFF
,N1376,243,3,15155,73D700,FFFFFF
,N1381,243,3,22643,73D700,FFFFFF
,N1385,243,3,17610,73D700,FFFFFF
,N1386,243,3,17111,73D700,FFFFFF
,N1387,243,3,2058,73D700,FFFFFF
,N1389,243,3,12679,73D700,FFFFFF
,N1395,243,3,2985,73D700,FFFFFF
,N1399,243,3,9027,73D700,FFFFFF
,N14,118,3,18678,,
,N14,119,3,3373,,
,N14,133,3,20283,,
,N14,147,3,3134,,
,N14,172,3,2579,,
,N14,186,3,21939,,
,N14,205,3,16205,,
,N14,313,3,7433,,
,N14,369,3,7413,,
,N15,118,3,1737,,
,N15,119,3,11930,,
,N15,133,3,1004,,
,N15,147,3,15764,,
,N15,176,3,6757,,
,N15,205,3,22574,,
,N15,313,3,18563,,
,N15,349,3,14613,,
,N150,243,3,19800,73D700,FFFFFF
,N16,118,3,11220,,
,N16,133,3,10767,,
,N16,172,3,22165,,
,N16,205,3,18049,,
,N16,313,3,1986,,
,N16,318,3,14844,,
,N160,243,3,1817,73D700,FFFFFF
,N161,243,3,6273,73D700,FFFFFF
,N168,243,3,19572,73D700,FFFFFF
,N17,100,0,3719,,
,N17,133,3,8433,,
,N17,172,3,10021,,
,N17,210,0,493,,
,N17,210,3,5632,,
,N17,313,3,15800,,
,N17,92,3,2824,,
,N1720,243,3,23546,73D700,FFFFFF
,N1759,243,3,15785,73D700,FFFFFF
,N177,243,3,22652,73D700,FFFFFF
,N179,243,3,9223,73D700,FFFFFF
,N18,11,3,16885,,
,N18,119,3,19689,,
,N18,205,3,15097,,
,N18,313,3,20476,,
,N18,318,3,18722,,
,N18,46,3,23172,,
,N18,92,3,22744,,
,N184,243,3,5312,73D700,FFFFFF
,N19,100,0,16531,,
,N19,119,3,18179,,
,N19,172,3,11636,,
,N19,205,3,5538,,
,N1908,243,3,17842,73D700,FFFFFF
,N1909,243,3,17985,73D700,FFFFFF
,N191,243,3,17440,73D700,FFFFFF
,N1912,243,3,2425,73D700,FFFFFF
,N199,243,3,11476,73D700,FFFFFF
,N2,118,3,2119,,
,N2,119,3,21333,,
,N2,127,3,20880,,
,N2,130,3,13991,,
,N2,132,3,13908,,
,N2,147,3,8674,,
,N2,151,3,19956,,
,N2,156,0,450,,
,N2,166,3,23694,,
,N2,172,3,18166,,
,N2,176,3,11242,,
,N2,186,3,9677,,
,N2,195,3,13000,,
,N2,205,3,20121,,
,N2,210,3,20888,,
,N2,228,3,12348,,
,N2,278,3,6855,,
,N2,291,3,17122,,
,N2,292,3,23554,,
,N2,298,3,13639,,
,N2,333,3,20199,,
,N2,358,3,3760,,
,N2,370,3,1089,,
,N2,373,3,1746,004080,FFFFFF
,N2,381,3,14966,,
,N2,46,3,17092,,
,N2,7,3,177,,
,N2,9,3,14958,,
,N20,100,0,22456,,
,N20,172,3,6627,,
,N20,243,3,4413,73D700,FFFFFF
,N20,291,3,10924,,
,N20,381,3,8657,,
,N20,42,3,7638,,
,N20,46,3,16960,,
,N20,92,3,5008,,
,N200,323,3,10336,,
,N21,205,3,527,,
,N21,262,3,3259,,
,N21,291,3,3166,,
,N21,381,3,21690,,
,N215,243,3,5443,73D700,FFFFFF
,N22,150,3,20443,,
,N22,205,3,1315,,
,N22,291,3,5522,,
,N22,369,3,9156,,
,N22,381,3,22953,,
,N22,46,3,2270,,
,N228,243,3,4074,73D700,FFFFFF
,N23,150,3,17629,,
,N23,243,3,14976,73D700,FFFFFF
,N23,291,3,10657,,
,N23,381,3,7304,,
,N23,46,3,3892,,
,N232,243,3,14704,73D700,FFFFFF
,N235,243,3,16451,73D700,FFFFFF
,N236,243,3,1843,73D700,FFFFFF
,N24,205,3,6599,,
,N24,243,3,18528,73D700,FFFFFF
,N24,262,3,10094,,
,N24,291,3,13591,,
,N24,381,3,2154,,
,N24,46,3,23555,,
,N25,118,3,20097,,
,N25,291,3,9560,,
,N25,381,3,10496,,
,N25,46,3,15702,,
,N25,66,3,13943,,
,N25,74,3,18203,,
,N26,118,3,17427,,
,N26,200,3,4101,,
,N26,291,3,14284,,
,N26,381,3,16524,,
,N26,46,3,1607,,
,N260,243,3,4704,73D700,FFFFFF
,N261,243,3,9379,73D700,FFFFFF
,N27,100,0,15921,,
,N27,243,3,17807,73D700,FFFFFF
,N27,384,3,13044,,
,N272,191,3,3478,,
,N273,176,3,14021,,
,N276,176,3,17677,,
,N277,243,3,19957,73D700,FFFFFF
,N28,243,3,5912,73D700,FFFFFF
,N28,291,3,1827,,
,N28,381,3,20483,,
,N28,384,3,2990,,
,N280,243,3,16572,73D700,FFFFFF
,N29,291,3,515,,
,N29,384,3,5326,,
,N3,118,3,20390,,
,N3,119,3,9589,,
,N3,127,3,2785,,
,N3,141,3,10719,,
,N3,147,3,2868,,
,N3,156,3,9143,,
,N3,172,3,6026,,
,N3,176,3,561,,
,N3,186,3,6137,,
,N3,195,3,6111,,
,N3,205,3,20698,,
,N3,210,3,780,,
,N3,228,3,2247,,
,N3,278,3,5302,,
,N3,291,3,11285,,
,N3,292,3,23034,,
,N3,298,3,6783,,
,N3,333,3,14163,,
,N3,34,3,14387,,
,N3,358,3,869,,
,N3,370,3,21260,,
,N3,46,3,12178,,
,N3,68,0,20768,,
,N3,7,3,17076,,
,N3,9,3,6473,,
,N30,205,3,16863,,
,N30,291,3,3881,,
,N30,46,3,19261,,
,N300,243,3,19945,73D700,FFFFFF
,N31,172,3,9006,,
,N31,205,3,12383,,
,N31,218,3,13045,,
,N31,291,3,13217,,
,N31,369,3,7516,,
,N31,66,3,2131,,
,N32,140,3,2062,,
,N32,172,3,16271,,
,N32,2,3,19860,,
,N32,243,3,16547,73D700,FFFFFF
,N32,291,3,1005,,
,N3205,243,3,18586,73D700,FFFFFF
,N3206,243,3,2864,73D700,FFFFFF
,N3207,243,3,21833,73D700,FFFFFF
,N3212,243,3,5103,73D700,FFFFFF
,N3214,243,3,2639,73D700,FFFFFF
,N3216,243,3,2851,73D700,FFFFFF
,N3217,243,3,4775,73D700,FFFFFF
,N33,243,3,321,73D700,FFFFFF
,N33,291,3,23483,,
,N33,46,3,11346,,
,N34,186,3,9963,,
,N34,243,3,12064,73D700,FFFFFF
,N34,291,3,12698,,
,N34,369,3,6371,,
,N34,46,3,15539,,
,N35,227,3,2723,,
,N35,291,3,21899,,
,N35,46,3,17661,,
,N36,205,3,14330,,
,N36,243,3,20267,73D700,FFFFFF
,N36,248,3,10229,,
,N36,74,3,1855,,
,N360,243,3,6801,73D700,FFFFFF
,N360A,243,3,21493,73D700,FFFFFF
,N367,243,3,9782,73D700,FFFFFF
,N37,2,3,474,,
,N37,74,3,15434,,
,N38,291,3,2845,,
,N38,74,3,12911,,
,N380,243,3,17894,73D700,FFFFFF
,N381,11,3,17630,,
,N39,11,3,19067,,
,N39,291,3,16371,,
,N39,46,3,13608,,
,N39,74,3,17355,,
,N3a,373,3,4781,004080,FFFFFF
,N3b,373,3,3925,004080,FFFFFF
,N4,11,3,23055,,
,N4,118,3,5806,,
,N4,119,3,16755,,
,N4,127,3,19821,,
,N4,132,3,4131,,
,N4,141,0,11931,,
,N4,147,3,10812,,
,N4,156,3,18731,,
,N4,166,3,14942,,
,N4,172,3,14471,,
,N4,176,3,13727,,
,N4,186,3,16475,,
,N4,195,3,11382,,
,N4,205,3,19535,,
,N4,210,3,11307,,
,N4,228,3,220,,
,N4,278,3,8542,,
,N4,292,3,10983,,
,N4,298,3,20298,,
,N4,318,3,1381,,
,N4,333,3,4520,,
,N4,358,3,7084,,
,N4,370,3,16684,,
,N4,373,3,1296,004080,FFFFFF
,N4,381,3,2330,,
,N4,7,3,5343,,
,N4,9,3,21452,,
,N40,100,3,9334,,
,N40,2,3,3470,,
,N40,205,3,10188,,
,N40,291,3,21341,,
,N40,46,3,6168,,
,N40,5,3,3021,,
,N40,74,3,4875,,
,N401,243,3,2007,73D700,FFFFFF
,N41,100,3,12693,,
,N41,205,3,4631,,
,N41,218,3,13089,,
,N41,381,3,4144,,
,N41,5,3,23050,,
,N41,74,3,16382,,
,N42,172,3,27,,
,N42,205,3,8683,,
,N42,243,3,15982,73D700,FFFFFF
,N42,369,3,17941,,
,N42,381,3,7149,,
,N42,46,3,19670,,
,N422,243,3,18042,73D700,FFFFFF
,N43,100,3,6636,,
,N43,205,3,21779,,
,N43,218,3,6832,,
,N43,381,3,150,,
,N43,46,3,2288,,
,N44,100,3,13259,,
,N44,205,3,6436,,
,N44,243,3,14779,73D700,FFFFFF
,N44,381,3,1713,,
,N45,100,3,11592,,
,N45,381,3,12223,,
,N452,243,3,20418,73D700,FFFFFF
,N46,205,3,3135,,
,N46,291,3,15552,,
,N46,381,3,20185,,
,N47,205,3,2640,,
,N47,291,3,11624,,
,N47,381,3,13944,,
,N474,243,3,19539,73D700,FFFFFF
,N48,205,3,3113,,
,N48,291,3,18686,,
,N487,243,3,6559,73D700,FFFFFF
,N49,2,3,12955,,
,N49,291,3,21177,,
,N491,243,3,1998,73D700,FFFFFF
,N5,118,3,10360,,
,N5,119,3,1886,,
,N5,127,3,10346,,
,N5,141,3,4675,,
,N5,147,3,4742,,
,N5,156,3,2947,,
,N5,172,3,20849,,
,N5,176,3,7406,,
,N5,186,3,2359,,
,N5,205,3,22219,,
,N5,210,3,1714,,
,N5,228,3,6584,,
,N5,278,3,13450,,
,N5,291,3,16397,,
,N5,292,3,1818,,
,N5,318,3,1715,,
,N5,333,3,8714,,
,N5,358,3,6362,,
,N5,370,3,9226,,
,N5,381,3,14919,,
,N5,46,3,23249,,
,N5,7,3,13912,,
,N5,9,3,4075,,
,N50,46,3,9101,,
,N506,243,3,5079,73D700,FFFFFF
,N508,243,3,15123,73D700,FFFFFF
,N51,172,3,10577,,
,N51,186,3,21108,,
,N51,369,3,16215,,
,N52,186,3,13007,,
,N52,205,3,11016,,
,N52,46,3,21038,,
,N53,2,3,18176,,
,N53,205,3,16756,,
,N53,349,3,22547,,
,N53,46,3,20358,,
,N531,243,3,4539,73D700,FFFFFF
,N532,243,3,11487,73D700,FFFFFF
,N537,243,3,18426,73D700,FFFFFF
,N538,243,3,18610,73D700,FFFFFF
,N55,147,3,17003,,
,N55,205,3,15457,,
,N56,205,3,5362,,
,N56,218,3,22921,,
,N56,46,3,9598,,
,N57,205,3,13090,,
,N57,218,3,10184,,
,N58,205,3,1577,,
,N58,46,3,17990,,
,N59,147,3,15714,,
,N6,11,3,9052,,
,N6,118,3,5063,,
,N6,119,3,17725,,
,N6,127,3,2948,,
,N6,141,3,23507,,
,N6,147,3,8866,,
,N6,156,3,11903,,
,N6,172,3,2563,,
,N6,176,3,3338,,
,N6,186,3,16170,,
,N6,205,3,3058,,
,N6,210,3,6751,,
,N6,228,3,6503,,
,N6,291,3,18907,,
,N6,292,3,3207,,
,N6,333,3,16957,,
,N6,358,3,10031,,
,N6,370,3,11057,,
,N6,381,3,2059,,
,N6,46,3,7820,,
,N6,9,3,10404,,
,N60,210,3,8650,,
,N60,243,3,2619,73D700,FFFFFF
,N60,262,3,10386,,
,N60,46,3,2509,,
,N60,9,3,3586,,
,N602,243,3,21185,73D700,FFFFFF
,N61,11,3,23559,,
,N61,147,3,22570,,
,N61,205,3,9230,,
,N61,243,3,14574,73D700,FFFFFF
,N61,46,3,15012,,
,N613,243,3,3051,73D700,FFFFFF
,N62,186,3,23686,,
,N62,205,3,5549,,
,N62,218,3,19033,,
,N62,369,3,15073,,
,N62,46,3,8975,,
,N63,137,3,15269,,
,N63,186,3,22653,,
,N63,205,3,7531,,
,N63,218,3,21848,,
,N63,46,3,19354,,
,N64,186,3,14855,,
,N64,46,3,18705,,
,N65,46,3,5785,,
,N66,186,3,9274,,
,N66,243,3,7939,73D700,FFFFFF
,N67,137,3,15693,,
,N67,186,3,15938,,
,N67,243,3,377,73D700,FFFFFF
,N68,11,3,16893,,
,N68,125,3,17419,,
,N68,186,3,9876,,
,N68,46,3,17539,,
,N69,243,3,18470,73D700,FFFFFF
,N69,46,3,4562,,
,N7,118,3,6929,,
,N7,119,3,2147,,
,N7,127,3,16261,,
,N7,141,3,4112,,
,N7,147,3,23191,,
,N7,156,3,58,,
,N7,172,3,21542,,
,N7,186,3,23739,,
,N7,205,3,18763,,
,N7,210,3,11829,,
,N7,228,3,9294,,
,N7,291,3,20404,,
,N7,292,3,4656,,
,N7,318,3,12842,,
,N7,333,3,9044,,
,N7,381,3,5620,,
,N7,46,3,3898,,
,N7,7,3,17472,,
,N7,9,3,5036,,
,N7,96,3,7157,,
,N70,205,3,19648,,
,N70,218,3,19136,,
,N70,243,3,21671,73D700,FFFFFF
,N70,46,3,13260,,
,N71,100,3,12405,,
,N71,243,3,19153,73D700,FFFFFF
,N71,370,3,14037,,
,N71,55,3,11039,,
,N710,243,3,8918,73D700,FFFFFF
,N72,100,3,5807,,
,N72,291,3,3241,,
,N728,243,3,2256,73D700,FFFFFF
,N73,11,3,10408,,
,N73,205,3,21580,,
,N73,243,3,12142,73D700,FFFFFF
,N73,291,3,14087,,
,N73,55,3,15199,,
,N73,85,3,12849,,
,N74,100,3,15972,,
,N74,11,3,23740,,
,N74,205,3,19695,,
,N74,243,3,546,73D700,FFFFFF
,N74,314,3,9909,,
,N74,55,3,6101,,
,N75,100,3,9460,,
,N75,205,3,322,,
,N75,243,3,4862,73D700,FFFFFF
,N75,55,3,300,,
,N76,100,3,8730,,
,N76,186,3,23076,,
,N76,243,3,6149,73D700,FFFFFF
,N77,100,3,7448,,
,N77,205,3,14262,,
,N77,243,3,8117,73D700,FFFFFF
,N77,46,3,3308,,
,N770,243,3,9076,73D700,FFFFFF
,N78,100,3,4448,,
,N780,243,3,17315,73D700,FFFFFF
,N79,100,3,1914,,
,N79,243,3,2552,73D700,FFFFFF
,N79,55,3,11584,,
,N7X,46,3,21357,,
,N8,118,3,15454,,
,N8,119,3,4513,,
,N8,132,3,6201,,
,N8,141,3,6073,,
,N8,147,3,13800,,
,N8,156,3,8792,ADB9A6,FFFFFF
,N8,172,3,13766,,
,N8,205,3,3339,,
,N8,210,3,1702,,
,N8,228,3,14710,,
,N8,291,3,6310,,
,N8,292,3,8415,,
,N8,318,3,11980,,
,N8,333,3,4491,,
,N8,381,3,20816,,
,N8,46,3,6876,,
,N8,7,3,20006,,
,N8,9,3,22659,,
,N80,100,3,7212,,
,N80,172,3,22793,,
,N80,353,3,23327,,
,N81,100,3,15629,,
,N81,172,3,7882,,
,N81,243,3,2319,73D700,FFFFFF
,N81,292,3,15052,,
,N81,46,3,22603,,
,N818,243,3,9972,73D700,FFFFFF
,N82,172,3,3919,,
,N82,292,3,21538,,
,N83,172,3,9095,,
,N84,172,3,13502,,
,N84,243,3,1207,73D700,FFFFFF
,N84,292,3,23369,,
,N84,46,3,1297,,
,N844,243,3,18459,73D700,FFFFFF
,N846,243,3,6339,73D700,FFFFFF
,N85,172,3,6380,,
,N85,205,3,7233,,
,N86,243,3,20145,73D700,FFFFFF
,N867,243,3,3523,73D700,FFFFFF
,N87,205,3,19297,,
,N87,292,3,16345,,
,N870,243,3,11488,73D700,FFFFFF
,N872,243,3,19358,73D700,FFFFFF
,N874,243,3,13098,73D700,FFFFFF
,N88,292,3,7757,,
,N88,46,3,3991,,
,N880,243,3,5502,73D700,FFFFFF
,N881,243,3,6837,73D700,FFFFFF
,N884,243,3,9951,73D700,FFFFFF
,N885,243,3,2289,73D700,FFFFFF
,N887,243,3,10850,73D700,FFFFFF
,N89,205,3,3396,,
,N899,243,3,8243,73D700,FFFFFF
,N9,118,3,20489,,
,N9,119,3,1592,,
,N9,141,3,16694,,
,N9,147,3,5699,,
,N9,156,3,4260,,
,N9,172,3,11540,,
,N9,205,3,3316,,
,N9,210,3,14903,,
,N9,228,3,17611,,
,N9,278,3,3033,,
,N9,291,3,6363,,
,N9,292,3,8574,,
,N9,333,3,18780,,
,N9,370,3,3384,,
,N9,381,3,16540,,
,N9,46,3,1221,,
,N9,9,3,21780,,
,N90,205,3,141,,
,N90,243,3,10475,73D700,FFFFFF
,N90,292,3,7825,,
,N900,243,3,17662,73D700,FFFFFF
,N91,205,3,850,,
,N91,243,3,4089,73D700,FFFFFF
,N91,292,3,19918,,
,N91,46,3,3847,,
,N92,205,3,19857,,
,N92,292,3,510,,
,N93,205,3,15211,,
,N93,243,3,2404,73D700,FFFFFF
,N93,292,3,14492,,
,N94,205,3,9432,,
,N94,243,3,14433,73D700,FFFFFF
,N94,292,3,19068,,
,N94,46,3,16014,,
,N943,243,3,19079,73D700,FFFFFF
,N944,243,3,11098,73D700,FFFFFF
,N947,243,3,12663,73D700,FFFFFF
,N948,243,3,8476,73D700,FFFFFF
,N95,243,3,21672,73D700,FFFFFF
,N95,292,3,2434,,
,N95,46,3,2986,,
,N950,243,3,2510,73D700,FFFFFF
,N951,243,3,591,73D700,FFFFFF
,N952,243,3,8213,73D700,FFFFFF
,N955,243,3,9617,73D700,FFFFFF
,N958,243,3,8029,73D700,FFFFFF
,N96,205,3,19326,,
,N96,292,3,9289,,
,N96,46,3,21084,,
,N965,243,3,23149,73D700,FFFFFF
,N97,205,3,15930,,
,N97,292,3,15555,,
,N97,46,3,19946,,
,N98,205,3,3301,,
,N98,292,3,10547,,
,N981,243,3,17489,73D700,FFFFFF
,N99,243,3,20221,73D700,FFFFFF
,NA 20,292,3,10165,,
,NA21,292,3,12282,,
,NA22,292,3,20925,,
,NE 1,101,3,12454,,
,NE 1,213,3,14874,,
,NE 1,363,3,3126,,
,NE 10,213,3,16762,,
,NE 11,101,3,15648,,
,NE 12,213,3,10237,,
,NE 15,363,3,9420,,
,NE 2,101,3,18530,,
,NE 2,363,3,19904,,
,NE 3,101,3,17986,,
,NE 3,213,3,12943,,
,NE 3,363,3,14449,,
,NE 4,101,3,407,,
,NE 4,213,3,10018,,
,NE 4,363,3,20595,,
,NE 5,101,3,22308,,
,NE 5,213,3,20015,,
,NE 5,363,3,18956,,
,NE 6,101,3,14583,,
,NE 6,363,3,23037,,
,NE 7,101,3,6284,,
,NE 7,363,3,4546,,
,NE 8,363,3,7033,,
,NE 9,213,3,4186,,
,NE1,111,3,18303,,
,NE1,115,3,15206,,
,NE1,149,3,22650,,
,NE1,177,3,8668,,
,NE1,305,3,14596,,
,NE1,366,3,4885,,
,NE1,73,3,10177,,
,NE1,75,3,6265,,
,NE1,86,3,2778,,
,NE1,91,3,19997,,
,NE10,102,3,8377,,
,NE10,305,3,16222,,
,NE10,75,3,12948,,
,NE10,91,3,19705,,
,NE11,111,3,17815,,
,NE11,115,3,12161,,
,NE11,132,3,6285,,
,NE11,73,3,17499,,
,NE11,75,3,1869,,
,NE11,91,3,8628,,
,NE12,111,3,15171,,
,NE12,115,3,17156,,
,NE12,132,3,15047,,
,NE12,235,3,16262,,
,NE12,305,3,12753,,
,NE12,73,3,20033,,
,NE12,75,3,6946,,
,NE12,91,3,2696,,
,NE13,111,3,13807,,
,NE13,132,3,1657,,
,NE13,235,3,21222,,
,NE13,73,3,14153,,
,NE13,75,3,18056,,
,NE13,91,3,11817,,
,NE14,132,3,8635,,
,NE14,235,3,23282,,
,NE14,75,3,1582,,
,NE14,86,3,1731,,
,NE14,91,3,18787,,
,NE15,132,3,10997,,
,NE15,235,3,19735,,
,NE15,75,3,11655,,
,NE16,132,3,12297,,
,NE16,235,3,22281,,
,NE16,75,3,3699,,
,NE17,132,3,3862,,
,NE17,235,3,14767,,
,NE17,91,3,20242,,
,NE18,132,3,15853,,
,NE18,235,3,8057,,
,NE18,86,3,10354,,
,NE18,91,3,14592,,
,NE19,115,3,18384,,
,NE19,132,3,22530,,
,NE19,235,3,6481,,
,NE19,86,3,6396,,
,NE2,111,3,9257,,
,NE2,115,3,3550,,
,NE2,149,3,4979,,
,NE2,177,3,23135,,
,NE2,305,3,18167,,
,NE2,366,3,22147,,
,NE2,73,3,8147,,
,NE2,75,3,616,,
,NE2,86,3,19385,,
,NE2,91,3,8,,
,NE20,132,3,21529,,
,NE20,235,3,10943,,
,NE20,73,3,22192,,
,NE21,115,3,20928,,
,NE21,168,3,14786,,
,NE21,305,3,4953,,
,NE21,86,3,14959,,
,NE22,168,3,18249,,
,NE22,73,3,13536,,
,NE23,168,3,8758,,
,NE24,168,3,6102,,
,NE24,73,3,10067,,
,NE25,168,3,18538,,
,NE25,73,3,23085,,
,NE27,102,3,9110,,
,NE28,168,3,15973,,
,NE3,111,3,1804,,
,NE3,115,3,19373,,
,NE3,149,3,21435,,
,NE3,177,3,13706,,
,NE3,305,3,22932,,
,NE3,366,3,8765,,
,NE3,73,3,9510,,
,NE3,75,3,16206,,
,NE3,86,3,2417,,
,NE3,91,3,7501,,
,NE31,12,3,4947,,
,NE32,115,3,534,,
,NE32,12,3,6155,,
,NE33,12,3,3385,,
,NE34,12,3,3933,,
,NE4,115,3,5104,,
,NE4,149,3,8421,,
,NE4,177,3,12201,,
,NE4,305,3,19690,,
,NE4,338,3,9981,,
,NE4,366,3,12714,,
,NE4,73,3,16241,,
,NE4,75,3,7012,,
,NE4,91,3,12258,,
,NE40,73,3,18003,,
,NE5,102,3,4724,,
,NE5,115,3,11197,,
,NE5,149,3,11922,,
,NE5,177,3,14641,,
,NE5,305,3,6290,,
,NE5,366,3,12719,,
,NE5,73,3,4402,,
,NE5,75,3,6725,,
,NE5,86,3,14180,,
,NE5,91,3,2480,,
,NE6,102,3,23416,,
,NE6,115,3,22933,,
,NE6,149,3,23029,,
,NE6,177,3,19175,,
,NE6,305,3,19827,,
,NE6,366,3,914,,
,NE6,73,3,2228,,
,NE6,75,3,3437,,
,NE6,86,3,12541,,
,NE6,91,3,23283,,
,NE7,102,3,8618,,
,NE7,177,3,6027,,
,NE7,305,3,12522,,
,NE7,73,3,6668,,
,NE7,75,3,4602,,
,NE7,86,3,20098,,
,NE7,91,3,10743,,
,NE8,102,3,21603,,
,NE8,177,3,9137,,
,NE8,73,3,5132,,
,NE8,75,3,13620,,
,NE8,86,3,11407,,
,NE8,91,3,2063,,
,NE9,111,3,4045,,
,NE9,73,3,14860,,
,NE9,75,3,13099,,
,NE9,86,3,14044,,
,NG1,197,3,12805,,
,NG2,197,3,1276,,
,NG3,197,3,114,,
,NG4,197,3,12877,,
,NHX,271,3,22220,,
,NL,32,3,20307,,
,NL1,266,0,14032,,
,NL11,266,3,12808,,
,NL12,266,3,9723,,
,NL13,266,3,2313,,
,NL14,266,3,4954,,
,NL15,266,3,19026,,
,NL16,266,3,16783,,
,NL17,266,3,12744,,
,NL2,266,0,17889,,
,NL3,266,3,3013,,
,NO,119,3,8008,,
,NW,119,3,14352,,
,Netliner,204,3,20881,,
,O,94,3,22118,,
,O1,177,3,8602,,
,O10,177,3,6673,,
,O11,177,3,12575,,
,O12,177,3,23433,,
,O13,177,3,17415,,
,O14,177,3,6852,,
,O15,177,3,16452,,
,O16,177,3,19842,,
,O17,177,3,8096,,
,O19,177,3,22359,,
,O3,177,3,19736,,
,O5,111,3,11106,,
,O5,177,3,9706,,
,O6,177,3,5467,,
,OF-32,117,3,9516,,
,OF-40,117,3,15149,,
,OF-51,117,3,15083,,
,OF-52,117,3,14759,,
,OF-53,117,3,15615,,
,OF-64,117,3,23758,,
,OF-65,117,3,4305,,
,OF-67,117,3,1269,,
,OF-71,117,3,23358,,
,OF-72,117,3,17441,,
,OF-73,117,3,7414,,
,OF-75,117,3,20652,,
,OF-85,117,3,22585,,
,OF-86,117,3,19436,,
,OF-87,117,3,9079,,
,OF-91,117,3,14869,,
,OF-92,117,3,1613,,
,OF-95,117,3,3624,,
,OF-96,117,3,2445,,
,OF-97,117,3,13384,,
,OF-99,117,3,10974,,
,OL1,9,3,17306,,
,OL5,9,3,3088,,
,OM1,294,3,12809,,
,OM2,360,3,8751,,
,OR1,271,3,10805,,
,OR2,271,3,11880,,
,OV1,111,3,20425,,
,OV2,111,3,5970,,
,OV2E,111,3,11855,,
,OV3,111,3,6732,,
,OV4,111,3,14711,,
,OV5,111,3,11430,,
,OV6,111,3,1356,,
,OV7,111,3,3770,,
,OV8,111,3,17596,,
,Obersee,204,4,15801,,
,Ost,119,3,7186,,
,P,271,3,1357,,
,P,278,3,14176,,
,P (Pirna),207,3,11033,,
,P+R,132,3,8075,,
,P+R,207,3,4343,,
,P11,350,3,11835,,
,PE,271,3,61,,
,PHL,381,3,12306,,
,Pendelbus,274,3,12143,,
,Pf 1,138,3,11983,,
,Pf 1,7,3,14189,,
,Pf 2,7,3,12970,,
,Pf 3,7,3,20067,,
,Pf 4,7,3,8888,,
,Pf 5,7,3,16129,,
,Pf 6,7,3,17229,,
,Pf 7,7,3,12242,,
,R,113,3,7219,,
,R,277,3,23242,,
,R,313,3,12944,,
,R,94,3,18566,,
,R (Sebnitz),207,3,22340,,
,R1,16,3,4570,,
,R1,255,3,21211,,
,R10,132,3,2181,,
,R10,186,3,17420,,
,R10,22,3,6953,,
,R10,304,3,22673,,
,R10,370,3,7174,,
,R11,132,3,23596,,
,R11,172,3,21903,,
,R11,186,3,23228,,
,R11,370,3,23682,,
,R12,172,3,3965,,
,R12,186,3,3059,,
,R12,370,3,11856,,
,R13,172,3,14652,,
,R13,186,3,13913,,
,R13,370,3,22897,,
,R14,172,3,23383,,
,R14,349,3,22386,,
,R14,370,3,7833,,
,R140,283,3,5495,,
,R15,172,3,20758,,
,R15,176,3,1946,,
,R15,365,3,3518,,
,R16,172,3,22799,,
,R16,176,3,15922,,
,R16,370,3,9471,,
,R16N,304,3,21392,,
,R17,370,3,15989,,
,R18,304,3,11648,,
,R19,172,3,21204,,
,R2,186,3,12243,,
,R2,29,3,3160,,
,R20,132,3,12874,,
,R20,172,3,18894,,
,R20,186,3,3260,,
,R20,304,3,15991,,
,R208,373,3,4057,9D9D9C,
,R21,132,3,21504,,
,R21,172,3,3458,,
,R22,132,3,20889,,
,R22,172,3,20342,,
,R22,370,3,13849,,
,R223,373,3,23571,9D9D9C,
,R23,172,3,2747,,
,R23,304,3,20902,,
,R23,370,3,6541,,
,R234,373,3,11889,9D9D9C,
,R24,172,3,21428,,
,R24,365,3,2369,,
,R24,370,3,6021,,
,R25,172,3,14584,,
,R25,370,3,3475,,
,R26,172,3,22227,,
,R26,304,3,3811,,
,R261,373,3,8603,9D9D9C,
,R27,172,3,14696,,
,R27,365,3,21854,,
,R27,370,3,1992,,
,R278,373,3,6208,9D9D9C,
,R279,373,3,16675,9D9D9C,
,R28,365,3,18263,,
,R28,370,3,1772,,
,R282,373,3,507,9D9D9C,
,R29,370,3,15352,,
,R294a,373,3,23376,9D9D9C,
,R294b,373,3,21511,9D9D9C,
,R3,307,3,2203,,
,R30,172,3,16580,,
,R30,34,3,8302,,
,R30,370,3,15593,,
,R31,132,3,22044,,
,R31,172,3,13046,,
,R31,370,3,19882,,
,R32,172,3,12285,,
,R32,370,3,12745,,
,R33,172,3,21300,,
,R33,181,3,17916,,
,R33,370,3,11593,,
,R34,132,3,13040,,
,R35,132,3,16453,,
,R35,172,3,2614,,
,R35,370,3,11253,,
,R36,132,3,5604,,
,R36,172,3,5559,,
,R36,370,3,6291,,
,R37,132,3,707,,
,R37,172,3,19848,,
,R37,370,3,2769,,
,R38,132,3,17954,,
,R38,172,3,9539,,
,R38,370,3,17500,,
,R39,370,3,16226,,
,R4,186,3,11087,,
,R40,34,3,12423,,
,R40,370,3,3386,,
,R41,132,3,22237,,
,R41,172,3,15368,,
,R41,34,3,8575,,
,R42,132,3,21984,,
,R42,172,3,15445,,
,R42,370,3,16568,,
,R43,172,3,20855,,
,R43,304,3,17631,,
,R44,172,3,17478,,
,R44,365,3,1894,,
,R45,132,3,3343,,
,R45,172,3,12565,,
,R45,304,3,16532,,
,R46,132,3,9190,,
,R46,172,3,14420,,
,R47,172,3,11159,,
,R48,172,3,18739,,
,R49,172,3,23136,,
,R49,370,3,21287,,
,R5,307,3,13552,,
,R50,132,3,17260,,
,R50,370,3,4362,,
,R51,132,3,17116,,
,R51,172,3,22707,,
,R51,370,3,20116,,
,R52,172,3,3973,,
,R52,370,3,14967,,
,R53,172,3,13091,,
,R53,370,3,20903,,
,R54,132,3,16251,,
,R54,172,3,7705,,
,R55,172,3,6179,,
,R55,304,3,1284,,
,R58,304,3,7482,,
,R59,304,3,14653,,
,R6,186,3,9191,,
,R60,304,3,8954,,
,R60,34,3,11167,,
,R61,132,3,21466,,
,R61,172,3,12270,,
,R61,370,3,18636,,
,R62,172,3,21552,,
,R62,304,3,7106,,
,R62,370,3,14054,,
,R63,172,3,3543,,
,R64,172,3,15479,,
,R64,304,3,22969,,
,R65,353,3,19849,,
,R65N,304,3,2641,,
,R66,172,3,11830,,
,R66,304,3,21620,,
,R66N,304,3,1558,,
,R68,370,3,4506,,
,R69,172,3,19910,,
,R7,138,3,23759,,
,R7,186,3,6001,,
,R70,132,3,7720,,
,R70,353,3,7150,,
,R71,132,3,20955,,
,R71,172,3,23580,,
,R72,132,3,18934,,
,R72,172,3,14088,,
,R73,172,3,10874,,
,R73E,86,3,21349,,
,R74,172,3,14061,,
,R75,132,3,16193,,
,R75,172,3,17062,,
,R76,132,3,4566,,
,R76,172,3,19205,,
,R77,172,3,8171,,
,R8,138,3,20405,,
,R8,304,3,17117,,
,R80,172,3,14680,,
,R80,353,3,10658,,
,R80,370,3,1960,,
,R81,132,3,16431,,
,R81,172,3,14525,,
,R81,370,3,23150,,
,R82,172,3,11390,,
,R83,132,3,13578,,
,R9,22,3,2481,,
,R9,29,3,23250,,
,R90,304,3,13767,,
,R90,353,3,5202,,
,R90,370,3,4252,,
,R91,132,3,14733,,
,R91,370,3,13597,,
,R92,370,3,19346,,
,R93,370,3,21858,,
,R931,299,3,17409,,
,R933,299,3,23760,,
,R94,370,3,14991,,
,R98,370,3,1144,,
,RB 62,347,3,13410,,
,RB 81,347,3,7370,,
,RB L10,172,3,21697,,
,RB1,266,3,10796,,
,RB10,128,3,18835,,
,RB10E,112,3,2198,,
,RB11,283,3,13092,,
,RB110,308,3,8907,,
,RB113,283,3,13553,,
,RB12,104,3,21247,,
,RB12,283,3,21520,,
,RB13,326,3,18129,,
,RB14,283,3,22404,,
,RB15,128,3,2630,,
,RB15E,241,3,9931,,
,RB16,347,3,17492,,
,RB16E,241,3,2114,,
,RB2,266,3,6236,,
,RB2,76,3,8354,,
,RB20,283,3,4799,,
,RB21,283,3,3403,,
,RB21,316,3,1093,,
,RB21,326,3,23608,,
,RB22,283,3,950,,
,RB22,326,3,9834,,
,RB22E,241,3,4705,,
,RB23,236,3,11230,,
,RB23,241,3,11965,,
,RB23,26,3,22560,,
,RB23,326,3,21870,,
,RB24,283,3,1086,,
,RB25,104,3,22287,,
,RB25,283,3,3658,,
,RB25,62,3,8859,,
,RB25X,283,3,22457,,
,RB26,286,3,2391,9B1B60,FFFFFF
,RB26,300,3,9368,,
,RB26,326,3,7507,,
,RB26,346,3,14870,,
,RB27,236,3,2748,,
,RB27,26,3,17991,,
,RB27,283,3,13388,,
,RB27,300,3,23457,,
,RB28,26,3,16573,,
,RB28,326,3,21248,,
,RB3,266,3,23151,,
,RB3,40,3,14560,,
,RB30,300,3,13496,,
,RB30,308,3,72,,
,RB30,347,3,14344,,
,RB30X,308,3,12810,,
,RB31,209,3,7418,,
,RB31,283,3,17603,,
,RB31,368,3,3106,,
,RB32,283,3,475,,
,RB32,40,3,17338,,
,RB33,128,3,8800,,
,RB33,229,3,5044,,
,RB33,267,3,19223,,
,RB33,283,3,5808,,
,RB33,347,3,17826,,
,RB34,267,3,18234,,
,RB34,362,3,16301,,
,RB34E,241,3,13060,,
,RB35,211,3,2120,,
,RB36,104,3,22077,,
,RB37,128,3,21205,,
,RB37,142,3,2487,,
,RB37,229,3,4363,,
,RB38,241,3,14321,,
,RB38,283,3,7066,,
,RB38,70,3,10022,,
,RB39,362,3,890,,
,RB4,76,3,9716,,
,RB40,283,3,21808,,
,RB41,108,3,18264,,
,RB41,120,3,5736,,
,RB42,120,3,22586,,
,RB42,300,3,12393,,
,RB42,303,3,4175,,
,RB42a,303,3,7375,,
,RB43,108,3,14992,,
,RB43,283,3,13370,,
,RB43,303,3,15176,,
,RB44,108,3,13247,,
,RB44,120,3,23275,,
,RB44,241,3,2064,,
,RB45,120,3,5012,,
,RB45,241,3,7073,,
,RB45,308,3,22288,,
,RB46,120,3,4948,,
,RB46,241,3,23726,,
,RB46Z,205,3,7263,,
,RB47,120,3,9469,,
,RB47,162,3,11862,,
,RB48,286,3,6346,9B1B60,FFFFFF
,RB49,120,3,18351,,
,RB50,188,3,1773,,
,RB51,128,3,21530,,
,RB51,229,3,22390,,
,RB51,241,3,7857,,
,RB51,283,3,5720,,
,RB51,40,3,4908,,
,RB51E,241,3,15916,,
,RB52,241,3,2770,,
,RB52,283,3,22918,,
,RB53,241,3,4422,,
,RB53,283,3,14712,,
,RB53,300,3,22380,,
,RB53,347,3,17186,,
,RB54,241,3,18764,,
,RB54,281,3,11766,,
,RB54,283,3,7809,,
,RB55,241,3,23210,,
,RB55,283,3,21581,,
,RB57,62,3,17678,,
,RB58,337,3,23340,,
,RB59,120,3,8460,,
,RB59,188,3,14246,,
,RB59,337,3,6336,,
,RB59,62,3,23328,,
,RB59a,303,3,3926,,
,RB6,347,3,11550,,
,RB60,104,3,1118,,
,RB60,193,3,13422,,
,RB60,43,3,4563,,
,RB61,188,3,4521,,
,RB61,193,3,8942,,
,RB61,233,3,22800,,
,RB61E,205,3,13061,,
,RB62,189,3,10641,,
,RB63,193,3,16176,,
,RB63,241,3,18547,,
,RB63,300,3,3107,,
,RB63,347,3,22919,,
,RB63E,205,3,4550,,
,RB64,128,3,13531,,
,RB64,193,3,203,,
,RB64,229,3,11800,,
,RB64,241,3,15084,,
,RB64,283,3,7378,,
,RB65,128,3,2865,,
,RB65,188,3,16083,,
,RB65,229,3,15172,,
,RB65,241,3,9320,,
,RB66,188,3,5028,,
,RB66,241,3,4216,,
,RB66,283,3,7639,,
,RB66,303,3,11843,,
,RB67,170,3,4481,,
,RB67,241,3,9206,,
,RB68,241,3,1358,,
,RB68,303,3,19585,,
,RB68,347,3,6691,,
,RB68E,241,3,5296,,
,RB68a,303,3,1703,,
,RB69,241,3,19427,,
,RB70,241,3,21235,,
,RB71,188,3,17373,,
,RB71,193,3,22660,,
,RB71,241,3,16506,,
,RB71,283,3,2511,,
,RB71,300,3,4181,,
,RB72,188,3,10659,,
,RB73,193,3,10598,,
,RB74,193,3,846,,
,RB74,300,3,17962,,
,RB74,337,3,8675,,
,RB74,347,3,15715,,
,RB75,193,3,2350,,
,RB75,337,3,19977,,
,RB76,300,3,5029,,
,RB76,326,3,9595,,
,RB77,211,3,15420,,
,RB77,241,3,18583,,
,RB77,70,3,15708,,
,RB79,347,3,10337,,
,RB79,70,3,20284,,
,RB80,189,3,7727,,
,RB80,347,3,18121,,
,RB80,61,3,13199,,
,RB81,189,3,4321,,
,RB81,241,3,22166,,
,RB81X,189,3,52,,
,RB82,189,3,18293,,
,RB82,193,3,13492,,
,RB83,173,3,21197,,
,RB84,241,3,23092,,
,RB84,337,3,3634,,
,RB85,189,3,621,,
,RB85,337,3,1779,,
,RB85,347,3,11225,,
,RB89,188,3,2351,,
,RB91,300,3,16432,,
,RB91,362,3,9973,,
,RB93,300,3,9007,,
,RE 10,347,3,23386,,
,RE 33,347,3,11442,,
,RE1,128,3,15085,,
,RE1,229,3,3693,,
,RE1,241,3,14285,,
,RE1,283,3,2697,,
,RE1,286,3,552,9B1B60,FFFFFF
,RE1,347,3,23614,,
,RE1,43,3,11313,,
,RE1,70,3,12334,,
,RE10,162,3,19130,,
,RE10,209,3,23508,,
,RE10,211,3,8039,,
,RE10,283,3,8882,,
,RE11,211,3,20944,,
,RE11,283,3,10482,,
,RE11,286,3,7577,9B1B60,FFFFFF
,RE12,283,3,4785,,
,RE12,326,3,1230,,
,RE13,188,3,23662,,
,RE13,283,3,14353,,
,RE14,209,3,20724,,
,RE14E,205,3,210,,
,RE14a,300,3,23152,,
,RE15,283,3,16421,,
,RE15,357,3,2155,,
,RE16,347,3,20554,,
,RE16,362,3,14984,,
,RE17,283,3,11058,,
,RE17,347,3,18336,,
,RE18,241,3,7671,,
,RE18,283,3,15098,,
,RE18,337,3,1399,,
,RE19,362,3,5307,,
,RE1X,241,3,6393,,
,RE2,189,3,6743,,
,RE2,241,3,6340,,
,RE2,283,3,1175,,
,RE2,300,3,2792,,
,RE2,347,3,16255,,
,RE20,211,3,22085,,
,RE200,300,3,7138,,
,RE200E,205,3,20247,,
,RE21,211,3,6856,,
,RE22,283,3,951,,
,RE22,347,3,2441,,
,RE22X,283,3,13293,,
,RE23s,206,3,1106,,
,RE25,206,3,19660,,
,RE25,236,3,6726,,
,RE25,241,3,19642,,
,RE3,128,3,16198,,
,RE3,188,3,14689,,
,RE3,283,3,9517,,
,RE3,300,3,20534,,
,RE3,308,3,6266,,
,RE3,347,3,11142,,
,RE3,40,3,21310,,
,RE30,308,3,2656,,
,RE30,347,3,18294,,
,RE30E,241,3,11908,,
,RE31,211,3,18672,,
,RE31,347,3,4713,,
,RE32,347,3,17063,,
,RE33,347,3,15407,,
,RE34,283,3,21755,,
,RE4,283,3,18484,,
,RE4,286,3,11722,9B1B60,FFFFFF
,RE4,300,3,7508,,
,RE4,303,3,2078,,
,RE41,283,3,11535,,
,RE42,283,3,7873,,
,RE42,303,3,7623,,
,RE44,209,3,18283,,
,RE45,241,3,307,,
,RE47,10,3,13768,,
,RE47,347,3,8796,,
,RE47X,10,3,16158,,
,RE49X,283,3,4306,,
,RE5,236,3,12439,,
,RE5,286,3,18706,9B1B60,FFFFFF
,RE5,300,3,4955,,
,RE50,108,3,3370,,
,RE50,128,3,10074,,
,RE50,165,3,7220,,
,RE50,229,3,10818,,
,RE50,236,3,16454,,
,RE50,283,3,13512,,
,RE50,40,3,5963,,
,RE50E,241,3,17701,,
,RE54,283,3,2553,,
,RE54,347,3,16216,,
,RE55,283,3,20753,,
,RE55,300,3,18226,,
,RE55,347,3,16705,,
,RE56,283,3,9938,,
,RE57,283,3,5496,,
,RE5X,286,3,14943,9B1B60,FFFFFF
,RE6,189,3,1419,,
,RE6,241,3,16928,,
,RE6,283,3,2729,,
,RE6,300,3,1696,,
,RE6,308,3,9540,,
,RE60,357,3,23321,,
,RE6E,205,3,13367,,
,RE6X,189,3,13507,,
,RE7,283,3,22926,,
,RE7,286,3,19617,9B1B60,FFFFFF
,RE7,300,3,22842,,
,RE70,347,3,19565,,
,RE70,357,3,4637,,
,RE70E,241,3,95,,
,RE72,193,3,5828,,
,RE73,241,3,7852,,
,RE74,193,3,10623,,
,RE75,347,3,19123,,
,RE76,347,3,19611,,
,RE78,188,3,16444,,
,RE79,347,3,13026,,
,RE8,128,3,23060,,
,RE8,189,3,5516,,
,RE8,229,3,1837,,
,RE8,236,3,20850,,
,RE8,283,3,9045,,
,RE8,62,3,9986,,
,RE8,70,3,17400,,
,RE80,138,3,13579,,
,RE80,173,3,22970,,
,RE80,189,3,11695,,
,RE80X,189,3,4039,,
,RE8S,236,3,13378,,
,RE8X,189,3,5923,,
,RE8X,236,3,7340,,
,RE8X,70,3,8759,,
,RE9,128,3,21934,,
,RE9,229,3,4507,,
,RE9,236,3,21489,,
,RE9,283,3,16643,,
,RE9,62,3,11082,,
,RE9,70,3,22745,,
,RE90E,205,3,18732,,
,RE9X,283,3,11672,,
,RE9X,70,3,8838,,
,REX1,239,3,22289,,
,REX2,239,3,12320,,
,REX4,239,3,6719,,
,REX5,239,3,23019,,
,REX6,239,3,13955,,
,RH,271,3,20092,,
,RNV 1,274,0,13398,,
,RNV 1,274,3,20248,,
,RNV 10,274,0,17249,,
,RNV 1003,274,3,5645,,
,RNV 1004,274,3,14665,,
,RNV 1008,274,3,20034,,
,RNV 1009,274,3,11062,,
,RNV 1010,274,3,10068,,
,RNV 1011,274,3,15951,,
,RNV 1013,274,3,6220,,
,RNV 1071,274,3,11784,,
,RNV 1072,274,3,21760,,
,RNV 1077,274,3,12949,,
,RNV 12,274,0,23631,,
,RNV 15,274,0,4273,,
,RNV 15,274,3,4253,,
,RNV 16,274,0,16130,,
,RNV 2,274,0,23359,,
,RNV 2,274,3,19625,,
,RNV 20,274,3,2961,,
,RNV 21,274,0,10756,,
,RNV 22,274,0,6240,,
,RNV 23,274,0,15091,,
,RNV 24,274,0,20637,,
,RNV 26,274,0,11115,,
,RNV 27,274,3,1876,,
,RNV 28,274,3,13573,,
,RNV 28A,274,3,8257,,
,RNV 29,274,3,7098,,
,RNV 3,274,0,19892,,
,RNV 3,274,3,21521,,
,RNV 30,274,3,15967,,
,RNV 31,274,3,22769,,
,RNV 33,274,3,13125,,
,RNV 34,274,3,12865,,
,RNV 35,274,3,8133,,
,RNV 36,274,3,2008,,
,RNV 36A,274,3,20521,,
,RNV 37,274,3,16771,,
,RNV 38,274,3,20101,,
,RNV 39,274,3,1870,,
,RNV 4,274,0,19206,,
,RNV 4,274,3,23444,,
,RNV 40,274,3,3974,,
,RNV 41,274,3,9618,,
,RNV 42,274,3,1780,,
,RNV 43,274,3,19238,,
,RNV 43/46,274,3,23597,,
,RNV 44,274,3,12925,,
,RNV 45,274,3,457,,
,RNV 46,274,3,5994,,
,RNV 47,274,3,6367,,
,RNV 48,274,3,19184,,
,RNV 49,274,3,13875,,
,RNV 4A,274,0,10133,,
,RNV 5,274,0,20845,,
,RNV 5,274,3,13403,,
,RNV 50,274,3,16019,,
,RNV 51,274,3,13100,,
,RNV 52,274,3,12588,,
,RNV 53,274,3,15057,,
,RNV 54,274,3,19612,,
,RNV 55,274,3,8296,,
,RNV 56,274,3,2603,,
,RNV 57,274,3,11723,,
,RNV 57E,274,3,5786,,
,RNV 58,274,3,17750,,
,RNV 59,274,3,18911,,
,RNV 5A,274,0,170,,
,RNV 6,274,0,6421,,
,RNV 6,274,3,14985,,
,RNV 60,274,3,7164,,
,RNV 61,274,3,14255,,
,RNV 62,274,3,2685,,
,RNV 64,274,3,20146,,
,RNV 65,274,3,2379,,
,RNV 66,274,3,4046,,
,RNV 6A,274,0,7034,,
,RNV 7,274,0,4571,,
,RNV 7,274,3,16601,,
,RNV 70,274,3,15480,,
,RNV 71,274,3,7234,,
,RNV 72,274,3,20380,,
,RNV 73,274,3,23549,,
,RNV 74,274,3,3155,,
,RNV 75,274,3,9952,,
,RNV 76,274,3,16610,,
,RNV 77,274,3,5378,,
,RNV 78,274,3,3944,,
,RNV 79E,274,3,2878,,
,RNV 80,274,3,3127,,
,RNV 83,274,3,23270,,
,RNV 84,274,3,10470,,
,RNV 85,274,3,16315,,
,RNV 86,274,3,12890,,
,RNV 87,274,3,18746,,
,RNV 89,274,3,16199,,
,RNV 9,274,0,19479,,
,RNV 90,274,3,22065,,
,RNV 94,274,3,22828,,
,RNV 95,274,3,11520,,
,RNV 96,274,3,15733,,
,RNV 97,274,3,115,,
,RNV E,274,0,9200,,
,RNV E,274,3,1517,,
,RNV Moonliner 1,274,3,18385,,
,RNV Moonliner 2,274,3,2631,,
,RNV Moonliner 3,274,3,23308,,
,RNV Moonliner 4,274,3,9421,,
,RNV Moonliner 5,274,3,23714,,
,RNV X,274,0,2418,,
,RS-Bahn,204,3,19437,,
,RS1,303,3,12056,,
,RS1,337,3,6489,,
,RS2,337,3,458,,
,RS21,300,3,1277,,
,RS3,303,3,20007,,
,RS3,337,3,13902,,
,RS30,337,3,22835,,
,RS4,303,3,4674,,
,RS4,337,3,15734,,
,RS5,303,3,2314,,
,RS51,303,3,11208,,
,RS7,347,3,14434,,
,RS71,347,3,17762,,
,RT,218,3,23265,,
,RT16,205,3,21483,,
,RT161,205,3,11836,,
,RT163,205,3,12195,,
,RT165,205,3,2115,,
,RT17,205,3,9132,,
,RT202,205,3,23782,,
,RT206,205,3,20565,,
,RT217,205,3,6321,,
,RT225,205,3,13248,,
,RT37,205,3,22483,,
,RT38,205,3,8661,,
,RT380,205,3,16574,,
,RT386,205,3,7042,,
,RT39,205,3,851,,
,RT4,119,3,6195,,
,RT4,205,3,7780,,
,RT6,205,3,19898,,
,RT7,205,3,16177,,
,RT70,205,3,8279,,
,RT753,205,3,2672,,
,RT775,205,3,16944,,
,RT779,205,3,19513,,
,RT780,205,3,3022,,
,RT782,205,3,11209,,
,RT783,205,3,7663,,
,RT828,205,3,22372,,
,RT915,205,3,15212,,
,RT916,205,3,10935,,
,RT917,205,3,12991,,
,RT918,205,3,14315,,
,RT92,205,3,12288,,
,RT922,205,3,1924,,
,RT924,205,3,13233,,
,RT934,205,3,22692,,
,RT935,205,3,19958,,
,RT941,205,3,13980,,
,RT971,205,3,20045,,
,RT982,205,3,15386,,
,RTN99,205,3,22139,,
,RUST,116,3,4533,,
,RVS,197,3,5444,,
,Runde 1,292,3,4886,,
,Runde 2,292,3,8549,,
,Rursee,204,4,19899,,
,S,295,3,19505,,
,S,32,3,21855,,
,S 1,288,3,23533,,
,S 7,288,3,20571,,
,S1,118,3,16894,,
,S1,214,3,16499,,
,S1,222,3,15207,,
,S1,224,3,11073,,
,S1,241,3,20656,,
,S1,277,3,14774,,
,S1,283,3,8392,,
,S1,29,3,1137,,
,S1,304,3,15118,,
,S1,347,3,952,,
,S1,364,3,2572,,
,S1,370,3,21562,,
,S1,96,3,4246,,
,S10,172,3,6128,,
,S10,29,3,22290,,
,S10,300,3,14647,,
,S10,304,3,2816,,
,S11,151,3,5245,,
,S11,172,3,19244,,
,S11,283,3,7144,,
,S11,300,3,21794,,
,S12,283,3,15395,,
,S14,151,3,22500,,
,S15,119,3,6567,,
,S15,151,3,15053,,
,S17,151,3,17832,,
,S18,119,3,1202,,
,S18,151,3,5195,,
,S19,236,3,16541,,
,S19,283,3,11021,,
,S1Bre,300,3,2204,,
,S1E,205,3,4378,,
,S1E,283,3,2473,,
,S1E,300,3,14799,,
,S1X,283,3,14435,,
,S2,119,3,20367,,
,S2,214,3,19148,,
,S2,222,3,22045,,
,S2,241,3,14436,,
,S2,277,3,8311,,
,S2,283,3,1509,,
,S2,29,3,22686,,
,S2,303,3,3500,,
,S2,347,3,12202,,
,S2,364,3,2987,,
,S2,370,3,3724,,
,S2,96,3,22816,,
,S20,172,3,23646,,
,S20,176,3,22594,,
,S21,113,3,13179,,
,S23,283,3,17250,,
,S25,224,3,17384,,
,S28,10,3,22801,,
,S2E,205,3,323,,
,S2E,283,3,18004,,
,S2E,300,3,10837,,
,S2EV,49,3,8181,,
,S3,119,3,10827,,
,S3,214,3,22428,,
,S3,222,3,838,,
,S3,224,3,15534,,
,S3,241,3,18318,,
,S3,283,3,4898,,
,S3,29,3,3863,,
,S3,347,3,23127,,
,S3,364,3,1650,,
,S3,370,3,1587,,
,S3,96,3,1774,,
,S30,113,3,22238,,
,S30,132,3,12428,,
,S30,151,3,12120,,
,S30,172,3,12271,,
,S30,353,3,10189,,
,S31,113,3,21604,,
,S31,151,3,14300,,
,S32,113,3,2156,,
,S32,151,3,678,,
,S33,113,3,10975,,
,S33,119,3,2604,,
,S33,151,3,11852,,
,S33,241,3,23093,,
,S35,140,3,23351,,
,S35,151,3,5128,,
,S35,172,3,8839,,
,S36,151,3,12213,,
,S37,151,3,3574,,
,S38,151,3,5379,,
,S39,151,3,7678,,
,S3E,205,3,17460,,
,S3E,283,3,5180,,
,S3E,300,3,23394,,
,S3N,376,3,4113,,
,S4,214,3,743,,
,S4,222,3,22878,,
,S4,241,3,18847,,
,S4,283,3,3108,,
,S4,29,3,20866,,
,S4,347,3,21005,,
,S4,364,3,18378,,
,S4,370,3,23025,,
,S40,11,3,15931,,
,S40,113,3,14337,,
,S40,132,3,8676,,
,S40,172,3,21091,,
,S40,176,3,14951,,
,S40,34,3,9772,,
,S41,224,3,10290,,
,S41,34,3,22784,,
,S42,224,3,11116,,
,S46,224,3,22004,,
,S47,224,3,20239,,
,S4E,283,3,14697,,
,S4E,300,3,6934,,
,S4N,376,3,9196,,
,S5,119,3,9817,,
,S5,214,3,18440,,
,S5,222,3,13103,,
,S5,241,3,2468,,
,S5,283,3,9783,,
,S5,29,3,14780,,
,S5,303,3,1987,,
,S5,347,3,13609,,
,S5,364,3,11791,,
,S5,370,3,12613,,
,S50,151,3,6047,,
,S50,172,3,9439,,
,S5E,205,3,17174,,
,S5E,283,3,11254,,
,S5E,300,3,5210,,
,S5EV,49,3,11308,,
,S5K,283,3,8434,,
,S5N,376,3,1957,,
,S6,222,3,7898,,
,S6,241,3,16269,,
,S6,283,3,12531,,
,S6,29,3,19740,,
,S6,364,3,15974,,
,S60,132,3,17047,,
,S60,172,3,1539,,
,S60,314,3,2852,,
,S60,360,3,15124,,
,S60E,300,3,20825,,
,S61,300,3,3643,,
,S63,151,3,16602,,
,S65,360,3,16870,,
,S68,283,3,16148,,
,S6E,205,3,16676,,
,S6E,283,3,18379,,
,S6E,300,3,9556,,
,S6X,283,3,18579,,
,S7,209,3,11630,,
,S7,214,3,23384,,
,S7,222,3,13342,,
,S7,224,3,13859,,
,S7,241,3,17038,,
,S7,29,3,15102,,
,S7,364,3,22405,,
,S7,62,3,22449,,
,S70,172,3,16028,,
,S71,172,3,3566,,
,S73,119,3,8139,,
,S75,151,3,13214,,
,S75,172,3,14800,,
,S8,222,3,3052,,
,S8,283,3,4225,,
,S8,29,3,21955,,
,S8,364,3,11736,,
,S80,132,3,17497,,
,S80,151,3,19698,,
,S85,132,3,13165,,
,S87,132,3,17175,,
,S8A,283,3,10674,,
,S8E,283,3,19983,,
,S8X,283,3,2299,,
,S9,224,3,22051,,
,S9,241,3,7572,,
,S9,283,3,4863,,
,S9,29,3,1012,,
,S90,132,3,10540,,
,S90,172,3,18723,,
,S90,294,3,21414,,
,S91,172,3,14920,,
,S95,353,3,28,,
,S9X,283,3,15396,,
,SB 40,101,3,14206,,
,SB1,149,3,12230,,
,SB1,172,3,2467,,
,SB1,230,3,11881,6FBC85,FFFFFF
,SB1,370,3,22140,,
,SB10,322,3,11221,,
,SB15,373,3,10772,4C76BA,FFFFFF
,SB15,75,3,7618,,
,SB16,111,3,1593,,
,SB16,86,3,6267,,
,SB18,111,3,22587,,
,SB19,111,3,16433,,
,SB19,177,3,11997,,
,SB20,373,3,22848,8BADDC,FFFFFF
,SB20,381,3,2173,,
,SB20,86,3,2514,,
,SB21,381,3,7853,,
,SB22,381,3,2633,,
,SB22,86,3,11607,,
,SB23,153,3,13715,,
,SB23,381,3,5117,,
,SB24,381,3,9531,,
,SB24,86,3,16907,,
,SB24E,86,3,11204,,
,SB25,381,3,15899,,
,SB25,86,3,22099,,
,SB25E,86,3,10616,,
,SB26,381,3,809,,
,SB26,86,3,18224,,
,SB26E,86,3,1036,,
,SB27,86,3,19628,,
,SB28,111,3,236,,
,SB29,111,3,8442,,
,SB3,111,3,14561,,
,SB3,230,3,14562,D995BD,FFFFFF
,SB30,322,3,9872,,
,SB33,153,3,2162,,
,SB35,373,3,16136,D995BD,FFFFFF
,SB36,86,3,1751,,
,SB36,91,3,12244,,
,SB36E,86,3,336,,
,SB37,338,3,178,,
,SB37,91,3,12354,,
,SB38,111,3,18392,,
,SB38,338,3,21531,,
,SB38,373,3,23111,B90276,FFFFFF
,SB4,149,3,2213,,
,SB4,230,3,4196,,
,SB40,381,3,3691,,
,SB41,322,3,10828,,
,SB42,322,3,8715,,
,SB42,381,3,19649,,
,SB46,111,3,3044,,
,SB49,86,3,15917,,
,SB5,230,3,14338,D995BD,FFFFFF
,SB5,370,3,17343,,
,SB50,177,3,12883,,
,SB51,177,3,4102,,
,SB51,381,3,19536,,
,SB52,177,3,753,,
,SB52,381,3,12811,,
,SB53,177,3,8003,,
,SB53,366,3,852,,
,SB53,381,3,4975,,
,SB54,381,3,10405,,
,SB55,177,3,2108,,
,SB56,381,3,8088,,
,SB57,177,3,9440,,
,SB58,322,3,16047,,
,SB59,153,3,18250,,
,SB60,381,3,5913,,
,SB63,9,3,5286,,
,SB66,111,3,7213,,
,SB66,9,3,16592,,
,SB67,338,3,21990,,
,SB68,177,3,15048,,
,SB69,363,3,9422,,
,SB69,381,3,17385,,
,SB7,111,3,11744,,
,SB70,322,3,14045,,
,SB70,373,3,20632,B90276,FFFFFF
,SB71,9,3,16772,,
,SB8,230,3,11909,F3953F,FFFFFF
,SB8,373,3,9348,F3953F,FFFFFF
,SB80,322,3,13032,,
,SB81,149,3,23051,,
,SB81,230,3,23663,009640,FFFFFF
,SB81,381,3,11637,,
,SB82,381,3,13309,,
,SB83,149,3,16728,,
,SB84,102,3,13218,,
,SB85,111,3,6867,,
,SB86,111,3,1686,,
,SB86,373,3,9717,009640,FFFFFF
,SB87,111,3,19047,,
,SB87,371,3,23632,,
,SB88,102,3,10146,,
,SB88,9,3,2122,,
,SB9,370,3,221,,
,SB90,305,3,13829,,
,SB91,305,3,11134,,
,SB91,381,3,18454,,
,SB91,86,3,18023,,
,SB91E,86,3,12355,,
,SB92,305,3,16029,,
,SB92,381,3,14339,,
,SB93,305,3,502,,
,SB93,381,3,13497,,
,SB94,305,3,7610,,
,SB95,373,3,13992,F3953F,FFFFFF
,SB97,305,3,5924,,
,SB98,305,3,17011,,
,SBF,34,3,13121,,
,SC1,132,3,18134,,
,SC2,132,3,16476,,
,SCH,124,4,22954,,
,SCH,13,4,4582,,
,SCH,136,4,14107,,
,SCH,190,4,10791,,
,SCH,215,4,20449,,
,SCH,219,4,20323,,
,SCH,251,4,11804,,
,SCH,276,4,8908,,
,SCH,283,4,9402,,
,SCH,290,4,7067,,
,SCH,375,4,19618,,
,SCH,89,4,357,,
,SEV,119,3,4733,,
,SEV,318,3,18508,,
,SEV,5,3,10944,,
,SEV 101,75,3,14575,,
,SEV 106,75,3,23753,,
,SEV 109,75,3,13544,,
,SEV 14,266,3,3738,,
,SEV 15,266,3,16359,,
,SEV 3,119,3,3330,,
,SEV 721,181,3,5712,,
,SEV 903,101,3,12107,,
,SEV U18,213,3,19229,,
,SEV U79,101,3,6560,,
,SEV1,300,3,16617,,
,SEV1,7,3,12655,,
,SEV11,210,3,1024,,
,SEV14,210,3,3034,,
,SEV18,205,3,1491,,
,SEV2,7,3,14297,,
,SEV3,210,3,18284,,
,SEV3,300,3,18073,,
,SEV4,210,3,20800,,
,SEV50,274,3,18109,,
,SEV53,274,3,18560,,
,SEV8,210,3,18196,,
,SEVS1,317,3,3428,,
,SHTL,53,3,14563,,
,SJ1,271,3,17012,,
,SJ2,271,3,10230,,
,SL,29,3,21629,,
,SL1,322,3,12272,,
,SL10,322,3,12127,,
,SL11,322,3,127,,
,SL12,322,3,12128,,
,SL13,322,3,23783,,
,SL14,322,3,16629,,
,SL15,322,3,12043,,
,SL16,322,3,13180,,
,SL17,322,3,14666,,
,SL18,322,3,13485,,
,SL2,322,3,15992,,
,SL3,322,3,10738,,
,SL4,322,3,23426,,
,SL40,322,3,15832,,
,SL42,322,3,22516,,
,SL5,322,3,16644,,
,SL6,322,3,2605,,
,SL61,322,3,12832,,
,SL62,322,3,20633,,
,SL63,322,3,2339,,
,SL64,322,3,4583,,
,SL65,322,3,20759,,
,SL66,322,3,23077,,
,SL67,322,3,4770,,
,SL68,322,3,3349,,
,SL7,322,3,16773,,
,SL8,322,3,20315,,
,SL9,322,3,2606,,
,STL 1/2,313,3,13795,,
,SV01,172,3,11357,,
,SV02,172,3,2717,,
,SV03,172,3,17949,,
,SV04,172,3,15540,,
,SV05,172,3,10082,,
,SV06,172,3,7091,,
,SV08,172,3,17819,,
,SV1,205,3,20336,,
,SV10,172,3,20343,,
,SV19,172,3,915,,
,SV2,205,3,14968,,
,SV21,172,3,20381,,
,SV22,172,3,308,,
,SV3,205,3,21761,,
,SV30,172,3,17261,,
,SV31,172,3,3651,,
,SV39,172,3,2754,,
,SV4,205,3,10976,,
,SV5,172,3,2035,,
,SV5,205,3,21673,,
,SV7,205,3,4966,,
,SW,119,3,106,,
,SW1,322,3,16949,,
,SWK 101,274,3,13586,,
,SWK 102,274,3,6568,,
,SWK 103,274,3,12394,,
,SWK 104,274,3,11638,,
,SWK 105,274,3,22141,,
,SWK 106,274,3,11366,,
,SWK 107,274,3,734,,
,SWK 108,274,3,8527,,
,SWK 109,274,3,15604,,
,SWK 111,274,3,293,,
,SWK 112,274,3,20528,,
,SWK 113,274,3,5560,,
,SWK 114,274,3,1961,,
,SWK 115,274,3,22872,,
,SWK 117,274,3,9080,,
,SWK N1 / 121,274,3,3853,,
,SWK N10 / 129,274,3,10367,,
,SWK N12 / 128,274,3,6621,,
,SWK N2 / 122,274,3,7074,,
,SWK N3 / 123,274,3,8111,,
,SWK N4 / 124,274,3,5864,,
,SWK N40 / 125,274,3,22857,,
,SWK N6 / 126,274,3,16810,,
,SWK N7 / 127,274,3,19262,,
,SWPS 201,274,3,14247,,
,SWPS 2011,274,3,17447,,
,SWPS 2012,274,3,15455,,
,SWPS 2013,274,3,7821,,
,SWPS 202,274,3,13249,,
,SWPS 203,274,3,10554,,
,SWPS 204,274,3,15771,,
,SWPS 205,274,3,21635,,
,SWPS 206,274,3,7199,,
,SWPS 207,274,3,19919,,
,SWPS 208,274,3,6422,,
,SWPS 209,274,3,5655,,
,SWPS 210,274,3,2597,,
,SWPS 211,274,3,10208,,
,SWPS 212,274,3,22406,,
,SalzeBus,333,3,18485,,
,Schwebebahn,207,7,83,,
,Seilbahn,24,7,14248,,
,Sk1,132,3,4615,,
,Sk2,132,3,7813,,
,Sk3,132,3,23202,,
,SkyLine Bahn,355,7,16076,,
,SkyT,177,7,19168,,
,Standseilbahn,207,7,21334,,
,Starnberger See,191,4,11135,,
,Sv120,207,3,21548,,
,Sv121,207,3,19850,,
,Sv123,207,3,4482,,
,Sv124,207,3,9947,,
,Sv125,207,3,21641,,
,Sv140,207,3,20426,,
,Sv152,207,3,21732,,
,Sv170,207,3,12850,,
,Sv180,207,3,11737,,
,Sv190,207,3,15369,,
,Sv191,207,3,7502,,
,Sv210,207,3,1811,,
,Sv230,207,3,8523,,
,Sv232,207,3,21170,,
,Sv234,207,3,15074,,
,Sv250,207,3,1060,,
,Sv252,207,3,20988,,
,Sv254,207,3,18337,,
,Sv256,207,3,15568,,
,Sv270,207,3,23556,,
,Sv280,207,3,9164,,
,Sv290,207,3,18005,,
,Sv310,207,3,11805,,
,Sv313,207,3,15709,,
,T (Sebnitz),207,3,535,,
,T1,119,3,16068,,
,T1,172,3,10412,,
,T1,186,3,13895,,
,T1,213,3,2163,,
,T1.1,75,3,22989,,
,T1.2,75,3,4167,,
,T10,172,3,15426,,
,T10.1,75,3,5523,,
,T10.2,75,3,12584,,
,T11,172,3,337,,
,T11,213,3,20626,,
,T11,54,3,10541,,
,T11.1,75,3,19639,,
,T11.2,75,3,16711,,
,T11.3,75,3,2859,,
,T114,172,3,9174,,
,T12,172,3,11724,,
,T12,54,3,12358,,
,T12.1,75,3,11358,,
,T13,172,3,13301,,
,T13,54,3,5845,,
,T138,172,3,21774,,
,T14,172,3,19737,,
,T14,54,3,18329,,
,T15,172,3,14181,,
,T15,54,3,5550,,
,T15.1,75,3,15293,,
,T16,54,3,19338,,
,T17,172,3,8524,,
,T18,172,3,10329,,
,T19,172,3,21417,,
,T192,172,3,22849,,
,T194,172,3,240,,
,T195,172,3,17052,,
,T2,119,3,9133,,
,T2,172,3,13981,,
,T2,186,3,2915,,
,T2,213,3,870,,
,T2.1,75,3,562,,
,T20,172,3,14472,,
,T20,278,3,8148,,
,T20,54,3,4279,,
,T21,54,3,9138,,
,T22,172,3,5953,,
,T22,54,3,20522,,
,T23,172,3,2620,,
,T24,172,3,7728,,
,T24,278,3,13472,,
,T26,172,3,2504,,
,T26,278,3,1390,,
,T27,172,3,6920,,
,T28,172,3,8834,,
,T29,172,3,11801,,
,T3,119,3,15086,,
,T3,172,3,22418,,
,T3,186,3,19613,,
,T3,213,3,22565,,
,T3,382,3,20462,,
,T3.1,75,3,8303,,
,T30,172,3,4004,,
,T31,172,3,4915,,
,T31,54,3,1864,,
,T313,172,3,20535,,
,T317,172,3,14473,,
,T32,172,3,21481,,
,T324,172,3,13610,,
,T33,172,3,16414,,
,T35,172,3,20572,,
,T36,172,3,4734,,
,T37,172,3,19978,,
,T38,172,3,2271,,
,T39,172,3,6806,,
,T390,172,3,16116,,
,T4,119,3,5133,,
,T4,172,3,21396,,
,T4,186,3,15673,,
,T4,213,3,7128,,
,T4,382,3,10166,,
,T4.1,75,3,14399,,
,T40,172,3,5656,,
,T41,172,3,20249,,
,T43,172,3,22785,,
,T44,172,3,1665,,
,T45,172,3,13513,,
,T46,172,3,13110,,
,T46,278,3,12089,,
,T47,172,3,10178,,
,T470,172,3,21756,,
,T48,172,3,5149,,
,T49,172,3,19971,,
,T5,172,3,994,,
,T5,213,3,12144,,
,T5.1,75,3,961,,
,T50,172,3,21363,,
,T51,172,3,8949,,
,T52,172,3,10253,,
,T53,172,3,1173,,
,T54,172,3,4931,,
,T541,172,3,16516,,
,T55,172,3,2002,,
,T56,172,3,12311,,
,T57,172,3,16965,,
,T59,172,3,4307,,
,T5N,172,3,19037,,
,T6,172,3,20789,,
,T6,213,3,8393,,
,T6,382,3,18330,,
,T6.1,75,3,96,,
,T6.2,75,3,20613,,
,T6.3,75,3,23030,,
,T60,172,3,18795,,
,T61,172,3,21401,,
,T620,172,3,16062,,
,T63,172,3,2825,,
,T64,172,3,214,,
,T643,172,3,14915,,
,T65,172,3,16289,,
,T650,381,3,1168,,
,T651,381,3,6180,,
,T652,381,3,4096,,
,T66,172,3,15450,,
,T67,172,3,22407,,
,T7,172,3,20588,,
,T7,213,3,22942,,
,T7.1,75,3,20837,,
,T7.2,75,3,14670,,
,T73,172,3,14136,,
,T75,172,3,8009,,
,T79,172,3,22525,,
,T7A,172,3,5337,,
,T8,172,3,10276,,
,T8,213,3,7449,,
,T8.1,75,3,19466,,
,T8.2,75,3,7221,,
,T80,172,3,21261,,
,T81,172,3,14461,,
,T81,359,3,18227,,
,T82,172,3,17139,,
,T83,172,3,14286,,
,T84,172,3,23378,,
,T85,172,3,8889,,
,T86,172,3,22625,,
,T87,172,3,6164,,
,T88,172,3,11541,,
,T89,172,3,22501,,
,T9,172,3,20785,,
,T9,213,3,12746,,
,T9,382,3,13126,,
,T91,172,3,20667,,
,T93,172,3,9835,,
,TB1,115,3,18433,,
,TB10,363,3,22127,,
,TB19,363,3,18370,,
,TB205,86,3,15849,,
,TB206,86,3,15649,,
,TB207,86,3,940,,
,TB209,86,3,18985,,
,TB216,86,3,16415,,
,TB217,86,3,13349,,
,TB219,86,3,19467,,
,TB220,86,3,18836,,
,TB221,86,3,18717,,
,TB222,86,3,17013,,
,TB223,86,3,18883,,
,TB225,86,3,20122,,
,TB226,86,3,839,,
,TB227,86,3,21262,,
,TB228,86,3,18516,,
,TB229,86,3,18801,,
,TB231,86,3,18161,,
,TB234,86,3,13101,,
,TB236,86,3,17077,,
,TB241,86,3,17851,,
,TB245,86,3,16630,,
,TB247,86,3,191,,
,TB248,86,3,19192,,
,TB251,86,3,15975,,
,TB252,86,3,15556,,
,TB253,86,3,4280,,
,TB254,86,3,9668,,
,TB256,86,3,11198,,
,TB261,86,3,5646,,
,TB262,86,3,20909,,
,TB265,86,3,266,,
,TB266,86,3,5986,,
,TB267,86,3,968,,
,TB268,86,3,11824,,
,TB269,86,3,20851,,
,TB271,86,3,23747,,
,TB272,86,3,11547,,
,TB273,86,3,19838,,
,TB275,86,3,19972,,
,TB276,86,3,16652,,
,TB277,86,3,10149,,
,TB278,86,3,14512,,
,TB279,86,3,19489,,
,TB280,86,3,5798,,
,TB281,86,3,2028,,
,TB282,86,3,12447,,
,TB283,86,3,4385,,
,TB284,86,3,17969,,
,TB285,86,3,8063,,
,TB286,86,3,23484,,
,TB288,86,3,16877,,
,TB292,86,3,19767,,
,TB294,86,3,16917,,
,TB294A,86,3,23014,,
,TB296,86,3,14388,,
,TB298,86,3,15022,,
,TB4,115,3,19537,,
,TB52,338,3,2954,,
,TB560,338,3,6921,,
,TB609,363,3,2164,,
,TB629,363,3,22298,,
,TB639,363,3,9964,,
,TB644,363,3,14171,,
,TB648,363,3,20285,,
,TB683,168,3,1196,,
,TB684,168,3,22436,,
,TB690,168,3,16829,,
,TB691,168,3,17579,,
,TB694,168,3,10548,,
,TB695,168,3,17004,,
,TB696,168,3,13519,,
,TB698,168,3,10646,,
,TB850,366,3,22664,,
,TB88,102,3,16184,,
,Tegernsee Schifffahrt,202,4,7553,,
,Tegernsee-Schifffahrt,202,4,16338,,
,Tiguan,45,3,23670,,
,Touran,45,3,10463,,
,U,78,3,17975,,
,U1,100,1,18050,,
,U1,147,1,2589,,
,U1,205,1,4743,,
,U1,216,1,9001,,
,U1,318,1,19671,,
,U1,46,1,694,,
,U11,75,1,5171,,
,U11,75,3,2962,,
,U12,205,1,1555,,
,U12,46,1,20555,,
,U13,205,1,5070,,
,U13E,205,3,17868,,
,U14,205,1,21549,,
,U15,205,1,13068,,
,U16,205,1,128,,
,U17,75,1,19490,,
,U17,75,3,4812,,
,U18,213,1,11563,,
,U18,75,1,10057,,
,U19,205,1,22262,,
,U2,100,1,22626,,
,U2,147,1,466,,
,U2,205,1,22268,,
,U2,216,1,18647,,
,U2,318,1,13127,,
,U2,46,1,18624,,
,U2,46,3,21985,,
,U28,283,3,5246,,
,U2X,161,3,9081,,
,U3,100,1,7657,,
,U3,147,1,18214,,
,U3,205,1,7858,,
,U3,216,1,18162,,
,U3,318,1,5134,,
,U3,46,1,14428,,
,U35,91,1,4522,,
,U35E,91,3,5700,,
,U4,100,1,14921,,
,U4,205,1,14895,,
,U4,216,1,8196,,
,U4,318,1,18296,,
,U4,46,1,11443,,
,U41,73,1,17623,,
,U42,73,1,5359,,
,U43,73,1,13850,,
,U44,73,1,6241,,
,U45,73,1,21283,,
,U46,73,1,7746,,
,U47,73,1,1692,,
,U49,73,1,22644,,
,U4E,205,3,4752,,
,U5,100,1,6978,,
,U5,205,1,5435,,
,U5,318,1,14079,,
,U5,46,1,9304,,
,U5,46,3,18740,,
,U6,100,1,1540,,
,U6,100,3,5575,,
,U6,205,1,107,,
,U6,318,1,19253,,
,U6,46,1,7474,,
,U6,46,3,7347,,
,U7,100,1,14164,,
,U7,205,1,11890,,
,U7,318,1,20560,,
,U7,46,1,5064,,
,U7,46,3,23255,,
,U70,177,1,11858,,
,U71,177,0,14170,,
,U72,177,1,4238,,
,U72,177,3,19069,,
,U73,177,1,11467,,
,U73,177,3,22412,,
,U75,177,3,21814,,
,U76,177,1,21698,,
,U76,177,3,15754,,
,U77,177,1,3310,,
,U78,177,1,8071,,
,U79,101,1,1335,,
,U79,177,1,11998,,
,U7E,205,3,19124,,
,U8,100,1,10607,,
,U8,205,1,12468,,
,U8,318,1,20131,,
,U8,46,1,101,,
,U8,46,3,17242,,
,U80,177,3,20,,
,U81,177,1,15802,,
,U83,177,1,4298,,
,U9,205,1,657,,
,U9,318,1,8850,,
,U9,46,1,13914,,
,V,9,3,23184,9D9D9C,
,V,9,3,7959,,
,V01,203,3,4657,,
,V01,242,3,13302,,
,V02,203,3,12029,,
,V03,203,3,21223,,
,V03,242,3,23560,,
,V04,203,3,1781,,
,V04,242,3,7134,,
,V05,203,3,12289,,
,V06,203,3,15697,,
,V07,203,3,116,,
,V07,242,3,23458,,
,V08,203,3,1445,,
,V10,242,3,8995,,
,V11,203,3,3961,,
,V15,203,3,7248,,
,V16,203,3,1962,,
,V17,203,3,9423,,
,V18,203,3,18144,,
,V19,203,3,20432,,
,V20,203,3,21970,,
,V21,203,3,7804,,
,V22,203,3,15860,,
,V23,203,3,8297,,
,V24,203,3,20469,,
,V25,203,3,22805,,
,V27,203,3,7175,,
,V28,203,3,10437,,
,V29,203,3,19540,,
,V30,203,3,13354,,
,V31,203,3,22330,,
,V32,117,3,19428,,
,V32,203,3,20433,,
,V40,203,3,5857,,
,V41,203,3,15346,,
,V42,203,3,3598,,
,V43,203,3,19952,,
,V44,203,3,17234,,
,V45,203,3,17251,,
,V46,203,3,22674,,
,V48,203,3,17275,,
,V49,203,3,20368,,
,V50,203,3,3567,,
,V51,203,3,7466,,
,V52,203,3,3644,,
,V53,203,3,1988,,
,V54,203,3,4171,,
,V55,203,3,19051,,
,V56,203,3,2215,,
,V57,203,3,14922,,
,V58,203,3,16030,,
,V65,203,3,3551,,
,V66,203,3,555,,
,V68,203,3,7716,,
,V81,203,3,18204,,
,V82,203,3,4623,,
,V83,203,3,15006,,
,V86,117,3,10050,,
,V92,117,3,10047,,
,V95,117,3,6368,,
,V96,117,3,1526,,
,VB-11,325,3,3854,,
,VB-12,325,3,22293,,
,VB-13,325,3,1400,,
,VB-15,325,3,8844,,
,VB-16,325,3,378,,
,VB-21,325,3,18718,,
,VB-22,325,3,22910,,
,VB-24,325,3,14291,,
,VB-26,325,3,21843,,
,VB-28,325,3,17235,,
,VB-38,325,3,10096,,
,VB-42,325,3,12956,,
,VB-48,325,3,22955,,
,VB-50,325,3,1114,,
,VB-51,325,3,11083,,
,VB-52,325,3,5253,,
,VB-53,325,3,17316,,
,VB-54,325,3,12342,,
,VB-55,325,3,853,,
,VB-56,325,3,3139,,
,VB-60,325,3,7043,,
,VB-61,325,3,20548,,
,VB-65,325,3,4352,,
,VB-71,325,3,11226,,
,VB-75,325,3,4603,,
,VB-76,325,3,19483,,
,VB-77,325,3,19796,,
,VB-78,325,3,13748,,
,VB-79,325,3,22282,,
,VB-81,325,3,10464,,
,VB-90,325,3,384,,
,VB-91,325,3,6022,,
,VB-92,325,3,11981,,
,VB-93,325,3,2749,,
,VB-94,325,3,3309,,
,VB-95,325,3,11247,,
,VB-96,325,3,7629,,
,VB1,119,3,19844,,
,VLC 520,160,3,14611,,
,VLK61,191,3,16784,,
,VLK62,191,3,11580,,
,VLK64,191,3,4229,,
,VLK65,191,3,18918,,
,VLK66,191,3,17344,,
,VLK68,191,3,10504,,
,VSL37,163,3,6531,,
,W,295,3,13172,,
,W/540,166,3,18802,,
,W1,132,3,6639,,
,W2,132,3,5372,,
,W3,132,3,17187,,
,W4,132,3,14493,,
,WA1,230,3,18380,,
,WB1,191,3,3767,,
,WB3,191,3,16042,,
,WB5,191,3,4624,,
,WB8,191,3,21738,,
,WB9,191,3,12231,,
,WE1,111,3,716,,
,WE1,271,3,2360,,
,WE2,111,3,9974,,
,WE2,271,3,1260,,
,WE3,111,3,22599,,
,WE3,271,3,17386,,
,WE4,111,3,4308,,
,WE4,271,3,6652,,
,WF,32,4,7294,,
,WF4,158,4,13655,,
,WG1,230,3,11608,,
,WU1,9,3,3156,,
,WX,94,3,16871,,
,Wendelsteinbahn,202,7,8102,,
,WÜ1ALT,9,3,19491,,
,X05,111,3,2018,,
,X06,243,3,3189,73D700,FFFFFF
,X1,116,3,23061,,
,X1,127,3,7176,,
,X1,154,3,14378,,
,X1,16,3,21482,,
,X1,42,3,1938,,
,X1,48,3,12775,,
,X10,205,3,3119,,
,X10,46,3,15806,,
,X109,118,3,12164,,
,X11,292,3,21615,,
,X11,376,3,23695,,
,X11,46,3,17593,,
,X12,118,3,4029,,
,X12,34,3,19429,,
,X12,376,3,16159,,
,X13,118,3,16232,,
,X13,186,3,1415,,
,X13,73,3,8760,,
,X13,86,3,15276,,
,X14,118,3,5833,,
,X14,34,3,12546,,
,X14,376,3,23347,,
,X15,133,3,19998,,
,X15,292,3,11602,,
,X15,376,3,1031,,
,X16,205,3,23317,,
,X17,376,3,7664,,
,X18,205,3,20344,,
,X18,376,3,17963,,
,X19,118,3,14977,,
,X19,122,3,11136,,
,X19,205,3,3003,,
,X19,376,3,6247,,
,X2,116,3,8693,,
,X2,154,3,1972,,
,X2,172,3,3757,,
,X2,205,3,2642,,
,X2,353,3,16097,,
,X20,205,3,15435,,
,X200,11,3,15243,,
,X200,191,3,1013,,
,X201,191,3,3023,,
,X202,191,3,10567,,
,X203,191,3,15685,,
,X204,191,3,22817,,
,X205,191,3,23485,,
,X206,191,3,21371,,
,X208,191,3,4005,,
,X21,216,3,6935,,
,X21,46,3,12720,,
,X22,216,3,19619,,
,X25,9,3,2140,,
,X250,7,3,16677,,
,X26,376,3,6050,,
,X27,111,3,18122,,
,X27,216,3,3635,,
,X27,292,3,650,,
,X27,376,3,1216,,
,X273,176,3,5050,,
,X274,176,3,6202,,
,X275,176,3,16820,,
,X276,176,3,1481,,
,X28,111,3,20657,,
,X28,322,3,12395,,
,X3,172,3,11891,,
,X3,216,3,12926,,
,X3,292,3,22022,,
,X3,9,3,20769,,
,X30,100,3,7177,,
,X30,118,3,3678,,
,X30,216,3,10773,,
,X30,369,3,19973,,
,X32,216,3,9134,,
,X32,322,3,1008,,
,X320,191,3,8851,,
,X33,216,3,19741,,
,X33,376,3,13503,,
,X33,46,3,8022,,
,X34,266,3,16648,,
,X34,376,3,3966,,
,X34,46,3,17301,,
,X340,7,3,9975,,
,X35,100,3,9335,,
,X35,216,3,12912,,
,X35,376,3,19614,,
,X35,9,3,6209,,
,X36,100,3,8818,,
,X36,46,3,21709,,
,X365,7,3,986,,
,X37,376,3,9487,,
,X37,46,3,4016,,
,X373,11,3,6441,,
,X38,376,3,8449,,
,X380,191,3,11148,,
,X380,7,3,14498,,
,X381,191,3,4956,,
,X39,376,3,20056,,
,X4,116,3,7642,,
,X4,127,3,821,,
,X40,216,3,21436,,
,X40,376,3,9450,,
,X41,106,3,15579,,
,X41,376,3,12585,,
,X42,305,3,204,,
,X42,86,3,15316,,
,X425,143,3,6196,,
,X43,205,3,5181,,
,X43,48,3,5254,,
,X44,118,3,1999,,
,X44,143,3,15952,,
,X44,266,3,663,,
,X441,118,3,14403,,
,X441,143,3,19013,,
,X45,266,3,19729,,
,X46,205,3,21085,,
,X46,216,3,3609,,
,X460,176,3,18255,,
,X467,176,3,261,,
,X47,9,3,16088,,
,X49,111,3,3393,,
,X49,46,3,20243,,
,X491,11,3,9396,,
,X492,11,3,20589,,
,X492,176,3,6221,,
,X493,11,3,6640,,
,X493,176,3,1882,,
,X5,307,3,6222,,
,X51,172,3,19422,,
,X51,216,3,13818,,
,X51,9,3,7795,,
,X510,176,3,250,,
,X53,318,3,20391,,
,X530,176,3,198,,
,X54,46,3,6669,,
,X57,376,3,2373,,
,X58,318,3,20299,,
,X585,176,3,1290,,
,X6,100,3,21809,,
,X6,186,3,20132,,
,X60,139,3,18074,,
,X60,205,3,4658,,
,X60,369,3,9836,,
,X61,318,3,7165,,
,X610,11,3,20738,,
,X63,197,3,15686,,
,X64,376,3,23276,,
,X66,186,3,11581,,
,X66,216,3,6575,,
,X660,191,3,3807,,
,X68,243,3,73,73D700,FFFFFF
,X69,376,3,21674,,
,X69,46,3,11959,,
,X7,46,3,4771,,
,X71,376,3,9824,,
,X71,46,3,7494,,
,X710,139,3,12434,,
,X72,376,3,19159,,
,X73,9,3,2387,,
,X730,191,3,10668,,
,X731,191,3,13227,,
,X732,191,3,4108,,
,X733,191,3,10254,,
,X74,205,3,5508,,
,X74,376,3,16360,,
,X76,205,3,21335,,
,X76,376,3,19738,,
,X76,46,3,14654,,
,X77,197,3,16200,,
,X77,318,3,11351,,
,X78,197,3,18105,,
,X78,376,3,17509,,
,X79,376,3,16256,,
,X80,100,3,14795,,
,X80,118,3,6482,,
,X80,172,3,9116,,
,X80,216,3,6023,,
,X800,191,3,5344,,
,X81,216,3,14212,,
,X82,205,3,4114,,
,X82,216,3,16106,,
,X83,376,3,22274,,
,X83,46,3,9349,,
,X85,189,3,6774,,
,X850,191,3,15694,,
,X86,216,3,16035,,
,X87,216,3,5869,,
,X89,216,3,15458,,
,X89,376,3,13998,,
,X9,127,3,8491,,
,X9,172,3,5934,,
,X90,118,3,7509,,
,X90,172,3,20910,,
,X90,369,3,20638,,
,X900,191,3,9258,,
,X91,369,3,17993,,
,X91,42,3,14540,,
,X910,191,3,22708,,
,X92,205,3,1446,,
,X92,369,3,18338,,
,X93,205,3,15765,,
,X93,376,3,7615,,
,X93,42,3,5045,,
,X94,376,3,4076,,
,X95,216,3,20222,,
,X95,376,3,19807,,
,X95,42,3,9829,,
,X970,191,3,12797,,
,X99,216,3,6922,,
,X990,191,3,18394,,
,XEVS3,241,3,1601,,
,Z,295,3,6998,,
,Z (Pirna),207,3,2257,,
,Z1,14,3,1148,,
,Z60,118,3,1499,,
,Zusatzbus L1,47,3,18269,,
,Zusatzbus L3,47,3,10381,,
,Zusatzbus L5,47,3,11280,,
,Zusatzbus L7,47,3,15184,,
,Zusatzbus L8,47,3,10977,,
,Zusatzlinie L2,47,3,15230,,
,Zusatzlinie L4,47,3,15585,,
,Zusatzlinie L6,47,3,2217,,
,Zusatzlinie L9,47,3,14747,,
,Zusatzverkehr,274,3,12666,,
,alita 63,207,3,14667,,
,alita 65,207,3,1329,,
,alita 66,207,3,19307,,
,alita 68,207,3,14383,,
,alita 70,207,3,23056,,
,alita 72,207,3,847,,
,alita 73,207,3,21499,,
,alita 74,207,3,14627,,
,alita 76,207,3,21675,,
,alita 77,207,3,2399,,
,alita 79,207,3,2691,,
,alita 8,207,3,12957,,
,alita 81,207,3,21306,,
,alita 83,207,3,14437,,
,alita 84,207,3,1254,,
,alita 88,207,3,7964,,
,alita 89,207,3,3967,,
,alita 92,207,3,22531,,
,alita 95,207,3,23006,,
,alita 97,207,3,13787,,
,meinKARL,274,3,18423,,
,mv60,106,3,23173,,
,mv62,106,3,21588,,
,mv63,106,3,18711,,
,mv64,106,3,19883,,
,mv65,106,3,608,,
,mv66,106,3,6268,,
,mv67,106,3,6513,,
,mv70,106,3,19216,,
,mv71,106,3,14728,,
,mv72,106,3,7758,,
,mv73,106,3,14808,,
,mv74,106,3,12448,,
,mv75,106,3,6775,,
,mv76,106,3,14444,,
,mv77,106,3,15,,
,mv81,106,3,14062,,
,mv84,106,3,11831,,
,mv86,106,3,22836,,
,n31,95,3,16774,,
,n35,220,3,7178,,
,n61,376,3,5967,,
,n65,376,3,10785,,
,n71,376,3,18339,,
,n72,376,3,20230,,
,n96,376,3,18817,,
,ÜP1,230,3,22309,B90276,FFFFFF
