,stop_name,parent_station,stop_id,stop_lat,stop_lon,location_type,platform_code,utm_x,utm_y,inside_munich
1733,Aberlestraße,518573.0,442097,48.122272,11.543522,,,689279.8309261614,5333019.563606033,True
1734,Aberlestraße,518573.0,508618,48.122562,11.545391,,,689417.8385591875,5333056.394797471,True
1735,Aberlestraße,518573.0,660044,48.122707,11.545112,,,689396.5446287754,5333071.822437866,True
1942,Abtstraße,20630.0,391707,48.184284,11.578934,,,691683.6353227368,5339999.125951394,True
1943,Abtstraße,20630.0,508989,48.184177,11.578574,,,691657.278840882,5339986.336190563,True
4504,Ackermannbogen,61626.0,116512,48.165005,11.556287,,,690071.7646788071,5337800.260407522,True
4505,Ackermannbogen,61626.0,124348,48.165012,11.555065,,,689980.8840602231,5337798.016908792,True
4511,Ackermannstraße,348828.0,267001,48.16816,11.564722,,,690687.1977663846,5338171.792712965,True
4512,Ackermannstraße,348828.0,477779,48.16752,11.564839,,,690698.2700955727,5338100.955407984,True
4513,Ackermannstraße,348828.0,533551,48.168278,11.565162,,,690719.4716234286,5338185.998726605,True
4514,Ackermannstraße,348828.0,539342,48.16829,11.565019,,,690708.7958543287,5338186.977495296,True
5043,Adilostraße,386429.0,211598,48.10638,11.62128,,,695126.0714872319,5331447.702766643,True
5044,Adilostraße,386429.0,277299,48.106255,11.621119,,,695114.5610704415,5331433.402449341,True
5285,Adunistraße,369944.0,457094,48.10967,11.534117,,,688626.1412316957,5331595.918263063,True
5286,Adunistraße,369944.0,629162,48.109295,11.534359,,,688645.5263637374,5331554.835613919,True
5576,Agnes-Bernauer-Platz,20153.0,413393,48.13977,11.496558,,,685722.0384220101,5334849.71969615,True
5577,Agnes-Bernauer-Platz,20153.0,673530,48.139954,11.495534,,,685645.2032572865,5334867.695933639,True
5579,Agnes-Bernauer-Straße,280387.0,1898,48.139145,11.511722,,,686852.2981533012,5334816.999519844,True
5580,Agnes-Bernauer-Straße,280387.0,268025,48.139374,11.510734,,,686777.972723363,5334840.0493003195,True
5581,Agnes-Bernauer-Straße,280387.0,356756,48.139385,11.51165,,,686846.0709147257,5334843.497417509,True
5582,Agnes-Bernauer-Straße,280387.0,72978,48.13932,11.511533,,,686837.6036720725,5334835.989193913,True
7568,Aichacher Straße,546249.0,266000,48.105007,11.518351,,,687469.6527807296,5331039.148435114,True
7569,Aichacher Straße,546249.0,584560,48.104862,11.518432,,,687476.2097148411,5331023.231059532,True
7768,Aidenbachstraße,633258.0,201036,48.09785,11.525143,,,688001.3332599091,5330260.32049731,True
7769,Aidenbachstraße,633258.0,31580,48.09756,11.524307,,,687940.1534433163,5330226.0484872265,True
7770,Aidenbachstraße,633258.0,40439,48.09791,11.525169,,,688003.0499956298,5330267.05220263,True
7771,Aidenbachstraße,633258.0,422160,48.098095,11.524271,,,687935.5224064488,5330285.418411953,True
7772,Aidenbachstraße,633258.0,428271,48.09797,11.524361,,,687942.6784139324,5330271.74623918,True
7773,Aidenbachstraße,633258.0,635483,48.09761,11.524038,,,687919.9448826407,5330230.9482198,True
7774,Aidenbachstraße,633258.0,644964,48.09784,11.523508,,,687879.6495332394,5330255.215138506,True
7775,Aidenbachstraße,633258.0,657371,48.097996,11.523858,,,687905.1370666039,5330273.407152067,True
7913,Aindorferstraße,435414.0,308620,48.13167,11.503035,,,686233.143638257,5333965.175794071,True
7914,Aindorferstraße,435414.0,342911,48.131947,11.502739,,,686210.1198611776,5333995.243890199,True
7915,Aindorferstraße,435414.0,444118,48.13125,11.5029,,,686224.6193434936,5333918.1713427855,True
7916,Aindorferstraße,435414.0,78731,48.1308,11.502783,,,686217.5425798283,5333867.876392887,True
8724,Albrechtstraße,347990.0,54120,48.155663,11.540558,,,688936.6456545887,5336723.238088498,True
8725,Albrechtstraße,347990.0,650219,48.155598,11.540207,,,688910.7830420178,5336715.15148935,True
9665,Allach,8722.0,28498,48.19021,11.467381,,,683371.695235017,5340385.44359204,True
9666,Allach,8722.0,38451,48.190224,11.467605,,,683388.2914319022,5340387.53419517,True
9667,Allach,8722.0,387631,48.189842,11.467498,,,683381.7035430437,5340344.824007256,True
9668,Allach,8722.0,616832,48.190052,11.466923,,,683338.2236347366,5340366.790704352,True
9670,Allach Bf. Ost,398806.0,132125,48.19277,11.468387,,,683437.312425057,5340672.358969135,True
10113,Allescherstraße,370570.0,290838,48.082375,11.520121,,,687683.7941860431,5328528.229590293,True
10114,Allescherstraße,370570.0,389481,48.082718,11.519771,,,687656.4817779374,5328565.495688702,True
10141,Allgäuer Straße,609987.0,158964,48.081684,11.485724,,,685124.76115441,5328368.1173722595,True
10142,Allgäuer Straße,609987.0,270010,48.08208,11.48515,,,685080.5939540912,5328410.746714062,True
10181,Allinger Straße,675021.0,211176,48.16761,11.411039,,,679263.5404067648,5337740.772783414,True
10182,Allinger Straße,675021.0,360139,48.167576,11.410913,,,679254.2913090306,5337736.700198854,True
10465,Alois-Hahn-Weg,46297.0,530209,48.105083,11.661866,,,698152.018573734,5331407.311588962,True
10466,Alois-Hahn-Weg,46297.0,67267,48.10502,11.661651,,,698136.2572754985,5331399.756266387,True
10468,Alois-Wolfmüller-Straße,582001.0,161738,48.193764,11.608282,,,693829.0366289397,5341126.34016842,True
10469,Alois-Wolfmüller-Straße,582001.0,164013,48.193123,11.607725,,,693790.0659954667,5341053.696136317,True
12112,Alte Allee,604284.0,262639,48.163868,11.442722,,,681632.2712775066,5337399.279451018,True
12113,Alte Allee,604284.0,287861,48.163876,11.443764,,,681709.7173431141,5337402.631501114,True
12114,Alte Allee,604284.0,566725,48.16309,11.443576,,,681698.516652408,5337314.832607956,True
12140,Alte Heide,29708.0,238673,48.179737,11.603233,,,693506.6864617552,5339554.696428368,True
12141,Alte Heide,29708.0,297492,48.179886,11.604158,,,693574.8781888395,5339573.585798713,True
12142,Alte Heide,29708.0,462659,48.17863,11.602595,,,693463.4330187825,5339430.061491699,True
12143,Alte Heide,29708.0,473765,48.18006,11.604733,,,693616.9608123091,5339594.3723816825,True
12144,Alte Heide,29708.0,569004,48.17859,11.602694,,,693470.9422026403,5339425.865296525,True
12145,Alte Heide,29708.0,76605,48.17896,11.603143,,,693502.9228002218,5339468.116540373,True
13208,Altenburgstraße,253763.0,195961,48.14757,11.421773,,,680131.7479199355,5335538.658111246,True
13210,Altenburgstraße,253763.0,399194,48.147507,11.42198,,,680147.3641959506,5335532.141450123,True
13386,Altenerding,306765.0,32922,48.292656,11.90098,,,715162.8627043974,5352896.695393531,False
13387,Altenerding,306765.0,609706,48.292744,11.901034,,,715166.4974437399,5352906.626806003,False
14693,Alter Messeplatz,200237.0,368377,48.134636,11.546253,,,689437.5458138343,5334400.380031732,True
14694,Alter Messeplatz,200237.0,61865,48.134476,11.546361,,,689446.1691969056,5334382.864267735,True
16001,Altöttinger Straße,421035.0,21131,48.126705,11.621981,,,695101.2367822904,5333708.3116107145,True
16002,Altöttinger Straße,421035.0,573170,48.12629,11.621631,,,695076.767797123,5333661.302343694,True
16387,Am Ausbesserungswerk,36432.0,207545,48.196934,11.60397,,,693496.6802055448,5341467.773183227,True
16388,Am Ausbesserungswerk,36432.0,452670,48.19689,11.604158,,,693510.8149021956,5341463.356748394,True
16452,Am Blütenanger,142127.0,192509,48.201847,11.506251,,,686218.0500014412,5341772.262062197,True
16453,Am Blütenanger,142127.0,653,48.201687,11.506691,,,686251.3206651984,5341755.546785167,True
16553,Am Durchblick,623754.0,295806,48.16094,11.478179,,,684279.0440319491,5337158.268035743,True
16554,Am Durchblick,623754.0,458257,48.161057,11.478295,,,684287.2499870931,5337171.549256833,True
16665,Am Gasteig,396188.0,256358,48.132862,11.591465,,,692807.6518796473,5334315.603893018,True
16666,Am Gasteig,396188.0,405249,48.132774,11.591528,,,692812.6684425137,5334305.981891245,True
16753,Am Hain,81961.0,352396,48.08317,11.680291,,,699608.335553009,5329019.645020785,True
16754,Am Hain,81961.0,381646,48.08333,11.680201,,,699601.0141357719,5329037.193078117,True
16773,Am Harras,129678.0,227701,48.11746,11.540207,,,689050.8225425303,5332476.621787886,True
16774,Am Harras,129678.0,286514,48.116177,11.540037,,,689042.8807462357,5332333.616005818,True
16775,Am Harras,129678.0,373081,48.1172,11.540189,,,689050.4374180615,5332447.682091777,True
16776,Am Harras,129678.0,49744,48.116924,11.539264,,,688982.6130566262,5332414.735221356,True
16778,Am Hart,162885.0,202088,48.19595,11.571765,,,691107.4207751729,5341277.791398648,True
16779,Am Hart,162885.0,307434,48.19595,11.571864,,,691114.7769017019,5341278.037699206,True
16780,Am Hart,162885.0,344665,48.196915,11.571864,,,691111.1859055304,5341385.28517994,True
16781,Am Hart,162885.0,414602,48.19719,11.571765,,,691102.8066059549,5341415.601636796,True
16782,Am Hart,162885.0,440516,48.19676,11.57172,,,691101.0630498697,5341367.700648586,True
16783,Am Hart,162885.0,458260,48.19704,11.57172,,,691100.0211535291,5341398.819091016,True
16785,Am Hart Süd,331996.0,125077,48.194973,11.572071,,,691133.793781733,5341169.971610478,True
16786,Am Hart Süd,331996.0,254134,48.1951,11.572205,,,691143.2780986461,5341184.419462351,True
16809,Am Hedernfeld,122427.0,97454,48.11988,11.46907,,1,683748.2898162932,5332573.168578546,True
16811,Am Hedernfeld Nord,544334.0,291724,48.121853,11.472196,,1,683973.8625166432,5332799.914959923,True
16859,Am Hochacker,304991.0,290421,48.10546,11.66828,,,698627.9927287202,5331465.751843099,True
16860,Am Hochacker,304991.0,353279,48.105038,11.66731,,,698557.417463421,5331416.348605383,True
16861,Am Hochacker,304991.0,363004,48.10591,11.668361,,,698632.2869593092,5331515.971733463,True
16862,Am Hochacker,304991.0,608586,48.105766,11.667606,,,698576.644307967,5331498.018951707,True
16977,Am Knie,493835.0,140481,48.14535,11.471046,,,683804.3649369788,5335408.556575096,True
16978,Am Knie,493835.0,65407,48.145588,11.470363,,,683752.7146408656,5335433.3746179305,True
16979,Am Knie,493835.0,656090,48.14544,11.471019,,,683802.0352187817,5335418.494393761,True
16980,Am Knie,493835.0,656129,48.145493,11.470723,,,683779.8299995287,5335423.677061278,True
17078,Am Lokschuppen,134133.0,309400,48.140823,11.524801,,,687819.0799137517,5335035.354866836,True
17079,Am Lokschuppen,134133.0,343148,48.140728,11.52287,,,687675.7900534582,5335020.081479052,True
17080,Am Lokschuppen,134133.0,650157,48.140644,11.524918,,,687828.4362470317,5335015.747191337,True
17081,Am Lokschuppen,134133.0,88851,48.14082,11.52357,,,687727.5236288133,5335032.01501213,True
17100,Am Messesee,303187.0,475050,48.13518,11.690181,,,700142.6344304029,5334825.468180368,True
17101,Am Messesee,303187.0,481376,48.135822,11.690334,,,700151.5195156189,5334897.215262598,True
17102,Am Messesee,303187.0,663232,48.135532,11.689669,,,700103.1773395144,5334863.255089949,True
17131,Am Münchfeld,530138.0,407224,48.197323,11.462422,,,682977.8350237133,5341164.145910825,True
17132,Am Münchfeld,530138.0,533198,48.197582,11.46279,,,683004.2556341885,5341193.807357953,True
17134,Am Münchner Tor,192535.0,226855,48.176155,11.588366,,,692415.0687080452,5339119.2692028405,True
17135,Am Münchner Tor,192535.0,399381,48.176125,11.58824,,,692405.8150792138,5339115.619588786,True
17144,Am Neubruch,139419.0,2020,48.194553,11.492264,,1,685205.1711181691,5340927.806499751,True
17723,Am Ährenfeld,235610.0,444501,48.120296,11.478206,,,684426.6558168161,5332641.268661087,True
17724,Am Ährenfeld,235610.0,561630,48.119747,11.478673,,,684463.3738302314,5332581.374407942,True
17725,Am Ährenfeld,235610.0,663174,48.120182,11.478565,,,684453.7789144452,5332629.459966352,True
17731,Amalienburgstraße,519033.0,207429,48.165356,11.494402,,,685469.3848829617,5337688.073843752,True
17732,Amalienburgstraße,519033.0,227291,48.16541,11.494402,,,685469.1900901851,5337694.07527059,True
17733,Amalienburgstraße,519033.0,23411,48.165787,11.494097,,,685445.1538572272,5337735.238141525,True
17734,Amalienburgstraße,519033.0,35850,48.16573,11.494061,,,685442.6828996115,5337728.816437659,True
17735,Amalienburgstraße,519033.0,8743,48.165745,11.4931,,,685371.1798466118,5337728.165180649,True
17750,Amalienstraße,302045.0,601420,48.147747,11.576454,,1,691635.4594258338,5335932.337459127,True
18496,Ammerseestraße,267429.0,155665,48.126163,11.501831,,,686163.4817034679,5333350.229699464,True
18497,Ammerseestraße,267429.0,286966,48.12661,11.502577,,,686217.3716656928,5333401.714025788,True
18498,Ammerseestraße,267429.0,448437,48.124893,11.502828,,,686242.2581011171,5333211.499907358,True
18499,Ammerseestraße,267429.0,654438,48.126087,11.502316,,,686199.8433583858,5333342.9574823,True
18694,Ampfingstraße,621283.0,236955,48.130817,11.616429,,,694672.5937724949,5334151.230755431,True
18695,Ampfingstraße,621283.0,263197,48.13108,11.615253,,,694584.1071528138,5334177.482843541,True
18696,Ampfingstraße,621283.0,567882,48.130142,11.61563,,,694615.7014877426,5334074.191520489,True
18697,Ampfingstraße,621283.0,610688,48.130398,11.615235,,,694585.346051436,5334101.642642902,True
18698,"Ampfingstraße, München",621283.0,88879,48.130367,11.615162,,,694580.0321098256,5334098.012702308,True
18703,Amphionpark,394035.0,317862,48.173485,11.51474,,,686951.9308827036,5338640.78985587,True
18704,Amphionpark,394035.0,575499,48.173405,11.515324,,,686995.6348520068,5338633.319792993,True
18767,Amsterdamer Straße,260285.0,403605,48.16956,11.59937,,1,693257.8223614241,5338413.936793109,True
19121,An der Point,154870.0,211870,48.140865,11.685204,,,699750.3193957047,5335444.328429166,True
19122,An der Point,154870.0,553070,48.140873,11.685627,,,699781.7524818223,5335446.316661177,True
19460,Andernacher Straße,169656.0,411973,48.18563,11.524514,,,687634.1527477789,5340014.379170436,True
19461,Andernacher Straße,169656.0,503684,48.18525,11.524325,,,687621.4940152804,5339971.685340422,True
19545,Andreas-Vöst-Straße,224802.0,143920,48.12143,11.502397,,,686222.7121460021,5332825.589507132,True
19546,Andreas-Vöst-Straße,224802.0,562981,48.121735,11.502757,,,686248.3975446002,5332860.357970664,True
19669,Angerlohstraße,294288.0,528344,48.189034,11.472376,,,683747.0962669959,5340266.679333985,True
19670,Angerlohstraße,294288.0,68670,48.1891,11.472717,,,683772.2015699783,5340274.8300592145,True
19878,Anhalter Platz,91582.0,320394,48.186428,11.56227,,,690437.1994725625,5340195.963706919,True
19879,Anhalter Platz,91582.0,484144,48.186733,11.561982,,,690414.6654049734,5340229.146726561,True
19880,Anhalter Platz,91582.0,58741,48.186974,11.561767,,,690397.7939354818,5340255.3979554465,True
19881,Anhalter Platz,91582.0,92962,48.186596,11.562486,,,690452.6294065418,5340215.170189045,True
20338,Anneliese-Fleyenschmidt-Straße,119863.0,245594,48.10112,11.616923,,,694821.6519835115,5330852.087423104,True
20339,Anneliese-Fleyenschmidt-Straße,119863.0,485811,48.101257,11.616896,,,694819.1241008579,5330867.244593226,True
20342,Annemarie-Renger-Straße,98466.0,110828,48.14493,11.4067,,,679019.8737673735,5335210.047289318,True
20343,Annemarie-Renger-Straße,98466.0,31923,48.144802,11.406457,,,679002.2449129778,5335195.25583891,True
20379,Anni-Albers-Straße,51394.0,432239,48.178894,11.589821,,,692512.9623633935,5339427.317448956,True
20380,Anni-Albers-Straße,51394.0,43322,48.179718,11.589139,,,692459.1839673189,5339517.185697672,True
20381,Anni-Albers-Straße,51394.0,644842,48.17979,11.589291,,,692470.2121025894,5339525.568295344,True
20901,Anton-Ditt-Bogen,88585.0,265391,48.191555,11.582159,,,691896.1591064003,5340815.254535113,True
20902,Anton-Ditt-Bogen,88585.0,610074,48.19192,11.582329,,,691907.4282249302,5340856.244245514,True
20922,Anton-Will-Straße,625584.0,113948,48.205967,11.586506,,,692165.2491008062,5342427.831288442,True
20923,Anton-Will-Straße,625584.0,288808,48.20532,11.585958,,,692126.959545328,5342354.554501907,True
21088,Anzinger Straße,432326.0,283775,48.121147,11.605614,,,693904.3922257528,5333049.222916861,True
21089,Anzinger Straße,432326.0,435516,48.121273,11.605641,,,693905.926882022,5333063.294103774,True
21546,Appenzeller Straße,341649.0,565328,48.093044,11.475412,,2,684316.2078044731,5329605.8730767695,True
21582,Arabellapark,168508.0,102327,48.153316,11.620786,,,694911.501653782,5336662.718910379,True
21583,Arabellapark,168508.0,112147,48.153214,11.620804,,,694913.2267714541,5336651.428667027,True
21584,Arabellapark,168508.0,190157,48.153515,11.622062,,,695005.6378322374,5336688.071381258,True
21585,Arabellapark,168508.0,254325,48.15331,11.620184,,,694866.7562161265,5336660.525759453,True
21586,Arabellapark,168508.0,393903,48.153217,11.619897,,,694845.7655546742,5336649.462549961,True
21587,Arabellapark,168508.0,46128,48.153214,11.62049,,,694889.8758861193,5336650.632489726,True
21588,Arabellapark,168508.0,483860,48.15358,11.622035,,,695003.3835275965,5336695.226732417,True
21590,Arabellapark Nord,601503.0,532794,48.153816,11.620948,,,694921.6540111818,5336718.6977848215,True
21591,Arabellapark Nord,601503.0,626848,48.15355,11.620598,,,694896.6342084156,5336688.248068922,True
21593,Arabellapark/Klinikum Bogenh.,602356.0,123662,48.15389,11.62296,,,695070.9957242724,5336732.026014259,True
21594,Arabellapark/Klinikum Bogenh.,602356.0,22350,48.15361,11.623571,,,695117.4948716603,5336702.45869472,True
21595,Arabellapark/Klinikum Bogenh.,602356.0,274460,48.15379,11.623742,,,695129.5284451451,5336722.897281486,True
21596,Arabellapark/Klinikum Bogenh.,602356.0,626362,48.15371,11.623742,,,695129.8319520857,5336714.006391684,True
21598,Arabellastraße,108117.0,161764,48.153584,11.618576,,,694746.1386391678,5336686.901805379,True
21599,Arabellastraße,108117.0,227373,48.153496,11.618585,,,694747.1411269208,5336677.144624785,True
21600,Arabellastraße,108117.0,328296,48.15397,11.616887,,,694619.0749547249,5336725.522528203,True
21601,Arabellastraße,108117.0,39643,48.15359,11.617022,,,694630.5521655085,5336683.632598292,True
21666,Arcisstraße,276051.0,125436,48.151768,11.570516,,,691178.8817969162,5336364.432208046,True
21667,Arcisstraße,276051.0,574770,48.151733,11.57093,,,691209.8003740958,5336361.572149147,True
23970,Aschenbrennerstraße,62973.0,139982,48.220028,11.560662,,,690193.1940980012,5343926.199144432,True
23971,Aschenbrennerstraße,62973.0,517825,48.219963,11.560716,,,690197.4455710972,5343919.108941394,True
24300,Aschheimer Straße,584980.0,431931,48.121494,11.613124,,,694461.9185875538,5333106.749619284,True
24301,Aschheimer Straße,584980.0,615999,48.120396,11.612612,,,694427.965523121,5332983.428069072,True
24489,Asmarstraße,572755.0,120782,48.172997,11.407194,,,678958.9248832555,5338330.514267735,True
24490,Asmarstraße,572755.0,391650,48.171974,11.407113,,,678956.4648324314,5338216.631019715,True
24734,Astallerstraße,387497.0,300999,48.135483,11.530649,,,688273.6145796685,5334456.187012706,True
24735,Astallerstraße,387497.0,343407,48.135586,11.530335,,,688249.8787256669,5334466.865286956,True
25303,Aubing,158483.0,374857,48.153854,11.413751,,,679513.1797881556,5336218.284928497,True
25304,Aubing,158483.0,644299,48.153793,11.413805,,,679517.4084530995,5336211.631607609,True
25305,"Aubing, München",158483.0,230140,48.15385,11.413957,,,679528.5131948377,5336218.32144827,True
25307,Aubing-Ost-Straße,504805.0,498371,48.155914,11.417704,,,679799.9484285016,5336456.467965843,True
25308,Aubing-Ost-Straße,504805.0,78269,48.15583,11.417713,,,679800.9113392408,5336447.15341802,True
25310,Aubinger Allee,453716.0,192804,48.145985,11.405819,,,678950.6764556101,5335325.246911774,True
25311,Aubinger Allee,453716.0,468464,48.146362,11.405819,,,678949.3652546039,5335367.1459505595,True
25637,Auenbruggerstraße,255787.0,225564,48.181313,11.449594,,,682081.4108249316,5339354.345476417,True
25638,Auenbruggerstraße,255787.0,453611,48.18104,11.449415,,,682069.0736687953,5339323.58059391,True
26012,Auerfeldstraße,588642.0,189226,48.123833,11.596478,,,693214.4811626008,5333324.7393941535,True
26013,Auerfeldstraße,588642.0,627531,48.12351,11.596038,,,693182.9532775633,5333287.737098578,True
26243,Aufhausen,85471.0,529515,48.27508,11.893838,,,714706.9037829675,5350923.369075202,False
26276,Aufhausen(b Erding),85471.0,466558,48.27436,11.89329,,,714669.267421203,5350841.818117994,False
27089,August-Everding-Straße,242835.0,225340,48.1258,11.609755,,,694194.9837287101,5333576.786942377,True
27090,August-Everding-Straße,242835.0,251688,48.12532,11.61024,,,694232.8813096375,5333524.666638557,True
27221,Augustenfelder Straße,389174.0,435079,48.20062,11.443998,,,681597.2165068462,5341486.849175726,True
27238,Augustenstraße,394537.0,205630,48.153206,11.565872,,,690828.1804097187,5336512.707305563,True
27239,Augustenstraße,394537.0,592245,48.153046,11.565953,,,690834.7976983439,5336495.126527306,True
27321,Augustin-Rösch-Straße,205717.0,205142,48.20154,11.564022,,,690511.3433337545,5341879.815163879,True
27322,Augustin-Rösch-Straße,205717.0,472501,48.201344,11.563492,,,690472.6933578211,5341856.717810343,True
27323,Augustin-Rösch-Straße,205717.0,541455,48.20155,11.56439,,,690538.6472503094,5341881.839348272,True
27324,Augustin-Rösch-Straße,205717.0,56951,48.201218,11.563608,,,690481.7791624351,5341843.0021529095,True
27726,Aurbacherstraße,346993.0,100749,48.122417,11.590827,,,692799.3003531186,5333153.188384043,True
27727,Aurbacherstraße,346993.0,407463,48.122395,11.589965,,,692735.2407266825,5333148.582713875,True
27832,Aurikelstraße,19037.0,459392,48.10834,11.491025,,,685423.6090671858,5331343.33621879,True
27833,Aurikelstraße,19037.0,604995,48.108036,11.491043,,,685426.0429813331,5331309.594061656,True
27972,Authariplatz,287568.0,119516,48.09179,11.562414,,,690798.4595652572,5329678.5860012425,True
27973,Authariplatz,287568.0,548531,48.09224,11.562692,,,690817.4922560427,5329729.286501268,True
27975,Autharistraße,544535.0,278436,48.09044,11.56412,,,690930.4802096344,5329532.784670283,True
27976,Autharistraße,544535.0,48073,48.090057,11.562998,,,690848.3573191398,5329487.436131773,True
28084,Avenariusplatz,663991.0,26655,48.142124,11.450106,,,682258.3103137983,5335000.176359381,True
28085,Avenariusplatz,663991.0,59393,48.142063,11.450286,,,682271.9153221913,5334993.823676161,True
28349,Aying,142678.0,44829,47.969257,11.769754,,,706725.665397881,5316596.129955261,False
29989,BMW-FIZ,480671.0,413879,48.19348,11.570759,,,691041.8578970295,5341000.78006896,True
29990,BMW-FIZ,480671.0,66212,48.193565,11.570534,,,691024.8224938281,5341009.667210644,True
30561,Baaderstraße,664853.0,48653,48.129917,11.578386,,,691845.6079103727,5333955.594690933,True
30562,Baaderstraße,664853.0,640653,48.13007,11.57844,,,691849.0552936754,5333972.733253259,True
33337,Bad Forstenried,302098.0,137372,48.08695,11.499801,,,686154.0649259415,5328987.319730839,True
33338,Bad Forstenried,302098.0,511886,48.087055,11.499271,,,686114.2207620767,5328997.70702277,True
36183,Bad Maria Einsiedel,373178.0,39449,48.096764,11.547097,,1,689639.728246178,5330193.507160805,True
41081,Bad-Schachener-Straße,183868.0,35660,48.11992,11.624676,,,695327.4941684452,5332961.097381662,True
41082,Bad-Schachener-Straße,183868.0,427180,48.11985,11.624173,,,695290.3293777985,5332952.0404819455,True
41860,"Bahnhof (S), Ebersberg (Oberbayern)",71208.0,222728,48.075214,11.96981,,,721201.7463718493,5328927.131791001,False
41861,"Bahnhof (S), Grafing b. München",667024.0,227974,48.04353,11.940987,,,719189.6693078412,5325323.585253849,False
42062,"Bahnhof Südseite, Eching (Kreis Freising)",464632.0,658452,48.302372,11.615773,,,693974.2735338727,5353215.706952544,False
42309,"Bahnhof, Feldkirchen (Kreis München)",315716.0,74871,48.151012,11.731364,,,703143.774554529,5336692.982333797,False
42334,"Bahnhof, Fürstenfeldbruck",375391.0,34989,48.172394,11.262757,,,668223.596267695,5337937.249579599,False
42344,"Bahnhof, Gauting",251190.0,149305,48.07014,11.37618,,,677006.5720552882,5326827.447335264,False
42381,"Bahnhof, Gräfelfing",538046.0,72785,48.119987,11.427383,,,680645.7683112064,5332486.308114044,False
42391,"Bahnhof, Hallbergmoos",179506.0,148182,48.308895,11.714003,,,701232.307521083,5354193.790096184,False
42459,"Bahnhof, Ismaning",561876.0,1924,48.226074,11.679108,,,698966.6249920148,5344898.297368967,False
42460,"Bahnhof, Ismaning",561876.0,461763,48.226315,11.679156,,,698969.2547552097,5344925.205701309,False
42566,"Bahnhof, Maisach",10022.0,581113,48.214767,11.257457,,,667691.2128783031,5342635.001439077,False
42639,"Bahnhof, Neubiberg",560248.0,297515,48.07663,11.6601,,,698129.9009677008,5328240.645256686,False
42640,"Bahnhof, Neubiberg",560248.0,450090,48.076664,11.659957,,,698119.1202251158,5328244.055680298,False
42667,"Bahnhof, Oberschleißheim",3139.0,350653,48.258556,11.557755,,,689834.6119399306,5348200.931335104,False
42674,"Bahnhof, Olching",388258.0,452315,48.209927,11.334158,,,673404.8153979058,5342267.397271937,False
42690,"Bahnhof, Ottobrunn",655702.0,478011,48.063046,11.680551,,,699705.599913413,5326783.852106382,False
42691,"Bahnhof, Ottobrunn",655702.0,536499,48.06301,11.679985,,,699663.5745245876,5326778.382937384,False
42705,"Bahnhof, Planegg",515113.0,253656,48.10519,11.414906,,,679768.9208125339,5330812.57835456,False
42854,"Bahnhof, Unterschleißheim",620722.0,95810,48.272736,11.567757,,,690524.1565413016,5349801.663846116,False
43103,Bahnstraße,212244.0,286241,48.115833,11.694834,,,700564.1351335087,5332687.462357653,True
43104,Bahnstraße,212244.0,595332,48.11516,11.695724,,,700632.9902810941,5332614.989973012,True
43261,Baierbrunner Straße,497699.0,102914,48.09233,11.530137,,,688393.2947761497,5329659.064667401,True
43262,Baierbrunner Straße,497699.0,160193,48.09236,11.529949,,,688379.187686673,5329661.938449694,True
43476,Bajuwarenstraße,399024.0,19857,48.123264,11.666232,,,698406.9525026134,5333439.114917694,True
43477,Bajuwarenstraße,399024.0,340633,48.123642,11.667427,,,698494.4138861984,5333484.207887051,True
43478,Bajuwarenstraße,399024.0,45642,48.12352,11.667346,,,698488.8571335623,5333470.440314082,True
43479,Bajuwarenstraße,399024.0,607155,48.123245,11.666394,,,698419.0799695664,5333437.421329005,True
43532,Balanstraße,137107.0,275322,48.109074,11.604149,,,693840.8109236059,5331703.788688027,True
43533,Balanstraße,137107.0,387015,48.108536,11.604814,,,693892.3316843489,5331645.67376866,True
43534,Balanstraße,137107.0,622298,48.10821,11.603934,,,693828.0592885404,5331607.225727806,True
43535,Balanstraße,137107.0,623237,48.10854,11.603314,,,693780.670680721,5331642.338368529,True
43557,Baldeplatz,582643.0,162425,48.12378,11.567022,,,691022.8966186811,5333245.262228497,True
43558,Baldeplatz,582643.0,248005,48.122814,11.56695,,,691021.1228902377,5333137.725822563,True
43559,Baldeplatz,582643.0,307781,48.123238,11.567022,,,691024.9074157847,5333185.026408839,True
43560,Baldeplatz,582643.0,395908,48.123425,11.567076,,,691028.2317596001,5333205.94301138,True
44876,Barbarastraße,557160.0,500273,48.16138,11.557599,,,690182.7184172694,5337400.634721898,True
44877,Barbarastraße,557160.0,587551,48.161472,11.557599,,,690182.378151974,5337410.85931468,True
45667,Barlachstraße,4355.0,365520,48.17752,11.575736,,1,691471.1584583125,5339239.4215216935,True
46349,Barthstraße,34927.0,329391,48.140274,11.530011,,,688208.6305802721,5334987.081276844,True
46350,Barthstraße,34927.0,426978,48.14032,11.530443,,,688240.5967113521,5334993.251164094,True
46633,Basler Straße,304720.0,606075,48.09122,11.49115,,,685494.5251163287,5329440.980153302,True
46728,Bastian-Schmid-Platz,164476.0,439345,48.085052,11.513168,,,687156.294236612,5328808.806750782,True
46729,Bastian-Schmid-Platz,164476.0,541488,48.08514,11.513321,,,687167.367962298,5328818.958852876,True
46766,Batschkastraße,461444.0,377615,48.114147,11.667166,,,698511.5925536727,5332428.305836367,True
46767,Batschkastraße,461444.0,53848,48.114883,11.667535,,,698536.2171439212,5332511.053737195,True
46894,Baubergerstraße,277884.0,163971,48.177097,11.506008,,,686289.725954023,5339021.012304166,True
46895,Baubergerstraße,277884.0,251906,48.176556,11.505559,,,686258.3114983301,5338959.798428861,True
47104,Baumgartnerstraße,501562.0,173493,48.126682,11.535761,,,688686.1641132545,5333490.6035465365,True
47105,Baumgartnerstraße,501562.0,229320,48.12594,11.535554,,,688673.4814424032,5333407.632356679,True
47106,Baumgartnerstraße,501562.0,367958,48.125732,11.536165,,,688719.7058541155,5333386.015185321,True
47143,Baumkirchner Platz,631685.0,38191,48.13092,11.632051,,,695834.4516962062,5334202.34658805,True
47144,Baumkirchner Platz,631685.0,474042,48.130962,11.631862,,,695820.2306832897,5334206.532947842,True
47146,Baumkirchner Straße,134191.0,303489,48.128506,11.629985,,,695689.9219263014,5333928.80528021,True
47147,Baumkirchner Straße,134191.0,580984,48.127914,11.631629,,,695814.4899148515,5333867.198069099,True
47148,Baumkirchner Straße,134191.0,643208,48.128407,11.629994,,,695690.9678761804,5333917.825752551,True
47149,Baumkirchner Straße,134191.0,64489,48.12833,11.631045,,,695769.4569037103,5333911.943523183,True
47491,Bauseweinallee,280971.0,451805,48.174854,11.47278,,1,683827.8400328499,5338691.708856761,True
47882,Bayerischer Rundfunk,181066.0,65760,48.19011,11.627443,,1,695266.727012171,5340768.77204915,True
47904,Bayerwaldstraße,494478.0,540055,48.088303,11.628134,,,695704.874538953,5329456.120558259,True
47905,Bayerwaldstraße,494478.0,624152,48.088604,11.628296,,,695715.7942675287,5329489.984271598,True
49969,Beethovenplatz,568650.0,313303,48.133133,11.557967,,,690314.5451019857,5334262.268323573,True
49970,Beethovenplatz,568650.0,86765,48.133217,11.558075,,,690322.2692025404,5334271.871097419,True
51093,Bellinzonastraße,534278.0,379606,48.093582,11.481152,,,684741.6445628039,5329679.430482976,True
51094,Bellinzonastraße,534278.0,426884,48.093235,11.481278,,,684752.2693618655,5329641.168648242,True
51332,Benderstraße,49179.0,248512,48.172382,11.46456,,1,683225.6136673198,5338397.344903306,True
51557,Benedikterstraße,661600.0,609841,48.14038,11.468845,,,683658.3964658709,5334850.943897894,True
51558,Benedikterstraße,661600.0,63098,48.140404,11.467866,,,683585.4875284632,5334851.273140734,True
52474,Berduxstraße,547055.0,597407,48.151695,11.480505,,,684485.1536410217,5336136.380948934,True
52759,Berg am Laim,171720.0,169555,48.13584,11.633641,,,695934.0144573379,5334753.18503033,True
52760,Berg am Laim,171720.0,35579,48.1361,11.634144,,,695970.443064444,5334783.362268978,True
52761,Berg am Laim,171720.0,381213,48.13566,11.6333,,,695909.3323329443,5334732.311662734,True
52762,Berg am Laim,171720.0,418086,48.135998,11.63418,,,695973.5095288272,5334772.118181362,True
52764,Berg am Laim Bf. (Süd),391515.0,189332,48.132923,11.632356,,,695849.5216994022,5334425.7282395,True
52765,Berg am Laim Bf. (Süd),391515.0,193459,48.132748,11.632545,,,695864.248318373,5334406.760915366,True
52766,Berg am Laim Bf. (Süd),391515.0,287762,48.133263,11.633066,,,695901.0481966519,5334465.323093517,True
52767,Berg am Laim Bf. (Süd),391515.0,424941,48.133083,11.633273,,,695917.1330457729,5334445.84608475,True
52768,"Berg am Laim, München",171720.0,40916,48.136086,11.633815,,,695946.0218725753,5334780.967853234,True
52769,"Berg am Laim, München",171720.0,544872,48.132767,11.632391,,,695852.7191263852,5334408.480217977,True
53280,Berger-Kreuz-Straße,493569.0,194015,48.112648,11.626347,,,695479.4398977277,5332157.165265609,True
53281,Berger-Kreuz-Straße,493569.0,312420,48.113194,11.626293,,,695473.3488563858,5332217.707992141,True
53320,Bergerwaldstraße,231463.0,472701,48.11117,11.656413,,,697722.7588427796,5332069.758465466,True
53321,Bergerwaldstraße,231463.0,662062,48.111023,11.656647,,,697740.738957902,5332054.023158444,True
54796,Bergmannstraße,91577.0,49528,48.135,11.537405,,,688777.979099279,5334419.0727749495,True
54797,Bergmannstraße,91577.0,593572,48.134857,11.537396,,,688777.8340532752,5334403.158137079,True
54997,Bergsonstraße,360269.0,287833,48.1601,11.415395,,,679613.6241078523,5336916.294014892,True
54998,Bergsonstraße,360269.0,358469,48.159798,11.415054,,,679589.3229217167,5336881.933515653,True
54999,Bergsonstraße,360269.0,402383,48.15986,11.41518,,,679598.4754616474,5336889.118477515,True
55000,Bergsonstraße,360269.0,565358,48.160057,11.41465,,,679558.378133228,5336909.774472286,True
55075,Bergwachtstraße,467742.0,43585,48.211475,11.530461,,,687981.5024286804,5342901.274185179,True
55076,Bergwachtstraße,467742.0,664691,48.211224,11.530559,,,687989.7013024978,5342873.618446493,True
58975,Bernheimerstraße,585404.0,12552,48.17354,11.628557,,,695412.5182762458,5338930.072317101,True
58976,Bernheimerstraße,585404.0,132897,48.173645,11.62844,,,695403.4217261135,5338941.44410579,True
59225,Bernsteinweg,593807.0,601715,48.20066,11.611596,,,694049.231893332,5341901.107584599,True
59226,Bernsteinweg,593807.0,619115,48.201183,11.611956,,,694074.0021724538,5341960.141771189,True
59401,Bertha-von-Suttner-Weg,440078.0,318662,48.16514,11.452954,,,682388.5241957826,5337564.877485874,True
59402,Bertha-von-Suttner-Weg,440078.0,56693,48.165024,11.452981,,,682390.9431229713,5337552.049561346,True
60096,Betschartstraße,581117.0,157711,48.146076,11.447663,,,682062.6087748824,5335433.603975124,True
60097,Betschartstraße,581117.0,166250,48.146023,11.446172,,,681951.8996488317,5335424.183897162,True
60098,Betschartstraße,581117.0,246532,48.146442,11.44654,,,681977.7885558611,5335471.621580996,True
63423,Bichlhofweg,279790.0,257180,48.169014,11.643352,,1,696529.6287010715,5338464.80046145,True
65196,Bildungscampus Freiham,475983.0,571752,48.14167,11.403502,,,678793.3358492986,5334840.295941472,True
65197,Bildungscampus Freiham,475983.0,95970,48.14122,11.403412,,,678788.2047050128,5334790.074569981,True
65800,Bingener Straße,544118.0,322127,48.182297,11.52137,,,687412.6487548215,5339636.284224749,True
65801,Bingener Straße,544118.0,361456,48.18269,11.521001,,,687383.7898706727,5339679.061298704,True
65802,Bingener Straße,544118.0,668238,48.181892,11.521873,,,687451.5113712561,5339592.500542152,True
66715,Birkhahnweg,579034.0,142685,48.10853,11.694448,,,700563.8445031159,5331874.838401908,True
66716,Birkhahnweg,579034.0,439542,48.108498,11.694259,,,700549.9018023509,5331870.789283663,True
67513,Bismarckstraße,644268.0,382213,48.162437,11.582195,,1,692007.5917864912,5337579.26066473,True
69281,Bleibtreustraße,176427.0,266656,48.076218,11.514084,,,687256.5797504507,5327829.259385087,True
69282,Bleibtreustraße,176427.0,383032,48.076084,11.514533,,,687290.5069369129,5327815.459722398,True
70151,Blumenau,527787.0,20794,48.128098,11.474918,,,684154.0754576939,5333500.480863222,True
70152,Blumenau,527787.0,21300,48.12779,11.47499,,,684160.5342179117,5333466.4230489945,True
70153,Blumenau,527787.0,668091,48.128258,11.474253,,,684104.0252051551,5333516.670559727,True
70251,Blumenstraße,149765.0,267883,48.13328,11.574002,,,691506.9266817438,5334318.417672702,True
70252,Blumenstraße,149765.0,93185,48.133114,11.573858,,,691496.8313868342,5334299.610412602,True
70327,Blutenburg,636747.0,26927,48.165646,11.457248,,,682705.983558345,5337631.312119879,True
70328,Blutenburg,636747.0,287675,48.165245,11.456323,,,682638.6352256178,5337584.547314733,True
70329,Blutenburg,636747.0,319361,48.164917,11.457194,,,682704.5591485235,5337550.164240397,True
70330,Blutenburg,636747.0,519826,48.164516,11.456305,,,682639.886411526,5337503.485028641,True
77001,Bonner Platz,721.0,249967,48.166664,11.578143,,,691690.554088836,5338038.920620588,True
77002,Bonner Platz,721.0,411496,48.166744,11.57817,,,691692.2631589941,5338047.8789080065,True
79223,Borstei,444264.0,484482,48.169487,11.533281,,,688344.8642601488,5338241.736523345,True
79224,Borstei,444264.0,592186,48.16958,11.53329,,,688345.1926115135,5338252.094343612,True
79439,Boschbrücke,396411.0,229512,48.13065,11.582024,,,692113.5389836793,5334046.140289793,True
79440,Boschbrücke,396411.0,452800,48.13111,11.582545,,,692150.583637134,5334098.564723786,True
79556,Botanischer Garten,170786.0,129465,48.164635,11.5022,,,686051.7679611935,5337626.791342275,True
79557,Botanischer Garten,170786.0,258338,48.164307,11.502981,,,686111.0226278281,5337592.2291725045,True
79558,Botanischer Garten,170786.0,44419,48.164467,11.502927,,,686106.4285678352,5337609.880402011,True
79559,Botanischer Garten,170786.0,590889,48.164455,11.502379,,,686065.7280078825,5337607.219933794,True
85185,Bremer Straße,171573.0,344928,48.189182,11.569888,,1,690993.1160213706,5340520.946563041,True
86171,Briefzentrum,585205.0,448762,48.14909,11.524433,,,687761.5354176649,5335953.224982115,True
86184,Brienner Straße,179320.0,243078,48.14379,11.572097,,,691326.1260447394,5335481.718227904,True
86185,Brienner Straße,179320.0,529737,48.14416,11.571235,,,691260.6352445068,5335520.693860684,True
88468,Brudermühlstraße,645401.0,107068,48.112198,11.54928,,,689745.4020558726,5331914.16438778,True
88469,Brudermühlstraße,645401.0,405625,48.112144,11.548193,,,689664.7001616595,5331905.48213582,True
88470,Brudermühlstraße,645401.0,427826,48.112595,11.548795,,,689707.8434699749,5331957.089147882,True
88471,Brudermühlstraße,645401.0,639239,48.1126,11.548678,,,689699.1173175052,5331957.356269085,True
88743,Bruno-Walter-Ring,312350.0,632241,48.162285,11.640055,,,696310.2127406196,5337708.538739001,True
90751,"Buchenau, Fürstenfeldbruck",244971.0,82388,48.161587,11.225559,,,665493.0617098114,5336655.410044277,False
92191,Bundesfinanzhof,389474.0,266811,48.14843,11.605596,,,693800.2929924933,5336081.301185112,True
92192,Bundesfinanzhof,389474.0,633295,48.148155,11.605506,,,693794.6353876415,5336050.511834136,True
92259,Bunzlauer Platz,485332.0,361167,48.179073,11.507122,,,686365.3660380216,5339243.32154074,True
92260,Bunzlauer Platz,485332.0,528092,48.17927,11.507131,,,686365.3205820754,5339265.237482911,True
92737,Burgauerstraße,336711.0,278955,48.139797,11.654823,,,697494.5754506658,5335247.145045255,True
92738,Burgauerstraße,336711.0,387513,48.139923,11.654769,,,697490.0750795142,5335261.009415975,True
93284,Burghausener Straße,256414.0,1411,48.147213,11.529652,,,688156.5499776442,5335757.3812435595,True
93285,Burghausener Straße,256414.0,540966,48.147285,11.529661,,,688156.9560303158,5335765.405129476,True
96959,Böhmerwaldplatz,587381.0,245728,48.143085,11.615441,,,694552.7051550997,5335512.145648868,True
96960,Böhmerwaldplatz,587381.0,317014,48.14354,11.615468,,,694552.9929680179,5335562.780876033,True
96961,Böhmerwaldplatz,587381.0,397743,48.143486,11.615594,,,694562.569034374,5335557.098402198,True
96962,Böhmerwaldplatz,587381.0,6344,48.142693,11.615396,,,694550.8402232212,5335468.466444251,True
100169,Bürgerpark Oberföhring,659377.0,262948,48.165707,11.623059,,,695033.5334883748,5338045.574001822,True
100170,Bürgerpark Oberföhring,659377.0,332880,48.166588,11.623634,,,695072.9405715457,5338144.944496134,True
101708,Campingplatz Obermenzing,154187.0,469773,48.174934,11.4468,,,681896.3189383773,5338638.778003061,True
101709,Campingplatz Obermenzing,154187.0,595976,48.175232,11.446315,,,681859.2118218994,5338670.749277136,True
101712,Campingplatz Thalkirchen,249096.0,340796,48.09162,11.544007,,1,689428.5877980093,5329614.21193843,True
101744,Candidplatz,310553.0,18406,48.11298,11.571648,,,691407.2483295988,5332056.493649864,True
101745,Candidplatz,310553.0,265365,48.112995,11.571559,,,691400.5688180585,5332057.939215741,True
101746,Candidplatz,310553.0,298548,48.111767,11.569843,,,691277.4165877998,5331917.195491532,True
101747,Candidplatz,310553.0,379507,48.111137,11.570076,,,691297.0974995878,5331847.759268162,True
101748,Candidplatz,310553.0,410342,48.111546,11.570328,,,691314.3340891068,5331893.840640461,True
101749,Candidplatz,310553.0,633926,48.111744,11.570561,,,691330.9400152336,5331916.425120178,True
102011,Caracciolastraße,208567.0,227819,48.20727,11.562494,,,690376.5710409861,5342512.844297221,True
102012,Caracciolastraße,208567.0,281412,48.20703,11.563249,,,690433.5487092263,5342488.043019943,True
102013,Caracciolastraße,208567.0,295263,48.20738,11.563555,,,690454.9824911352,5342527.699923576,True
102022,Carl-Amery-Platz,604700.0,188787,48.12102,11.585186,,,692384.7692076334,5332983.804788002,True
102023,Carl-Amery-Platz,604700.0,189963,48.121475,11.585734,,,692423.8470761555,5333035.742658968,True
102182,Carola-Neher-Straße,529081.0,262936,48.09053,11.533802,,,688672.7586984665,5329468.000084159,True
102183,Carola-Neher-Straße,529081.0,610157,48.090687,11.53285,,,688601.3011133637,5329483.114515082,True
104530,Chiemgaustraße,487250.0,139552,48.107315,11.596253,,,693259.7111704099,5331488.4329927955,True
104532,Chiemgaustraße,487250.0,383091,48.1063,11.596235,,,693262.1788912402,5331375.585071504,True
104533,Chiemgaustraße,487250.0,42658,48.10644,11.596388,,,693273.0420808607,5331391.528471444,True
104534,Chiemgaustraße,487250.0,501579,48.10679,11.596702,,,693295.1011031372,5331431.214937851,True
104535,Chiemgaustraße,487250.0,566250,48.107243,11.596163,,,693253.2823330413,5331480.205111865,True
104564,Chinesischer Turm,423886.0,307287,48.15293,11.593477,,,692882.0930561502,5336550.933210441,True
104565,Chinesischer Turm,423886.0,366984,48.152565,11.593415,,,692878.8510397831,5336510.212850659,True
104842,Cincinnatistraße,83738.0,460115,48.092815,11.60194,,,693737.5152194975,5329891.2718917,True
104843,Cincinnatistraße,83738.0,97585,48.092617,11.601508,,,693706.0954434843,5329868.179374822,True
105004,Clarita-Bernhard-Straße,25390.0,428966,48.13794,11.409134,,,679225.2555605153,5334438.863492132,True
105005,Clarita-Bernhard-Straße,25390.0,78506,48.13844,11.409125,,,679222.84489078,5334494.411452641,True
105011,Claude-Lorrain-Straße,498991.0,457177,48.12123,11.571118,,,691337.1504440479,5332972.047371615,True
105012,Claude-Lorrain-Straße,498991.0,560906,48.121117,11.57102,,,691330.2778840952,5332959.245177648,True
105014,Claudiusplatz,359699.0,105378,48.181965,11.525313,,,687706.9226248651,5339609.011715995,True
105015,Claudiusplatz,359699.0,246515,48.182056,11.525565,,,687725.3200350115,5339619.740891442,True
105161,Clemensstraße,509184.0,359426,48.163666,11.574442,,,691426.5589559895,5337696.507812291,True
105162,Clemensstraße,509184.0,489113,48.16327,11.574685,,,691446.1007224915,5337653.102939029,True
106262,Corinthstraße,611393.0,251457,48.11226,11.649496,,,697203.7775025689,5332173.137820588,True
106263,Corinthstraße,611393.0,8890,48.1127,11.649829,,,697226.8762056365,5332222.891171014,True
106288,Corneliusbrücke,590172.0,172927,48.129494,11.579428,,,691924.7096279413,5333911.184281136,True
106289,Corneliusbrücke,590172.0,87023,48.129093,11.579068,,,691899.4202759137,5333865.72021549,True
106323,Cosimabad,162614.0,207170,48.153496,11.628826,,,695508.7176870059,5336703.141981601,True
106324,Cosimabad,162614.0,20978,48.153057,11.629123,,,695532.4731167064,5336655.108717199,True
106325,Cosimabad,162614.0,216546,48.153656,11.628997,,,695520.8259435155,5336721.358708086,True
106326,Cosimabad,162614.0,325832,48.153603,11.628566,,,695488.975992319,5336714.3722597705,True
107843,Curd-Jürgens-Straße,393507.0,277382,48.084953,11.643046,,,696828.0070193396,5329121.854664768,True
107844,Curd-Jürgens-Straße,393507.0,518964,48.085674,11.642939,,,696817.286899585,5329201.709222128,True
107876,Curt-Mezger-Platz,349098.0,123726,48.181217,11.566806,,,690793.6559442155,5339628.08157265,True
107877,Curt-Mezger-Platz,349098.0,333455,48.181335,11.567004,,,690807.934257621,5339641.687437894,True
110993,Dachau Bf.,251656.0,483825,48.254585,11.443315,,,681355.6082736725,5347482.850528326,False
110994,Dachau Bf.,251656.0,567747,48.25561,11.44301,,,681329.3448083033,5347596.047806804,False
111052,"Dachau, Frühlingstraße",361459.0,128833,48.257507,11.442246,,,681265.9323465655,5347805.074625948,False
111053,"Dachau, Frühlingstraße",361459.0,3822,48.25727,11.442345,,,681274.1180004519,5347778.968397263,False
111068,"Dachau, I.-Taschner-Gymnasium",543241.0,544645,48.25751,11.44619,,,681558.6292971165,5347814.730683788,False
111070,"Dachau, Ignaz-Taschner-Gym.",543241.0,205776,48.25754,11.446675,,,681594.5177087135,5347819.212326567,False
111184,"Dachau, Schulzentrum",528945.0,236396,48.250107,11.455191,,,682252.9674057757,5347013.298985547,False
111185,"Dachau, Schulzentrum",528945.0,254350,48.25073,11.455128,,,682246.0762574159,5347082.389147696,False
111188,"Dachau, St.-Peter-Straße",408693.0,240829,48.25717,11.451669,,,681966.4653095403,5347789.919280918,False
111189,"Dachau, St.-Peter-Straße",408693.0,459617,48.257175,11.452684,,,682041.7771509986,5347792.882009611,False
111299,Dachstraße,86818.0,307141,48.13801,11.44318,,,681757.6629785694,5334526.561302555,True
111300,Dachstraße,86818.0,528958,48.137924,11.443315,,,681768.0092267382,5334517.32259969,True
111417,Daglfing Bahnhof Ost,358248.0,442261,48.14886,11.649972,,,697099.010844139,5336241.918071418,True
111418,Daglfing Bahnhof Ost,358248.0,625556,48.14883,11.650413,,,697131.9238547541,5336239.714836494,True
111420,Daglfing Bahnhof West,269662.0,155904,48.14852,11.648697,,,697005.4886378968,5336200.86352735,True
111421,Daglfing Bahnhof West,269662.0,319352,48.14846,11.648194,,,696968.3090104016,5336192.906405985,True
112014,Dall'Armistraße,608947.0,204299,48.161053,11.511353,,,686745.3027781554,5337250.895207659,True
112015,Dall'Armistraße,608947.0,225569,48.161194,11.511443,,,686751.4826787676,5337266.784241466,True
112804,Dankwartstraße,458011.0,419520,48.151432,11.523714,,,687699.5160367207,5336211.752026048,True
112805,Dankwartstraße,458011.0,565881,48.151306,11.523669,,,687696.6291818353,5336197.638882373,True
113095,Daphnestraße,631246.0,434424,48.148273,11.62561,,,695289.3869152413,5336114.5033987025,True
113096,Daphnestraße,631246.0,442591,48.148228,11.624847,,,695232.8110963756,5336107.564194435,True
113097,Daphnestraße,631246.0,666569,48.14786,11.625871,,,695310.3662542021,5336069.267315759,True
116054,Deidesheimer Straße,327435.0,331119,48.16855,11.559422,,,690291.7276836095,5338201.998936636,True
116055,Deidesheimer Straße,327435.0,361440,48.16869,11.559422,,,690291.2094603428,5338217.558112818,True
117328,Denninger Straße,64978.0,179886,48.14862,11.622125,,,695028.8814417343,5336144.220017067,True
117329,Denninger Straße,64978.0,98130,48.148376,11.622771,,,695077.8513632233,5336118.7419717815,True
117656,Deroystraße,61484.0,148120,48.144264,11.545786,,,689367.3716049723,5335469.253221974,True
117657,Deroystraße,61484.0,460770,48.144306,11.545103,,,689316.4159970118,5335472.238846684,True
118007,Dessauerstraße,589842.0,196031,48.180733,11.531601,,1,688178.7888660291,5339487.471021845,True
118305,Detmoldstraße,399762.0,535191,48.19241,11.565162,,,690629.9276396106,5340867.959229821,True
118306,Detmoldstraße,399762.0,634602,48.192253,11.565585,,,690661.9433176251,5340851.560427407,True
118888,Deutsches Museum,601311.0,169519,48.131824,11.586093,,,692411.8791606983,5334186.788122593,True
118889,Deutsches Museum,601311.0,573214,48.13188,11.586138,,,692415.0176942521,5334193.124352652,True
119080,Diakon-Kerolt-Weg,152858.0,144589,48.11215,11.617516,,,694824.0800880562,5332079.413458896,True
119081,Diakon-Kerolt-Weg,152858.0,81196,48.111534,11.617606,,,694833.1083574297,5332011.181938415,True
119614,Diefenbachstraße,124425.0,113352,48.08072,11.523427,,,687936.0202500809,5328352.367827815,True
119615,Diefenbachstraße,124425.0,207913,48.080353,11.523777,,,687963.4229127346,5328312.43573548,True
120092,Dientzenhoferstraße,547503.0,514573,48.20334,11.577263,,,691488.3866176426,5342112.788684404,True
120819,Dietlindenstraße,127691.0,301334,48.167168,11.590863,,,692634.3548334439,5338126.739291149,True
120820,Dietlindenstraße,127691.0,379156,48.166546,11.590603,,,692617.3553163544,5338056.960611049,True
120821,Dietlindenstraße,127691.0,443513,48.16621,11.590971,,,692645.9739671207,5338020.541109784,True
120822,Dietlindenstraße,127691.0,510376,48.167133,11.590935,,,692639.8388856603,5338123.029987024,True
121597,Dillinger Straße,576114.0,380129,48.18193,11.495822,,,685515.1317879409,5339533.496997057,True
121598,Dillinger Straße,576114.0,559392,48.18229,11.495633,,,685499.7847419678,5339573.0502912775,True
122697,"Dirnismaning, Kranzberger A.",402923.0,67881,48.22894,11.640917,,,696119.6012665823,5345118.550722942,False
122698,"Dirnismaning,Kranzberger Allee",402923.0,29354,48.22677,11.639938,,,696055.1977657949,5344874.882843868,False
123947,Dom-Pedro-Straße,118610.0,181623,48.159805,11.535123,,,688517.2998208657,5337170.222771981,True
123948,Dom-Pedro-Straße,118610.0,588237,48.159374,11.537692,,,688709.9042355318,5337128.626874937,True
123950,Domagkstraße,120283.0,293773,48.183784,11.590333,,,692532.695428153,5339972.059694315,True
123951,Domagkstraße,120283.0,47012,48.183792,11.590208,,,692523.3752253712,5339972.6355550205,True
123952,Domagkstraße,120283.0,490285,48.184067,11.591232,,,692598.4498908842,5340005.76466716,True
123954,Domagkstraße West,488470.0,286769,48.184265,11.585159,,,692146.3554701982,5340012.563818719,True
123955,Domagkstraße West,488470.0,429740,48.184357,11.584198,,,692074.5889132614,5340020.385482417,True
123956,Domagkstraße West,488470.0,498848,48.18402,11.584503,,,692098.5168085127,5339983.694864309,True
123957,Domagkstraße West,488470.0,542386,48.18463,11.584809,,,692118.9782294387,5340052.253551222,True
124480,Donauwörther Straße,100311.0,149214,48.184097,11.497034,,,685597.386406583,5339777.259575494,True
124481,Donauwörther Straße,100311.0,434634,48.184086,11.495965,,,685517.9759541892,5339773.455360589,True
124557,"Donnersberger Straße, München",127450.0,113441,48.14608,11.536882,,,688698.4375999608,5335649.184034748,True
124558,"Donnersberger Straße, München",127450.0,421550,48.14648,11.534458,,,688516.6827025211,5335687.691852086,True
124560,Donnersbergerbrücke,530545.0,554319,48.142532,11.534898,,,688563.8764299793,5335250.002704714,True
124562,"Donnersbergerbrücke, München",530545.0,381485,48.14267,11.534422,,,688527.9650338953,5335264.172237509,True
124564,Donnersbergerstraße,127450.0,118106,48.14616,11.536605,,,688677.5418624219,5335657.395115056,True
124565,Donnersbergerstraße,127450.0,433856,48.14607,11.535329,,,688582.9671708968,5335644.261954561,True
124566,Donnersbergerstraße,127450.0,60456,48.14673,11.536614,,,688676.1208970435,5335720.765203651,True
124567,Donnersbergerstraße,127450.0,80284,48.14637,11.535159,,,688569.2235698865,5335677.186010544,True
125065,Dorfstraße,119417.0,204827,48.1641,11.467228,,,683453.5013730831,5337483.265986711,True
125066,Dorfstraße,119417.0,519051,48.16493,11.466977,,,683431.8782057833,5337574.91125789,True
125067,Dorfstraße,119417.0,594418,48.164684,11.468109,,,683516.9202932392,5337550.2736720145,True
125068,Dorfstraße,119417.0,65410,48.16485,11.466096,,,683366.6612532446,5337563.917974643,True
129793,Drachenseestraße,412410.0,343554,48.116745,11.532572,,,688485.2566456075,5332378.420536958,True
129794,Drachenseestraße,412410.0,604927,48.116947,11.531296,,,688389.5588320773,5332397.743886016,True
133138,Drosselweg,272678.0,350521,48.117504,11.691106,,,700280.2005627153,5332863.453490298,True
133139,Drosselweg,272678.0,632411,48.117332,11.690963,,,700270.2278127188,5332843.965894412,True
133182,Drozzaweg,219570.0,212139,48.120926,11.475852,,1,684249.2302059223,5332705.64292467,True
133223,Drygalski-Allee,49724.0,342571,48.097713,11.510374,,,686902.3277442072,5330209.110896369,True
133224,Drygalski-Allee,49724.0,399253,48.09739,11.507607,,,686697.5032792948,5330166.495700519,True
133225,Drygalski-Allee,49724.0,558667,48.098698,11.508937,,,686791.7774700829,5330315.09029383,True
133226,Drygalski-Allee,49724.0,663523,48.09857,11.507742,,,686703.2788521172,5330297.964195673,True
138542,Dülferstraße,33694.0,134834,48.21235,11.563258,,,690414.4825102412,5343079.317234861,True
138543,Dülferstraße,33694.0,416880,48.213036,11.562153,,,690329.8586659917,5343152.818461452,True
138544,Dülferstraße,33694.0,477490,48.212215,11.562333,,,690346.2735762373,5343062.020588414,True
138545,Dülferstraße,33694.0,501491,48.21262,11.562827,,,690381.4661155241,5343108.25584457,True
138546,Dülferstraße,33694.0,552206,48.21242,11.563303,,,690417.5654535445,5343087.208443775,True
138547,Dülferstraße,33694.0,600869,48.212223,11.562881,,,690386.9497841146,5343064.268077395,True
139630,"Dürrnhaar, Aying",228501.0,36266,47.992744,11.734418,,,703995.8896336396,5319112.135383848,False
140298,Eberlestraße,441163.0,471401,48.07843,11.508137,,,686805.6472328729,5328060.63982555,True
140299,Eberlestraße,441163.0,74143,48.07836,11.507922,,,686789.888687072,5328052.338454419,True
142685,Edeltraudstraße,508113.0,302584,48.114628,11.687001,,,699985.8861418837,5332533.14733527,True
142686,Edeltraudstraße,508113.0,540179,48.114628,11.686866,,,699975.8392681644,5332532.796309291,True
143254,Edmund-Rumpler-Straße,554010.0,454998,48.19598,11.60944,,,693906.7177241878,5341375.542071386,True
143255,Edmund-Rumpler-Straße,554010.0,546145,48.19577,11.609171,,,693887.5227447355,5341351.524311519,True
143285,Eduard-Schmid-Straße,618437.0,506591,48.126358,11.578386,,,691858.8711372234,5333560.061086811,True
143286,Eduard-Schmid-Straße,618437.0,55824,48.12613,11.578476,,,691866.417274338,5333534.946594911,True
143357,Effnerplatz,207172.0,198406,48.1522,11.612809,,,694322.5022250004,5336518.494196371,True
143358,Effnerplatz,207172.0,257785,48.152718,11.614705,,,694461.5444046925,5336580.857598419,True
143359,Effnerplatz,207172.0,469322,48.152027,11.613204,,,694352.5310235003,5336500.266274856,True
143360,Effnerplatz,207172.0,548455,48.15208,11.614749,,,694467.2286470567,5336510.064023877,True
143361,Effnerplatz,207172.0,641294,48.15184,11.613097,,,694345.2802311174,5336479.213272774,True
143362,Effnerplatz,207172.0,648132,48.151997,11.61342,,,694368.7077980724,5336497.478345573,True
143363,Effnerplatz,207172.0,94709,48.152115,11.612944,,,694332.862962719,5336509.388909819,True
143368,Effnerstraße,391880.0,194441,48.163208,11.624011,,,695113.7959381343,5337770.260861878,True
144891,Ehrenbreitsteiner Straße,234411.0,22791,48.18723,11.52923,,,687978.7894599456,5340203.727298863,True
144892,Ehrenbreitsteiner Straße,234411.0,247170,48.187397,11.527846,,,687875.323722498,5340218.901929273,True
144894,Ehrenbürgstraße,5792.0,368646,48.141438,11.413392,,,679529.8020612039,5334837.557369625,True
144895,Ehrenbürgstraße,5792.0,53281,48.141567,11.41491,,,679642.2669651662,5334855.439748522,True
144940,Ehrengutstraße,355371.0,348823,48.121372,11.5575,,,690323.2758271307,5332954.037998026,True
144941,Ehrengutstraße,355371.0,643895,48.12137,11.55723,,,690303.191880132,5332953.147583616,True
144967,Ehrenmal,114220.0,566274,48.09951,11.478942,,,684555.8751869278,5330332.944278174,True
144968,Ehrenmal,114220.0,583979,48.09923,11.478924,,,684555.537903766,5330301.782841988,True
145396,Eichelhäherstraße,88325.0,653331,48.173992,11.390638,,1,677724.7344248968,5338402.676257692,True
145485,"Eichenau Busbahnhof, Emmering (Kreis Fürstenfeldbr",638487.0,77673,48.179684,11.32836,,,673075.9808589036,5338893.131828247,False
145663,"Eichendorffplatz, Gräfelfing",273908.0,13585,48.117626,11.431264,,,680942.868395524,5332233.03540801,False
145664,"Eichendorffplatz, Gräfelfing",273908.0,540981,48.11775,11.431311,,,680945.9304189055,5332246.927007542,False
147105,Eininger Straße,69951.0,455451,48.186096,11.504158,,,686119.6144027412,5340016.657092421,True
147106,Eininger Straße,69951.0,573069,48.185894,11.504068,,,686113.6574252899,5339993.989245924,True
147283,Einsteinstraße,526557.0,1800,48.136856,11.614004,,,694469.359146435,5334816.243927984,True
147284,Einsteinstraße,526557.0,204574,48.136806,11.61439,,,694498.2624950166,5334811.66351998,True
147285,Einsteinstraße,526557.0,254409,48.13646,11.614767,,,694527.6152179977,5334774.16424621,True
147286,Einsteinstraße,526557.0,404446,48.137226,11.614929,,,694536.7708908308,5334859.7042651065,True
149403,Elektrastraße,620473.0,190533,48.151398,11.626257,,,695325.6398579334,5336463.447392327,True
149404,Elektrastraße,620473.0,478594,48.15086,11.628521,,,695496.0547772902,5336409.411621581,True
149405,Elektrastraße,620473.0,533028,48.150906,11.626499,,,695345.5054821058,5336409.383415012,True
149490,Elisabeth-Jost-Straße,144127.0,485863,48.155796,11.420525,,,680010.140075411,5336449.955879764,True
149491,Elisabeth-Jost-Straße,144127.0,594841,48.15588,11.420444,,,680003.8226671955,5336459.101798502,True
149532,Elisabethplatz,385161.0,147978,48.157875,11.574855,,,691478.8286052442,5337053.943922536,True
149533,Elisabethplatz,385161.0,179768,48.15745,11.57508,,,691497.1420152889,5337007.271388619,True
149558,Elisenstraße,468584.0,656088,48.142376,11.561794,,,690565.0271147046,5335298.981907078,True
150122,Ellis-Kaut-Straße,160257.0,163822,48.14552,11.410535,,,679303.0619463366,5335284.555434235,True
150123,Ellis-Kaut-Straße,160257.0,424325,48.145523,11.410356,,,679289.7377728716,5335284.471406757,True
151162,Elsenheimerstraße,300449.0,551933,48.136047,11.524217,,,687793.0664888045,5334503.138878962,True
151163,Elsenheimerstraße,300449.0,666953,48.136154,11.523759,,,687758.6049098915,5334513.912020601,True
152273,Emdenstraße,183475.0,309722,48.10706,11.627838,,1,695611.6252811598,5331539.931074445,True
153104,Emmerigweg,215997.0,181158,48.19565,11.62411,,,694998.0099594784,5341376.002981979,True
153105,Emmerigweg,215997.0,207216,48.19541,11.623715,,,694969.5708315027,5341348.3275126,True
153106,Emmerigweg,215997.0,311447,48.194763,11.623814,,,694979.3832810663,5341276.673312658,True
153107,Emmerigweg,215997.0,595865,48.195583,11.624299,,,695012.307900072,5341369.036619414,True
154198,Engelbertstraße,222825.0,110364,48.143803,11.45794,,,682835.0606676675,5335205.37658614,True
154199,Engelbertstraße,222825.0,414336,48.143887,11.458155,,,682850.75397797,5335215.223449628,True
154776,Englburgstraße,634251.0,122455,48.15672,11.435095,,,681090.3607312164,5336586.86933703,True
154777,Englburgstraße,634251.0,220830,48.15672,11.435248,,,681101.7381120344,5336587.229792818,True
154806,Englschalkinger Straße,401220.0,204274,48.157097,11.642022,,,696476.2859007873,5337136.991187686,True
154807,Englschalkinger Straße,401220.0,242840,48.15572,11.641699,,,696457.5277132916,5336983.131309752,True
154808,Englschalkinger Straße,401220.0,539689,48.156727,11.641169,,,696414.2698444453,5337093.690726471,True
154809,Englschalkinger Straße,401220.0,603545,48.15643,11.641654,,,696451.4692838485,5337061.922840295,True
154810,"Englschalkinger Straße, München",401220.0,155849,48.15706,11.641961,,,696471.8912889862,5337132.72322554,True
156994,Erding,47526.0,340807,48.303185,11.911607,,,715906.5450725569,5354096.708842435,False
159620,Erlbachstraße,487694.0,470279,48.17464,11.394743,,,678027.6443656206,5338484.195605886,True
159621,Erlbachstraße,487694.0,589875,48.175095,11.395004,,,678045.4700554286,5338535.368332535,True
160078,Erna-Eckstein-Straße,587405.0,646347,48.1502,11.476355,,1,684181.8749900768,5335960.279306065,True
161314,Eschenrieder Straße,668662.0,419001,48.17979,11.407832,,,678982.6958680972,5339086.963993483,True
161315,Eschenrieder Straße,668662.0,455518,48.179737,11.407912,,,678988.8267584147,5339081.259992244,True
162096,Esmarchstraße,24416.0,382762,48.185055,11.460042,,,682844.6553979485,5339795.035465096,True
162097,Esmarchstraße,24416.0,621651,48.184425,11.460284,,,682864.8831797496,5339725.594353916,True
164968,"Esting Bahnhof, Olching",440346.0,482964,48.212605,11.31904,,,672272.7790864134,5342531.009468884,False
164969,"Esting Bahnhof, Olching",440346.0,79523,48.212673,11.319032,,,672271.956629982,5342538.549036431,False
165093,Ettalstraße,652184.0,352840,48.113213,11.513446,,,687074.7417010993,5331939.192702929,True
165094,Ettalstraße,652184.0,540259,48.11336,11.514156,,,687127.0490186808,5331957.256830124,True
165911,Eulenspiegelstraße,522721.0,237939,48.088047,11.669241,,,698766.6730750256,5329533.043397409,True
165912,Eulenspiegelstraße,522721.0,439586,48.087963,11.669151,,,698760.2955561917,5329523.47559083,True
166051,Euro-Industriepark Nord,371435.0,196454,48.201077,11.602326,,,693358.9260592188,5341924.073940001,True
166052,Euro-Industriepark Nord,371435.0,406914,48.2007,11.603233,,,693427.7332855626,5341884.458937901,True
166054,Euro-Industriepark West,291806.0,568596,48.192524,11.584171,,,692042.0491304123,5340927.974209635,True
166055,Euro-Industriepark West,291806.0,659475,48.192764,11.583847,,,692017.0757423681,5340953.837204494,True
166983,Eversbuschstraße,409096.0,129871,48.190865,11.4597,,,682798.5639449505,5340439.93466136,True
166984,Eversbuschstraße,409096.0,390612,48.19104,11.459745,,,682801.2852583017,5340459.490928974,True
169437,Fachnerstraße,241445.0,360047,48.12985,11.517058,,,687283.0447343187,5333796.964062721,True
169438,Fachnerstraße,241445.0,553223,48.12984,11.516896,,,687271.0282556096,5333795.458160647,True
170638,Fasanenstraße,470473.0,234413,48.167225,11.487252,,,684931.0658982988,5337878.560398618,True
170639,Fasanenstraße,470473.0,458419,48.167072,11.487629,,,684959.6449340768,5337862.46357135,True
170648,"Fasanerie, München",487671.0,326033,48.197517,11.523903,,,687545.3382446909,5341333.980654553,True
170649,"Fasanerie, München",487671.0,660487,48.196392,11.524469,,,687591.5025670258,5341210.3327156035,True
170657,Fasaneriestraße,152159.0,525416,48.1572,11.543298,,,689134.7474431598,5336900.79410597,True
170659,Fasangarten,342720.0,117494,48.093266,11.603745,,,693870.2072414847,5329945.940612132,True
170661,Fasangartenstraße,491292.0,216747,48.089787,11.611093,,,694430.4078660068,5329577.842582354,True
170662,Fasangartenstraße,491292.0,89512,48.08986,11.611255,,,694442.1946627793,5329586.364834864,True
170918,Federseestraße,419225.0,159341,48.17541,11.398013,,,678268.0533668764,5338577.352790828,True
170919,Federseestraße,419225.0,494027,48.17558,11.398112,,,678274.8229107978,5338596.476010043,True
171259,Feldbergstraße,86481.0,125248,48.10848,11.664004,,,698298.0851754503,5331790.346918673,True
171260,Feldbergstraße,86481.0,231366,48.10812,11.663717,,,698278.1092908061,5331749.598448924,True
171261,Feldbergstraße,86481.0,24075,48.108536,11.663456,,,698257.0818317626,5331795.1578627555,True
171262,Feldbergstraße,86481.0,339177,48.107944,11.663393,,,698254.6710227916,5331729.203538707,True
171263,Feldbergstraße,86481.0,591625,48.10869,11.664049,,,698300.6261569805,5331813.801289264,True
171264,Feldbergstraße,86481.0,669372,48.108856,11.663133,,,698231.8094586546,5331829.88859488,True
171482,Feldmoching,187734.0,336522,48.213886,11.540603,,,688726.0059912403,5343194.101776198,True
171483,Feldmoching,187734.0,393066,48.21354,11.540495,,,688719.2560837719,5343155.382674694,True
171484,Feldmoching,187734.0,467523,48.213882,11.540827,,,688742.6590899962,5343194.207725995,True
171485,Feldmoching,187734.0,501784,48.21393,11.539022,,,688608.4099482936,5343195.107767058,True
171486,Feldmoching,187734.0,659305,48.21379,11.540827,,,688742.9974006489,5343183.983043239,True
171488,Feldmoching Bf. Ost,288452.0,218216,48.21406,11.543289,,,688924.8776175205,5343220.04406072,True
171489,Feldmoching Bf. Ost,288452.0,413210,48.213573,11.543145,,,688915.9740236639,5343165.565693533,True
171490,"Feldmoching, München",187734.0,610213,48.213383,11.540405,,,688713.1482063443,5343137.712870844,True
171492,Feldmochinger Anger,462321.0,346974,48.209045,11.543819,,,688982.7077769308,5342663.992017065,True
171493,Feldmochinger Anger,462321.0,528761,48.209152,11.543872,,,688986.2509967254,5342676.014172267,True
171495,Feldmochinger See,618307.0,237648,48.218166,11.51748,,,686992.8673704772,5343613.207318774,True
171496,Feldmochinger See,618307.0,241209,48.218384,11.518297,,,687052.7533895758,5343639.425196484,True
172058,Ferchenbachstraße,114417.0,330097,48.20241,11.494196,,,685320.3771279459,5341805.677809206,True
172059,Ferchenbachstraße,114417.0,82687,48.20301,11.493917,,,685297.4834824852,5341871.687591657,True
172197,Fernpaßstraße,379880.0,400300,48.114826,11.522771,,,687762.8693336366,5332141.177555717,True
172198,Fernpaßstraße,379880.0,656715,48.115185,11.522879,,,687769.5981442374,5332181.339201084,True
172248,Fertigstraße,447834.0,189336,48.088905,11.509162,,,686844.0228574417,5329227.279092615,True
172249,Fertigstraße,447834.0,35005,48.088806,11.509179,,,686845.6474752557,5329216.317889093,True
173450,Finsterwalderstraße,532912.0,212653,48.175556,11.475052,,,683994.2172088871,5338775.165162609,True
173451,Finsterwalderstraße,532912.0,81774,48.176083,11.47446,,,683948.3250812095,5338832.317530362,True
173883,Fischer-v.-Erlach-Straße,6470.0,504972,48.138714,11.479652,,,684468.2509361346,5334691.660251106,True
173884,Fischer-v.-Erlach-Straße,6470.0,670836,48.13867,11.480083,,,684500.4697990561,5334687.804341595,True
174444,Flemischweg,225470.0,241640,48.128067,11.470318,,1,683811.9316129814,5333486.03035486,True
175090,Florastraße,59346.0,109612,48.117104,11.682689,,,699655.3823942381,5332797.114207517,True
175091,Florastraße,59346.0,163956,48.11752,11.682482,,,699638.3652385289,5332842.809000726,True
175092,Florastraße,59346.0,190329,48.11741,11.682482,,,699638.7916706877,5332830.584151544,True
175109,Floriansmühlstraße,149304.0,35001,48.19131,11.62005,,,694712.7863879255,5340883.370931745,True
175110,Floriansmühlstraße,149304.0,381428,48.191483,11.621532,,,694822.2586906395,5340906.354993071,True
175111,Floriansmühlstraße,149304.0,538556,48.1918,11.621433,,,694813.6996512976,5340941.334268711,True
175187,Floßlände,621942.0,177846,48.094753,11.545346,,,689516.7641610294,5329965.698204025,True
175188,Floßlände,621942.0,544978,48.09469,11.545732,,,689545.7339060273,5329959.647508303,True
175209,"Flughafen Besucherpark, München",442771.0,461298,48.352905,11.764376,,,704790.5136468991,5359218.373892659,False
175210,"Flughafen Besucherpark, München",442771.0,642271,48.35299,11.763802,,,704747.6536325422,5359226.286614054,False
175301,Flurstraße,223604.0,321464,48.135662,11.604778,,,693787.5362679897,5334660.25322389,True
175302,Flurstraße,223604.0,324871,48.135494,11.604895,,,693796.8726595179,5334641.877264413,True
175303,Flurstraße,223604.0,399258,48.135757,11.604913,,,693797.2213816883,5334671.151408436,True
175304,Flurstraße,223604.0,471032,48.135597,11.604913,,,693797.8238625543,5334653.369644227,True
175559,Flößergasse,584757.0,404062,48.103638,11.538267,,,688957.1449677792,5330935.729597495,True
175560,Flößergasse,584757.0,470933,48.103394,11.537935,,,688933.3261845112,5330907.7969484795,True
175624,Fockensteinstraße,296120.0,483264,48.109703,11.589282,,,692731.9082028214,5331736.334735238,True
175625,Fockensteinstraße,296120.0,650163,48.10982,11.589049,,,692714.1285364826,5331748.753835744,True
176347,Forst-Kasten-Allee,170119.0,142881,48.095245,11.477676,,,684476.8938371845,5329855.9104780005,True
176367,Forstenried,425839.0,394700,48.08475,11.494878,,,685795.4134903272,5328730.922176277,True
176368,Forstenried,425839.0,399445,48.084846,11.494708,,,685782.4084178478,5328741.180822766,True
176370,Forstenrieder Allee,242852.0,214166,48.095047,11.49937,,,686092.739601254,5329886.147917562,True
176371,Forstenrieder Allee,242852.0,227968,48.094677,11.498678,,,686042.5551397754,5329843.353974038,True
176372,Forstenrieder Allee,242852.0,298850,48.094658,11.498193,,,686006.5148049754,5329840.0697694,True
176373,Forstenrieder Allee,242852.0,322946,48.094563,11.498418,,,686023.6092232827,5329830.05578072,True
176374,Forstenrieder Allee,242852.0,56813,48.09513,11.49937,,,686092.4399332899,5329895.372237147,True
176376,Forstenrieder Park,573788.0,355706,48.0775,11.488446,,,685342.5054066214,5327909.674895281,True
178604,Frankfurter Ring,34338.0,113746,48.186836,11.572753,,,691214.7578504055,5340267.345423243,True
178605,Frankfurter Ring,34338.0,205541,48.187855,11.572762,,,691211.6339821491,5340380.616564725,True
178606,Frankfurter Ring,34338.0,272974,48.187424,11.57314,,,691241.3298686899,5340333.657324666,True
178607,Frankfurter Ring,34338.0,435628,48.187126,11.572583,,,691201.044573931,5340299.152095687,True
178608,Frankfurter Ring,34338.0,487169,48.186825,11.572663,,,691208.1102152655,5340265.898919427,True
178609,Frankfurter Ring,34338.0,548676,48.187645,11.572115,,,691164.332940933,5340355.667660743,True
178645,Franz-Heubl-Straße,75000.0,236319,48.10176,11.659117,,1,697960.1629715473,5331030.932203375,True
178669,Franz-Nißl-Straße,442496.0,662160,48.196346,11.461102,,,682883.2339747676,5341052.4204386985,True
178670,Franz-Nißl-Straße,442496.0,81320,48.196274,11.461012,,,682876.8029439324,5341044.2042225255,True
178678,Franz-Sperr-Weg,555240.0,115735,48.20397,11.538815,,,688629.6282609692,5342087.666927137,True
178679,Franz-Sperr-Weg,555240.0,667903,48.20383,11.538743,,,688624.7934893297,5342071.93082755,True
178752,Frasdorfer Straße,234907.0,269627,48.10111,11.59116,,,692903.8565166037,5330786.053035108,True
178753,Frasdorfer Straße,234907.0,657805,48.101276,11.5908,,,692876.4362448303,5330803.598901157,True
178876,Frauendorferstraße,476635.0,218552,48.163765,11.476867,,,684171.3711331948,5337469.087163323,True
178877,Frauendorferstraße,476635.0,403831,48.163483,11.476265,,,684127.6213395414,5337436.303980807,True
178942,Frauenmantelanger,425164.0,151867,48.209267,11.568019,,,690779.5904008367,5342748.49576562,True
178943,Frauenmantelanger,425164.0,625711,48.2095,11.568495,,,690814.0839913032,5342775.573339366,True
179142,Fraunhoferstraße,394680.0,147416,48.128143,11.575915,,,691668.3706854916,5333752.27717484,True
179143,Fraunhoferstraße,394680.0,375116,48.128197,11.576688,,,691725.6826697676,5333760.2055246625,True
179144,Fraunhoferstraße,394680.0,39876,48.127995,11.57667,,,691725.0957129062,5333737.7111381665,True
179145,Fraunhoferstraße,394680.0,434057,48.12853,11.575188,,,691612.8396667269,5333793.475087397,True
179146,Fraunhoferstraße,394680.0,519166,48.12923,11.574253,,,691540.6693775356,5333868.941029763,True
179147,Fraunhoferstraße,394680.0,655394,48.129288,11.574361,,,691548.4888603572,5333875.655951687,True
181107,Freiham,469309.0,471333,48.140633,11.411137,,,679364.8713930581,5334742.828473049,True
181108,Freiham,469309.0,553629,48.140915,11.409538,,,679244.9469189625,5334770.440474618,True
181110,Freiham Bf. (Süd),352057.0,383711,48.138588,11.410805,,,679347.3019427791,5334514.777067037,True
181111,Freiham Bf. (Süd),352057.0,401165,48.13869,11.411209,,,679376.999328549,5334527.0555322245,True
181113,"Freiham, Möbel Höffner",625806.0,225019,48.134235,11.412907,,1,679518.848231513,5334035.899183079,True
181114,"Freiham, München",469309.0,107752,48.138664,11.411128,,,679371.0645008483,5334523.976987976,True
181295,Freiligrathstraße,369184.0,10338,48.17837,11.585024,,,692158.365949559,5339357.074036572,True
181296,Freiligrathstraße,369184.0,115294,48.17796,11.585536,,,692197.95613407,5339312.788480818,True
181310,Freimann,59295.0,234703,48.191944,11.614345,,,694286.4455540676,5340939.387270131,True
181311,Freimann,59295.0,463654,48.19198,11.614237,,,694278.2839272273,5340943.115056418,True
181313,Freimanner Hölzl,42131.0,125005,48.19204,11.601239,,1,693312.1790082654,5340916.993029994,True
181383,Freischützstraße,528859.0,205648,48.15881,11.641663,,,696443.0469009378,5337326.449539401,True
181384,Freischützstraße,528859.0,488851,48.15838,11.641843,,,696458.0740188676,5337279.121128506,True
181385,Freischützstraße,528859.0,568763,48.159084,11.642534,,,696506.765349883,5337359.127364483,True
182911,Friedastraße,576756.0,126938,48.081295,11.528924,,,688343.2891583634,5328429.709815108,True
182912,Friedastraße,576756.0,527253,48.081226,11.529113,,,688357.616117985,5328422.504017981,True
183276,Friedenheimer Straße,314798.0,462749,48.135002,11.511048,,,686817.1994172493,5334354.921453011,True
183277,Friedenheimer Straße,314798.0,507160,48.135254,11.510886,,,686804.2331521314,5334382.534369448,True
183296,Friedensengel/Villa Stuck,351219.0,209525,48.140938,11.600143,,,693422.9009241262,5335234.935734249,True
183297,Friedensengel/Villa Stuck,351219.0,26075,48.14047,11.600053,,,693417.9654883989,5335182.697592886,True
183298,Friedensengel/Villa Stuck,351219.0,357870,48.140656,11.600736,,,693468.0707573458,5335205.0874124635,True
183299,Friedensengel/Villa Stuck,351219.0,67641,48.140537,11.600664,,,693463.1624942524,5335191.681030962,True
183322,Friedenspromenade,217366.0,272491,48.118683,11.682923,,,699666.673854608,5332973.20386774,True
183323,Friedenspromenade,217366.0,45338,48.118267,11.68401,,,699749.1770748103,5332929.794425015,True
183324,Friedenspromenade,217366.0,656465,48.11804,11.682914,,,699668.4972426085,5332901.72069513,True
183634,Friedhof Obermenzing,544094.0,10760,48.16437,11.447968,,,682020.5424787197,5337467.481199913,True
183635,Friedhof Obermenzing,544094.0,40109,48.164425,11.447591,,,681992.3175510017,5337472.7010282045,True
183659,Friedhof Perlach,16288.0,329174,48.098007,11.64028,,,696572.2498759109,5330565.539438643,True
183660,Friedhof Perlach,16288.0,482898,48.09801,11.640684,,,696602.314467395,5330566.905204101,True
183667,Friedhof Riem,297805.0,585189,48.13282,11.679967,,,699391.9417656591,5334536.651057296,True
183668,Friedhof Riem,297805.0,667069,48.132767,11.679779,,,699378.1608093217,5334530.273372569,True
183679,Friedhof Untermenzing,148090.0,298616,48.177902,11.461623,,,682987.626424962,5339003.828284395,True
183680,Friedhof Untermenzing,148090.0,533484,48.177814,11.461793,,,683000.5760663395,5338994.452979823,True
183967,Friedrich-Eckart-Straße,435033.0,192917,48.14035,11.635411,,,696048.5042640835,5335258.919448442,True
183968,Friedrich-Eckart-Straße,435033.0,332230,48.141365,11.637522,,,696201.6595156041,5335377.107534368,True
183969,Friedrich-Eckart-Straße,435033.0,340337,48.140244,11.635662,,,696067.578638808,5335247.779140159,True
183970,Friedrich-Eckart-Straße,435033.0,478254,48.141155,11.636911,,,696157.0121026527,5335352.2098886715,True
183971,Friedrich-Eckart-Straße,435033.0,523937,48.140297,11.636902,,,696159.6134397399,5335256.83241399,True
183972,Friedrich-Eckart-Straße,435033.0,540238,48.140392,11.637701,,,696218.6843703062,5335269.429245901,True
183974,Friedrich-Engels-Bogen,271600.0,171004,48.106243,11.658866,,,697924.2563103017,5331528.504606987,True
183975,Friedrich-Engels-Bogen,271600.0,62779,48.106445,11.659189,,,697947.5222232962,5331551.78504259,True
183996,Friedrich-Hebbel-Straße,652268.0,116499,48.11222,11.526023,,,688014.4018735202,5331859.49976929,True
183997,Friedrich-Hebbel-Straße,652268.0,583265,48.11272,11.526553,,,688052.0221616549,5331916.363598907,True
184926,Friedrichstraße,225937.0,529673,48.159973,11.580551,,1,691894.5508533274,5337301.314113515,True
185414,Friesplatz,630257.0,211535,48.09971,11.67243,,,698959.098489363,5330837.4508799305,True
185415,Friesplatz,630257.0,316558,48.10071,11.672691,,,698974.6666661625,5330949.260759635,True
185506,Fritz-Meyer-Weg,328926.0,213867,48.172497,11.636713,,,696022.7834639254,5338834.93057768,True
185507,Fritz-Meyer-Weg,328926.0,261719,48.172943,11.636534,,,696007.776169247,5338884.040754223,True
185508,Fritz-Meyer-Weg,328926.0,441151,48.1725,11.636579,,,696012.8107510284,5338834.922165227,True
185509,Fritz-Meyer-Weg,328926.0,85694,48.17286,11.636848,,,696031.4346108641,5338875.617438865,True
186387,Fröttmaning,251079.0,538792,48.211823,11.616618,,,694380.0820628037,5343154.429537001,True
186388,Fröttmaning,251079.0,548324,48.211845,11.616519,,,694372.6449312816,5343156.623976857,True
186389,Fröttmaning,251079.0,636350,48.21177,11.616834,,,694396.3274896448,5343149.086015927,True
186390,Fröttmaning,251079.0,72776,48.211792,11.616753,,,694390.2274029894,5343151.325997305,True
186392,Fröttmaning Auensiedlung,110649.0,59120,48.214794,11.635528,,,695773.4021482297,5343532.6539483955,True
186393,Fröttmaning Auensiedlung,110649.0,610011,48.214767,11.635779,,,695792.1485748917,5343530.293181709,True
186558,Fuggerstraße,234505.0,278887,48.123814,11.534701,,,688617.8013343567,5333169.263686591,True
186559,Fuggerstraße,234505.0,306169,48.124073,11.534539,,,688604.7983674533,5333197.650730573,True
188170,Fürstenried West,597192.0,157229,48.088722,11.480344,,,684698.8985388507,5329137.367425211,True
188171,Fürstenried West,597192.0,309246,48.088585,11.480254,,,684692.6879288495,5329121.925709354,True
188173,Fürstenried West,597192.0,367220,48.088364,11.480963,,,684746.2721980185,5329099.066541734,True
188175,Fürstenried West,597192.0,542072,48.08831,11.480927,,,684743.7851211429,5329092.978742505,True
188176,Fürstenried West,597192.0,557055,48.088795,11.480083,,,684679.2029611792,5329144.853944452,True
188177,Fürstenried West,597192.0,639821,48.088646,11.480595,,,684717.8603180724,5329129.523557682,True
188179,Fürstenrieder Straße,138518.0,292824,48.13967,11.503601,,,686246.3016381272,5334855.642577684,True
188180,Fürstenrieder Straße,138518.0,313220,48.13935,11.503358,,,686229.3837895985,5334819.49012117,True
188181,Fürstenrieder Straße,138518.0,543809,48.140297,11.502963,,,686196.574604129,5334923.780248381,True
188182,Fürstenrieder Straße,138518.0,549901,48.13927,11.503125,,,686212.341164277,5334810.0348305255,True
188183,Fürstenrieder Straße,138518.0,607170,48.139744,11.503547,,,686242.0169726025,5334863.735913485,True
188184,Fürstenrieder Straße,138518.0,625167,48.13923,11.503044,,,686206.4605647735,5334805.3931786595,True
190221,Gaiglstraße,580185.0,53506,48.152428,11.55034,,,689675.9920810042,5336387.80090321,True
190222,Gaiglstraße,580185.0,662707,48.152397,11.550484,,,689686.8153150802,5336384.710992603,True
190601,Galileiplatz,154112.0,136747,48.14436,11.606557,,,693887.1032297842,5335631.40013843,True
190602,Galileiplatz,154112.0,269499,48.144108,11.606728,,,693900.7716993548,5335603.825112811,True
191138,Ganghoferbrücke,522128.0,10228,48.127956,11.539165,,,688934.7626542756,5333640.549214602,True
191139,Ganghoferbrücke,522128.0,42073,48.127914,11.539039,,,688925.5420107907,5333635.5719176475,True
191322,Garching,83334.0,108121,48.249382,11.652362,,,696890.9552598936,5347419.715752219,False
191325,Garching,83334.0,471129,48.249195,11.652281,,,696885.6611791266,5347398.725285732,False
191353,"Garching, Forschungszentrum",404412.0,182469,48.26481,11.671361,,,698241.4883793993,5349183.254899355,False
191354,"Garching, Forschungszentrum",404412.0,298647,48.26479,11.671487,,,698250.9154574343,5349181.357693428,False
191428,Garching-Hochbrück,515430.0,622668,48.247433,11.631171,,,695325.4495545723,5347148.963690395,False
191697,Garmischer Straße,387094.0,366157,48.130177,11.529077,,,688176.0667590128,5333862.647698902,True
191698,Garmischer Straße,387094.0,559453,48.13006,11.527622,,,688068.2424811923,5333846.085181214,True
192187,Gartenstraße,36233.0,217303,48.172005,11.56492,,,690687.654428332,5338599.605571567,True
192188,Gartenstraße,36233.0,342123,48.172325,11.564929,,,690687.1363514424,5338635.19173663,True
192856,Gautinger Straße,594657.0,340216,48.084877,11.478466,,,684572.8267070102,5328705.541786869,True
192857,Gautinger Straße,594657.0,610324,48.0849,11.478745,,,684593.5202771001,5328708.767144132,True
194270,Geisenhausenerstraße,219189.0,474509,48.09874,11.519312,,,687563.9959551101,5330344.999576219,True
194271,Geisenhausenerstraße,219189.0,500818,48.098877,11.518073,,,687471.259809056,5330357.205372917,True
194826,Gelbhofstraße,426210.0,218649,48.122314,11.475448,,1,684214.2017652998,5332858.9333427735,True
195404,Gellertstraße,33548.0,25158,48.16241,11.615235,,,694464.3060084987,5337659.331223127,True
195405,Gellertstraße,33548.0,503389,48.162777,11.615235,,,694462.9179965706,5337700.11826044,True
197352,Georg-Birk-Straße,475554.0,398955,48.16397,11.556925,,-,690123.0266400125,5337686.811745015,True
197360,Georg-Brauchle-Haus,642648.0,174760,48.11016,11.638196,,,696370.7806844085,5331910.842934314,True
197361,Georg-Brauchle-Haus,642648.0,543638,48.11027,11.637369,,,696308.8094646827,5331920.956807782,True
197363,Georg-Brauchle-Ring,375778.0,159224,48.176613,11.530002,,,688075.0180816089,5339025.670047106,True
197364,Georg-Brauchle-Ring,375778.0,197560,48.177193,11.529014,,,687999.4558219697,5339087.712002021,True
197365,Georg-Brauchle-Ring,375778.0,284032,48.175987,11.529185,,,688016.5784310788,5338954.098701519,True
197366,Georg-Brauchle-Ring,375778.0,315065,48.177193,11.529122,,,688007.4836506299,5339087.976241877,True
197367,Georg-Brauchle-Ring,375778.0,3992,48.17688,11.529329,,,688024.0154356221,5339053.696730117,True
197368,Georg-Brauchle-Ring,375778.0,571273,48.177612,11.529697,,,688048.691256067,5339135.949831944,True
197369,Georg-Brauchle-Ring,375778.0,643745,48.17608,11.528933,,,687997.5062080754,5338963.817917333,True
197370,Georg-Brauchle-Ring,375778.0,648576,48.176636,11.528278,,,687946.7845927444,5339024.008026471,True
197392,Georg-Hirth-Platz,261542.0,101422,48.134678,11.55609,,,690169.1966479736,5334429.330155819,True
197393,Georg-Hirth-Platz,261542.0,555285,48.13453,11.556036,,,690165.7262365489,5334412.748404015,True
197399,Georg-Reismüller-Straße,403618.0,336240,48.194393,11.463913,,,683099.0658110341,5340842.063241303,True
197400,Georg-Reismüller-Straße,403618.0,591540,48.194225,11.464255,,,683125.0778518679,5340824.207194109,True
197413,Georg-Zech-Allee,393789.0,612681,48.20871,11.532796,,,688165.0860126596,5342599.695954554,True
197414,Georg-Zech-Allee,393789.0,86590,48.208878,11.532805,,,688165.1388041563,5342618.389163864,True
197505,Georgenstraße,645359.0,264612,48.15501,11.583192,,,692109.4645260554,5336756.34044784,True
197506,Georgenstraße,645359.0,474794,48.15533,11.583704,,,692146.3431395971,5336793.183905583,True
198284,Geretsrieder Straße,12989.0,217488,48.099895,11.532796,,,688563.5901435639,5330506.3231574185,True
198285,Geretsrieder Straße,12989.0,463955,48.100075,11.533533,,,688617.796237708,5330528.134312432,True
198322,Gerhardstraße,631870.0,333507,48.112774,11.565971,,,690985.5046333789,5332019.487935562,True
198323,Gerhardstraße,631870.0,400372,48.113087,11.566231,,,691003.6944031954,5332054.919133827,True
198441,Gerlachweg,504185.0,408717,48.18008,11.445992,,,681818.0499522123,5339208.782803189,True
198442,Gerlachweg,504185.0,93789,48.180134,11.446297,,,681840.5289406612,5339215.505998446,True
198653,Germering (S) West,496883.0,558222,48.128685,11.360365,,,675628.9304068679,5333297.756586495,False
198664,"Germering, An der Markung",516738.0,13371,48.11688,11.3642,,Ri,675954.59756234,5331994.537419068,False
198665,"Germering, An der Markung",516738.0,357057,48.116768,11.364182,,Ri,675953.6406109171,5331982.048795665,False
198667,"Germering, Beethovenstraße",7896.0,241163,48.13219,11.364227,,,675904.2982385475,5333696.122749517,False
198668,"Germering, Beethovenstraße",7896.0,46855,48.13219,11.36438,,,675915.6811145676,5333696.472737997,False
198678,"Germering, Dorfstraße",510554.0,469786,48.138454,11.360562,,,675610.2577327397,5334383.915858421,False
198679,"Germering, Dorfstraße",510554.0,555255,48.13864,11.360329,,,675592.2905469475,5334404.0554786,False
198690,"Germering, GEP",487269.0,254003,48.137413,11.374235,,Ri,676630.9483624214,5334299.538323668,False
198691,"Germering, GEP",487269.0,387979,48.137383,11.37463,,Ri,676660.4354892112,5334297.11160033,False
198702,"Germering, Hochrainweg",123944.0,369629,48.14082,11.358748,,Ri,675467.2494369509,5334642.727905999,False
198703,"Germering, Hochrainweg",123944.0,674333,48.14103,11.358676,,Ri,675461.1776939039,5334665.90265732,False
198707,"Germering, Industriestraße",,257376,48.132107,11.379571,,Ri,677046.1441242862,5333722.110658588,False
198708,"Germering, Industriestraße",,441783,48.132065,11.379041,,Ri,677006.8576452415,5333716.2227814915,False
198710,"Germering, Industriestraße (Spange)",432713.0,120432,48.131477,11.375825,,Ri,676769.6127963854,5333643.476081663,False
198711,"Germering, Industriestraße (Spange)",432713.0,266289,48.131496,11.375528,,Ri,676747.4511048514,5333644.905042439,False
198713,"Germering, K.-Schumacher-Str.",27428.0,212059,48.117584,11.357607,,Ri,675461.5478911552,5332057.717868843,False
198714,"Germering, K.-Schumacher-Str.",27428.0,402792,48.117542,11.357634,,ri,675463.7002878012,5332053.111664358,False
198716,"Germering, Kersch. Schule Ost",153072.0,449364,48.115616,11.359826,,,675633.3943130904,5331844.06261196,False
198718,"Germering, Kerschenst.Schule",372291.0,14104,48.115215,11.358757,,Ri,675555.2040175283,5331797.055984413,False
198736,"Germering, Königsberger Straße",123326.0,416725,48.136833,11.383604,,,677329.9088280821,5334256.642070222,False
198737,"Germering, Königsberger Straße",123326.0,488268,48.136772,11.383424,,,677316.7285878712,5334249.44755463,False
198747,"Germering, Masurenweg",7135.0,156117,48.12209,11.358074,,,675480.9474786986,5332559.571228149,False
198748,"Germering, Masurenweg",7135.0,208640,48.12212,11.357831,,,675462.7630164318,5332562.350979445,False
198753,"Germering, Montessoristraße",305491.0,487922,48.11614,11.361829,,Ri,675780.6730786846,5331906.874308778,False
198754,"Germering, Montessoristraße",305491.0,63762,48.116074,11.361901,,Ri,675786.2566446166,5331899.703745486,False
198756,"Germering, Münchener Straße",39614.0,332812,48.137707,11.378016,,,676911.2073616375,5334340.9051147355,False
198757,"Germering, Münchener Straße",39614.0,646566,48.13778,11.377999,,,676909.6918138167,5334348.979086856,False
198759,"Germering, Neue Gautinger Str.",594277.0,253249,48.11804,11.373597,,,676649.9437480276,5332144.996097358,False
198760,"Germering, Neue Gautinger Str.",594277.0,268023,48.11797,11.373651,,,676654.2024299079,5332137.340466294,False
198767,"Germering, Oskar-v.-Miller-Str",341133.0,477302,48.13152,11.371162,,Ri,676422.5435477481,5333637.546847841,False
198768,"Germering, Oskar-v.-Miller-Str",341133.0,75200,48.131214,11.371162,,Ri,676423.5922205201,5333603.538588861,False
198776,"Germering, Rathaus",474318.0,389549,48.134357,11.363356,,,675832.0955437009,5333934.967242714,False
198777,"Germering, Rathaus",474318.0,589170,48.134403,11.363446,,,675838.6339338295,5333940.285395916,False
198779,"Germering, Riegerstraße",396651.0,345216,48.11664,11.368135,,,676248.261580718,5331976.873289323,False
198780,"Germering, Riegerstraße",396651.0,82506,48.116558,11.368162,,,676250.5515258191,5331967.821849273,False
198782,"Germering, Ringstraße",322641.0,393747,48.11967,11.355846,,Ri,675323.3947898599,5332285.536196918,False
198783,"Germering, Ringstraße",322641.0,610799,48.119606,11.355864,,Ri,675324.9521521183,5332278.46439185,False
198785,"Germering, Salzstraße",320177.0,172568,48.12773,11.355325,,Ri,675257.1901111094,5333180.121955148,False
198786,"Germering, Salzstraße",320177.0,398840,48.127857,11.356017,,,675308.2455187517,5333195.813699411,False
198800,"Germering, Stadthalle",362101.0,108677,48.131233,11.366832,,,676101.3783995223,5333595.725592323,False
198801,"Germering, Stadthalle",362101.0,265966,48.13112,11.365952,,,676036.293457415,5333581.15218925,False
198806,"Germering, Theodor-Heuss-Str.",46651.0,670712,48.115753,11.35599,,Ri,675347.4455469173,5331850.536849313,False
198825,"Germering, Wittelsbacherstraße",254558.0,189906,48.13545,11.376121,,,676777.9902894434,5334085.708168933,False
198826,"Germering, Wittelsbacherstraße",254558.0,41912,48.135513,11.375887,,,676760.3659566542,5334092.171949527,False
198828,"Germering, Wotanstraße",553933.0,517580,48.13616,11.387368,,,677612.2390683012,5334190.533404447,False
198829,"Germering, Wotanstraße",553933.0,568684,48.13606,11.387296,,,677607.2279074765,5334179.253297124,False
198833,Germering-Unterpfaffenhofen,36067.0,464881,48.129223,11.364443,,,675930.5072488568,5333366.869969087,False
198834,Germering-Unterpfaffenhofen,36067.0,608587,48.12921,11.363688,,,675874.378015283,5333363.698260583,False
198837,Germeringer Weg,588785.0,308715,48.158115,11.413635,,1,679489.6831070913,5336691.573586242,True
198919,Gern,310993.0,200092,48.16279,11.529095,,,688058.1594814502,5337487.19991075,True
198920,Gern,310993.0,550454,48.162796,11.529203,,,688066.1676171863,5337488.130996756,True
198960,"Gernlinden, Maisach",583030.0,559814,48.213673,11.299609,,,670825.8553832006,5342606.306499247,False
199723,Gertrud-Grunow-Straße,202933.0,607710,48.18292,11.596568,,,692999.3371858059,5339891.680806261,True
199724,Gertrud-Grunow-Straße,202933.0,673690,48.181236,11.597511,,,693075.7514904316,5339706.895642526,True
201126,Giesing,109630.0,123936,48.110825,11.595319,,,693177.0285959174,5331876.17315943,True
201128,Giesing,109630.0,170112,48.111046,11.595705,,,693204.9286572712,5331901.7036549095,True
201129,Giesing,109630.0,223790,48.110664,11.595678,,,693204.3518827655,5331859.181986325,True
201130,Giesing,109630.0,229938,48.11097,11.595741,,,693207.8930900166,5331893.347766063,True
201131,Giesing,109630.0,263570,48.11047,11.594744,,,693135.5638538607,5331835.276039135,True
201132,Giesing,109630.0,43114,48.1108,11.593989,,,693078.1338770159,5331870.055370633,True
201133,Giesing,109630.0,448131,48.110916,11.595436,,,693185.3953204,5331886.580359537,True
201134,Giesing,109630.0,458718,48.110573,11.59557,,,693196.6549960206,5331848.797364452,True
201135,Giesing,109630.0,489415,48.11148,11.594286,,,693097.6897245429,5331946.373245762,True
201136,Giesing,109630.0,78343,48.11049,11.594861,,,693144.19692877,5331837.792537362,True
201137,"Giesing, München",109630.0,125942,48.110325,11.594695,,,693132.4605238591,5331819.038324181,True
201805,Gilchinger Straße,534116.0,409711,48.16407,11.413311,,,679444.8095791056,5337352.645096464,True
201806,Gilchinger Straße,534116.0,486745,48.164288,11.413329,,,679445.3871190682,5337376.915260545,True
201830,Gilgstraße,465158.0,309244,48.081852,11.508775,,,686840.7635411823,5328442.49624016,True
201831,Gilgstraße,465158.0,60445,48.08188,11.508946,,,686853.3964214716,5328446.023234365,True
202239,Giselastraße,203024.0,292385,48.156513,11.584045,,,692167.2806625761,5336925.51091731,True
202240,Giselastraße,203024.0,406375,48.156532,11.583946,,,692159.8478986924,5336927.375005611,True
202241,Giselastraße,203024.0,563181,48.157078,11.585087,,,692242.6531700535,5336990.908704871,True
202242,Giselastraße,203024.0,91215,48.157234,11.5848,,,692220.7286269367,5337007.528227127,True
204190,Glötzleweg,376218.0,411452,48.08605,11.510392,,,686945.9603048704,5328912.972777741,True
204191,Glötzleweg,376218.0,78923,48.086395,11.509817,,,686901.8930068545,5328949.917991135,True
204429,Gmunder Straße,492554.0,174279,48.0958,11.527559,,,688188.6814125101,5330038.397963419,True
204430,Gmunder Straße,492554.0,498939,48.09554,11.527649,,,688196.3312313096,5330009.722709961,True
204453,Gnadenwaldplatz,81709.0,215972,48.118004,11.65423,,,697534.0732874934,5332823.647163982,True
204454,Gnadenwaldplatz,81709.0,493902,48.11804,11.653736,,,697497.1734145959,5332826.379326497,True
205144,Goetheplatz,262217.0,292380,48.129948,11.55821,,,690344.4002707059,5333908.900339267,True
205145,Goetheplatz,262217.0,34962,48.129215,11.557608,,,690302.321174279,5333825.947393699,True
205146,Goetheplatz,262217.0,366609,48.129158,11.55768,,,690307.8887633539,5333819.790805643,True
205147,Goetheplatz,262217.0,367447,48.130093,11.55838,,,690356.51207622,5333925.43593595,True
205148,Goetheplatz,262217.0,487607,48.12979,11.55918,,,690417.1526587813,5333893.742325661,True
205149,Goetheplatz,262217.0,518347,48.129997,11.559108,,,690411.0301781512,5333916.569265242,True
205150,Goetheplatz,262217.0,586978,48.13007,11.558569,,,690370.6586834053,5333923.347686153,True
205582,Goldlackplatz,476007.0,259117,48.20013,11.550502,,,689512.0609723123,5341689.666275526,True
205583,Goldlackplatz,476007.0,56070,48.20027,11.549936,,,689469.4915247561,5341703.829250754,True
205710,Gollierplatz,406350.0,190506,48.136333,11.534225,,,688536.5269997941,5334559.415553085,True
205711,Gollierplatz,406350.0,330230,48.1363,11.534422,,,688551.3028959355,5334556.231113348,True
206133,Gondrellplatz,309944.0,464026,48.124428,11.490135,,,685299.4752539259,5333129.160141951,True
207001,Goteboldstraße,325034.0,416194,48.177055,11.443324,,,681630.4331533697,5338866.280169522,True
207002,Goteboldstraße,325034.0,90266,48.176525,11.443531,,,681647.6931376655,5338807.866224771,True
207556,Gotzinger Platz,23488.0,460316,48.117626,11.550358,,1,689805.6288783298,5332520.071627138,True
208089,Graf-Lehndorff-Straße,652979.0,159032,48.140453,11.679859,,,699354.3366142062,5335384.66681051,True
208090,Graf-Lehndorff-Straße,652979.0,4546,48.140656,11.680219,,,699380.3282563987,5335408.160862437,True
208091,Graf-Lehndorff-Straße,652979.0,518735,48.14036,11.679976,,,699363.3998596965,5335374.634618817,True
208477,Grafing Stadt,666446.0,252354,48.046906,11.961616,,,720712.5550689974,5325757.703938632,False
208478,Grafing b. München Stadt (S),666446.0,548343,48.046776,11.961665,,,720716.7622898931,5325743.397386946,False
208548,Grafinger Straße,423113.0,325591,48.124725,11.619385,,,694915.5793560661,5333481.679692869,True
208549,Grafinger Straße,423113.0,411957,48.124596,11.61925,,,694906.0227370134,5333467.001016292,True
209468,Grashofstraße,292182.0,20634,48.21763,11.528871,,,687840.8665556104,5343581.437862851,True
209469,Grashofstraße,292182.0,7465,48.21702,11.528799,,,687837.751525825,5343513.467551052,True
211644,Griechenstraße,601194.0,210262,48.09318,11.569654,,,691332.3548788409,5329851.043523012,True
211645,Griechenstraße,601194.0,30349,48.09312,11.569986,,,691357.2960445195,5329845.201041835,True
211661,Griegstraße,293828.0,320571,48.182034,11.58506,,,692147.3406621078,5339764.369692404,True
211662,Griegstraße,293828.0,466792,48.181534,11.584746,,,692125.8723254852,5339708.016007209,True
211886,Grillparzerstraße,166423.0,345898,48.13623,11.608632,,,694072.0987441362,5334733.099261235,True
211887,Grillparzerstraße,166423.0,409361,48.13646,11.610186,,,694186.8338018499,5334762.5841930825,True
211888,Grillparzerstraße,166423.0,531408,48.135796,11.609405,,,694131.239687515,5334686.8176779635,True
211889,Grillparzerstraße,166423.0,583971,48.135292,11.609863,,,694167.2122598971,5334631.961640048,True
212060,Grimmeisenstraße,82434.0,314918,48.165146,11.644601,,,696637.2773902235,5338038.120931358,True
212061,Grimmeisenstraße,82434.0,442467,48.16527,11.644807,,,696652.118866842,5338052.428916066,True
216262,Großhadern,292415.0,128014,48.115604,11.476741,,,684334.4314917708,5332116.302176445,True
216263,Großhadern,292415.0,139025,48.11524,11.477038,,,684357.8374600237,5332076.560162516,True
216264,Großhadern,292415.0,202126,48.1147,11.476975,,,684355.081657143,5332016.3952383585,True
216265,Großhadern,292415.0,462222,48.11536,11.47631,,,684303.2290473843,5332088.151945079,True
216266,Großhadern,292415.0,585786,48.11469,11.477083,,,684363.1550818975,5332015.542728289,True
216267,Großhadern,292415.0,647774,48.116013,11.477559,,,684393.8437806229,5332163.717876235,True
216269,Großhaderner Straße,76190.0,349824,48.119522,11.481332,,,684662.0506275948,5332562.749335779,True
216270,Großhaderner Straße,76190.0,450409,48.119408,11.481475,,,684673.1008451516,5332550.423073951,True
216384,"Großhelfendorf (S), Aying",525911.0,449317,47.944492,11.782596,,,707783.4145426924,5313878.47663837,False
216433,Großhesseloher Brücke,672692.0,349032,48.07713,11.550394,,,689957.5105119036,5328019.599149279,False
216434,Großhesseloher Brücke,672692.0,357269,48.07654,11.550412,,,689961.024179943,5327954.073558403,False
216435,Großhesseloher Brücke,672692.0,82322,48.07691,11.55017,,,689941.638030637,5327994.596444801,False
216784,Großlappen,371999.0,144226,48.20418,11.62932,,,695352.6818954184,5342337.238602632,True
216785,Großlappen,371999.0,552674,48.204346,11.629671,,,695378.1266860369,5342356.580145061,True
216860,Großmarkthalle,551236.0,491024,48.119785,11.55229,,,689941.4409340376,5332764.784505555,True
216861,Großmarkthalle,551236.0,57793,48.1197,11.55237,,,689947.7076352097,5332755.535500911,True
218130,"Grub(S), Poing",573938.0,633692,48.165188,11.782463,,,706886.8698980559,5338404.739562815,False
218293,Gruithuisenstraße,151796.0,127372,48.18335,11.483811,,,684617.3106610841,5339662.383028807,True
218294,Gruithuisenstraße,151796.0,229427,48.183475,11.484143,,,684641.5367545527,5339677.073044124,True
218650,Grusonstraße,427710.0,29429,48.2022,11.593603,,,692706.621185905,5342026.958672206,True
218651,Grusonstraße,427710.0,61933,48.20168,11.593837,,,692725.9580070715,5341969.754465269,True
218652,Grusonstraße,427710.0,620778,48.201748,11.592687,,,692640.2626417343,5341974.42690285,True
218741,"Gräfelfing, Am Haag",424730.0,273377,48.123287,11.451382,,,682419.965690538,5332909.706521058,False
218742,"Gräfelfing, Am Haag",424730.0,467184,48.123215,11.451238,,,682409.5056701121,5332901.363091536,False
218747,"Gräfelfing, Finkenstraße",617818.0,545913,48.117912,11.443468,,,681850.0621728948,5332293.602534403,False
218759,"Gräfelfing, Lohenstraße",49242.0,665261,48.12073,11.446279,,,682049.2896028791,5332613.437174239,False
218761,"Gräfelfing, Neuer Friedhof",357280.0,235518,48.119904,11.450322,,,682353.07007711,5332531.215532992,False
218762,"Gräfelfing, Neuer Friedhof",357280.0,673642,48.11986,11.450466,,,682363.9416677164,5332526.666918826,False
218779,"Gräfelfing, Seeholzenstr.",261832.0,247205,48.121517,11.450744,,,682378.7607076716,5332711.480494936,False
218780,"Gräfelfing, Seeholzenstr.",261832.0,378481,48.121254,11.450789,,,682383.0407454573,5332682.358112207,False
218791,"Gräfelfing, Wandlhamerstraße",520760.0,621980,48.12184,11.438078,,,681435.1095382877,5332717.420419379,False
218794,"Gräfelfing, Weinbuchweg",183476.0,535501,48.11859,11.441923,,,681732.6938053084,5332365.301906094,False
218799,Gräfelfinger Straße,642923.0,163883,48.117092,11.495345,,,685713.5970692284,5332326.426784739,True
218800,Gräfelfinger Straße,642923.0,380915,48.11727,11.495283,,,685708.3412614961,5332346.05942815,True
219177,"Gröbenzell, Am Sandberg",622470.0,396421,48.183422,11.388221,,,677512.4873352683,5339445.127496147,False
219178,"Gröbenzell, Am Sandberg",622470.0,82566,48.18338,11.388087,,,677502.6730565822,5339440.150106815,False
219180,"Gröbenzell, Am Weidegrund",343949.0,269187,48.187973,11.380065,,,676890.6354338835,5339932.110707893,False
219181,"Gröbenzell, Am Weidegrund",343949.0,514546,48.18832,11.37966,,,676859.3425106562,5339969.74357732,False
219183,"Gröbenzell, Am Zillerhof",285329.0,258836,48.18664,11.382625,,,677085.4814642644,5339789.859556623,False
219184,"Gröbenzell, Am Zillerhof",285329.0,6103,48.18625,11.383164,,,677126.8838696808,5339747.757803317,False
219192,"Gröbenzell, Bernhard-Rößner-St",630231.0,358372,48.187634,11.371495,,,676254.9010379806,5339874.739620819,False
219193,"Gröbenzell, Bernhard-Rößner-St",630231.0,557035,48.188213,11.37145,,,676249.5704806258,5339938.985879556,False
219206,"Gröbenzell, Gröbenhüterstraße",505722.0,157012,48.190292,11.376346,,,676606.2783284305,5340181.286542244,False
219207,"Gröbenzell, Gröbenhüterstraße",505722.0,577007,48.189972,11.376651,,,676630.0442233168,5340146.423197509,False
219214,"Gröbenzell, Puchheimer Straße",141616.0,149497,48.192272,11.373103,,,676358.4814040177,5340393.892410465,False
219215,"Gröbenzell, Puchheimer Straße",141616.0,395680,48.192383,11.373219,,,676366.7203673368,5340406.495131084,False
219226,"Gröbenzell, Ziegelei-Ring",466137.0,130002,48.179276,11.380738,,X,676970.6008947643,5338967.085707727,True
219227,"Gröbenzell, Ziegelei-Ring",466137.0,571187,48.179325,11.380523,,X,676954.4513060187,5338972.036384399,False
219229,Gröbenzeller Straße,531044.0,403681,48.183704,11.506997,,,686339.2809321645,5339757.696917066,True
219230,Gröbenzeller Straße,531044.0,64604,48.183247,11.507527,,,686380.3295138837,5339708.192497422,True
220703,Grünstraße,260337.0,239719,48.109962,11.526265,,,688040.6552344325,5331609.145365745,True
220704,Grünstraße,260337.0,7936,48.109943,11.526185,,,688034.7702610147,5331606.83821155,True
220712,Grüntal,455961.0,238759,48.16874,11.621451,,,694902.4831695906,5338378.571009753,True
220713,Grüntal,455961.0,499366,48.168613,11.621505,,,694906.97923207,5338364.593647771,True
220777,"Grünwald, Bavariafilmplatz",86480.0,238301,48.06771,11.546235,,,689682.3996512957,5326962.444727518,False
220779,"Grünwald, Bavariafilmplatz",86480.0,401175,48.067436,11.546307,,,689688.7703593916,5326932.171028302,False
220784,"Grünwald, Derbolfinger Platz",509698.0,283519,48.04218,11.523436,,,688077.1040866614,5324069.222513262,False
220785,"Grünwald, Derbolfinger Platz",509698.0,573594,48.041924,11.52402,,,688121.5605171393,5324042.198430593,False
220806,"Grünwald, Ludwig-Thoma-Straße",189220.0,300532,48.049423,11.535491,,,688949.0193186474,5324903.68955978,False
220807,"Grünwald, Ludwig-Thoma-Straße",189220.0,342551,48.049706,11.535635,,,688958.7138446766,5324935.494256265,False
220811,"Grünwald, Parkplatz",437726.0,495699,48.05529,11.540737,,,689318.413995074,5325568.60795464,False
220812,"Grünwald, Parkplatz",437726.0,95547,48.05498,11.54063,,,689311.5786565193,5325533.892869278,False
220817,"Grünwald, Robert-Koch-Straße",185895.0,150529,48.06302,11.545121,,,689616.6529886922,5326438.474604335,False
220818,"Grünwald, Robert-Koch-Straße",185895.0,238340,48.062466,11.545004,,,689609.9725722541,5326376.6173645295,False
221700,Guido-Schneble-Straße,141489.0,219893,48.1315,11.498184,,,685872.8536642182,5333934.545385084,True
221701,Guido-Schneble-Straße,141489.0,442926,48.131447,11.498346,,,685885.0975385972,5333929.046721752,True
221712,Gulbranssonstraße,545533.0,397200,48.082333,11.503933,,,686478.4411407674,5328484.208221162,True
221713,Gulbranssonstraße,545533.0,42143,48.082153,11.503556,,,686451.0171079325,5328463.290239356,True
222436,Gundelkoferstraße,65117.0,105932,48.19592,11.582985,,,691941.2268307107,5341302.431767641,True
222437,Gundelkoferstraße,65117.0,127538,48.196095,11.58462,,,692062.0598727844,5341325.967443558,True
222438,Gundelkoferstraße,65117.0,95957,48.19557,11.58409,,,692024.6416736728,5341266.295420824,True
222517,Gundermannstraße,368355.0,131607,48.20423,11.552649,,,689656.4352659823,5342150.629593415,True
222518,Gundermannstraße,368355.0,528709,48.204117,11.552514,,,689646.8231705376,5342137.737706284,True
222919,Gustav-Freytag-Straße,655088.0,191140,48.15902,11.611929,,,694231.3008217356,5337274.219253273,True
222920,Gustav-Freytag-Straße,655088.0,520541,48.158707,11.611848,,,694226.4600387978,5337239.228894541,True
222937,Gustav-Mahler-Straße,46279.0,666697,48.202267,11.602856,,,693393.8212316671,5342057.66139677,True
222938,Gustav-Mahler-Straße,46279.0,90831,48.20214,11.603368,,,693432.3386845163,5342044.836273379,True
223613,Gärtnerplatztheater,388405.0,353022,48.132298,11.57508,,,691590.7796819598,5334211.967292434,True
223614,Gärtnerplatztheater,388405.0,552787,48.132168,11.575466,,,691619.9806578688,5334198.481431205,True
223625,Gärtnerstraße,606166.0,414598,48.177826,11.536686,,,688567.4062027542,5339176.860847634,True
223626,Gärtnerstraße,606166.0,460335,48.177563,11.536416,,,688548.3017884225,5339146.969174273,True
225021,Görresstraße,75857.0,29175,48.15594,11.562207,,,690545.4991520997,5336807.463118275,True
225022,Görresstraße,75857.0,37015,48.156048,11.562162,,,690541.752727249,5336819.354334922,True
225106,Görzer Straße,35648.0,18391,48.095547,11.609261,,,694272.2905213493,5330213.354285217,True
225107,Görzer Straße,35648.0,76139,48.09554,11.609548,,,694293.6838856656,5330213.301087161,True
225109,Görzer Straße Schule,198789.0,93832,48.104557,11.609252,,1,694237.6558044376,5331214.661829661,True
228663,"Haar, H.-Stießb.-Str.(Schl.)",278180.0,173748,48.10964,11.716798,,,702222.997061003,5332056.718109055,False
228666,"Haar, Hans-Stießberger-Straße",120446.0,160574,48.110916,11.715199,,,702098.9797394711,5332194.322989327,False
228668,"Haar, Hans-Stießberger-Straße",120446.0,359484,48.110332,11.716933,,,702230.3280607507,5332133.9781575035,False
228672,"Haar, Jagdfeldzentrum",627649.0,521904,48.107567,11.721999,,,702618.2522918666,5331840.023823629,False
228693,"Haar, Ludwig-Moser-Straße",298022.0,266023,48.109585,11.719781,,,702445.2328250622,5332058.452862828,False
228694,"Haar, Ludwig-Moser-Straße",298022.0,611345,48.10985,11.719816,,,702446.7963155889,5332087.995629823,False
228721,"Haar, Wieselweg",208627.0,365615,48.107315,11.719852,,,702459.4387263214,5331806.364458916,False
229262,Hackerbrücke,8389.0,336144,48.143707,11.548265,,,689553.8098914307,5335413.459253216,True
229263,Hackerbrücke,8389.0,619977,48.1436,11.548418,,,689565.58425757,5335401.944871863,True
229264,"Hackerbrücke, München",8389.0,252123,48.14334,11.549253,,,689628.6499752889,5335375.108552848,True
229265,"Hackerbrücke, München",8389.0,370451,48.1438,11.548283,,,689554.8061192073,5335423.839345953,True
229432,Haderner Stern,86157.0,200870,48.118484,11.49036,,,685337.609156479,5332469.10468671,True
229433,Haderner Stern,86157.0,375773,48.118423,11.488842,,,685224.8635977072,5332458.668500527,True
229434,Haderner Stern,86157.0,393855,48.11835,11.488824,,,685223.7866374382,5332450.512162569,True
229435,Haderner Stern,86157.0,500075,48.118362,11.490333,,,685336.0389419093,5332455.480931266,True
229443,Haderunstraße,85352.0,227250,48.122246,11.479481,,,684514.5469880025,5332861.0439105425,True
229444,Haderunstraße,85352.0,559668,48.12205,11.478718,,,684458.4730455216,5332837.430791619,True
229445,Haderunstraße,85352.0,595623,48.121796,11.479005,,,684480.7392137172,5332809.890380022,True
232326,Haidenauplatz,215907.0,308538,48.132862,11.610285,,,694207.7744745079,5334362.967054445,True
232327,Haidenauplatz,215907.0,340492,48.132736,11.610141,,,694197.5369220393,5334348.600228296,True
232328,Haidenauplatz,215907.0,417136,48.132057,11.609521,,,694153.97283193,5334271.573234338,True
232329,Haidenauplatz,215907.0,635469,48.132126,11.609782,,,694173.1300454906,5334279.900677168,True
233804,Halfinger Straße,452318.0,361270,48.126003,11.655614,,,697606.3652774462,5333716.174325057,True
233805,Halfinger Straße,452318.0,561628,48.126118,11.655371,,,697587.8434900821,5333728.330477546,True
234759,Halligenplatz,316127.0,260055,48.119156,11.66051,,,697996.9801500869,5332967.824061567,True
234760,Halligenplatz,316127.0,271437,48.119305,11.660582,,,698001.7651072757,5332984.568581344,True
240998,Hanauer Straße,46202.0,101950,48.17269,11.527891,,,687932.4456160606,5338584.513485919,True
240999,Hanauer Straße,46202.0,148809,48.171883,11.528646,,,687991.5224099129,5338496.672346886,True
241000,Hanauer Straße,46202.0,287898,48.171616,11.528511,,,687982.463010232,5338466.668441229,True
241001,Hanauer Straße,46202.0,596620,48.17276,11.527981,,,687938.8801190694,5338592.513204414,True
241215,Hanebergstraße,363936.0,422626,48.162617,11.537423,,1,688678.0025228855,5337488.38395856,True
241543,Hanna-Kirchner-Weg,417828.0,473655,48.11769,11.469115,,1,683759.4525067927,5332329.885993792,True
241660,Hans-Fischer-Straße,359431.0,14698,48.12746,11.544555,,,689337.6186126216,5333598.682326351,True
241661,Hans-Fischer-Straße,359431.0,64798,48.12742,11.544932,,,689365.8159120061,5333595.165160817,True
241694,Hans-Steinkohl-Straße,163789.0,243839,48.135147,11.411048,,,679377.3703407793,5334132.918587605,True
241695,Hans-Steinkohl-Straße,163789.0,282902,48.134624,11.411039,,,679378.5234138172,5334074.7725199675,True
241699,Hans-Thonauer-Straße,453102.0,111606,48.134884,11.51668,,,687236.6095693496,5334355.506212872,True
241700,Hans-Thonauer-Straße,453102.0,137859,48.135063,11.516878,,,687250.6881826891,5334375.881869988,True
241701,Hans-Thonauer-Straße,453102.0,257829,48.13478,11.517902,,,687327.8964056802,5334346.924352475,True
241714,Hansapark,541503.0,112532,48.128384,11.534656,,,688597.7117444352,5333677.047318943,True
241715,Hansapark,541503.0,662489,48.128277,11.534314,,,688572.6580683084,5333664.316994159,True
241734,Hansastraße,23950.0,456241,48.130814,11.531134,,,688326.7767131006,5333938.477506361,True
241735,Hansastraße,23950.0,594219,48.13113,11.531116,,,688324.2814668482,5333973.552604657,True
242860,Harras,34736.0,117688,48.116806,11.535868,,,688730.3188044066,5332393.282380092,True
242861,Harras,34736.0,151070,48.116806,11.536686,,,688791.1936297558,5332395.289927176,True
242862,Harras,34736.0,174432,48.116978,11.535797,,,688724.4047716234,5332412.223620178,True
242863,Harras,34736.0,236625,48.116978,11.536497,,,688776.4979693383,5332413.941480733,True
242864,Harras,34736.0,297391,48.116932,11.537908,,,688881.6716658126,5332412.29336652,True
242865,Harras,34736.0,92552,48.11686,11.537908,,,688881.9357223223,5332404.291548004,True
243454,Harthaus (S) Nord,219634.0,382914,48.134296,11.388958,,,677736.9587224126,5333987.045978171,True
243540,Harthof,347692.0,157170,48.204967,11.569052,,,690872.3133487029,5342273.171177168,True
243541,Harthof,347692.0,242477,48.204903,11.569699,,,690920.6177856538,5342267.666457599,True
243542,Harthof,347692.0,343388,48.205387,11.568172,,,690805.3761445031,5342317.662377018,True
243543,Harthof,347692.0,42394,48.20511,11.568082,,,690799.719393694,5342286.653720807,True
243544,Harthof,347692.0,568980,48.204247,11.569367,,,690898.3921293231,5342193.935084014,True
243545,Harthof,347692.0,674761,48.204247,11.569447,,,690904.3355137075,5342194.133921822,True
244341,Hasenbergl,581874.0,145342,48.21337,11.555021,,,689798.8611926218,5343172.287402081,True
244342,Hasenbergl,581874.0,219344,48.21358,11.556539,,,689910.8399740703,5343199.379100292,True
244343,Hasenbergl,581874.0,372077,48.213432,11.555038,,,689799.8946717118,5343179.2199550895,True
244344,Hasenbergl,581874.0,483905,48.21337,11.555811,,,689857.5417431684,5343174.240152155,True
244345,Hasenbergl,581874.0,62226,48.21288,11.556152,,,689884.6836732918,5343120.6257631285,True
244346,Hasenbergl,581874.0,62336,48.213276,11.555793,,,689856.5524187309,5343163.748708225,True
244348,Hasenbergl Süd,293597.0,262808,48.208447,11.551787,,,689576.8229246801,5342617.168865762,True
244349,Hasenbergl Süd,293597.0,324484,48.206768,11.552092,,,689605.6812217274,5342431.321648129,True
244350,Hasenbergl Süd,293597.0,35126,48.20787,11.552254,,,689613.6458006299,5342554.195271202,True
244351,Hasenbergl Süd,293597.0,455001,48.208057,11.552604,,,689638.9555284268,5342575.842160578,True
244352,Hasenbergl Süd,293597.0,509952,48.208313,11.551454,,,689552.5803527021,5342601.454505042,True
244353,Hasenbergl Süd,293597.0,585222,48.20678,11.552191,,,689612.9914892376,5342432.899703865,True
244355,Hasenberglstraße,597274.0,207232,48.207123,11.560249,,1,690210.33917333,5342490.944724624,True
245824,Hatzelweg,66737.0,299418,48.087,11.495813,,,685856.9281589888,5328983.236668794,True
245825,Hatzelweg,66737.0,303871,48.08721,11.496046,,,685873.5208205662,5329007.138077153,True
245826,Hatzelweg,66737.0,330825,48.08633,11.496055,,,685877.363546745,5328909.359890814,True
245827,Hatzelweg,66737.0,603631,48.086613,11.496414,,,685903.075505473,5328941.678693033,True
246503,"Hauptbahnhof (U, Tram)",233075.0,103024,48.140026,11.56112,,,690523.5944462429,5335036.1406440595,True
246504,"Hauptbahnhof (U, Tram)",233075.0,105415,48.13926,11.559979,,,690441.5555038628,5334948.183235352,True
246506,"Hauptbahnhof (U, Tram)",233075.0,389916,48.140034,11.561012,,,690515.5312108181,5335036.762111199,True
246507,"Hauptbahnhof (U, Tram)",233075.0,397207,48.140213,11.561183,,,690527.5883593818,5335057.079291627,True
246508,"Hauptbahnhof (U, Tram)",233075.0,480720,48.140045,11.560887,,,690506.1923211308,5335037.674875855,True
246509,"Hauptbahnhof (U, Tram)",233075.0,57156,48.13935,11.55997,,,690440.5529647623,5334958.163228717,True
246510,"Hauptbahnhof (U, Tram)",233075.0,578714,48.140026,11.561246,,,690532.9670000235,5335036.452887459,True
246511,"Hauptbahnhof (U, Tram)",233075.0,595768,48.139774,11.560958,,,690512.4769594818,5335007.732810095,True
246561,Hauptbahnhof Nord,669693.0,246417,48.141293,11.559988,,,690434.7013374742,5335174.146085413,True
246562,Hauptbahnhof Nord,669693.0,273474,48.141327,11.560716,,,690488.7266756499,5335179.728205853,True
246563,Hauptbahnhof Nord,669693.0,374057,48.141556,11.561102,,,690516.5908348901,5335206.134920023,True
246564,Hauptbahnhof Nord,669693.0,378068,48.141396,11.559853,,,690424.2783974786,5335185.25876965,True
246565,Hauptbahnhof Nord,669693.0,412088,48.141376,11.559216,,,690376.9701816359,5335181.458500216,True
246566,Hauptbahnhof Nord,669693.0,542272,48.142162,11.560437,,,690464.882939394,5335271.835991846,True
246569,"Hauptbahnhof Nord, München",669693.0,505376,48.142536,11.560491,,,690467.5151798029,5335313.534842757,True
246586,Hauptbahnhof Süd,548646.0,268181,48.139294,11.559126,,,690377.9780666286,5334949.849379774,True
246587,Hauptbahnhof Süd,548646.0,395681,48.139236,11.559557,,,690410.2532174585,5334944.470766794,True
246588,Hauptbahnhof Süd,548646.0,629441,48.13928,11.55741,,,690250.3827184492,5334944.045844022,True
246589,Hauptbahnhof Süd,548646.0,69157,48.13887,11.558524,,,690334.7656349591,5334901.237036047,True
247089,Hauseggerstraße,606824.0,496018,48.191986,11.451885,,,682213.8361060558,5340545.955600133,True
247090,Hauseggerstraße,606824.0,568840,48.191902,11.451256,,,682167.3924966799,5340535.128318126,True
247668,Hauzenberger Straße,388181.0,120763,48.137264,11.522214,,,687639.6235844997,5334633.502303711,True
247669,Hauzenberger Straße,388181.0,311604,48.137714,11.521918,,,687615.9637887515,5334682.791565146,True
248008,Haylerstraße,298144.0,72729,48.188328,11.503278,,,686046.1307748661,5340262.585263213,True
248009,Haylerstraße,298144.0,85180,48.188374,11.503412,,,686055.9224950483,5340268.02210357,True
248697,Hechtseestraße,305305.0,335441,48.115635,11.621289,,,695091.685949041,5332476.284545739,True
248698,Hechtseestraße,305305.0,570485,48.11576,11.621146,,,695080.5703766663,5332489.81376974,True
248842,Heckenstallerstraße,603127.0,404284,48.111324,11.539381,,,689011.8688315719,5331792.659366569,True
248843,Heckenstallerstraße,603127.0,630120,48.11116,11.539866,,,689048.5678049009,5331775.624910467,True
248911,Heckscherstraße,373411.0,409411,48.17249,11.582455,,,691989.37679745,5338697.167832526,True
248912,Heckscherstraße,373411.0,579347,48.172356,11.582311,,,691979.1725788674,5338681.91573777,True
249326,Heerstraße,112551.0,547656,48.170902,11.481682,,,684503.7591252899,5338273.8259063,True
249327,Heerstraße,112551.0,574089,48.17077,11.482095,,,684534.9358696183,5338260.147351988,True
249331,Heerstraße West,541208.0,587447,48.169445,11.474531,,1,683977.359667789,5338094.754545909,True
249880,Heideckstraße,644939.0,244408,48.163193,11.541815,,,689002.4427067577,5337563.190139513,True
249881,Heideckstraße,644939.0,50617,48.162598,11.542615,,,689064.1120264336,5337499.031223394,True
250181,Heidemannstraße,517572.0,313964,48.20176,11.585671,,,692118.9584341618,5341958.187961583,True
250182,Heidemannstraße,517572.0,382419,48.20095,11.586021,,,692147.9930141694,5341869.0423055105,True
250183,Heidemannstraße,517572.0,521003,48.200603,11.58506,,,692077.8916117004,5341828.074103562,True
252352,Heimburgstraße,379213.0,228589,48.148838,11.445669,,,681904.5347605763,5335735.8461999465,True
252388,Heimeranplatz,586204.0,113258,48.133583,11.53241,,,688411.5740646294,5334249.340757317,True
252389,Heimeranplatz,586204.0,365595,48.13349,11.53241,,,688411.9144873428,5334239.005046085,True
252390,Heimeranplatz,586204.0,415258,48.133713,11.533668,,,688504.6866867172,5334266.8717832025,True
252391,Heimeranplatz,586204.0,442731,48.133167,11.532895,,,688449.1786064049,5334204.296416599,True
252392,Heimeranplatz,586204.0,9099,48.1339,11.532796,,,688439.1299307522,5334285.516977258,True
252394,Heimeranplatz Süd,447729.0,173025,48.13223,11.529383,,,688191.3274439126,5334091.560148238,True
252395,Heimeranplatz Süd,447729.0,450179,48.132046,11.529517,,,688201.9693583364,5334071.438957483,True
252525,"Heimstetten (S), Kirchheim b. München",175004.0,18745,48.15792,11.758055,,,705101.1857456604,5337531.587587384,False
252526,"Heimstetten (S), Kirchheim b. München",175004.0,292325,48.15799,11.758271,,,705116.9678836816,5337539.943480503,False
252852,Heinrich-Wieland-Straße,453242.0,318078,48.117237,11.63957,,,696446.050766845,5332700.856591348,True
252853,Heinrich-Wieland-Straße,453242.0,88181,48.117226,11.640181,,,696491.5620245455,5332701.194946359,True
253676,Helene-Mayer-Ring,441589.0,162799,48.18254,11.553934,,,689832.0475516825,5339743.232925877,True
253677,Helene-Mayer-Ring,441589.0,377891,48.18339,11.553772,,,689816.8669766893,5339837.299348388,True
253847,Hellensteinstraße,57971.0,133697,48.15311,11.435589,,,681139.808347804,5336186.825399796,True
253848,Hellensteinstraße,57971.0,669767,48.15312,11.43576,,,681152.4899199444,5336188.339729785,True
254652,Helmut-Schmidt-Allee,195243.0,168511,48.142647,11.408011,,,679125.3320793675,5334959.372723706,True
254653,Helmut-Schmidt-Allee,195243.0,272558,48.14222,11.408209,,,679141.5463027538,5334912.378125963,True
254654,Helmut-Schmidt-Allee,195243.0,314351,48.14246,11.407823,,,679111.9990587595,5334938.151950994,True
254655,Helmut-Schmidt-Allee,195243.0,336409,48.142605,11.407823,,,679111.4943591831,5334954.266954868,True
254656,Helmut-Schmidt-Allee,195243.0,572320,48.14205,11.408065,,,679131.4269071117,5334893.149173495,True
254753,Helsinkistraße,635077.0,173388,48.129524,11.689408,,,700107.1179948878,5334194.875836857,True
254754,Helsinkistraße,635077.0,23813,48.129433,11.689408,,,700107.4717496231,5334184.762542161,True
254756,Heltauer Straße,590284.0,123119,48.130512,11.65803,,,697768.8045553718,5334223.495140774,True
254757,Heltauer Straße,590284.0,461288,48.130188,11.658048,,,697771.3885631249,5334187.533558574,True
258496,Herkomerplatz,178317.0,34650,48.15077,11.609045,,,694047.9778707806,5336350.060804781,True
258497,Herkomerplatz,178317.0,46960,48.1509,11.608587,,,694013.426319471,5336363.3524488155,True
258498,Herkomerplatz,178317.0,536448,48.150494,11.60883,,,694033.0295199021,5336318.844488607,True
258499,Herkomerplatz,178317.0,657740,48.15086,11.609045,,,694047.6383560358,5336360.063064581,True
258500,Herkomerplatz,178317.0,79055,48.150738,11.609674,,,694094.8770241624,5336348.092473622,True
258628,Hermann-Gmeiner-Weg,182116.0,148388,48.146385,11.640594,,,696410.9992656934,5335942.853779348,True
258629,Hermann-Gmeiner-Weg,182116.0,514635,48.146004,11.63983,,,696355.6304328714,5335898.559294176,True
258630,Hermann-Gmeiner-Weg,182116.0,524584,48.14641,11.6393,,,696314.6617941676,5335942.326835094,True
258631,Hermann-Gmeiner-Weg,182116.0,667522,48.146507,11.640459,,,696400.4928083427,5335956.067438442,True
258659,Hermann-Lingg-Straße,432663.0,143836,48.138977,11.551382,,,689803.0986134247,5334895.4729237035,True
258660,Hermann-Lingg-Straße,432663.0,220595,48.13913,11.551975,,,689846.6456292733,5334913.940893717,True
258675,Hermann-Pünder-Straße,648317.0,177500,48.088257,11.635671,,,696266.2526164954,5329470.206045559,True
258676,Hermann-Pünder-Straße,648317.0,607348,48.08882,11.636093,,,696295.5308491369,5329533.851566514,True
261520,Herthastraße,118875.0,444363,48.149162,11.503224,,,686183.9079234898,5335909.642982056,True
261521,Herthastraße,118875.0,466607,48.148712,11.503484,,,686204.8735374947,5335860.260972337,True
262019,Herzog-Ernst-Platz,224088.0,131148,48.125256,11.541213,,,689097.0564358545,5333345.514472001,True
262020,Herzog-Ernst-Platz,224088.0,224095,48.125717,11.540647,,,689053.2494086169,5333395.356796192,True
262021,Herzog-Ernst-Platz,224088.0,232059,48.12598,11.540297,,,689026.2416591742,5333423.725323873,True
262022,Herzog-Ernst-Platz,224088.0,326686,48.125393,11.540135,,,689016.3429030774,5333358.090020236,True
262023,Herzog-Ernst-Platz,224088.0,398769,48.125008,11.540773,,,689065.2280972863,5333316.870797749,True
262024,Herzog-Ernst-Platz,224088.0,649692,48.125492,11.541043,,,689083.5405670493,5333371.324677445,True
262340,Herzogpark,290560.0,195740,48.15614,11.607284,,,693896.7683217127,5336942.41868233,True
262341,Herzogpark,290560.0,395070,48.15593,11.607123,,,693885.5877654261,5336918.673925434,True
262350,Herzogstraße,360114.0,199400,48.163197,11.564049,,,690655.5672598619,5337618.550679959,True
262351,Herzogstraße,360114.0,227867,48.16372,11.564318,,,690673.6284072369,5337677.342587693,True
266417,Himalajastraße,662693.0,131133,48.111797,11.665989,,,698433.0511405854,5332164.101166127,True
266418,Himalajastraße,662693.0,192878,48.113277,11.665765,,,698410.678615496,5332328.00320747,True
266419,Himalajastraße,662693.0,25911,48.112137,11.666304,,,698455.185188798,5332202.699814185,True
266420,Himalajastraße,662693.0,585776,48.113277,11.666007,,,698428.6890734183,5332328.627522156,True
266533,Himmelschlüsselstraße,41421.0,370362,48.19533,11.534952,,,688374.3258898326,5341117.9575583255,True
266534,Himmelschlüsselstraße,41421.0,61267,48.19552,11.534781,,,688360.9228403055,5341138.654396685,True
266825,Hinterbrühl,232636.0,379003,48.08718,11.541168,,,689233.5060019968,5329113.782973696,True
266826,Hinterbrühl,232636.0,394296,48.087036,11.541177,,,689234.7047044889,5329097.801541169,True
266837,Hinterbärenbadstraße,353514.0,293156,48.120583,11.51836,,,687413.6426268662,5332770.232259386,True
266838,Hinterbärenbadstraße,353514.0,662599,48.12055,11.518028,,,687389.0573456631,5332765.755779404,True
267179,Hippelstraße,176621.0,569796,48.102234,11.665298,,,698418.451712361,5331099.534644616,True
267180,Hippelstraße,176621.0,95389,48.102463,11.665073,,,698400.8210810281,5331124.404214866,True
267368,Hirschauer Straße,31623.0,197271,48.15102,11.594969,,,693000.2142838205,5336342.407661453,True
267595,Hirschgarten,469098.0,191097,48.143383,11.519295,,,687400.1957339401,5335306.429641582,True
267596,Hirschgarten,469098.0,296973,48.143616,11.519645,,,687425.3802802169,5335333.177742428,True
267597,"Hirschgarten, München",469098.0,183749,48.14317,11.519423,,,687410.492264455,5335283.069480579,True
267598,"Hirschgarten, München",469098.0,6533,48.143204,11.519262,,,687398.3930861435,5335286.455689027,True
267600,Hirschgartenallee,189522.0,237499,48.152836,11.507688,,,686502.5858824395,5336328.781997579,True
267601,Hirschgartenallee,189522.0,288642,48.154106,11.509656,,,686644.3319904238,5336474.702859208,True
268483,Hochmuttinger Straße,575791.0,487015,48.21742,11.533928,,1,688217.2361020024,5343570.48114537,True
268553,Hochschule München,390471.0,421577,48.15547,11.55326,,1,689881.9145413416,5336733.088292555,True
268555,Hochschule München (Lothstr.),273185.0,578545,48.154686,11.554446,,,689973.0048906653,5336648.887493123,True
268556,Hochschule München (Lothstr.),273185.0,579571,48.154095,11.55414,,,689952.432086935,5336582.449422849,True
268557,Hochschule München (Lothstr.),273185.0,64748,48.154476,11.553484,,,689902.2419126316,5336623.171668747,True
268558,Hochschule München (Lothstr.),273185.0,84212,48.154556,11.554499,,,689977.4263664447,5336634.570697557,True
268786,Hochäckerstraße,495388.0,210924,48.10049,11.606449,,,694044.3259921813,5330755.599909572,True
268787,Hochäckerstraße,495388.0,420623,48.101406,11.60644,,,694040.2066764556,5330857.377304221,True
268788,Hochäckerstraße,495388.0,489695,48.10107,11.607123,,,694092.315430884,5330821.758763521,True
269123,Hofangerstraße,390746.0,325920,48.110374,11.627335,,,695561.6046033051,5331906.954764169,True
269124,Hofangerstraße,390746.0,519604,48.110867,11.627407,,,695565.091704132,5331961.927590032,True
269172,Hofbrunnstraße,43962.0,139474,48.08346,11.517552,,,687488.5381960996,5328642.54988983,True
269173,Hofbrunnstraße,43962.0,334996,48.08391,11.516761,,,687427.9987175146,5328690.634234547,True
269174,Hofbrunnstraße,43962.0,426942,48.08383,11.517642,,,687493.8948635922,5328683.889500656,True
269175,Hofbrunnstraße,43962.0,480362,48.08343,11.516833,,,687435.105153232,5328637.464300971,True
269177,Hofbräuallee,174685.0,178286,48.143845,11.700934,,1,700908.7317556476,5335816.501730945,True
269800,Hofmannstraße,70171.0,168013,48.09996,11.529544,,,688321.262039593,5330505.581484377,True
269801,Hofmannstraße,70171.0,319121,48.100483,11.529356,,,688305.3555561991,5330563.245531703,True
269802,Hofmannstraße,70171.0,383673,48.099697,11.528646,,,688255.372521291,5330474.154890737,True
269803,Hofmannstraße,70171.0,444096,48.10045,11.529203,,,688294.0863935736,5330559.203556643,True
270303,Hohenadelweg,483684.0,175832,48.20256,11.457095,,,682563.4042008448,5341733.503007448,True
270304,Hohenadelweg,483684.0,508209,48.202583,11.457221,,,682572.6836514692,5341736.358667968,True
272201,Hohenzollernplatz,51672.0,204255,48.161224,11.568172,,,690969.447134803,5337409.513862535,True
272202,Hohenzollernplatz,51672.0,240756,48.16111,11.568073,,,690962.5093874414,5337396.598290681,True
272203,Hohenzollernplatz,51672.0,247392,48.162357,11.568711,,,691005.3155817743,5337536.771220558,True
272204,Hohenzollernplatz,51672.0,621924,48.16234,11.56881,,,691012.7396782729,5337535.1279349085,True
272217,Hohenzollernstraße,674612.0,132374,48.159397,11.585024,,,692229.2999149403,5337248.476833939,True
272218,Hohenzollernstraße,674612.0,301523,48.15883,11.585384,,,692258.1882911046,5337186.362828896,True
272219,Hohenzollernstraße,674612.0,641719,48.159157,11.585159,,,692240.2353250923,5337222.141702429,True
272644,Holbeinstraße,673611.0,216667,48.143337,11.60123,,,693494.7345078267,5335504.286690304,True
272645,Holbeinstraße,673611.0,624448,48.143013,11.60141,,,693509.3414870091,5335468.7316240035,True
274195,Holzapfelkreuth,370619.0,342985,48.116978,11.502658,,,686258.2348974688,5332331.440789856,True
274196,Holzapfelkreuth,370619.0,382808,48.11637,11.501499,,,686174.1809809649,5332261.063638323,True
274197,Holzapfelkreuth,370619.0,39164,48.11556,11.5022,,,686229.2781139144,5332172.739953537,True
274198,Holzapfelkreuth,370619.0,540388,48.11626,11.502424,,,686243.417199384,5332251.078006511,True
274199,Holzapfelkreuth,370619.0,625180,48.116367,11.502397,,,686241.0209396175,5332262.904253888,True
274204,Holzapfelstraße,285851.0,244553,48.13914,11.547636,,,689523.8448401948,5334904.347470191,True
274205,Holzapfelstraße,285851.0,489100,48.13932,11.54672,,,689455.0439368958,5334922.09452321,True
275044,Holzkirchner Bahnhof,141186.0,39265,48.139103,11.55556,,,690113.4216623575,5334919.798554207,True
275045,Holzkirchner Bahnhof,141186.0,401750,48.13889,11.55582,,,690133.5491701381,5334896.769400665,True
275046,Holzkirchner Bahnhof,141186.0,605795,48.13887,11.556072,,,690152.3686005626,5334895.169880988,True
275047,Holzkirchner Bahnhof,141186.0,655841,48.139214,11.554661,,,690046.1380782379,5334929.9121605735,True
275464,Holzwiesenstraße,394229.0,314401,48.103256,11.637468,,,696342.9073457253,5331141.706712163,True
275465,Holzwiesenstraße,394229.0,45628,48.103584,11.636713,,,696285.4570626104,5331176.232297828,True
275466,Holzwiesenstraße,394229.0,555148,48.10256,11.636471,,,696271.343802679,5331061.812362728,True
276087,Hopfenstraße,484204.0,590223,48.142323,11.554383,,,690013.9780814172,5335274.748681973,True
276088,Hopfenstraße,484204.0,595767,48.142395,11.55441,,,690015.7205149941,5335282.817249198,True
277645,Hortigstraße,416465.0,31162,48.187145,11.472367,,,683753.1837319903,5340056.717943619,True
277646,Hortigstraße,416465.0,351504,48.187218,11.472097,,,683732.8568918663,5340064.185310429,True
278393,Hubertusbrunnen,513245.0,609510,48.159218,11.530065,,1,688143.3502016722,5337092.591953614,True
278413,Hubertusstraße,610482.0,41149,48.15603,11.520229,,,687423.584687388,5336714.256938733,True
278414,Hubertusstraße,610482.0,643707,48.155888,11.519636,,,687380.0051018907,5336697.029719541,True
278599,Hufelandstraße,259321.0,123713,48.19264,11.578547,,,691623.7013779173,5340926.82208617,True
278600,Hufelandstraße,259321.0,204138,48.19253,11.578547,,,691624.1117542685,5340914.596998426,True
278673,Hugo-Lang-Bogen,492540.0,160192,48.10346,11.659701,,,697997.1032341799,5331221.364696178,True
278674,Hugo-Lang-Bogen,492540.0,17000,48.10382,11.659207,,,697958.9478775251,5331260.101903513,True
278675,Hugo-Lang-Bogen,492540.0,275359,48.103046,11.658875,,,697937.2081930535,5331173.229079402,True
278680,Hugo-Troendle-Straße,598645.0,325381,48.179283,11.514767,,,686932.848418941,5339285.230865722,True
278681,Hugo-Troendle-Straße,598645.0,72438,48.179356,11.514821,,,686936.5966274834,5339293.475280165,True
278789,Humboldtstraße,411585.0,197954,48.119785,11.574801,,,691616.5884737123,5332820.62533196,True
278790,Humboldtstraße,411585.0,417813,48.11992,11.575781,,,691689.012203764,5332838.070840416,True
278791,Humboldtstraße,411585.0,486949,48.119167,11.574999,,,691633.6222947813,5332752.436583543,True
280694,Höcherstraße,452664.0,351426,48.19398,11.46173,,,682938.3240154702,5340790.96245336,True
281312,Höglwörther Straße,328094.0,346983,48.1063,11.5226,,,687781.2199356632,5331193.211093658,True
281313,Höglwörther Straße,328094.0,418620,48.10637,11.521702,,,687714.1228185082,5331198.798955182,True
281314,Höglwörther Straße,328094.0,418668,48.10644,11.521513,,,687699.7997188327,5331206.117321183,True
281315,Höglwörther Straße,328094.0,505541,48.106705,11.522771,,,687792.4720083468,5331238.638749443,True
281415,Höhenkirchen-Siegertsbrunn,109761.0,154095,48.018684,11.719026,,,702745.9371488323,5321954.2900089435,False
281416,Höhenkirchen-Siegertsbrunn,109761.0,240597,48.01839,11.719523,,,702784.1470553428,5321922.925205875,False
281824,Hönigschmidplatz,465101.0,524064,48.12984,11.49018,,,685283.3459008322,5333730.741848017,True
281825,Hönigschmidplatz,465101.0,534355,48.130104,11.489003,,,685194.8267469702,5333757.24678087,True
282483,Hörweg,204128.0,26267,48.152092,11.406601,,,678987.591861802,5336005.787594454,True
282484,Hörweg,204128.0,317847,48.152016,11.406727,,,678997.2267864546,5335997.634469974,True
287230,Ilse-Fehling-Straße,428982.0,239513,48.157295,11.426795,,,680471.1385595006,5336631.25353319,True
287231,Ilse-Fehling-Straße,428982.0,489097,48.15731,11.426193,,,680426.3205040835,5336631.507401735,True
287374,Iltisstraße,102380.0,87524,48.103813,11.704078,,1,701299.0359747821,5331375.771932158,True
287490,Im Gefilde,33381.0,537932,48.09071,11.661318,,,698166.4900026463,5329808.55814821,True
287491,Im Gefilde,33381.0,613329,48.089577,11.661579,,,698190.2791357081,5329683.314707946,True
287492,Im Gefilde,33381.0,642711,48.090813,11.661489,,,698178.825987991,5329820.44547451,True
287629,Im Wismat,643871.0,463244,48.173622,11.466402,,1,683358.1230186454,5338539.549324959,True
288120,Implerstraße,290006.0,135495,48.119316,11.548975,,,689696.4838113267,5332704.4798508305,True
288121,Implerstraße,290006.0,358020,48.120155,11.548283,,,689641.8986358996,5332796.016639765,True
288122,Implerstraße,290006.0,368314,48.11878,11.548202,,,689640.9345151265,5332643.004482488,True
288123,Implerstraße,290006.0,386275,48.119694,11.548211,,,689638.2384623473,5332744.605260451,True
288124,Implerstraße,290006.0,429848,48.12014,11.548472,,,689656.0181600163,5332794.815650946,True
288125,Implerstraße,290006.0,588937,48.11939,11.548858,,,689687.5046362656,5332712.4153645085,True
288165,In den Kirschen,275840.0,241265,48.167156,11.509709,,,686600.9127919395,5337925.1735328,True
288166,In den Kirschen,275840.0,62694,48.167267,11.509368,,,686575.1578449055,5337936.6818913985,True
288442,Infanteriestraße,218800.0,425854,48.16146,11.5537,,,689892.5148944702,5337399.885164037,True
288443,Infanteriestraße,218800.0,669697,48.161404,11.553961,,,689912.1282078878,5337394.306375027,True
288445,Infanteriestraße Süd,515767.0,490149,48.15652,11.559135,,,690314.9118508206,5336864.311647889,True
288446,Infanteriestraße Süd,515767.0,534191,48.156414,11.559045,,,690308.6115530113,5336852.3083139965,True
288636,Ingolstädter Straße,590627.0,39810,48.187996,11.583596,,,692016.2464223136,5340423.308254522,True
288637,Ingolstädter Straße,590627.0,445416,48.187798,11.585482,,,692157.1465326583,5340406.018661472,True
288638,Ingolstädter Straße,590627.0,591294,48.18817,11.584566,,,692087.6820880678,5340445.070944318,True
288639,Ingolstädter Straße,590627.0,78511,48.18734,11.584225,,,692065.4435702682,5340351.9746590825,True
288878,Innsbrucker Ring,104557.0,219380,48.120564,11.618702,,,694880.5073580117,5333017.513135405,True
288879,Innsbrucker Ring,104557.0,236357,48.120407,11.618702,,,694881.1015329498,5333000.064836855,True
288880,Innsbrucker Ring,104557.0,33468,48.1205,11.618702,,,694880.7495696292,5333010.4004531475,True
288881,Innsbrucker Ring,104557.0,597466,48.12034,11.618693,,,694880.6853763994,5332992.595941549,True
289278,Irisstraße,147221.0,468784,48.19692,11.545624,,,689161.4569060475,5341320.89117149,True
289279,Irisstraße,147221.0,499574,48.19641,11.545777,,,689174.7038435217,5341264.587801441,True
289552,Isarring,113858.0,183620,48.153824,11.611363,,,694208.8349473814,5336695.32494089,True
289553,Isarring,113858.0,638960,48.15437,11.612144,,,694264.8517737852,5336757.978896253,True
289559,Isartor,639394.0,480198,48.134117,11.583192,,,692187.4914075788,5334434.368228247,True
289560,Isartor,639394.0,609809,48.133305,11.58321,,,692191.8624878873,5334344.170622067,True
289561,Isartor,639394.0,645304,48.13405,11.583515,,,692211.7707991836,5334427.729490793,True
289562,Isartor,639394.0,8147,48.133575,11.583111,,,692183.4892574914,5334373.929948108,True
289563,"Isartor Zweibrückenstraße, München",64789.0,562831,48.13272,11.583802,,,692238.0891437047,5334280.635840057,True
289564,"Isartor, München",639394.0,401871,48.13342,11.583284,,,692196.9382952044,5334357.13625214,True
289566,Isartor/Zweibrückenstraße,64789.0,477605,48.132736,11.583767,,,692235.4255358471,5334282.3265160015,True
289728,Isengaustraße,604255.0,26073,48.086426,11.66192,,,698227.7851629988,5329334.0075555155,True
289729,Isengaustraße,604255.0,564228,48.08646,11.661803,,,698218.9423552505,5329337.484723668,True
291308,Ittlingerstraße,262298.0,101228,48.20829,11.555757,,,689872.3203001351,5342609.527313737,True
291309,Ittlingerstraße,262298.0,189990,48.206936,11.556485,,,689931.4101737568,5342460.847021193,True
291310,Ittlingerstraße,262298.0,263536,48.208588,11.556143,,,689899.8925508172,5342643.60067286,True
291311,Ittlingerstraße,262298.0,3071,48.20841,11.555802,,,689875.219354154,5342622.975079538,True
291312,Ittlingerstraße,262298.0,473716,48.208595,11.555991,,,689888.5751706228,5342644.002814414,True
291313,Ittlingerstraße,262298.0,665356,48.207027,11.555802,,,689880.3345602718,5342469.271755985,True
291864,Jagdhornstraße,24007.0,333231,48.11239,11.70512,,,701343.0730627622,5332331.700976214,True
291865,Jagdhornstraße,24007.0,427487,48.11223,11.704931,,,701329.6322615477,5332313.4246717,True
292176,Jakob-Gelb-Platz,295346.0,223820,48.11338,11.571864,,,691421.8374601672,5332101.485588699,True
292177,Jakob-Gelb-Platz,295346.0,549872,48.11383,11.571927,,,691424.8537487156,5332151.653579318,True
292179,Jakob-Kaiser-Straße,123239.0,247071,48.104443,11.639974,,,696524.9214979636,5331280.0234902855,True
292180,Jakob-Kaiser-Straße,123239.0,595621,48.104225,11.640792,,,696586.6422008715,5331257.886161538,True
292596,Jaspersallee,393630.0,217176,48.163555,11.435742,,,681114.3996122193,5337348.021924222,True
292597,Jaspersallee,393630.0,335416,48.163837,11.435131,,,681067.9774682542,5337377.9232683005,True
294488,Johann-Clanze-Straße,264109.0,104744,48.113247,11.533668,,,688579.6270045672,5331992.351954269,True
294489,Johann-Clanze-Straße,264109.0,384367,48.113064,11.533892,,,688596.9680809926,5331972.563212275,True
294589,Johanneskirchen,435728.0,439457,48.1694,11.647601,,,696844.0333064287,5338518.574292483,True
294590,Johanneskirchen,435728.0,48000,48.169308,11.647601,,,696844.3856037682,5338508.349768722,True
294591,Johanneskirchen,435728.0,93767,48.16845,11.646209,,,696744.1847804636,5338409.430228877,True
294596,Johanneskirchen Bf. West,434368.0,365213,48.16934,11.644663,,,696625.8452069672,5338504.3844777765,True
294597,"Johanneskirchener Straße, München",123870.0,94419,48.167507,11.643653,,,696557.7679681202,5338298.088115229,True
294599,Johanneskirchner Straße,123870.0,194554,48.168396,11.643639,,,696553.3280486733,5338396.852340249,True
294600,Johanneskirchner Straße,123870.0,381252,48.16748,11.643576,,,696552.1466318285,5338294.8904962335,True
294601,Johanneskirchner Straße,123870.0,666571,48.16793,11.643145,,,696518.3836600694,5338343.799497505,True
294602,"Johanneskirchner Straße, München",123870.0,70856,48.16788,11.643143,,,696518.4261100311,5338338.237575534,True
294875,Josef-Frankl-Straße,663203.0,194955,48.215176,11.531359,,,688034.6489666842,5343314.794111484,True
294876,Josef-Frankl-Straße,663203.0,536966,48.214928,11.53073,,,687988.8372683502,5343285.69196529,True
294877,Josef-Frankl-Straße,663203.0,537934,48.21509,11.531278,,,688028.9476162002,5343305.037919088,True
294878,Josef-Frankl-Straße,663203.0,71935,48.2148,11.53055,,,687975.9361887459,5343271.025695869,True
294883,Josef-Lang-Straße,128044.0,283763,48.15016,11.472106,,,683866.0148758246,5335945.662520072,True
294884,Josef-Lang-Straße,128044.0,78279,48.150055,11.471926,,,683853.0033101388,5335933.562583305,True
294894,Josef-Wirth-Weg,311862.0,305791,48.19907,11.626248,,,695143.8764982395,5341761.520330707,True
294895,Josef-Wirth-Weg,311862.0,567959,48.199062,11.626499,,,695162.5560599837,5341761.268950411,True
294922,Joseph-Dollinger-Bogen,322683.0,128585,48.186493,11.607159,,,693773.0157527919,5340315.431200978,True
294923,Joseph-Dollinger-Bogen,322683.0,472827,48.186363,11.606224,,,693704.0187832431,5340298.625576877,True
294931,Joseph-Suder-Bogen,540292.0,338585,48.15651,11.423031,,,680193.9932560056,5336535.179892484,True
294932,Joseph-Suder-Bogen,540292.0,521798,48.156605,11.422977,,,680189.6448674141,5336545.611423418,True
294940,Josephinenstraße,44896.0,417529,48.082413,11.537099,,,688947.9886976723,5328573.999690596,True
294941,Josephinenstraße,44896.0,461327,48.082417,11.536937,,,688935.9100896002,5328574.046483449,True
294943,Josephsburg,199002.0,191556,48.12662,11.633803,,,695981.1667826017,5333728.926918047,True
294944,Josephsburg,199002.0,31595,48.127155,11.634926,,,696062.685286453,5333791.247152792,True
294945,Josephsburg,199002.0,367030,48.126915,11.634539,,,696034.80501805,5333763.587952576,True
294946,Josephsburg,199002.0,492706,48.126556,11.63383,,,695983.4193340184,5333721.8830517195,True
294947,Josephsburg,199002.0,533110,48.126747,11.634243,,,696013.4211247882,5333744.162617388,True
294951,Josephsplatz,347523.0,28729,48.155678,11.567004,,,690903.1875622774,5336790.248032878,True
294952,Josephsplatz,347523.0,303028,48.15565,11.567112,,,690911.3226642185,5336787.40444108,True
294953,Josephsplatz,347523.0,54874,48.154854,11.566312,,,690854.7862935455,5336696.9529651515,True
294954,Josephsplatz,347523.0,557694,48.154797,11.56607,,,690837.0017345464,5336690.01732813,True
296788,Kafkastraße,301462.0,310382,48.098408,11.648876,,,697210.6497526106,5330632.104461191,True
296789,Kafkastraße,301462.0,340157,48.098614,11.648634,,,697191.8457960527,5330654.377945289,True
297129,Kaiserhölzlstraße,407689.0,377295,48.216286,11.508838,,,686357.8309645804,5343383.259889866,True
297130,Kaiserhölzlstraße,407689.0,53291,48.216263,11.508335,,,686320.5540106164,5343379.483201225,True
299446,Kammerspiele,276743.0,318302,48.138462,11.583075,,,692162.5633786181,5334916.962777408,True
299447,Kammerspiele,276743.0,670334,48.138588,11.583057,,,692160.7539146682,5334930.920960624,True
300278,Kapuzinerplatz/Arbeitsagentur,292443.0,528220,48.126747,11.558353,,,690366.8757927598,5333553.506848024,True
300279,Kapuzinerplatz/Arbeitsagentur,292443.0,57500,48.126747,11.558515,,,690378.9293348123,5333553.907892735,True
300281,Kapuzinerstraße,138493.0,231469,48.12492,11.561569,,,690612.9248193956,5333358.427090437,True
300282,Kapuzinerstraße,138493.0,306495,48.125313,11.561542,,,690609.4608905768,5333402.036723735,True
300283,Kapuzinerstraße,138493.0,391987,48.125214,11.561488,,,690605.8094355143,5333390.900388739,True
300284,Kapuzinerstraße,138493.0,417538,48.12535,11.562171,,,690656.125650594,5333407.708002434,True
300474,Karl-Hänel-Straße,229833.0,300138,48.20008,11.447528,,,681861.4019832577,5341435.18556439,True
300475,Karl-Hänel-Straße,229833.0,498394,48.200417,11.447834,,,681882.9439224505,5341473.363741855,True
300496,Karl-Marx-Ring,600195.0,247669,48.109028,11.650386,,,697282.3936362899,5331816.231139167,True
300497,Karl-Marx-Ring,600195.0,424504,48.10923,11.649389,,,697207.413983382,5331836.123787011,True
300534,Karl-Preis-Platz,223745.0,122784,48.11796,11.608398,,,694123.5699582874,5332702.05647367,True
300535,Karl-Preis-Platz,223745.0,240034,48.118587,11.610357,,,694266.9875413456,5332776.685074311,True
300536,Karl-Preis-Platz,223745.0,404938,48.118347,11.609117,,,694175.6165613895,5332746.881052773,True
300537,Karl-Preis-Platz,223745.0,42101,48.11814,11.610006,,,694242.5535197683,5332726.120858654,True
300538,Karl-Preis-Platz,223745.0,551391,48.118725,11.609261,,,694184.9071707383,5332789.25393096,True
300540,Karl-Preis-Platz,223745.0,7964,48.11791,11.608452,,,694127.7769535882,5332696.635988964,True
300550,Karl-Schmid-Straße,94020.0,440646,48.132294,11.669062,,,698582.6932092556,5334449.971931875,True
300551,Karl-Schmid-Straße,94020.0,617999,48.13212,11.66916,,,698590.6553418748,5334430.887490893,True
300559,Karl-Theodor-Straße,338257.0,224334,48.166733,11.574002,,,691382.4275753828,5338036.268485004,True
300560,Karl-Theodor-Straße,338257.0,440575,48.166874,11.574092,,,691388.593865155,5338052.162903909,True
300566,Karl-von-Roth-Straße,394830.0,377526,48.17923,11.474747,,,683958.3941265321,5339182.7555911075,True
300567,Karl-von-Roth-Straße,394830.0,398513,48.1792,11.47463,,,683949.8050003783,5339179.1413569935,True
300688,Karlsfeld Bahnhof (West),670168.0,150031,48.211952,11.458604,,,682642.1012124671,5342780.903656356,False
300689,Karlsfeld Bahnhof (West),670168.0,347674,48.212814,11.458326,,,682618.3841378397,5342876.044064489,False
300706,"Karlsfeld, Einkaufsmärkte",71494.0,395279,48.227695,11.463958,,,682983.6625219213,5344543.306116056,False
300707,"Karlsfeld, Einkaufsmärkte",71494.0,582200,48.22792,11.463931,,,682980.8550287796,5344568.248002655,False
300709,"Karlsfeld, Einkaufsmärkte West",266734.0,519075,48.227463,11.461659,,,682813.7677586767,5344512.045624025,False
300710,"Karlsfeld, Einkaufsmärkte West",266734.0,54605,48.227394,11.461793,,,682823.9643967155,5344504.696097296,False
300723,"Karlsfeld, Gartenstraße",510711.0,463474,48.22915,11.472429,,,683607.5028397545,5344725.235310906,False
300724,"Karlsfeld, Gartenstraße",510711.0,470509,48.230232,11.473247,,,683664.3710788543,5344847.443867545,False
300727,"Karlsfeld, Gymnasium",8055.0,569001,48.21699,11.456826,,,682492.114841659,5343336.5934826145,False
300728,"Karlsfeld, Gymnasium",8055.0,83184,48.21695,11.457167,,,682517.5847157848,5343332.95832187,False
300737,"Karlsfeld, Krenmoosstraße",416473.0,214750,48.22335,11.471396,,,683551.5444192765,5344078.16106394,False
300738,"Karlsfeld, Krenmoosstraße",416473.0,68496,48.222626,11.472124,,,683608.2001868229,5343999.437136457,False
300746,"Karlsfeld, Münchn. Str./Würmk.",56752.0,320681,48.219902,11.476463,,,683940.2056500157,5343707.079714241,False
300747,"Karlsfeld, Münchner Str/Würmk.",56752.0,233980,48.220226,11.476346,,,683930.3547473188,5343742.808363479,False
300749,"Karlsfeld, Münchner Straße",163924.0,279423,48.22553,11.467417,,,683248.2569990155,5344310.9397961525,False
300750,"Karlsfeld, Münchner Straße",163924.0,435006,48.22635,11.466572,,,683182.5777880811,5344400.057315063,False
300752,"Karlsfeld, Ostenstraße",77820.0,388905,48.234413,11.471612,,,683528.0038749035,5345308.205399486,False
300757,"Karlsfeld, Rathaus",22676.0,373774,48.226593,11.468073,,,683293.1753043026,5344430.646034917,False
300760,"Karlsfeld, Rathausstraße",86358.0,452974,48.22897,11.463877,,,682973.1001044968,5344684.815072114,False
300766,"Karlsfeld, Rosenstraße",344173.0,604470,48.233368,11.47278,,,683618.4678834167,5345194.858086896,False
300779,"Karlsfeld, Sportpark",665818.0,486185,48.23037,11.46695,,,683196.2927088372,5344847.737090411,False
300794,Karlsfelder Straße,517738.0,390999,48.21641,11.480829,,,684277.0077562018,5343329.451301599,True
300795,Karlsfelder Straße,517738.0,46310,48.216072,11.480784,,,684274.878936889,5343291.778520548,True
300954,Karlsplatz (Stachus),319692.0,199295,48.13838,11.565019,,,690819.7262011907,5334862.879351588,True
300955,Karlsplatz (Stachus),319692.0,224125,48.138638,11.56536,,,690844.1356331502,5334892.398923467,True
300956,Karlsplatz (Stachus),319692.0,254064,48.140434,11.567148,,,690970.4750713515,5335096.439670489,True
300957,Karlsplatz (Stachus),319692.0,299685,48.13865,11.565189,,,690831.3709013769,5334893.308122018,True
300958,Karlsplatz (Stachus),319692.0,395231,48.13995,11.564588,,,690781.8445569453,5335036.294012967,True
300959,Karlsplatz (Stachus),319692.0,585193,48.13879,11.565648,,,690864.9954371788,5334910.006572008,True
300960,Karlsplatz (Stachus),319692.0,591473,48.13854,11.565603,,,690862.5752152391,5334882.110750393,True
300961,Karlsplatz (Stachus),319692.0,624935,48.13929,11.564606,,,690785.6303818871,5334962.98860714,True
300962,Karlsplatz (Stachus),319692.0,637515,48.13896,11.564902,,,690808.8723286829,5334927.048124949,True
300963,Karlsplatz (Stachus),319692.0,648721,48.13836,11.565189,,,690832.446274502,5334861.078551751,True
300964,Karlsplatz (Stachus),319692.0,650315,48.140163,11.566878,,,690951.3968054594,5335065.65107282,True
300965,Karlsplatz (Stachus),319692.0,86882,48.13973,11.564938,,,690808.6951966828,5335012.712545804,True
301440,Karlstraße,17050.0,32494,48.14487,11.55971,,,690400.7859540494,5335570.993049137,True
301441,Karlstraße,17050.0,531633,48.145184,11.560285,,,690442.3912414075,5335607.314174264,True
301442,Karlstraße,17050.0,84443,48.144665,11.559629,,,690395.5199109756,5335548.009440841,True
301507,Karolinenplatz,356341.0,198092,48.145393,11.569528,,,691129.0893835962,5335653.479874709,True
301508,Karolinenplatz,356341.0,621902,48.145435,11.569699,,,691141.6519057595,5335658.572754903,True
301785,Karwinskistraße Ost,543595.0,252244,48.168045,11.475484,,1,684053.2209422527,5337941.443525409,True
301787,Karwinskistraße West,428348.0,266243,48.168415,11.464587,,1,683241.7607729323,5337956.525273583,True
302662,Kastenbauerstraße,249163.0,208558,48.13822,11.639417,,,696354.6154767084,5335032.42347459,True
302663,Kastenbauerstraße,249163.0,535758,48.13864,11.639786,,,696380.4616690895,5335080.0429460285,True
303825,Kazmairstraße,273543.0,226693,48.134804,11.533856,,,688514.6769925754,5334388.582803167,True
303826,Kazmairstraße,273543.0,66712,48.134895,11.534467,,,688559.7977815461,5334400.194411352,True
303827,Kazmairstraße,273543.0,667792,48.135265,11.534144,,,688534.4135299615,5334440.522946034,True
304101,Keilberthstraße,207020.0,222307,48.20539,11.599487,,,693131.773728821,5342396.2653981205,True
304102,Keilberthstraße,207020.0,392545,48.205223,11.599685,,,693147.1115033022,5342378.203401905,True
304714,Kemnatenstraße,240395.0,639823,48.151318,11.504329,,,686258.2831174369,5336151.931580681,True
304715,Kemnatenstraße,240395.0,66611,48.151333,11.504014,,,686234.8024626015,5336152.835458527,True
305800,Kemptener Straße,481083.0,375832,48.07877,11.484188,,1,685020.82935288,5328040.572441039,True
307376,Kieferngarten,199353.0,116154,48.2019,11.611983,,,694073.2981616734,5342039.89520255,True
307377,Kieferngarten,199353.0,186915,48.203857,11.613213,,,694157.2810966446,5342260.498884331,True
307378,Kieferngarten,199353.0,222937,48.202717,11.612728,,,694125.5593526448,5342132.57679475,True
307379,Kieferngarten,199353.0,300439,48.203842,11.613366,,,694168.7045888691,5342259.218609476,True
307380,Kieferngarten,199353.0,363570,48.202435,11.612477,,,694107.9775815404,5342100.601807778,True
307381,Kieferngarten,199353.0,363704,48.203846,11.613294,,,694163.3403945535,5342259.481140472,True
307382,Kieferngarten,199353.0,613303,48.203876,11.613133,,,694151.2658421267,5342262.408258367,True
307384,Kiefernstraße,61951.0,180985,48.087757,11.599406,,,693567.8423036253,5329322.771514808,True
307385,Kiefernstraße,61951.0,451568,48.08743,11.599415,,,693569.7402358509,5329286.452900769,True
309769,Kirchenstraße,222909.0,465329,48.132244,11.605173,,,693829.7922979548,5334281.386016632,True
309770,Kirchenstraße,222909.0,540193,48.133324,11.604949,,,693809.0609036877,5334400.848239449,True
311083,Kirchtruderinger Straße,517346.0,235806,48.126244,11.674029,,,698975.6013951541,5333790.443875341,True
311084,Kirchtruderinger Straße,517346.0,562533,48.12636,11.673948,,,698969.126303269,5333803.125969414,True
311777,Kistlerhofstraße,548496.0,175321,48.095158,11.524217,,,687942.2120143841,5329958.879551247,True
311778,Kistlerhofstraße,548496.0,600429,48.095413,11.523544,,,687891.1772505138,5329985.57553407,True
311779,Kistlerhofstraße,548496.0,604914,48.094776,11.523166,,,687865.356885237,5329913.858762349,True
312235,Klagenfurter Straße,295038.0,313559,48.112667,11.603116,,,693750.4100519584,5332100.496432968,True
312236,Klagenfurter Straße,295038.0,430308,48.112343,11.602973,,,693740.9859925907,5332064.128262681,True
312317,Klara-Ziegler-Bogen,162020.0,346664,48.083984,11.661336,,1,698193.6865017236,5329061.112245775,True
312619,Kleiberweg,437676.0,470078,48.17857,11.403044,,,678631.050269427,5338940.233627696,True
312620,Kleiberweg,437676.0,86754,48.178307,11.402019,,,678555.7752024396,5338908.621961257,True
315930,Klenzestraße,93779.0,494978,48.125134,11.57128,,,691334.6976143469,5333406.325970659,True
315931,Klenzestraße,93779.0,617761,48.125732,11.57075,,,691293.0401440049,5333471.466887055,True
315958,Kleselstraße,533324.0,18510,48.1988,11.458002,,,682644.1628333386,5341317.778604973,True
315959,Kleselstraße,533324.0,326696,48.199978,11.458245,,,682658.0279985876,5341449.27744445,True
315960,Kleselstraße,533324.0,526415,48.199207,11.457032,,,682570.6440489308,5341360.706079611,True
316965,Klinikum Großhadern,314009.0,401072,48.108875,11.474028,,,684156.5814276857,5331361.963815368,True
316966,Klinikum Großhadern,314009.0,445570,48.109028,11.473786,,,684138.022276717,5331378.388434078,True
316968,Klinikum Großhadern,314009.0,672329,48.10912,11.473714,,,684132.3344421607,5331388.44067523,True
316974,Klinikum Großhadern Ost,155448.0,156043,48.110874,11.473876,,,684138.1226440594,5331583.762494261,True
316975,Klinikum Großhadern Ost,155448.0,36802,48.1116,11.473948,,,684140.8862998436,5331664.620216806,True
316979,Klinikum Harlaching,171353.0,128556,48.08711,11.556251,,,690356.8728993259,5329143.206192069,True
316980,Klinikum Harlaching,171353.0,448189,48.08709,11.554949,,,690259.9972711109,5329137.7633582875,True
316981,Klinikum Harlaching,171353.0,641791,48.086617,11.554832,,,690253.0306777951,5329084.906867236,True
317001,Klinikum Neuperlach,399353.0,133229,48.096504,11.655704,,,697726.2651381372,5330438.029519367,True
317002,Klinikum Neuperlach,399353.0,156695,48.096535,11.654967,,,697671.278270976,5330439.580794345,True
317003,Klinikum Neuperlach,399353.0,88299,48.09601,11.654985,,,697674.6320116122,5330381.281201127,True
317256,Klopstockstraße,555614.0,657469,48.176083,11.578826,,,691706.2013971971,5339087.422248476,True
317257,Klopstockstraße,555614.0,98079,48.176025,11.579661,,,691768.4858979436,5339083.05986007,True
317719,Klärwerk Gut Großlappen,1282.0,491427,48.207157,11.631162,,,695478.1922673327,5342672.77976023,True
317720,Klärwerk Gut Großlappen,1282.0,68426,48.207027,11.631314,,,695489.9790348283,5342658.718856777,True
317833,Knappertsbuschstraße,300774.0,190898,48.16032,11.640855,,,696377.1992962235,5337492.200115728,True
317834,Knappertsbuschstraße,300774.0,369651,48.160133,11.640486,,,696350.4761853933,5337470.474906121,True
317835,Knappertsbuschstraße,300774.0,421485,48.160194,11.640298,,,696336.2643983774,5337476.773930499,True
318177,Knorrstraße,519480.0,187158,48.19165,11.571666,,,691116.0640821218,5340799.654946519,True
318178,Knorrstraße,519480.0,199784,48.191547,11.570615,,,691038.3467755244,5340785.593688427,True
318179,Knorrstraße,519480.0,518200,48.191444,11.572259,,,691160.8968641139,5340778.236107171,True
318180,Knorrstraße,519480.0,654277,48.192062,11.572457,,,691173.3103213937,5340847.411615252,True
320359,Kollwitzstraße,125579.0,445572,48.19856,11.585006,,,692081.521311103,5341600.885754925,True
320360,Kollwitzstraße,125579.0,600691,48.198,11.584593,,,692052.9295086246,5341537.616248554,True
320428,Kolumbusplatz,53089.0,147207,48.119797,11.576652,,,691754.2851113325,5332826.572400605,True
320429,Kolumbusplatz,53089.0,175253,48.119797,11.576751,,,691761.6521488986,5332826.819241898,True
320430,Kolumbusplatz,53089.0,340207,48.119774,11.576544,,,691746.3339838763,5332823.7470008535,True
320431,Kolumbusplatz,53089.0,85071,48.119106,11.576544,,,691748.8212790056,5332749.50812248,True
320433,Kolumbusplatz (Nord),495550.0,42557,48.120705,11.576553,,,691743.5370844919,5332927.23710945,True
320434,Kolumbusplatz (Nord),495550.0,517325,48.12058,11.576688,,,691754.0483393706,5332913.681691612,True
320436,Kolumbusplatz/Humboldtstraße,45523.0,270472,48.119232,11.575817,,,691694.2521672068,5332761.698963903,True
321426,Korbinian-Beer-Straße,603146.0,205720,48.18354,11.478259,,,684203.9874952434,5339670.173937714,True
321427,Korbinian-Beer-Straße,603146.0,397287,48.183422,11.478259,,,684204.410516556,5339657.0596573,True
321429,Korbinianplatz,388968.0,405186,48.18603,11.572843,,,691224.4464152608,5340177.992906982,True
321430,Korbinianplatz,388968.0,499606,48.185852,11.572699,,,691214.4070131809,5340157.852098017,True
321432,Korbmacherweg,539874.0,256080,48.174686,11.418198,,,679771.0390251956,5338543.9103957005,True
321433,Korbmacherweg,539874.0,448983,48.17524,11.413159,,,679394.5259670911,5338593.705540885,True
321568,Kornwegerstraße,330210.0,213874,48.112015,11.494303,,,685654.3512472918,5331759.67014164,True
321569,Kornwegerstraße,330210.0,453152,48.11205,11.495435,,,685738.4756045366,5331766.292739482,True
321570,Kornwegerstraße,330210.0,627069,48.11242,11.494178,,,685643.5883713993,5331804.378812044,True
321571,Kornwegerstraße,330210.0,70689,48.1125,11.495022,,,685706.1152525865,5331815.307064222,True
323091,Krankenhaus Martha Maria,546901.0,465514,48.086365,11.534377,,,688730.8183481785,5329006.5289223185,True
323092,Krankenhaus Martha Maria,546901.0,619135,48.08619,11.533964,,,688700.7055661426,5328986.067271449,True
323095,Krankenhaus Pasing,600102.0,537109,48.145607,11.453161,,,682473.1983507719,5335394.514967723,True
323096,Krankenhaus Pasing,600102.0,609785,48.14566,11.453044,,,682464.308177929,5335400.127574375,True
323384,Krauss-Maffei-Straße,357649.0,461520,48.193523,11.470705,,,683606.870366802,5340761.583447497,True
323385,Krauss-Maffei-Straße,357649.0,620333,48.19368,11.470974,,,683626.2980767109,5340779.6750877295,True
323387,Krauss-Maffei-Straße Ost,177861.0,472641,48.193687,11.473121,,,683785.8127966444,5340785.587158707,True
323388,Krauss-Maffei-Straße Ost,177861.0,477452,48.193752,11.473274,,,683796.9493644265,5340793.1771783,True
323437,Krautheimstraße,526500.0,629367,48.182922,11.472645,,,683788.9492328032,5339588.046893907,True
323438,Krautheimstraße,526500.0,77535,48.18284,11.472735,,,683795.9316804063,5339579.14885822,True
324727,Kreillerstraße,246096.0,236092,48.125813,11.646756,,,696948.0120782085,5333672.333870808,True
324728,Kreillerstraße,246096.0,305513,48.125626,11.644636,,,696790.9874756304,5333646.124060197,True
324729,Kreillerstraße,246096.0,599217,48.125645,11.644538,,,696783.6230991766,5333647.984846922,True
324730,Kreillerstraße,246096.0,614038,48.12575,11.64673,,,696946.3185406536,5333665.26574649,True
325458,"Kreuzstraße Bahnhof, Valley",544175.0,153395,47.91683,11.758889,,,706123.2622630146,5310740.750994455,False
325741,Kriegelsteinerstraße,102282.0,230459,48.08983,11.496738,,,685915.6001839098,5329299.986952106,True
325742,Kriegelsteinerstraße,102282.0,52035,48.089985,11.496935,,,685929.709451554,5329317.689083983,True
325793,Kriemhildenstraße,324877.0,88770,48.15228,11.515333,,,687073.144591856,5336285.566252633,True
325952,Kristallstraße,137429.0,345071,48.212257,11.484745,,,684582.804038613,5342877.2977314275,True
325953,Kristallstraße,137429.0,386755,48.213078,11.485464,,,684633.2591013564,5342970.270632575,True
325954,Kristallstraße,137429.0,412103,48.213074,11.484539,,,684564.5644386059,5342967.6026988365,True
326104,Krokusstraße,53251.0,120721,48.12572,11.478852,,,684455.296768986,5333245.625057314,True
326105,Krokusstraße,53251.0,339197,48.125885,11.478852,,,684454.7056524345,5333263.962670914,True
326106,Krokusstraße,53251.0,419931,48.126076,11.479239,,,684482.8165272159,5333286.118141846,True
326593,Kronstadter Straße,283707.0,125701,48.138664,11.647233,,,696934.328498115,5335101.758778793,True
326594,Kronstadter Straße,283707.0,162308,48.138805,11.647403,,,696946.4346150467,5335117.864374826,True
326635,Kronwinkler Straße,540649.0,504237,48.16137,11.423633,,,680221.7276560668,5337076.722317969,True
326636,Kronwinkler Straße,540649.0,611407,48.161358,11.423004,,,680175.0002121974,5337073.9140331615,True
327002,Krumbadstraße,226744.0,43956,48.116726,11.625224,,,695380.3906510993,5332607.522359764,True
327003,Krumbadstraße,226744.0,480413,48.11646,11.625206,,,695380.060247843,5332577.914580155,True
328039,Kuckucksblumenstraße,155107.0,396306,48.198902,11.522385,,,687427.4924811295,5341484.20145323,True
328040,Kuckucksblumenstraße,155107.0,612535,48.19883,11.522412,,,687429.7613724687,5341476.265411829,True
328137,Kufsteiner Platz,40472.0,167233,48.15032,11.602398,,,693555.3369636617,5336283.291313404,True
328138,Kufsteiner Platz,40472.0,441871,48.150055,11.601993,,,693526.2140056744,5336252.8205104405,True
328475,Kulturheimstraße,258658.0,101705,48.196445,11.621244,,,694782.0382840086,5341457.085272531,True
328476,Kulturheimstraße,258658.0,106574,48.19659,11.621397,,,694792.8566994322,5341473.588090285,True
328485,Kulturzentrum Trudering,348456.0,392593,48.119804,11.670984,,,698773.9001732948,5333066.858575768,True
328486,Kulturzentrum Trudering,348456.0,585967,48.119564,11.670499,,,698738.7356984204,5333038.932681358,True
328648,Kunihohstraße,559424.0,403885,48.149815,11.65803,,,697694.629846124,5336368.745219743,True
328649,Kunihohstraße,559424.0,631329,48.14966,11.657896,,,697685.2598629605,5336351.1745638745,True
328744,Kunreuthstraße,197017.0,400119,48.150383,11.413293,,,679491.230816909,5335831.4552929,True
328745,Kunreuthstraße,197017.0,85870,48.15055,11.413024,,,679470.6423408597,5335849.387322045,True
328772,Kunstmannstraße,314873.0,303383,48.173946,11.47702,,,684146.2754532883,5338600.947229364,True
328773,Kunstmannstraße,314873.0,605581,48.173805,11.477442,,,684178.1508025635,5338586.288116601,True
328932,Kurfürstenplatz,547896.0,272667,48.159996,11.574999,,,691481.6386490618,5337290.023548775,True
328933,Kurfürstenplatz,547896.0,432636,48.160397,11.574074,,,691411.3663710689,5337332.285314482,True
328934,Kurfürstenplatz,547896.0,483214,48.160507,11.574092,,,691412.2953159262,5337344.555179713,True
328935,Kurfürstenplatz,547896.0,554989,48.15991,11.574846,,,691470.5823408801,5337280.084633583,True
329136,Kurparkstraße,275890.0,366296,48.119442,11.496163,,,685765.9949809738,5332589.5736413365,True
329137,Kurparkstraße,275890.0,553140,48.11951,11.496396,,,685783.0884876351,5332597.693741868,True
329286,Kurzstraße,260668.0,178256,48.104355,11.569681,,,691292.8795548619,5331093.053107735,True
329287,Kurzstraße,260668.0,530079,48.104893,11.570067,,,691319.6144676013,5331153.80414397,True
329382,Kustermannpark,353545.0,570096,48.12418,11.601293,,1,693571.4537110401,5333375.41230152,True
333222,Kölner Platz,379026.0,131230,48.17016,11.577389,,,691621.4650120779,5338425.574440673,True
333223,Kölner Platz,379026.0,363779,48.17007,11.577416,,,691623.8077321217,5338415.639452265,True
333426,Königinstraße,202473.0,17473,48.143982,11.584827,,,692272.2632823855,5335534.815514578,True
333427,Königinstraße,202473.0,344874,48.14353,11.585168,,,692299.3159896719,5335485.434781739,True
334103,Königsplatz,96898.0,210452,48.14496,11.563294,,,690667.024382525,5335589.87787323,True
334104,Königsplatz,96898.0,322321,48.146957,11.564462,,,690746.4940964594,5335814.715048818,True
334105,Königsplatz,96898.0,516397,48.144997,11.563168,,,690657.515621574,5335593.677438819,True
334106,Königsplatz,96898.0,570443,48.14546,11.563662,,,690692.5423744956,5335646.358907078,True
337764,Lagerhausstraße,420727.0,249377,48.120426,11.55556,,,690182.4096181667,5332844.103936522,True
337765,Lagerhausstraße,420727.0,9910,48.120445,11.555191,,,690154.880785578,5332845.303106129,True
338477,Laim,469589.0,132234,48.143307,11.502433,,,686146.2615452087,5335257.019504486,True
338478,Laim,469589.0,219096,48.143494,11.502954,,,686184.3373874773,5335279.063712952,True
338479,Laim,469589.0,280976,48.143414,11.50184,,,686101.7666346545,5335267.475583335,True
338480,Laim,469589.0,564979,48.14315,11.50281,,,686174.8712238193,5335240.483834492,True
338481,Laim,469589.0,568218,48.143055,11.503574,,,686232.0422842234,5335231.776158773,True
338482,Laim,469589.0,91473,48.143414,11.502056,,,686117.8328907371,5335267.998457756,True
338483,"Laim, München",469589.0,107826,48.14336,11.50232,,,686137.6647695466,5335262.636183696,True
338484,"Laim, München",469589.0,11008,48.14337,11.50185,,,686102.669582074,5335262.60975627,True
338504,Laimer Platz,263756.0,232243,48.13543,11.501921,,,686136.6670345075,5334380.353405663,True
338505,Laimer Platz,263756.0,355889,48.134758,11.503125,,,686228.6668544824,5334308.584657796,True
338506,Laimer Platz,263756.0,438952,48.135944,11.502819,,,686201.6118488195,5334439.652052919,True
338507,Laimer Platz,263756.0,488034,48.135075,11.502918,,,686212.1205716046,5334343.3137591835,True
338508,Laimer Platz,263756.0,534159,48.135178,11.499729,,,685974.5094909135,5334347.042894526,True
338509,Laimer Platz,263756.0,594490,48.135483,11.501921,,,686136.4753625906,5334386.24366629,True
338510,Laimer Platz,263756.0,68359,48.135754,11.503035,,,686218.3678748137,5334419.0591191845,True
338979,Lamprechtstraße,610077.0,206093,48.10129,11.66908,,,698703.6216781494,5331004.3853472965,True
338980,Lamprechtstraße,610077.0,659641,48.101444,11.669475,,,698732.4317986516,5331022.520488309,True
339584,Landrichterstraße,115500.0,247527,48.08857,11.607437,,,694162.7741276559,5329433.358886277,True
339585,Landrichterstraße,115500.0,63642,48.088707,11.607626,,,694176.3309434198,5329449.061362467,True
340546,Landshuter Allee,155510.0,344084,48.15262,11.53736,,,688709.9974465958,5336377.192610525,True
340547,Landshuter Allee,155510.0,510492,48.151474,11.536677,,,688663.4077893747,5336248.153199298,True
340548,Landshuter Allee,155510.0,658441,48.152008,11.536264,,,688630.7351938419,5336306.486785273,True
340549,Landshuter Allee,155510.0,673203,48.151417,11.538276,,,688782.5328943678,5336245.744023362,True
340864,Langbürgener Straße,172304.0,319766,48.110332,11.611956,,,694417.1367600169,5331863.30068909,True
340865,Langbürgener Straße,172304.0,439917,48.110424,11.612692,,,694471.5684351522,5331875.385729837,True
344139,Langwied,134607.0,494198,48.16301,11.432625,,,680884.5613440226,5337280.111449545,True
344140,Langwied,134607.0,504857,48.16313,11.432284,,,680858.7849459728,5337292.645565387,True
344151,Langwied Ortsmitte,155352.0,127313,48.18114,11.423858,,,680169.1543120474,5339274.453566049,True
344152,Langwied Ortsmitte,155352.0,153136,48.181206,11.423831,,,680166.9160965035,5339281.725394845,True
344440,Lassallestraße,457434.0,109892,48.18691,11.534144,,,688345.157297677,5340180.198208456,True
344441,Lassallestraße,457434.0,359366,48.1872,11.533281,,,688279.9583740676,5340210.312811676,True
344442,Lassallestraße,457434.0,540438,48.187366,11.533874,,,688323.4199862101,5340230.215043977,True
344443,Lassallestraße,457434.0,76852,48.186764,11.533362,,,688287.5759764288,5340162.05536431,True
346007,Lauinger Straße,529898.0,167113,48.179504,11.496145,,,685547.8982779465,5339264.656701913,True
346008,Lauinger Straße,529898.0,364917,48.179256,11.496711,,,685590.8638991104,5339238.461453036,True
346009,Lauinger Straße,529898.0,515269,48.179157,11.495822,,,685525.1428501059,5339225.311989118,True
346372,Lautensackstraße,44411.0,329280,48.139603,11.518288,,,687339.0553335769,5334883.877934045,True
346373,Lautensackstraße,44411.0,418265,48.13974,11.518845,,,687379.9896200568,5334900.461013276,True
346374,Lautensackstraße,44411.0,429512,48.13965,11.519268,,,687411.7826706951,5334891.489678739,True
346375,Lautensackstraße,44411.0,540406,48.139618,11.518154,,,687329.0329761506,5334885.218495054,True
347366,Lebscheestraße,383283.0,253515,48.10786,11.56483,,,690918.7973443987,5331470.533070272,True
347367,Lebscheestraße,383283.0,670826,48.107784,11.565207,,,690947.1398442712,5331463.022503482,True
348257,Lehel,392616.0,169286,48.139572,11.588591,,,692568.7308650934,5335054.125111583,True
348258,Lehel,392616.0,252700,48.139614,11.587791,,,692509.0650788178,5335056.789403387,True
348259,Lehel,392616.0,36902,48.13956,11.588725,,,692578.7434739507,5335053.12711195,True
348260,Lehel,392616.0,666606,48.13974,11.587899,,,692516.6273614326,5335071.062997955,True
348652,Lehrer-Wirth-Straße,623987.0,117683,48.12956,11.694538,,,700488.6482304959,5334212.239978789,True
348653,Lehrer-Wirth-Straße,623987.0,587975,48.129475,11.694583,,,700492.3272808392,5334202.910833596,True
349100,"Leienfelsstraße, München",640018.0,87130,48.152637,11.427244,,,680520.8738779153,5336114.627070415,True
349158,Leifstraße,89779.0,536898,48.091484,11.593819,,,693137.8661125778,5329722.93343416,True
351155,Lenbachplatz,537260.0,442485,48.140987,11.568136,,,691041.9141155444,5335160.352692821,True
351156,Lenbachplatz,537260.0,479267,48.14089,11.568405,,,691062.2835468495,5335150.240915742,True
351157,Lenbachplatz,537260.0,587960,48.141155,11.569888,,,691171.6105780785,5335183.378556159,True
351158,Lenbachplatz,537260.0,592182,48.140865,11.568612,,,691077.7738772182,5335147.976942855,True
352389,Leonrodplatz,461662.0,436714,48.15972,11.547034,,,689403.2772781996,5337190.058871301,True
352390,Leonrodplatz,461662.0,446274,48.1599,11.546972,,,689398.0041981484,5337209.910742507,True
352391,Leonrodplatz,461662.0,592176,48.15975,11.547834,,,689462.6522920802,5337195.364674363,True
352392,Leonrodplatz,461662.0,645798,48.159184,11.546972,,,689400.6412560038,5337130.33668665,True
352713,Lerchenauer See,24485.0,521986,48.19795,11.535401,,,688398.0777335621,5341410.239304485,True
352714,Lerchenauer See,24485.0,586803,48.19804,11.535734,,,688422.4899714511,5341421.058463572,True
352716,Lerchenauer Straße,575780.0,327752,48.18618,11.550448,,,689559.5247461249,5340139.165747429,True
352717,Lerchenauer Straße,575780.0,606618,48.185936,11.552379,,,689703.9348925931,5340116.814377749,True
352718,Lerchenauer Straße,575780.0,613891,48.18547,11.551921,,,689671.6171637343,5340063.893618142,True
352719,Lerchenauer Straße,575780.0,670859,48.18666,11.551481,,,689634.5241093831,5340195.060886798,True
352771,Lerchenstraße,470077.0,297857,48.21466,11.534844,,,688295.3963233046,5343265.985921002,True
352772,Lerchenstraße,470077.0,594280,48.214558,11.534925,,,688301.7870118979,5343254.848459929,True
354005,Leutstettener Straße,617953.0,417659,48.09344,11.52278,,,687841.4875045837,5329764.438433985,True
354006,Leutstettener Straße,617953.0,492928,48.093372,11.522448,,,687817.0168883052,5329756.070699858,True
357149,Lilienthalallee Süd,673713.0,406055,48.186714,11.602865,,,693453.0629705908,5340329.171011636,True
357150,Lilienthalallee Süd,673713.0,569690,48.18707,11.60194,,,693382.9792248867,5340366.406950229,True
357819,Limesstraße,516471.0,358008,48.153927,11.418423,,,679860.3635546695,5336237.318637538,True
357820,Limesstraße,516471.0,438499,48.154198,11.418423,,,679859.4159595075,5336267.437048442,True
357822,Limmatstraße,660230.0,39707,48.094833,11.50069,,,686191.7876976867,5329865.558212175,True
357823,Limmatstraße,660230.0,7682,48.094635,11.500708,,,686193.8430671899,5329843.596771458,True
357891,Lincolnstraße,625503.0,18087,48.09408,11.590684,,,692894.733293803,5330003.576480688,True
358329,Lindberghstraße,521809.0,25152,48.191715,11.605928,,1,693661.8428501658,5340892.68368094,True
361669,Lochham,43368.0,310318,48.128426,11.433613,,,681079.6948034592,5333438.848165635,False
361670,Lochham,43368.0,477217,48.128532,11.433694,,,681085.348601527,5333450.819471948,False
361676,"Lochham, Adalbert-Stifter-Str.",30926.0,488465,48.12533,11.436084,,,681274.4445186846,5333100.587938141,False
361679,"Lochham, Am Kirchenhölzl",621525.0,522059,48.125374,11.445992,,,682011.5170331759,5333128.879532276,False
361680,"Lochham, Am Kirchenhölzl",621525.0,648455,48.12479,11.44716,,,682100.4901028436,5333066.740278613,False
361682,"Lochham, Eichenstraße",427855.0,154884,48.13178,11.434413,,,681127.4161780796,5333813.4874559995,False
361683,"Lochham, Eichenstraße",427855.0,248901,48.131435,11.434215,,,681113.8991650065,5333774.678649881,False
361684,"Lochham, Gräfelfing",43368.0,206692,48.12864,11.433739,,,681088.3168452631,5333462.928286751,False
361685,"Lochham, Gräfelfing",43368.0,379800,48.12849,11.433589,,,681077.6840332889,5333445.90445414,False
361692,"Lochham, Im Birket",390398.0,103919,48.134384,11.437467,,,681345.4537884406,5334110.087554079,False
361693,"Lochham, Im Birket",390398.0,8940,48.13456,11.437719,,,681363.5810098049,5334130.242098533,False
361703,"Lochham, Radlbäckstraße",404027.0,41309,48.12619,11.438284,,,681435.1102506651,5333201.354051145,False
361704,"Lochham, Radlbäckstraße",404027.0,60748,48.12638,11.438159,,,681425.1399857253,5333222.175268758,False
361711,"Lochham, Würmstraße",588861.0,507579,48.125183,11.444007,,,681864.4932393148,5333102.956340523,False
361712,"Lochham, Würmstraße",588861.0,618914,48.12517,11.443198,,,681804.343433021,5333099.598779748,False
361714,Lochhausen,395506.0,186743,48.177,11.408218,,,679021.104964664,5338777.786656475,True
361715,Lochhausen,395506.0,191142,48.177982,11.407311,,,678950.2659468828,5338884.81210364,True
361716,Lochhausen,395506.0,251896,48.17713,11.408182,,,679017.9761815382,5338792.150796189,True
361717,Lochhausen,395506.0,277250,48.176346,11.40776,,,678989.3380900923,5338704.035202329,True
361718,Lochhausen,395506.0,430686,48.17621,11.407661,,,678982.4526451568,5338688.689780462,True
361720,"Lochhausen, München",395506.0,623537,48.17716,11.407928,,,678998.9912229162,5338794.89326433,True
361722,Lochhausener Straße,16254.0,229048,48.169674,11.456951,,,682669.5897008853,5338078.269651381,True
361723,Lochhausener Straße,16254.0,280199,48.16934,11.457131,,,682684.1583410564,5338041.577435072,True
361724,Lochhausener Straße,16254.0,517672,48.16932,11.456996,,,682674.1930266677,5338039.033780414,True
362057,Lohengrinstraße,18581.0,138937,48.16385,11.621756,,,694943.6993734413,5337835.887925804,True
362058,Lohengrinstraße,18581.0,580464,48.16463,11.621972,,,694956.8013919272,5337923.122161754,True
362061,Lohensteinstraße,133515.0,102774,48.141724,11.481116,,,684566.3588870838,5335029.696814491,True
362062,Lohensteinstraße,133515.0,211670,48.141586,11.482095,,,684639.6753819723,5335016.71047682,True
362063,Lohensteinstraße,133515.0,363949,48.14158,11.481224,,,684574.908799983,5335013.952311448,True
362064,Lohensteinstraße,133515.0,77328,48.14179,11.481125,,,684566.7916143236,5335037.053480227,True
362217,"Lohhof Bahnhof, Unterschleißheim",6567.0,593503,48.28841,11.581664,,,691497.3318160349,5351578.276164946,False
363783,Lorettoplatz,639454.0,626159,48.10356,11.488491,,,685252.1850419217,5330805.998041558,True
363784,Lorettoplatz,639454.0,79947,48.103832,11.488743,,,685269.9655603316,5330836.834058427,True
364069,Lotte-Branz-Straße,601359.0,252699,48.192253,11.590261,,,692495.607595421,5340913.098326796,True
364070,Lotte-Branz-Straße,601359.0,377018,48.192463,11.590423,,,692506.8586860617,5340936.843055634,True
364703,Ludmillastraße,224822.0,182186,48.11009,11.566905,,,691064.9725197298,5331723.518440352,True
364704,Ludmillastraße,224822.0,255558,48.110058,11.567202,,,691087.1965230636,5331720.699863845,True
364793,Ludwig-Beck-Straße,261909.0,401873,48.217052,11.536866,,,688436.8026676608,5343536.787564922,True
364794,Ludwig-Beck-Straße,261909.0,81674,48.216938,11.53683,,,688434.5473766567,5343524.029501816,True
364796,Ludwig-Erhard-Allee,286623.0,234881,48.0851,11.639821,,,696587.298472027,5329129.947125165,True
364797,Ludwig-Erhard-Allee,286623.0,611036,48.08518,11.639103,,,696533.5281429685,5329137.003800313,True
364814,Ludwig-Linsert-Straße,116327.0,32338,48.08649,11.634899,,,696215.494873039,5329271.861596353,True
364815,Ludwig-Linsert-Straße,116327.0,323515,48.08606,11.634836,,,696212.4402580326,5329223.912904309,True
364939,Ludwigsbrücke,660514.0,137675,48.132534,11.585321,,,692351.7913980418,5334263.763285867,True
365177,Ludwigsfeld (Campingplatz),453581.0,370040,48.199,11.49734,,,685566.2841403421,5341434.287194695,True
365874,Luise-Kiesselbach-Platz,358122.0,289138,48.11317,11.517696,,,687391.20195334,5331944.759138179,True
365875,Luise-Kiesselbach-Platz,358122.0,382006,48.114075,11.517121,,,687345.1162191979,5332043.936996692,True
365876,Luise-Kiesselbach-Platz,358122.0,453767,48.113667,11.516662,,,687312.4396922217,5331997.475421108,True
365877,Luise-Kiesselbach-Platz,358122.0,674088,48.113537,11.517462,,,687372.4516006944,5331984.9761789,True
365904,Luisenstraße,513415.0,352355,48.15266,11.567795,,,690973.2138681986,5336456.80240882,True
365905,Luisenstraße,513415.0,60640,48.1525,11.567965,,,690986.450345368,5336439.442909314,True
366243,Lustheimstraße,80214.0,413866,48.163857,11.486767,,,684907.1199750149,5337503.082014345,True
366244,Lustheimstraße,80214.0,605985,48.163723,11.485931,,,684845.4439889188,5337486.178648264,True
369140,Lübecker Straße,650488.0,134252,48.166843,11.659557,,,697742.7046022163,5338265.094656695,True
369141,Lübecker Straße,650488.0,504783,48.167336,11.659575,,,697742.1464934095,5338319.931009145,True
371125,Lüneburger Straße,398042.0,59415,48.183235,11.56298,,,690501.8040305392,5339842.862800309,True
371126,Lüneburger Straße,398042.0,604510,48.18296,11.563204,,,690519.4720104194,5339812.855502101,True
371882,Lützelsteiner Straße,67568.0,282881,48.199135,11.614031,,,694235.913974094,5341737.778341344,True
371883,Lützelsteiner Straße,67568.0,294496,48.199272,11.614381,,,694261.4005002872,5341753.889216482,True
372041,MAN-Siedlung,36836.0,539010,48.218357,11.483245,,,684449.4590933383,5343551.638099186,True
372497,Machtlfinger Straße,371326.0,138093,48.097393,11.514947,,,687243.9358544176,5330184.666592895,True
372498,Machtlfinger Straße,371326.0,171737,48.09794,11.513132,,,687106.8280840863,5330241.04252194,True
372499,Machtlfinger Straße,371326.0,442425,48.09733,11.514992,,,687247.5148737733,5330177.774526492,True
372500,Machtlfinger Straße,371326.0,472528,48.098305,11.513743,,,687150.9894476709,5330283.093382958,True
373152,Mahirstraße,249475.0,336327,48.156467,11.614417,,,694425.954140844,5336996.778754994,True
373153,Mahirstraße,249475.0,444342,48.15593,11.613752,,,694378.533538598,5336935.416661481,True
373604,Maillingerstraße,652049.0,107302,48.15087,11.545004,,,689284.9002194079,5336201.49689691,True
373605,Maillingerstraße,652049.0,371930,48.14996,11.545561,,,689329.6733989128,5336101.734068698,True
373606,Maillingerstraße,652049.0,519262,48.15002,11.545588,,,689331.4605887374,5336108.468776065,True
373607,Maillingerstraße,652049.0,566759,48.150436,11.544178,,,689225.0672606592,5336151.229940231,True
373673,Mainaustraße,645888.0,373523,48.149216,11.433505,,,680998.5274845731,5335749.1460053595,True
373674,Mainaustraße,645888.0,460273,48.149426,11.433919,,,681028.5788851241,5335773.459744032,True
374322,Maistraße,184545.0,161826,48.12939,11.562126,,,690637.8168321311,5333856.587110301,True
374461,"Malching(Oberbay) Bahnhof, Maisach",102031.0,206734,48.216003,11.219426,,,664862.3357131329,5342690.036717177,False
374462,"Malching(Oberbay) Bahnhof, Maisach",102031.0,532582,48.216057,11.219498,,,664867.5102409242,5342696.192871275,False
375021,Mammendorf,281162.0,600551,48.216675,11.174386,,,661514.7619532021,5342669.026107298,False
375251,Mangfallplatz,652163.0,200528,48.097748,11.580371,,,692113.2402613326,5330385.417457199,True
375252,Mangfallplatz,652163.0,537852,48.09707,11.579257,,,692032.8332880028,5330307.286288876,True
375253,Mangfallplatz,652163.0,630797,48.097122,11.579203,,,692028.6193760238,5330312.930559349,True
375254,Mangfallplatz,652163.0,645268,48.097874,11.581305,,,692182.3033215827,5330401.753273694,True
375256,Mangfallplatz Süd,69944.0,281977,48.09656,11.577613,,,691912.3408789992,5330246.504915285,True
375257,Mangfallplatz Süd,69944.0,533755,48.09644,11.577775,,,691924.8483469592,5330233.57274731,True
375855,Manzostraße,184829.0,104473,48.183884,11.48886,,,684990.6454371392,5339733.874628884,True
375856,Manzostraße,184829.0,368351,48.184093,11.489399,,,685029.9525343573,5339758.400315966,True
376528,Marchioninistraße,587704.0,219470,48.113747,11.476723,,,684339.7377705115,5331909.8778237235,True
376529,Marchioninistraße,587704.0,466949,48.113613,11.477047,,,684364.3307281147,5331895.762016407,True
376574,Margarete-Steiff-Straße,276466.0,224300,48.180576,11.5014,,,685934.616269497,5339396.499248324,True
376575,Margarete-Steiff-Straße,276466.0,346659,48.180515,11.501643,,,685952.8984715882,5339390.307897632,True
376585,Margaretenplatz,398218.0,486981,48.119976,11.540567,,,689068.3758173517,5332757.125848012,True
376586,Margaretenplatz,398218.0,556429,48.12009,11.540872,,,689090.6536372129,5332770.545235277,True
376636,Margot-Kalinke-Straße,219736.0,324608,48.192715,11.596145,,,692931.1094841382,5340979.2044211645,True
376637,Margot-Kalinke-Straße,219736.0,611038,48.19287,11.596047,,,692923.2450296734,5340996.184534974,True
376714,Maria-Eich-Straße,360854.0,176101,48.13695,11.441402,,1,681629.1400721559,5334404.554085721,True
376716,Maria-Einsiedel-Straße,296369.0,253383,48.09692,11.544088,,1,689415.140778048,5330203.431931896,True
376729,Maria-Probst-Straße,186974.0,366006,48.192753,11.599703,,,693195.3573511809,5340992.36959937,True
376730,Maria-Probst-Straße,186974.0,550826,48.192913,11.598777,,,693125.9458366095,5341007.823109091,True
376744,Maria-Ward-Straße,569684.0,251989,48.16406,11.506224,,,686353.0366924595,5337572.636320412,True
376745,Maria-Ward-Straße,569684.0,395563,48.163826,11.506152,,,686348.5314905038,5337546.455594995,True
376746,Maria-Ward-Straße,569684.0,491498,48.164036,11.506997,,,686410.5969504019,5337571.843577998,True
376747,Maria-Ward-Straße,569684.0,616497,48.163826,11.506655,,,686385.9301654821,5337547.675289829,True
376748,Maria-Ward-Straße,569684.0,639231,48.164154,11.507455,,,686444.2217984616,5337586.068731233,True
376761,Mariabrunner Straße,187072.0,341567,48.160664,11.420094,,,679961.0548141446,5336989.966944915,True
376762,Mariabrunner Straße,187072.0,463892,48.160606,11.420471,,,679989.2901563926,5336984.403665754,True
376790,Mariahilfplatz,225608.0,189076,48.124218,11.580676,,,692037.2404209524,5333327.945736969,True
376791,Mariahilfplatz,225608.0,233479,48.124,11.581296,,,692084.1867219803,5333305.266495232,True
376792,Mariahilfplatz,225608.0,460222,48.124165,11.581278,,,692082.2318185762,5333323.55898774,True
376793,Mariahilfplatz,225608.0,514346,48.12472,11.580775,,,692042.7344062978,5333383.983273917,True
376794,Mariahilfplatz,225608.0,648312,48.124767,11.581709,,,692112.0555189026,5333391.539519851,True
376822,Mariannenplatz,669315.0,413469,48.13524,11.586659,,,692441.2156017863,5334567.8457462005,True
376823,Mariannenplatz,669315.0,571676,48.13523,11.586911,,,692459.9998080082,5334567.3651321735,True
377065,Marienburger Straße,600952.0,338501,48.147137,11.644097,,,696668.6622572417,5336035.383972556,True
377066,Marienburger Straße,600952.0,496277,48.14716,11.643397,,,696616.5121875778,5336036.149473571,True
377358,Marienplatz,13298.0,152693,48.136417,11.577784,,,691776.5995585227,5334676.478551276,True
377359,Marienplatz,13298.0,18385,48.1377,11.576427,,,691670.873335218,5334815.682661701,True
377360,Marienplatz,13298.0,506340,48.137905,11.575197,,,691578.6121933609,5334835.400064734,True
377364,Marienplatz (Theatinerstraße),216857.0,115667,48.139397,11.575403,,,691588.3815121806,5335001.728819978,True
377365,Marienplatz (Theatinerstraße),216857.0,168126,48.13954,11.575215,,,691573.8645593971,5335017.152860177,True
377391,Marienstern,224786.0,176603,48.08768,11.519564,,,687623.0096266037,5329116.447966894,True
377392,Marienstern,224786.0,241052,48.08771,11.51986,,,687644.9409902323,5329120.503826065,True
377798,Markgrafenstraße,79704.0,153486,48.11139,11.674056,,,699035.0142920277,5332139.7130242335,True
377799,Markgrafenstraße,79704.0,256261,48.111084,11.673454,,,698991.3919480586,5332104.148070159,True
377800,Markgrafenstraße,79704.0,342114,48.110947,11.673499,,,698995.2704079511,5332089.039001017,True
378333,Markt Schwaben,613567.0,211969,48.192955,11.862011,,,712686.0700774682,5341707.826748735,False
379838,Marschnerstraße,596919.0,19580,48.15335,11.455927,,,682651.4347598634,5336261.622331189,True
379839,Marschnerstraße,596919.0,76196,48.153236,11.45582,,,682643.8823057832,5336248.698401708,True
379873,Marsopstraße,309013.0,260979,48.15727,11.466968,,,683458.5347102729,5336723.574846879,True
379874,Marsopstraße,309013.0,359532,48.157284,11.467138,,,683471.1261333122,5336725.536528537,True
379879,Marsstraße,439256.0,85099,48.145092,11.541806,,,689068.2992434727,5335551.478726815,True
379983,Martin-Empl-Ring,596887.0,27459,48.140793,11.681997,,,699512.05119956,5335427.999054963,True
379984,Martin-Empl-Ring,596887.0,80031,48.14104,11.681342,,,699462.3725550664,5335453.74987288,True
380126,"Martinsried, Würmtalstraße",232073.0,182159,48.11489,11.452559,,,682537.30643725,5331979.280012415,False
380127,"Martinsried, Würmtalstraße",232073.0,227688,48.11465,11.453035,,,682573.5821858492,5331953.736828871,False
380836,Matterhornstraße,373751.0,232498,48.114807,11.65256,,,697422.052579069,5332464.059708194,True
380837,Matterhornstraße,373751.0,303209,48.114513,11.652003,,,697381.7266613547,5332429.956339735,True
381039,Mauerkircherstraße,479240.0,259131,48.14889,11.600215,,,693398.3629667923,5336118.872052914,True
381040,Mauerkircherstraße,479240.0,325095,48.148777,11.601239,,,693474.9451558854,5336108.890389554,True
381364,Max-Bill-Straße,215538.0,298960,48.187576,11.59708,,,693019.8974927831,5340410.42032541,True
381365,Max-Bill-Straße,215538.0,449770,48.187393,11.597026,,,693016.5719740287,5340389.946602115,True
381369,Max-Born-Straße,562085.0,102186,48.19185,11.502074,,,685943.9056676778,5340651.097890826,True
381370,Max-Born-Straße,562085.0,375875,48.19188,11.502244,,,685956.4298810043,5340654.84350669,True
381380,Max-Diamand-Straße,665666.0,195465,48.19161,11.567534,,,690809.1614724295,5340784.938208101,True
381381,Max-Diamand-Straße,665666.0,50913,48.191494,11.567579,,,690812.9363610918,5340772.1580580715,True
381407,Max-Lebsche-Platz,455025.0,418010,48.108643,11.475412,,,684260.4236332932,5331339.49428042,True
381408,Max-Lebsche-Platz,455025.0,621418,48.108505,11.475394,,,684259.5774338713,5331324.114284727,True
381437,Max-Weber-Platz,556703.0,170377,48.13573,11.598894,,,693349.561786114,5334652.997249421,True
381438,Max-Weber-Platz,556703.0,173531,48.13568,11.598571,,,693325.7212044873,5334646.628249652,True
381439,Max-Weber-Platz,556703.0,215127,48.135567,11.598894,,,693350.1741433672,5334634.882067787,True
381440,Max-Weber-Platz,556703.0,233226,48.13549,11.599909,,,693425.9709592306,5334628.877504476,True
381442,Max-Weber-Platz,556703.0,45261,48.13566,11.598894,,,693349.8247618144,5334645.217723517,True
381443,Max-Weber-Platz,556703.0,518919,48.136017,11.597843,,,693270.2987338968,5334682.2509017335,True
381445,Max-Weber-Platz,556703.0,595111,48.135597,11.599927,,,693426.9078730589,5334640.814346569,True
381446,Max-Weber-Platz,556703.0,70521,48.135765,11.600628,,,693478.424756933,5334661.248946274,True
381447,Max-Weber-Platz,556703.0,87432,48.13616,11.598023,,,693283.1520537417,5334698.595840585,True
381449,Max-Weber-Platz (Johannispl.),553259.0,476809,48.134453,11.598023,,,693289.5627130393,5334508.886540554,True
381451,Max-Wönner-Straße,7169.0,228272,48.19941,11.535913,,,688430.7630051931,5341573.756155909,True
381452,Max-Wönner-Straße,7169.0,402328,48.199333,11.535554,,,688404.3719732666,5341564.317960039,True
381502,Maxhofstraße,258875.0,13587,48.08819,11.479221,,1,684617.1849478957,5329075.547917675,True
381529,Maximilianeum,168514.0,158749,48.136143,11.595867,,,693122.8294648697,5334691.288927359,True
381530,Maximilianeum,168514.0,409574,48.136005,11.596029,,,693135.398634361,5334676.359060462,True
381559,Maximiliansplatz,420866.0,212230,48.14201,11.572744,,,691380.8702808744,5335285.50571911,True
381560,Maximiliansplatz,420866.0,314954,48.142784,11.572295,,,691344.5943111789,5335370.407726437,True
381570,Maxmonument,342576.0,130848,48.137856,11.587674,,,692506.9381599326,5334861.118945797,True
381571,Maxmonument,342576.0,14422,48.137257,11.588474,,,692568.6901670643,5334796.551707447,True
381572,Maxmonument,342576.0,159947,48.137672,11.588034,,,692534.4063355328,5334841.571313471,True
381573,Maxmonument,342576.0,45542,48.137455,11.58824,,,692550.5422863807,5334817.970631137,True
381588,Maxvorstadt/Samml. Brandhorst,650418.0,21324,48.148346,11.57428,,1,691471.5407525415,5335993.491081785,True
385332,Melchiorstraße,248302.0,199385,48.07218,11.519474,,,687672.7073059562,5327393.621160288,True
385334,Melchiorstraße,248302.0,36437,48.07211,11.519735,,,687692.4022631557,5327386.478093234,True
385859,Memeler Straße,445008.0,580993,48.153023,11.64116,,,696427.7466197326,5336682.020096377,True
385860,Memeler Straße,445008.0,69922,48.15357,11.641411,,,696444.323284863,5336743.452910417,True
386167,Menaristraße,553005.0,236436,48.128925,11.493899,,,685563.3395439093,5333638.018931071,True
386168,Menaristraße,553005.0,92930,48.128887,11.494537,,,685610.9449156559,5333635.335451124,True
387040,Menterschwaige,419712.0,301127,48.08022,11.551867,,,690055.8262888452,5328366.645077846,False
387041,Menterschwaige,419712.0,5917,48.080063,11.55167,,,690041.7339004445,5328348.710274633,False
387043,Menterstraße,92903.0,107095,48.161213,11.466986,,,683445.8075836934,5337161.833718935,True
387044,Menterstraße,92903.0,518028,48.161232,11.467138,,,683457.0418006608,5337164.308123663,True
388016,Merseburger Straße,500699.0,325352,48.18592,11.521226,,,687388.7322961101,5340038.584438198,True
388017,Merseburger Straße,500699.0,525593,48.185955,11.521064,,,687376.5649454289,5340042.079151072,True
388770,Messestadt Ost,549995.0,399901,48.13345,11.703889,,,701169.1548127644,5334668.9793777885,True
388771,Messestadt Ost,549995.0,407745,48.133347,11.703261,,,701122.8379130452,5334655.889540528,True
388772,Messestadt Ost,549995.0,521514,48.13342,11.703261,,,701122.5526506342,5334664.002397569,True
388773,Messestadt Ost,549995.0,612762,48.133278,11.703521,,,701142.4500333823,5334648.901371451,True
388777,Messestadt West,68633.0,360110,48.133396,11.690756,,,700192.3487102035,5334628.700007078,True
388778,Messestadt West,68633.0,427118,48.13347,11.690756,,,700192.0608791928,5334636.924008413,True
388779,Messestadt West,68633.0,492629,48.13333,11.690154,,,700147.8201159327,5334619.797828588,True
388780,Messestadt West,68633.0,87480,48.133514,11.689516,,,700099.6412564178,5334638.586100691,True
389177,Mettenstraße,457364.0,215942,48.168068,11.514767,,,686973.6399699518,5338038.824090227,True
389178,Mettenstraße,457364.0,21781,48.16838,11.514282,,,686936.4481208378,5338072.3191138925,True
390767,Michaelibad,247618.0,115650,48.118362,11.631413,,,695834.7462467675,5332805.081013542,True
390768,Michaelibad,247618.0,129053,48.118694,11.630192,,,695742.6220521498,5332838.869617602,True
390769,Michaelibad,247618.0,17064,48.1193,11.630659,,,695775.0703484535,5332907.406447246,True
390770,Michaelibad,247618.0,188576,48.118465,11.631467,,,695838.373025478,5332816.665475585,True
390771,Michaelibad,247618.0,596953,48.119106,11.630928,,,695795.8255752007,5332886.530963986,True
390772,Michaelibad,247618.0,620496,48.11877,11.63144,,,695835.203914781,5332850.49305268,True
391748,Milbertshofen,422118.0,15982,48.182083,11.573175,,,691263.8125771955,5339740.16124231,True
391749,Milbertshofen,422118.0,279116,48.180946,11.573104,,,691262.7676430215,5339613.621685064,True
391750,Milbertshofen,422118.0,427782,48.180954,11.573193,,,691269.3528817126,5339614.732330909,True
391751,Milbertshofen,422118.0,606134,48.182083,11.572987,,,691249.8395928743,5339739.6932642795,True
391758,Milbertshofener Platz,271553.0,531597,48.1848,11.566681,,,690771.0617461968,5340025.975509626,True
391759,Milbertshofener Platz,271553.0,620115,48.18435,11.566393,,,690751.3281240728,5339975.248720547,True
391761,Milbertshofener Straße,125772.0,563929,48.18434,11.575358,,,691417.6541826143,5339996.434084655,True
391762,Milbertshofener Straße,125772.0,566248,48.184464,11.575385,,,691419.1988737492,5340010.282349622,True
391847,Mildred-Scheel-Bogen,457638.0,185216,48.175327,11.581898,,,691937.3757783854,5339011.071577976,True
391848,Mildred-Scheel-Bogen,457638.0,640806,48.175312,11.581674,,,691920.7809503672,5339008.84503104,True
392268,Mindelheimer Straße,322507.0,139828,48.079967,11.491977,,,685596.6026373991,5328192.357400658,True
392269,Mindelheimer Straße,322507.0,515800,48.080143,11.492264,,,685617.3428063679,5328212.6095526535,True
392818,Minnewitstraße,257143.0,297919,48.09118,11.597673,,,693425.9577799889,5329698.829766261,True
392819,Minnewitstraße,257143.0,605052,48.090885,11.597295,,,693398.9202849802,5329665.094622524,True
392820,Minnewitstraße,257143.0,90361,48.091137,11.596855,,,693365.2142496869,5329691.994869157,True
393881,Mitterfeldstraße,428721.0,174656,48.137436,11.483973,,,684794.26918752,5334560.002736146,True
393882,Mitterfeldstraße,428721.0,449984,48.13763,11.483847,,,684784.1995601198,5334581.260535706,True
394057,Mitterweg,514125.0,199877,48.101322,11.610429,,,694337.4683237049,5330858.1112159295,True
394058,Mitterweg,514125.0,604756,48.101433,11.610491,,,694341.6650273344,5330870.603876274,True
396489,Moosach,596378.0,115065,48.180775,11.506107,,,686283.7521001801,5339430.016551626,True
396490,Moosach,596378.0,125234,48.180576,11.505083,,,686208.3626497716,5339405.418081511,True
396491,Moosach,596378.0,231480,48.181114,11.506035,,,686277.171701203,5339467.517668022,True
396492,Moosach,596378.0,261316,48.18048,11.505371,,,686230.116731022,5339395.446846022,True
396493,Moosach,596378.0,383150,48.180935,11.508146,,,686434.7237488577,5339452.743930054,True
396494,Moosach,596378.0,443184,48.180397,11.507284,,,686372.6055543816,5339390.860702411,True
396495,Moosach,596378.0,448839,48.181,11.508146,,,686434.4879248403,5339459.967877377,True
396496,Moosach,596378.0,494282,48.18044,11.507482,,,686387.1663847124,5339396.119896891,True
396497,Moosach,596378.0,641972,48.180637,11.507356,,,686377.0866618693,5339417.708380036,True
396498,Moosach,596378.0,66783,48.18163,11.508784,,,686479.6218715457,5339531.532816836,True
396499,"Moosach Bahnhof, München",596378.0,99280,48.180634,11.504674,,,686177.7527718233,5339410.872975111,True
396507,Moosacher St.-Martins-Platz,320383.0,122622,48.181816,11.518594,,,687208.0765885469,5339576.059671564,True
396508,Moosacher St.-Martins-Platz,320383.0,263231,48.181763,11.517381,,,687118.1132135896,5339567.21464454,True
396509,Moosacher St.-Martins-Platz,320383.0,657939,48.18189,11.518594,,,687207.8069886321,5339584.283851507,True
396510,Moosacher St.-Martins-Platz,320383.0,670214,48.18187,11.517354,,,687115.7167985607,5339579.040612525,True
396512,Moosacher Straße,396294.0,215659,48.187134,11.566797,,,690771.0161094746,5340285.657705899,True
396513,Moosacher Straße,396294.0,290969,48.186836,11.565953,,,690709.3986795834,5340250.443421463,True
396514,Moosacher Straße,396294.0,43784,48.18756,11.566285,,,690731.3841692386,5340331.730926934,True
396515,Moosacher Straße,396294.0,463670,48.187183,11.564704,,,690615.2885781941,5340285.908400904,True
396627,Moosfeld,588741.0,156977,48.130787,11.670957,,,698729.4915974806,5334287.386966649,True
396628,Moosfeld,588741.0,381912,48.130756,11.671038,,,698735.6375243387,5334284.15112417,True
396630,Moosfeld Gewerbegebiet,104575.0,380756,48.136135,11.668217,,,698505.0138507256,5334874.660918441,True
396631,Moosfeld Gewerbegebiet,104575.0,425011,48.13587,11.667651,,,698463.9308732185,5334843.748861818,True
396632,Moosfeld Gewerbegebiet,104575.0,451976,48.13568,11.668388,,,698519.4897000592,5334824.53581594,True
397470,Moselstraße,188172.0,269903,48.14188,11.627155,,,695428.5754517093,5335407.937386871,True
398276,Munckerstraße,44463.0,139302,48.08961,11.502739,,,686363.2200028197,5329290.053787452,True
398277,Munckerstraße,44463.0,552153,48.089424,11.503089,,,686389.953013472,5329270.2301937165,True
398700,Murnauer Straße,376245.0,417841,48.101936,11.524451,,,687934.914558924,5330712.732377373,True
398701,Murnauer Straße,376245.0,635253,48.10198,11.524047,,,687904.6800742534,5330716.635522223,True
398904,Muspillistraße,221542.0,33440,48.169903,11.624577,,,695130.4658617518,5338515.755557673,True
398905,Muspillistraße,221542.0,666871,48.169903,11.624415,,,695118.4225081732,5338515.344213437,True
399073,Mutschellestraße,138881.0,143641,48.126686,11.637908,,,696286.3446677208,5333746.73202901,True
399074,Mutschellestraße,138881.0,236876,48.12667,11.638582,,,696336.5540892541,5333746.674516114,True
399092,Mutter-Teresa-Straße,274034.0,334258,48.129597,11.699694,,,700872.1082422894,5334229.808671929,True
399093,Mutter-Teresa-Straße,274034.0,481885,48.129482,11.699802,,,700880.5921756948,5334217.31029213,True
400244,Mönchbergstraße,572133.0,511017,48.1157,11.66024,,,697990.1746165415,5332583.045683111,True
400245,Mönchbergstraße,572133.0,537070,48.115948,11.659378,,,697925.0715554071,5332608.388508404,True
403411,Mühldorfstraße,34753.0,141911,48.126488,11.613654,,,694482.4922286508,5333663.101917182,True
403412,Mühldorfstraße,34753.0,572172,48.126854,11.613375,,,694460.3508833275,5333703.072046386,True
405182,Müllerstraße,479656.0,176508,48.13164,11.572232,,,691381.3450257118,5334131.747308663,True
405183,Müllerstraße,479656.0,177988,48.131172,11.571334,,,691316.2755429443,5334077.500883641,True
405184,Müllerstraße,479656.0,24881,48.131203,11.571064,,,691296.0728528142,5334080.27437307,True
405474,"München Flughafen(S), Oberding",632839.0,383402,48.352955,11.786232,,,706409.3001018956,5359282.576987858,False
405476,München Rosenheimer Platz,472460.0,459472,48.129112,11.593399,,,692965.5899260538,5333903.695015617,True
405644,Münchner Freiheit,639672.0,103802,48.16186,11.585797,,,692277.5680691251,5337524.139855838,True
405645,Münchner Freiheit,639672.0,137266,48.161537,11.586336,,,692318.852721032,5337489.591318693,True
405646,Münchner Freiheit,639672.0,204969,48.16243,11.586659,,,692339.528687253,5337589.644597465,True
405647,Münchner Freiheit,639672.0,208145,48.162838,11.586183,,,692302.6108596752,5337633.79721897,True
405648,Münchner Freiheit,639672.0,215232,48.16216,11.586515,,,692329.8318119646,5337559.277349235,True
405649,Münchner Freiheit,639672.0,236875,48.161545,11.586264,,,692313.4693091011,5337490.300249824,True
405650,Münchner Freiheit,639672.0,358833,48.162334,11.586632,,,692337.8802628131,5337578.907912971,True
405651,Münchner Freiheit,639672.0,564819,48.161507,11.586489,,,692330.3411015595,5337486.640080912,True
405652,Münchner Freiheit,639672.0,5673,48.16156,11.586111,,,692302.0370438056,5337491.584471975,True
405942,Münsinger Straße,429968.0,152304,48.090405,11.517255,,,687441.170370424,5329413.666466701,True
405943,Münsinger Straße,429968.0,469034,48.09054,11.517857,,,687485.5027415791,5329430.136511142,True
409088,Nailastraße,415986.0,162586,48.088844,11.633866,,,696129.6194402644,5329530.839726388,True
409089,Nailastraße,415986.0,33455,48.08854,11.633021,,,696067.8578639807,5329494.901096463,True
409579,Nationalmuseum/Haus der Kunst,432836.0,358127,48.14332,11.587881,,,692501.8949169694,5335468.885808912,True
409580,Nationalmuseum/Haus der Kunst,432836.0,528087,48.142754,11.588573,,,692555.4842968358,5335407.715631802,True
409581,Nationalmuseum/Haus der Kunst,432836.0,669316,48.14332,11.588573,,,692553.3661591694,5335470.618775818,True
409582,Nationalmuseum/Haus der Kunst,432836.0,671539,48.142838,11.589201,,,692601.8812769969,5335418.6241773255,True
409585,Nationaltheater,119664.0,307023,48.139362,11.579131,,,691865.8235946754,5335007.135592574,True
409586,Nationaltheater,119664.0,472168,48.139355,11.57844,,,691814.4488247131,5335004.633469208,True
409861,Nauestraße,273017.0,669380,48.098824,11.677254,,1,699321.6383021987,5330751.472993203,True
410400,Nawiaskystraße,49377.0,238978,48.107567,11.636686,,,696268.2733000835,5331618.815133603,True
410401,Nawiaskystraße,49377.0,53867,48.10658,11.636381,,,696249.3313971492,5331508.346423214,True
411324,Nederlinger Straße,214926.0,339824,48.16954,11.511335,,,686713.1414455271,5338194.074374911,True
411325,Nederlinger Straße,214926.0,532745,48.169373,11.510302,,,686636.951483593,5338173.005198575,True
411326,Nederlinger Straße,214926.0,654397,48.170357,11.511156,,,686696.8668870713,5338284.438795002,True
411328,Nederlinger Straße (West),12791.0,499704,48.17053,11.509018,,,686537.2964261017,5338298.473772677,True
411329,Nederlinger Straße (West),12791.0,666484,48.17086,11.508784,,,686518.7031387293,5338334.581178228,True
412649,Nesselwanger Straße,559059.0,300044,48.0847,11.490827,,,685493.9326952782,5328715.59256359,True
412650,Nesselwanger Straße,559059.0,628865,48.084824,11.490836,,,685494.1567939823,5328729.39515853,True
412773,Nettelbeckstraße,77236.0,195517,48.14275,11.638645,,,696279.908158541,5335533.897187245,True
412774,Nettelbeckstraße,77236.0,60171,48.14332,11.639229,,,696321.1717079759,5335598.735792294,True
414436,"Neuaubing (S), München",588193.0,124184,48.142982,11.424172,,,680326.2528482022,5335034.381337489,True
414439,Neuaubing Bf./Limesstraße,530700.0,447220,48.142735,11.423444,,,680272.9681303619,5335005.223106864,True
414441,Neuaubing Bf./Limesstraße,530700.0,488135,48.142982,11.424172,,,680326.2528482022,5335034.381337489,True
414443,Neuaubing West,38940.0,214742,48.152542,11.41023,,,679255.9082092489,5336064.255489549,True
414444,Neuaubing West,38940.0,425276,48.15259,11.409853,,,679227.7041709805,5336068.7110971995,True
414597,"Neubiberg, Am Hachinger Bach",604815.0,255851,48.083702,11.62437,,,695442.0489596787,5328935.221300553,False
414598,"Neubiberg, Am Hachinger Bach",604815.0,43043,48.0841,11.625844,,,695550.3029733647,5328983.19786655,False
414606,"Neubiberg, Campeon",468652.0,89572,48.08151,11.617382,,,694929.9640079716,5328673.888214137,False
414608,"Neubiberg, Campeon West",580370.0,490878,48.079754,11.611677,,,694511.738257867,5328464.299261253,False
414619,"Neubiberg, Lilienthalstraße",87892.0,273799,48.08271,11.638797,,,696520.156328332,5328861.71906465,False
414620,"Neubiberg, Lilienthalstraße",87892.0,567040,48.082825,11.638474,,,696495.6649861343,5328873.674730435,False
414622,"Neubiberg, Marktplatz",120362.0,152698,48.08258,11.628323,,,695740.6740701431,5328820.575524912,False
414623,"Neubiberg, Marktplatz",120362.0,390481,48.082638,11.627865,,,695706.3475730978,5328825.856435143,False
414632,"Neubiberg, Universität Bw-Ost",417867.0,151396,48.08199,11.646514,,,697097.576105412,5328801.439002266,False
414633,"Neubiberg, Universität Bw-Ost",417867.0,543891,48.08181,11.646945,,,697130.3602965476,5328782.5387689825,False
414635,"Neubiberg, Universitätsstraße",548011.0,454541,48.08273,11.632886,,,696079.9011771728,5328848.862818122,False
414636,"Neubiberg, Universitätsstraße",548011.0,621598,48.082428,11.632734,,,696069.7304537252,5328814.912760458,False
417504,Neuer Südfriedhof,50003.0,179842,48.100975,11.622259,,,695219.4199189206,5330849.499965641,True
417505,Neuer Südfriedhof,50003.0,656761,48.100857,11.62305,,,695278.7502924924,5330838.393592191,True
417599,Neufahrn,401415.0,105551,48.319702,11.661291,,,697282.5594706875,5355257.866967745,False
417600,Neufahrn,401415.0,130335,48.32071,11.66077,,,697240.0523423611,5355368.5538252955,False
417853,Neufreimann,185393.0,441990,48.198395,11.598041,,,693050.6473010152,5341615.226187045,True
418399,Neuhausen,573717.0,357568,48.156364,11.531574,,,688266.0035568771,5336779.101596654,True
418400,Neuhausen,573717.0,518442,48.15628,11.531233,,,688240.9535990943,5336768.930933504,True
418401,Neuhausen,573717.0,590335,48.156322,11.531413,,,688254.1850270068,5336774.039517776,True
418742,Neuherbergstraße,408747.0,168074,48.2101,11.586866,,,692176.5208697498,5342888.062619528,True
418743,Neuherbergstraße,408747.0,590735,48.210564,11.586524,,,692149.3789515104,5342938.7746160785,True
419001,Neuhofen,76923.0,174887,48.10701,11.53983,,,689061.1180079908,5331314.321085007,True
419002,Neuhofen,76923.0,246183,48.107304,11.540162,,,689084.7508232718,5331347.811151726,True
420711,Neumarkter Straße,65527.0,215801,48.13132,11.628134,,,695541.5148664144,5334236.83226042,True
420712,Neumarkter Straße,65527.0,37285,48.13125,11.627973,,,695529.802769067,5334228.643338483,True
421612,Neunkirchner Straße,420165.0,367062,48.093014,11.54027,,,689145.2324131653,5329759.941978875,True
421613,Neunkirchner Straße,420165.0,553767,48.092487,11.539722,,,689106.3652922462,5329700.026316142,True
421727,Neuperlach Süd,494293.0,275857,48.088936,11.645059,,,696962.6863300703,5329569.656066392,True
421729,Neuperlach Süd,494293.0,328261,48.08975,11.644304,,,696903.3607399564,5329658.187478651,True
421730,Neuperlach Süd,494293.0,366491,48.089188,11.644789,,,696941.619732524,5329596.970938469,True
421733,Neuperlach Süd,494293.0,571365,48.08897,11.64514,,,696968.5875760417,5329573.642006278,True
421734,Neuperlach Süd,494293.0,622117,48.08948,11.644079,,,696887.6390310111,5329627.605264815,True
421735,Neuperlach Süd,494293.0,668332,48.08961,11.644762,,,696937.9971545788,5329643.800770621,True
421737,Neuperlach Zentrum,47737.0,134543,48.10086,11.647825,,,697123.0280923827,5330901.913946955,True
421738,Neuperlach Zentrum,47737.0,242047,48.10088,11.64832,,,697159.8000901544,5330905.405172001,True
421739,Neuperlach Zentrum,47737.0,297128,48.101215,11.646101,,,696993.3338311375,5330936.950709837,True
421740,Neuperlach Zentrum,47737.0,311495,48.101017,11.646846,,,697049.5495163033,5330916.853997131,True
421741,Neuperlach Zentrum,47737.0,380561,48.10094,11.647367,,,697088.6279149789,5330909.63126036,True
421742,Neuperlach Zentrum,47737.0,550967,48.100773,11.648266,,,697156.18965027,5330893.375323301,True
421743,Neuperlach Zentrum,47737.0,594901,48.101185,11.646226,,,697002.7536473079,5330933.936759496,True
421744,Neuperlach Zentrum,47737.0,613853,48.10112,11.646972,,,697058.5352110723,5330928.623665972,True
421745,Neuperlach Zentrum,47737.0,621234,48.10104,11.647403,,,697090.9253130779,5330920.837000971,True
421746,Neuperlach Zentrum,47737.0,623629,48.100956,11.647861,,,697125.3407310334,5330912.67516269,True
422107,Neurieder Straße,483261.0,300922,48.086918,11.485473,,,685087.2803861903,5328949.201190214,True
422108,Neurieder Straße,483261.0,554380,48.08673,11.48532,,,685076.5624604,5328927.939555936,True
431207,Nikolaus-Prugger-Weg,326955.0,177377,48.119587,11.676248,,,699166.4541712963,5333056.361483954,True
431208,Nikolaus-Prugger-Weg,326955.0,224694,48.11991,11.676976,,,699219.378062313,5333094.14373949,True
431209,Nikolaus-Prugger-Weg,326955.0,299325,48.12011,11.676581,,,699189.210991887,5333115.3475883445,True
431210,Nikolaus-Prugger-Weg,326955.0,428758,48.119324,11.677398,,,699253.0481338634,5333030.111859519,True
432046,Nordbad,302558.0,55676,48.160877,11.564318,,,690684.1711440517,5337361.380586762,True
432047,Nordbad,302558.0,563981,48.161373,11.563608,,,690629.5402086524,5337414.743209554,True
432048,Nordbad,302558.0,596724,48.160873,11.562881,,,690577.3376168108,5337357.371898914,True
432049,Nordbad,302558.0,82591,48.161034,11.562584,,,690554.6575118942,5337374.528538193,True
432349,Nordendstraße,425356.0,446401,48.154903,11.575484,,,691536.6688045001,5336725.213014374,True
432350,Nordendstraße,425356.0,512252,48.154823,11.575358,,,691527.5968841695,5336716.008122554,True
432686,Nordfriedhof,412594.0,125649,48.17307,11.596954,,,693065.0273250255,5338797.953449416,True
432687,Nordfriedhof,412594.0,149719,48.173065,11.597637,,,693115.8184733063,5338799.113998017,True
432688,Nordfriedhof,412594.0,259297,48.17312,11.596855,,,693057.480131072,5338803.261555323,True
432689,Nordfriedhof,412594.0,566502,48.17379,11.596918,,,693059.6467401363,5338877.8814160805,True
434703,Nusselstraße,463390.0,371156,48.15016,11.469124,,,683644.2398232665,5335938.534628313,True
434704,Nusselstraße,463390.0,409440,48.150055,11.469204,,,683650.564366794,5335927.05630024,True
434964,Nymphenburg Süd,132970.0,414280,48.146362,11.50246,,,686137.2175546134,5335596.608826191,True
440614,Oberföhring Post,192908.0,293745,48.172302,11.627155,,,695313.0029514811,5338788.921055987,True
440615,Oberföhring Post,192908.0,348788,48.17183,11.626203,,,695244.0258746803,5338734.0454118205,True
442290,Oberhofer Platz,438818.0,243111,48.18751,11.57587,,,691443.8938162716,5340350.0143788,True
442291,Oberhofer Platz,438818.0,285760,48.1877,11.575799,,,691437.9093241884,5340370.953507812,True
442295,Oberhofer Weg,594582.0,570435,48.192364,11.574882,,,691352.3868371291,5340887.012614306,True
442296,Oberhofer Weg,594582.0,643553,48.19231,11.575008,,,691361.951011798,5340881.325065762,True
443460,Obermenzing,305811.0,314064,48.16411,11.478682,,,684305.0824909736,5337511.780417967,True
443461,Obermenzing,305811.0,568438,48.16427,11.478682,,,684304.5089791536,5337529.562443675,True
444125,Obernzeller Straße,392384.0,159060,48.092854,11.609926,,,694331.9527580158,5329915.746238075,True
444126,Obernzeller Straße,392384.0,508561,48.09271,11.609728,,,694317.753876115,5329899.242664708,True
445380,Obersendling,128765.0,133683,48.0984,11.538105,,,688964.2927759594,5330353.200708587,True
445381,Obersendling,128765.0,195059,48.098473,11.537926,,,688950.6993452703,5330360.874006051,True
445382,Obersendling,128765.0,226252,48.09812,11.535572,,,688776.7474010782,5330315.864266759,True
445383,Obersendling,128765.0,375273,48.09823,11.535554,,,688775.0044447589,5330328.045070938,True
446819,Oberwiesenfeld,318606.0,23017,48.18607,11.545759,,,689211.4498878886,5340115.382179818,True
446820,Oberwiesenfeld,318606.0,298394,48.18604,11.547654,,,689352.3945425479,5340116.716701074,True
446821,Oberwiesenfeld,318606.0,405894,48.185974,11.547645,,,689351.9689196824,5340109.359454372,True
446822,Oberwiesenfeld,318606.0,62601,48.18631,11.545687,,,689205.2150806211,5340141.877835293,True
448306,Odeonsplatz,2748.0,134706,48.14309,11.577981,,,691766.3857478625,5335418.582778994,True
448307,Odeonsplatz,2748.0,232284,48.143414,11.577937,,,691761.9054730858,5335454.481222071,True
448308,Odeonsplatz,2748.0,289680,48.143017,11.577658,,,691742.6327813277,5335409.664192444,True
448309,Odeonsplatz,2748.0,425093,48.143383,11.578107,,,691774.6656725255,5335451.46004181,True
448310,Odeonsplatz,2748.0,49610,48.14292,11.5764,,,691649.4228795728,5335395.747208965,True
448311,Odeonsplatz,2748.0,639165,48.14272,11.57632,,,691644.217303703,5335373.32050318,True
448416,Odinpark,207400.0,298651,48.158054,11.619205,,,694775.9848024693,5337185.274430452,True
448417,Odinpark,207400.0,501836,48.158,11.619555,,,694802.2149635232,5337180.160086812,True
448419,Odinstraße,557522.0,325403,48.159027,11.616447,,,694567.221582632,5337286.424509762,True
448420,Odinstraße,557522.0,616940,48.158375,11.616061,,,694540.9861157457,5337212.9865836045,True
450331,Offenbachstraße,501137.0,147612,48.1464,11.464776,,,683334.2720271505,5335510.279875721,True
450332,Offenbachstraße,501137.0,206000,48.146088,11.465746,,,683407.5296355168,5335477.91857729,True
450333,Offenbachstraße,501137.0,26864,48.146626,11.465539,,,683390.2159035573,5335537.216747596,True
450334,Offenbachstraße,501137.0,345236,48.146015,11.465719,,,683405.7816724173,5335469.74112876,True
450335,Offenbachstraße,501137.0,346783,48.146175,11.465656,,,683400.5255721936,5335487.372836756,True
450978,Ohlauer Straße,327676.0,115206,48.183643,11.501014,,,685894.8302477882,5339736.424698957,True
450979,Ohlauer Straße,327676.0,219653,48.183506,11.501014,,,685895.325897743,5339721.198825973,True
452902,Olschewskibogen,316580.0,391223,48.200256,11.558937,,1,690138.3011252012,5341724.5149166845,True
452953,Olympia-Einkaufszentrum,94295.0,105370,48.182636,11.530137,,,688063.0098290365,5339695.38117637,True
452954,Olympia-Einkaufszentrum,94295.0,148174,48.182068,11.530407,,,688085.1563648969,5339632.915997949,True
452955,Olympia-Einkaufszentrum,94295.0,176224,48.181763,11.529185,,,687995.4474700985,5339596.028440062,True
452956,Olympia-Einkaufszentrum,94295.0,25576,48.18245,11.530173,,,688066.3662571486,5339674.797723281,True
452957,Olympia-Einkaufszentrum,94295.0,388967,48.18214,11.529113,,,687988.7168137028,5339637.751103427,True
452958,Olympia-Einkaufszentrum,94295.0,461872,48.18214,11.530398,,,688084.223897579,5339640.895863807,True
452959,Olympia-Einkaufszentrum,94295.0,50012,48.18202,11.530371,,,688082.6563712092,5339627.493275594,True
452960,Olympia-Einkaufszentrum,94295.0,575045,48.182594,11.530245,,,688071.1905323211,5339690.977754438,True
452962,Olympia-Einkaufszentrum Ost,427434.0,311937,48.183163,11.536893,,,688563.207684841,5339770.509010718,True
452963,Olympia-Einkaufszentrum Ost,427434.0,441032,48.18318,11.536731,,,688551.1049673981,5339772.000781201,True
452965,Olympia-Einkaufszentrum West,207944.0,305567,48.18416,11.531395,,,688150.9285500022,5339867.834589559,True
452966,Olympia-Einkaufszentrum West,207944.0,308682,48.183857,11.531431,,,688154.7137017873,5339834.24809269,True
452968,Olympia-Pressestadt,532875.0,229659,48.17977,11.536848,,,688572.3142825011,5339393.309415615,True
452969,Olympia-Pressestadt,532875.0,584256,48.18003,11.536677,,,688558.6501781993,5339421.785480688,True
452971,Olympiaberg,579487.0,602316,48.16911,11.549199,,,689529.643325811,5338238.97267322,True
452972,Olympiaberg,579487.0,60821,48.169296,11.549208,,,689529.6266634553,5338259.666366116,True
452974,Olympiapark Nord,231558.0,120756,48.186188,11.542462,,,688965.9868061643,5340120.381985047,True
452975,Olympiapark Nord,231558.0,423523,48.18661,11.54063,,,688828.2840288724,5340162.777706889,True
452977,Olympiapark Ost,482953.0,250200,48.17633,11.559746,,,690287.0113704397,5339067.447345122,True
452978,Olympiapark Ost,482953.0,487022,48.175884,11.559575,,,690275.9516661942,5339017.456756273,True
452980,Olympiapark West,225482.0,316373,48.166534,11.537351,,,688658.2760614138,5337923.53130432,True
452981,Olympiapark West,225482.0,368570,48.16492,11.538159,,,688724.2729540017,5337746.139762257,True
452982,Olympiapark West,225482.0,440163,48.166126,11.537342,,,688659.1040906615,5337878.165255428,True
452983,Olympiapark West,225482.0,591436,48.16644,11.537324,,,688656.6136197686,5337913.018133361,True
452985,Olympiasee,433375.0,242339,48.171387,11.546073,,,689288.8613295521,5338484.327176876,True
452986,Olympiasee,433375.0,643765,48.17149,11.545957,,,689279.8586111044,5338495.488579322,True
452988,Olympiazentrum,672515.0,273063,48.17939,11.556054,,,690001.2610186476,5339398.390808016,True
452989,Olympiazentrum,672515.0,299920,48.17934,11.555865,,,689987.3978056232,5339392.366611195,True
452990,Olympiazentrum,672515.0,321371,48.179314,11.555784,,,689981.4733204651,5339389.27676745,True
452991,Olympiazentrum,672515.0,325765,48.178658,11.556557,,,690041.3551746724,5339318.282336179,True
452992,Olympiazentrum,672515.0,449247,48.17874,11.556808,,,690059.7085980026,5339328.016405177,True
452993,Olympiazentrum,672515.0,484980,48.17937,11.555955,,,689993.9764516596,5339395.923264076,True
453142,Opalstraße,599582.0,105478,48.216312,11.486623,,,684707.7111303848,5343332.479173236,True
453143,Opalstraße,599582.0,262156,48.21613,11.486524,,,684701.0128427627,5343312.013873219,True
453741,Orleansstraße,672395.0,234388,48.125538,11.599757,,,693452.060428798,5333522.46969986,True
453742,Orleansstraße,672395.0,260121,48.125183,11.599972,,,693469.3917318771,5333483.557332432,True
453743,Orleansstraße,672395.0,388503,48.1251,11.599002,,,693397.5291215738,5333471.8931434015,True
453744,Orleansstraße,672395.0,58694,48.125626,11.600197,,,693484.4683866864,5333533.3566300385,True
453942,Orthstraße,423658.0,356611,48.15424,11.466671,,,683447.256258962,5336386.118995506,True
453943,Orthstraße,423658.0,614226,48.153866,11.46686,,,683462.6452827365,5336345.004585915,True
453948,Ortlerstraße,324022.0,312886,48.120895,11.535006,,,688651.1900289317,5332845.604394306,True
453949,Ortlerstraße,324022.0,517676,48.120186,11.534602,,,688623.7240796235,5332765.817736327,True
454432,Oskar-Maria-Graf-Ring,470461.0,463705,48.099014,11.657204,,,697828.3010935942,5330720.834472743,True
454433,Oskar-Maria-Graf-Ring,470461.0,636403,48.098766,11.657357,,,697840.6431517687,5330693.666460757,True
454440,Oskar-von-Miller-Ring,301538.0,135405,48.145367,11.57552,,,691574.8562219942,5335665.504754837,True
454957,Ostbahnhof,136452.0,116973,48.128056,11.603565,,,693725.9233848493,5333811.896432569,True
454958,Ostbahnhof,136452.0,142009,48.12716,11.602496,,,693649.7575456332,5333709.626074442,True
454959,Ostbahnhof,136452.0,341150,48.127934,11.603943,,,693754.5066561301,5333799.290212201,True
454960,Ostbahnhof,136452.0,345984,48.127995,11.603862,,,693748.2504725424,5333805.865413944,True
454961,Ostbahnhof,136452.0,483124,48.128757,11.603395,,,693710.6372002207,5333889.374452936,True
454962,Ostbahnhof,136452.0,599555,48.128056,11.603709,,,693736.6373303107,5333812.259220632,True
454963,Ostbahnhof,136452.0,631568,48.12773,11.603655,,,693733.8464113165,5333775.892863417,True
454964,Ostbahnhof,136452.0,670860,48.128296,11.604329,,,693781.8634046832,5333840.494074099,True
454965,Ostbahnhof,136452.0,86868,48.128716,11.603628,,,693728.1270156085,5333885.404861092,True
454969,Ostbahnhof (Bildungszentrum),491503.0,53994,48.127483,11.602559,,,693653.2299812539,5333745.681629169,True
454973,Ostbahnhof (Post),513613.0,409905,48.12872,11.604796,,,693815.0128381819,5333888.792662279,True
454974,Ostbahnhof (Post),513613.0,639525,48.128822,11.604554,,,693796.6237050432,5333899.5185991395,True
454976,Ostbahnhof Friedenstraße,299716.0,195504,48.12721,11.607635,,,694031.9296430965,5333728.137022713,True
454977,Ostbahnhof Friedenstraße,299716.0,392403,48.127148,11.6075,,,694022.1188194901,5333720.905969811,True
454979,"Ostbahnhof Friedenstraße, München",299716.0,69388,48.12758,11.607709,,,694036.0409573987,5333769.444017839,True
454985,"Ostbahnhof, München",136452.0,8541,48.128162,11.604443,,,693790.8496653214,5333825.889151046,True
455416,Osterangerstraße,317800.0,419250,48.179634,11.418225,,,679755.7397359037,5339093.886453095,True
455417,Osterangerstraße,317800.0,638752,48.179558,11.418252,,,679758.0124505755,5339085.503091857,True
456314,Osterwaldstraße,652162.0,100856,48.163322,11.596855,,,693094.2791741192,5337714.345082571,True
456315,Osterwaldstraße,652162.0,151875,48.163605,11.595597,,,692999.6828229362,5337742.636826154,True
456425,Ostfriedhof,646289.0,188555,48.1194,11.583991,,,692301.895620474,5332800.7758237235,True
456426,Ostfriedhof,646289.0,192692,48.11873,11.58321,,,692246.2786542866,5332724.362193217,True
456428,Ostfriedhof,646289.0,578531,48.11883,11.584135,,,692314.7400292084,5332737.788391012,True
456429,Ostfriedhof,646289.0,640788,48.11947,11.582877,,,692218.7359658682,5332805.770484977,True
456679,Ostpark Eislaufzentrum,212592.0,189509,48.110832,11.63215,,,695918.2325648919,5331970.108087706,True
456680,Ostpark Eislaufzentrum,212592.0,544377,48.11136,11.631997,,,695904.8371093266,5332028.39786944,True
457358,Ottenhofen,25198.0,269511,48.21822,11.878549,,,713809.6942616389,5344561.560575788,False
457359,Ottenhofen,25198.0,571687,48.218113,11.878459,,,713803.4558233233,5344549.418564337,False
457853,Ottilienstraße,553809.0,234850,48.114033,11.677506,,,699281.5579430716,5332442.376241694,True
457854,Ottilienstraße,553809.0,91010,48.1141,11.677416,,,699274.6007132467,5332449.589094243,True
458022,Otto-Hahn-Ring,158071.0,172339,48.09228,11.649074,,,697248.841595833,5329951.576884653,True
458023,Otto-Hahn-Ring,158071.0,670013,48.092175,11.648993,,,697243.2126337328,5329939.700057847,True
458043,Otto-Meitinger-Straße,536907.0,625164,48.14966,11.404804,,,678862.4065732161,5335731.317311311,True
458044,Otto-Meitinger-Straße,536907.0,75403,48.14946,11.405047,,,678881.174469078,5335709.655078549,True
458062,Otto-Warburg-Straße,317841.0,258328,48.205368,11.457472,,,682581.4284166163,5342046.475974549,True
458063,Otto-Warburg-Straße,317841.0,430486,48.206554,11.457643,,,682589.9144338932,5342178.69274864,True
458217,Ottostraße,195552.0,259048,48.14225,11.567687,,,691003.8275066009,5335299.602460209,True
458218,Ottostraße,195552.0,5953,48.142418,11.567866,,,691016.5182368486,5335318.718112758,True
460521,Paidarstraße,238606.0,294576,48.214874,11.544483,,,689010.5681955516,5343313.448287427,True
460522,Paidarstraße,238606.0,558970,48.214725,11.545328,,,689073.8812129262,5343298.968839512,True
461275,Pappelallee,224793.0,244656,48.200413,11.512683,,,686701.1366514047,5341628.503638664,True
461276,Pappelallee,224793.0,588356,48.20049,11.512728,,,686704.2001138148,5341637.17063506,True
461372,Paracelsusstraße,227948.0,101940,48.201344,11.588869,,,692358.1147843208,5341919.95882778,True
461373,Paracelsusstraße,227948.0,522816,48.201332,11.590261,,,692461.5803225175,5341922.112173023,True
461402,Paradiesstraße,180801.0,22931,48.14632,11.592938,,,692866.790420944,5335814.969529483,True
461403,Paradiesstraße,180801.0,4069,48.14636,11.593064,,,692876.0118418278,5335819.73110095,True
461716,Parkstadt Solln,482071.0,260295,48.079475,11.503736,,,686474.1051308857,5328166.103846291,True
461717,Parkstadt Solln,482071.0,655137,48.080116,11.503538,,,686457.041812963,5328236.862346128,True
462031,Partnachplatz,180026.0,167416,48.116936,11.526418,,,688026.5833821734,5332384.584797104,True
462032,Partnachplatz,180026.0,343946,48.11702,11.526445,,,688028.2860211419,5332393.986267324,True
462033,Partnachplatz,180026.0,460136,48.116684,11.526571,,,688038.8895488547,5332356.952450799,True
462034,Partnachplatz,180026.0,603596,48.11643,11.526742,,,688052.5426804654,5332329.14186545,True
462064,Parzivalplatz,250538.0,244669,48.17189,11.585958,,,692252.027664486,5338639.243663441,True
462065,Parzivalplatz,250538.0,336664,48.171207,11.585446,,,692216.520106491,5338562.05644823,True
462066,Parzivalplatz,250538.0,409099,48.171616,11.585887,,,692247.7743779575,5338608.614562747,True
462067,Parzivalplatz,250538.0,453297,48.171032,11.585446,,,692217.1745053905,5338542.607514905,True
462201,Pasing,589301.0,130027,48.14893,11.459575,,,682938.4422796937,5335779.068290504,True
462202,Pasing,589301.0,165490,48.149124,11.460087,,,682975.8313063836,5335801.847477964,True
462204,Pasing,589301.0,206244,48.148838,11.461218,,,683060.9646269577,5335772.754663979,True
462206,Pasing,589301.0,225052,48.14948,11.459009,,,682894.3917869491,5335838.847259982,True
462207,Pasing,589301.0,334968,48.14897,11.460509,,,683007.7644540388,5335785.736785902,True
462208,Pasing,589301.0,357416,48.148804,11.459898,,,682962.9128943493,5335765.833623469,True
462209,Pasing,589301.0,580539,48.148846,11.460329,,,682994.8183796344,5335771.527245609,True
462210,Pasing,589301.0,590950,48.148766,11.461165,,,683057.2790388917,5335764.626555264,True
462212,Pasing,589301.0,623061,48.149364,11.459377,,,682922.1732511926,5335826.8308618795,True
462213,Pasing,589301.0,625463,48.149014,11.459862,,,682959.4886235078,5335789.086840434,True
462214,Pasing,589301.0,649818,48.149197,11.459296,,,682916.7428581985,5335808.078151745,True
462216,"Pasing Bahnhof Nord, München",227891.0,193989,48.150936,11.463583,,,683229.3846341504,5336011.555577835,True
462218,Pasing Bf. Nord,227891.0,517842,48.150772,11.462162,,,683124.2884285076,5335989.943052357,True
462219,Pasing Bf. Nord,227891.0,525539,48.15045,11.462449,,,683146.7791164978,5335954.84045337,True
462220,Pasing Bf. Nord,227891.0,6667,48.15119,11.462674,,,683160.8777750097,5336037.618337499,True
462222,Pasinger Heuweg,65411.0,440075,48.182457,11.447699,,,681936.5120916545,5339476.998833976,True
462223,Pasinger Heuweg,65411.0,642665,48.182507,11.447905,,,681951.6459196483,5339483.04353663,True
462225,Pasinger Marienplatz,109084.0,12048,48.14629,11.45908,,,682911.0131758348,5335484.48729001,True
462226,Pasinger Marienplatz,109084.0,351505,48.146267,11.459314,,,682928.4991484267,5335482.487878411,True
463128,Paul-Gerhardt-Allee,263304.0,127920,48.156372,11.478502,,,684319.4320324404,5336651.366047396,True
463129,Paul-Gerhardt-Allee,263304.0,505803,48.156498,11.478798,,,684340.9916385129,5336666.079194123,True
463137,Paul-Henri-Spaak-Straße,627336.0,224804,48.138515,11.689462,,,700076.1806270392,5335194.232727744,True
463138,Paul-Henri-Spaak-Straße,627336.0,321074,48.13841,11.68922,,,700058.5872529236,5335181.933773215,True
463142,Paul-Hindemith-Allee,207562.0,271743,48.20069,11.605344,,,693584.6124084704,5341888.665784858,True
463143,Paul-Hindemith-Allee,207562.0,468630,48.20002,11.605425,,,693593.1564422991,5341814.40813014,True
463144,Paul-Hindemith-Allee,207562.0,501230,48.200806,11.605991,,,693632.2452827593,5341903.188522737,True
463145,Paul-Hindemith-Allee,207562.0,95838,48.200397,11.606207,,,693649.8358808721,5341858.27802811,True
463181,Paul-Wassermann-Straße,192118.0,407800,48.13537,11.684522,,,699720.915358274,5334831.868245772,True
463182,Paul-Wassermann-Straße,192118.0,664251,48.135525,11.684549,,,699722.3224070582,5334849.164345725,True
463188,Paulaner Brauerei,648446.0,420551,48.17587,11.437027,,1,681166.5383353701,5338719.716776724,True
464932,"Peiß Gasthaus zur Post, Aying",306779.0,128950,47.961395,11.777668,,,707347.7790346196,5315743.66676928,False
464933,"Peiß Gasthaus zur Post, Aying",306779.0,290269,47.96126,11.779178,,,707461.0295757334,5315732.7264453,False
465035,Pelkovenstraße,562093.0,105837,48.18145,11.513015,,,686794.7471189604,5339521.805264469,True
465036,Pelkovenstraße,562093.0,475160,48.181038,11.510931,,,686641.3488099445,5339470.952296379,True
465037,Pelkovenstraße,562093.0,659835,48.18111,11.510868,,,686636.4047487595,5339478.801176415,True
465038,Pelkovenstraße,562093.0,92978,48.181217,11.512225,,,686736.8765463901,5339493.989949451,True
465719,"Perlach, München",281330.0,340278,48.09374,11.630578,,,695866.1937186485,5330066.581205003,True
465811,Perlschneiderstraße,583512.0,604239,48.13539,11.463698,,,683293.3054700264,5334284.086653978,True
465812,Perlschneiderstraße,583512.0,664539,48.135536,11.463186,,,683254.6966079152,5334299.092358231,True
465909,Peschelanger,231451.0,246457,48.109013,11.654204,,,697566.6234378333,5331824.363719085,True
465910,Peschelanger,231451.0,326408,48.10922,11.654868,,,697615.2506151248,5331849.074413445,True
465925,Peslmüllerstraße,511075.0,375049,48.14127,11.446208,,1,681971.3852377171,5334896.031935972,True
466015,Peter-Anders-Straße,47172.0,160353,48.153675,11.476786,,,684201.4849386758,5336347.514771795,True
466016,Peter-Anders-Straße,47172.0,7799,48.15287,11.476472,,,684181.016386424,5336257.2967027705,True
466018,Peter-Auzinger-Straße,262839.0,227884,48.098774,11.582671,,,692280.6388271371,5330505.188557482,True
466019,Peter-Auzinger-Straße,262839.0,628452,48.098522,11.582725,,,692285.5991170601,5330477.317335133,True
466645,Petuelring,361878.0,22677,48.175434,11.566681,,,690805.8356209031,5338985.065598341,True
466646,Petuelring,361878.0,235886,48.175354,11.566537,,,690795.4285004192,5338975.8170797005,True
466647,Petuelring,361878.0,284290,48.175396,11.566609,,,690800.6246401008,5338980.663610545,True
466648,Petuelring,361878.0,305828,48.175312,11.566465,,,690790.2323518436,5338970.970553848,True
466649,Petuelring,361878.0,341110,48.175747,11.565881,,,690745.2067213996,5339017.865307157,True
466650,Petuelring,361878.0,455983,48.174934,11.566492,,,690793.6425921575,5338929.027804182,True
466651,Petuelring,361878.0,477216,48.17503,11.566231,,,690773.8848791934,5338939.048944556,True
466652,Petuelring,361878.0,570504,48.175648,11.565872,,,690744.905142351,5339006.840401107,True
466653,Petuelring,361878.0,617837,48.175243,11.566187,,,690769.823547727,5338962.61189066,True
467428,Pfanzeltplatz,178957.0,413861,48.09979,11.630757,,,695856.5271415777,5330739.40475057,True
467429,Pfanzeltplatz,178957.0,557926,48.100628,11.630461,,,695831.3072842085,5330831.782531248,True
467431,Pfarrer-Grimm-Straße,19574.0,628111,48.17927,11.461488,,,682972.7211395033,5339155.543660242,True
467432,Pfarrer-Grimm-Straße,19574.0,80670,48.179607,11.461165,,,682947.5131181772,5339192.228110664,True
469257,Phantasiestraße,320435.0,318667,48.11302,11.70141,,,701064.4991131118,5332392.010355065,True
469258,Phantasiestraße,320435.0,365984,48.11339,11.701024,,,701034.3274422134,5332432.121188145,True
469881,Pilsenseestraße,323304.0,482968,48.10956,11.519699,,,687553.4174256725,5331548.4383010045,True
469882,Pilsenseestraße,323304.0,557260,48.10915,11.520534,,,687617.0593840153,5331504.908625383,True
469929,Pinakotheken,413301.0,176781,48.146732,11.57084,,,691221.6958920929,5335805.554334302,True
469930,Pinakotheken,413301.0,375215,48.149155,11.571433,,,691256.7924459348,5336076.313368643,True
469931,Pinakotheken,413301.0,377975,48.146908,11.570274,,,691178.9452913294,5335823.706643125,True
469932,Pinakotheken,413301.0,494111,48.148705,11.571873,,,691291.1894664315,5336027.396720132,True
469933,Pinakotheken,413301.0,605216,48.149193,11.57199,,,691298.0763789124,5336081.922503837,True
470848,Pirolstraße,169540.0,15547,48.179863,11.395579,,,678071.6924871079,5339066.609660685,True
470849,Pirolstraße,169540.0,582013,48.179737,11.395767,,,678086.102908059,5339053.041872209,True
471155,Planegger Straße,449978.0,258514,48.140392,11.45758,,,682820.4018135905,5334825.430511974,True
471156,Planegger Straße,449978.0,362225,48.140495,11.456754,,,682758.5936295503,5334834.913965149,True
471157,Planegger Straße,449978.0,94791,48.139797,11.457374,,,682807.1919990671,5334758.813914942,True
471209,Plankenfelser Straße,561712.0,446276,48.150005,11.420633,,,680038.438637262,5335806.608582395,True
471210,Plankenfelser Straße,561712.0,82339,48.149708,11.420579,,,680035.4619276864,5335773.474146718,True
471295,Plassenburgstraße,223458.0,531022,48.097336,11.60803,,,694173.9029313931,5330409.067810594,True
471296,Plassenburgstraße,223458.0,538440,48.097404,11.607689,,,694148.2603950782,5330415.7644211305,True
471301,Platanenstraße,419583.0,181996,48.11471,11.483092,,,684810.2881758134,5332032.185886975,True
471302,Platanenstraße,419583.0,183204,48.11444,11.483524,,,684843.4076134185,5332003.217005168,True
471548,Plattlinger Straße,482712.0,359353,48.078793,11.512746,,,687147.584128143,5328112.179935548,True
471549,Plattlinger Straße,482712.0,507894,48.078922,11.512692,,,687143.0944061165,5328126.385166015,True
472535,Plettstraße,70126.0,301072,48.10923,11.644232,,,696823.5817780584,5331822.914801066,True
472536,Plettstraße,70126.0,391862,48.10903,11.644421,,,696838.413146385,5331801.171397753,True
473171,Poccistraße,228122.0,122321,48.126106,11.551697,,,689874.0027405291,5333465.812911869,True
473172,Poccistraße,228122.0,198688,48.124973,11.549343,,,689703.0265925183,5333334.085880605,True
473173,Poccistraße,228122.0,202061,48.12593,11.550852,,,689811.7789088155,5333444.166893557,True
473174,Poccistraße,228122.0,29474,48.12549,11.550412,,,689780.6622152356,5333394.180947135,True
473175,Poccistraße,228122.0,322702,48.12577,11.548777,,,689657.976230119,5333421.265540033,True
473176,Poccistraße,228122.0,472467,48.125538,11.548831,,,689662.8487900582,5333395.615072839,True
473177,Poccistraße,228122.0,568406,48.12555,11.550322,,,689773.7444799881,5333400.6270299805,True
473178,Poccistraße,228122.0,87469,48.12558,11.550583,,,689793.0539518783,5333404.6052341005,True
473550,Poing (S) Nord,297546.0,127799,48.171783,11.809096,,,708840.1666485092,5339209.71737496,False
473551,Poing (S) Nord,297546.0,147241,48.171803,11.808744,,,708813.9185161603,5339210.983399124,False
473833,Polkostraße,328332.0,50316,48.160393,11.446082,,,681894.3841010835,5337021.020865675,True
473834,Polkostraße,328332.0,623859,48.160374,11.445893,,,681880.3979053346,5337018.462003244,True
474483,Poschingerstraße,428239.0,418945,48.152573,11.605937,,,693810.043872152,5336542.598387941,True
474484,Poschingerstraße,428239.0,511763,48.152634,11.605802,,,693799.7745048897,5336549.037327056,True
474498,Posener Platz,649073.0,127260,48.148384,11.640405,,,696389.3109362598,5336164.53149276,True
474499,Posener Platz,649073.0,541750,48.147976,11.640612,,,696406.2638061494,5336119.71691774,True
474500,"Posener Platz, München",649073.0,69555,48.14797,11.640529,,,696400.1137265607,5336118.838041874,True
475155,Potsdamer Straße,208137.0,375152,48.166786,11.586192,,,692288.5139934707,5338072.587259741,True
475156,Potsdamer Straße,208137.0,410096,48.16772,11.586282,,,692291.7116359038,5338176.6141239405,True
475157,Potsdamer Straße,208137.0,49556,48.1673,11.587019,,,692348.0753960081,5338131.781075445,True
475158,Potsdamer Straße,208137.0,79122,48.166622,11.586057,,,692279.0905901899,5338054.023069538,True
475159,Potsdamer Straße,208137.0,79679,48.16788,11.586426,,,692301.8188266621,5338194.756318481,True
475905,Pregerstraße,74593.0,349992,48.201244,11.453349,,,682289.7650156192,5341578.348311559,True
475906,Pregerstraße,74593.0,455990,48.201317,11.453403,,,682293.5179297848,5341586.589570396,True
476524,Preußenstraße,513885.0,274923,48.186478,11.556323,,,689995.0443447031,5340186.796673779,True
476525,Preußenstraße,513885.0,590092,48.18638,11.557895,,,690112.2350743285,5340179.793931491,True
476612,Priel,572547.0,502253,48.160877,11.621783,,,694956.9790121897,5337505.5482706055,True
476613,Priel,572547.0,9013,48.16116,11.621747,,,694953.2292788397,5337536.908512643,True
476887,Prinz-Eugen-Park,673691.0,157412,48.162567,11.629149,,,695498.2504909144,5337712.079473707,True
476888,Prinz-Eugen-Park,673691.0,536440,48.16248,11.628988,,,695486.6105439414,5337702.00109405,True
476889,Prinz-Eugen-Park,673691.0,71573,48.162567,11.629266,,,695506.949707684,5337712.377098017,True
476921,Prinzregentenplatz,673888.0,214549,48.139194,11.607024,,,693941.308378736,5335058.448940502,True
476922,Prinzregentenplatz,673888.0,434342,48.139145,11.607024,,,693941.4930483759,5335053.003273567,True
476923,Prinzregentenplatz,673888.0,599995,48.139236,11.606934,,,693934.4553325241,5335062.8896308,True
476924,Prinzregentenplatz,673888.0,666672,48.13954,11.606925,,,693932.6401908256,5335096.652292325,True
477180,Pronnerplatz,336224.0,224317,48.14381,11.497232,,,685757.5901576778,5335300.342011368,True
477181,Pronnerplatz,336224.0,478189,48.14358,11.496495,,,685703.6019819267,5335273.000026905,True
477589,Puchheim (S) Süd,309115.0,134166,48.171806,11.352783,,,674918.1325160537,5338072.875352284,False
477590,"Puchheim Bahnhof (S) Südseite, Puchheim",309115.0,481325,48.17177,11.352774,,,674917.5859441813,5338068.853867355,False
477596,"Puchheim Bf, Am Mühlstetter Gr",671975.0,372099,48.173016,11.362745,,,675654.5788272687,5338230.074948033,False
477623,"Puchheim Bf, Friedenstraße",416865.0,94171,48.18253,11.371037,,,676238.3690688289,5339306.435784519,False
477626,"Puchheim Bf, Lagerstraße",126832.0,211528,48.177902,11.36915,,,676113.9768709737,5338787.758654924,False
477627,"Puchheim Bf, Lagerstraße",126832.0,665679,48.178688,11.370156,,,676186.0600572999,5338877.419843364,False
477648,"Puchheim Bf, Weiherstraße",106360.0,417168,48.17541,11.366222,,,675904.8620848067,5338504.094343039,False
477655,Puchheim Bf. Süd,309115.0,501614,48.172005,11.352262,,,674878.7240803968,5338093.806330692,False
477656,"Puchheim Bf., Friedenstraße",416865.0,276802,48.182533,11.370884,,,676226.9870575137,5339306.418294184,False
477657,"Puchheim Bf., Heussstraße",281267.0,507015,48.16938,11.354499,,,675053.9616287899,5337807.159478065,False
477658,"Puchheim Bf., Heussstraße",281267.0,508070,48.169556,11.354202,,,675031.2822243153,5337826.043487833,False
477660,"Puchheim Ort, Eichenauer Str.",503001.0,14376,48.151627,11.338949,,,673957.9502705147,5335798.8104580445,False
477662,"Puchheim Ort, Kirche",446515.0,227131,48.14735,11.348192,,,674659.870525915,5335344.426974379,False
477665,"Puchheim Ort, Kriegerdenkmal",27528.0,232541,48.14703,11.34813,,,674656.3454715442,5335308.721788044,False
477670,"Puchheim Ort, Maibaum",444507.0,168025,48.149834,11.34556,,,674455.6897195057,5335614.519312101,False
477671,"Puchheim Ort, Maibaum",444507.0,23525,48.14981,11.345479,,,674449.746930835,5335611.668182975,False
477673,"Puchheim Ort, Mitterlängstraße",255207.0,355422,48.152122,11.339596,,,674004.3932788614,5335855.2883423995,False
477675,"Puchheim Ort, Schwarzäckerstr.",596124.0,100290,48.153645,11.348049,,,674627.8655988616,5336043.719680166,False
477677,"Puchheim Ort, Vogelsangstraße",587614.0,229896,48.15251,11.342686,,,674232.8798969573,5335905.408703211,False
477678,"Puchheimer Straße, Gröbenzell",141616.0,230735,48.19239,11.373065,,,676355.2524866809,5340406.919592127,False
477679,"Puchheimer Straße, Gröbenzell",141616.0,35114,48.192352,11.373028,,,676352.6334462087,5340402.61137616,False
478107,Pulverturm,587215.0,647565,48.19597,11.565028,,,690606.7582746991,5341263.275568881,True
478108,Pulverturm,587215.0,72494,48.196075,11.564731,,,690584.3002476739,5341274.208083547,True
478112,Pulverturmstraße,228889.0,540469,48.20166,11.553574,,,689734.6522394733,5341867.290520279,True
478113,Pulverturmstraße,228889.0,626429,48.20216,11.553422,,,689721.5118015481,5341922.483840868,True
478291,"Putzbrunn, Brennerei",262148.0,387130,48.077496,11.711543,,,701957.7916021086,5328470.61280298,False
478292,"Putzbrunn, Brennerei",262148.0,672544,48.077374,11.711327,,,701942.1827792701,5328456.487593728,False
478307,"Putzbrunn, Kirchenzentrum",405209.0,463281,48.076145,11.715684,,,702271.4907064211,5328331.34666897,False
478308,"Putzbrunn, Kirchenzentrum",405209.0,498660,48.075916,11.715567,,,702263.6750543785,5328305.589454164,False
478310,"Putzbrunn, M.-Haslbeck-Straße",401494.0,282836,48.077248,11.719969,,,702586.290582166,5328465.199200526,False
478316,"Putzbrunn, Seemannsiedlung",38705.0,413547,48.081837,11.692795,,,700544.6529631538,5328904.014849848,False
478325,"Putzbrunn, Waldkolonie",230034.0,342221,48.079903,11.701886,,,701229.1948651986,5328712.814169322,False
478326,"Putzbrunn, Waldkolonie",230034.0,460325,48.079823,11.701922,,,701232.1880335851,5328704.01757225,False
478330,"Putzbrunn, Wernh.-v-Braun-Str.",406972.0,100107,48.07423,11.720337,,,702625.5546759268,5328130.765676741,False
478331,"Putzbrunn, Wernh.-v-Braun-Str.",406972.0,517080,48.07444,11.720131,,,702609.3869227956,5328153.561441259,False
478334,"Putzbrunn,Seemannsiedl.",38705.0,317360,48.08169,11.693675,,,700610.7573269206,5328889.971927614,False
478335,Putzbrunner Straße,74042.0,265240,48.09626,11.64611,,,697012.9462585845,5330386.29952655,True
478336,Putzbrunner Straße,74042.0,641540,48.09663,11.646801,,,697062.9751209544,5330429.189239634,True
478592,Pöllatstraße,266467.0,70003,48.10512,11.590738,,,692857.4325223849,5331230.648932746,True
478733,Pörtschacher Straße,569518.0,106244,48.14419,11.490396,,,685247.7583802734,5335326.080033975,True
478734,Pörtschacher Straße,569518.0,41147,48.144493,11.490234,,,685234.6180449235,5335359.364288549,True
478968,Pühnstraße,86828.0,498098,48.146847,11.632006,,,695770.5030129836,5335972.292084986,True
478969,Pühnstraße,86828.0,88888,48.146667,11.632141,,,695781.2286442582,5335952.631425195,True
478993,Pündterplatz,222094.0,392249,48.1626,11.576868,,1,691610.9070528669,5337584.0814537285,True
479950,Quiddestraße,338757.0,138971,48.108223,11.646712,,,697012.0177529585,5331717.35062776,True
479951,Quiddestraße,338757.0,188037,48.10881,11.646604,,,697001.7344175323,5331782.310380908,True
479952,Quiddestraße,338757.0,216944,48.10908,11.646972,,,697028.091959814,5331813.259465168,True
479953,Quiddestraße,338757.0,430244,48.108223,11.646622,,,697005.3189794347,5331717.12011608,True
479954,Quiddestraße,338757.0,435293,48.109222,11.646864,,,697019.5104699738,5331828.764026133,True
479955,Quiddestraße,338757.0,487447,48.10858,11.646577,,,697000.6043685877,5331756.680131374,True
479956,Quiddestraße,338757.0,531798,48.108547,11.646307,,,696980.6343716828,5331752.321194192,True
483039,Ramersdorf,189548.0,292017,48.11569,11.613761,,,694531.2423251694,5332463.329069505,True
483040,Ramersdorf,189548.0,474839,48.1155,11.614193,,,694564.1096326597,5332443.306043105,True
483041,Ramersdorf,189548.0,60984,48.114742,11.613124,,,694487.4164475797,5332356.361530515,True
483658,Rangierbahnhof,313346.0,103934,48.193993,11.496118,,,685493.5720101907,5340874.867882368,True
483659,Rangierbahnhof,313346.0,367328,48.194206,11.496199,,,685498.8216763742,5340898.735855553,True
483941,Rappelhofstraße,368629.0,589976,48.140095,11.64832,,,697009.7082519738,5335263.57882646,True
483942,Rappelhofstraße,368629.0,646959,48.1401,11.64805,,,696989.6052454496,5335263.442656511,True
484588,Rathaus Pasing,80683.0,414011,48.146572,11.461003,,,683053.0366579918,5335520.405010133,True
484589,Rathaus Pasing,80683.0,48192,48.14672,11.461838,,,683114.6142864748,5335538.841862694,True
484769,Rathenaustraße,269701.0,153326,48.20045,11.57367,,,691232.2126548784,5341782.650315063,True
484770,Rathenaustraße,269701.0,306709,48.200356,11.573445,,,691215.8456883875,5341771.643261857,True
485836,Ratzingerplatz,161958.0,117961,48.09891,11.523984,,,687911.1846424092,5330375.293391129,True
485837,Ratzingerplatz,161958.0,391289,48.099594,11.522951,,,687831.7898466224,5330448.788017093,True
485838,Ratzingerplatz,161958.0,79879,48.099728,11.523588,,,687878.722195231,5330465.2356810635,True
485839,Ratzingerplatz,161958.0,88472,48.09902,11.523148,,,687848.5476098245,5330385.476808627,True
486463,Ravensburger Ring,550534.0,222617,48.15018,11.437063,,,681259.7494452356,5335864.665847135,True
486464,Ravensburger Ring,550534.0,322575,48.150463,11.436703,,,681231.9787501092,5335895.269101957,True
487812,Redwitzstraße,578917.0,162217,48.155556,11.608758,,,694008.5805070858,5336881.234482681,True
487813,Redwitzstraße,578917.0,672462,48.155415,11.608389,,,693981.6725323568,5336864.632953425,True
488482,Regerplatz,138930.0,127711,48.124405,11.588079,,,692587.3839361704,5333367.241153594,True
488483,Regerplatz,138930.0,252965,48.124588,11.589201,,,692670.1846574349,5333390.389504257,True
488484,Regerplatz,138930.0,300072,48.124607,11.589381,,,692683.5069039561,5333392.95207778,True
488485,Regerplatz,138930.0,393098,48.124325,11.588186,,,692595.6448191663,5333358.618240961,True
488512,Regina-Ullmann-Straße,185771.0,10836,48.17003,11.635024,,,695906.6291054613,5338556.450165292,True
488513,Regina-Ullmann-Straße,185771.0,19555,48.169872,11.635186,,,695919.2746155639,5338539.303645093,True
488514,Regina-Ullmann-Straße,185771.0,323733,48.169918,11.63506,,,695909.7322511103,5338544.094681602,True
488515,Regina-Ullmann-Straße,185771.0,509797,48.169918,11.635348,,,695931.1426309732,5338544.828947361,True
488517,Reginbaldstraße,570133.0,370003,48.1689,11.484817,,,684744.0131009927,5338058.859612775,True
488518,Reginbaldstraße,570133.0,577226,48.16913,11.484718,,,684735.8265460639,5338084.183299318,True
489733,Reichenbachplatz,308049.0,513884,48.133263,11.576733,,,691710.1627994459,5334323.333807128,True
489734,Reichenbachplatz,308049.0,7818,48.133312,11.576508,,,691693.241427566,5334328.218527344,True
491852,Reitmorstraße/Sammlung Schack,106196.0,30065,48.141945,11.593621,,,692933.9940305287,5335330.46211972,True
491853,Reitmorstraße/Sammlung Schack,106196.0,503091,48.142105,11.593756,,,692943.4356920004,5335348.582711559,True
493352,Renatastraße,670147.0,285973,48.156544,11.526364,,,687877.920495318,5336786.358624734,True
493353,Renatastraße,670147.0,57074,48.156727,11.526831,,,687911.9787591038,5336807.838279029,True
493742,Rennbahnstraße,520683.0,377141,48.140446,11.662738,,,698080.8348101352,5335339.6346788285,True
493743,Rennbahnstraße,520683.0,485055,48.140705,11.662315,,,698048.373482572,5335367.329013187,True
497159,Richard-Strauss-Straße,202948.0,151232,48.148796,11.616708,,,694625.339548971,5336150.050861863,True
497160,Richard-Strauss-Straße,202948.0,157148,48.149143,11.616331,,,694595.9885526183,5336187.660667133,True
497161,Richard-Strauss-Straße,202948.0,229225,48.148647,11.616286,,,694594.5180673858,5336132.423236971,True
497162,Richard-Strauss-Straße,202948.0,464209,48.148533,11.616546,,,694614.2861961332,5336120.411921091,True
497163,Richard-Strauss-Straße,202948.0,610237,48.148525,11.616672,,,694623.6874200429,5336119.841830234,True
497164,Richard-Strauss-Straße,202948.0,90646,48.148983,11.616744,,,694627.3094528915,5336170.924461792,True
497387,Ridlerstraße,45691.0,157779,48.13056,11.539102,,,688920.5188616533,5333929.794008706,True
497388,Ridlerstraße,45691.0,306602,48.131027,11.53939,,,688940.2317494822,5333982.402392721,True
497784,Riedenburger Straße,195343.0,187213,48.136173,11.624478,,,695251.106648123,5334766.883376003,True
497785,Riedenburger Straße,195343.0,257083,48.135914,11.623903,,,695209.3144888438,5334736.639154321,True
497786,Riedenburger Straße,195343.0,651348,48.13583,11.623822,,,695203.607428354,5334727.09809396,True
497889,Riederstraße,621419.0,496605,48.186363,11.445561,,,681763.7880326548,5339906.04479699,True
497890,Riederstraße,621419.0,51644,48.186333,11.44539,,,681751.1856103351,5339902.306124935,True
498368,Riem,429356.0,288636,48.14335,11.679141,,,699289.707935497,5335704.764471711,True
498369,Riem,429356.0,340231,48.143436,11.678898,,,699271.3005681674,5335713.692203449,True
498372,"Riem Bahnhof, München",429356.0,19765,48.143345,11.678681,,,699255.5126036304,5335703.016412092,True
498377,Riemer Straße,28723.0,288389,48.13968,11.674092,,,698928.3525428728,5335283.8209322225,True
498378,Riemer Straße,28723.0,481701,48.139763,11.674029,,,698923.3454205316,5335292.88216082,True
498860,Riesenburgstraße,579280.0,456307,48.148315,11.41376,,,679533.1788012288,5335602.712332208,True
498861,Riesenburgstraße,579280.0,494513,48.14887,11.413778,,,679532.580789165,5335664.435957988,True
498877,Riesstraße,104891.0,570538,48.184566,11.53329,,2,688290.2801971268,5339917.598716475,True
498879,Riesstraße Süd,333847.0,12482,48.176197,11.535868,,,688512.5787555557,5338993.811062455,True
498880,Riesstraße Süd,333847.0,423481,48.17645,11.53674,,,688576.4689489019,5339024.068412827,True
499502,Ringelnatzweg,493433.0,301128,48.075363,11.523085,,,687930.0707167846,5327756.177689993,True
499503,Ringelnatzweg,493433.0,338703,48.075348,11.523409,,,687954.2566116317,5327755.301851363,True
500655,Robinienstraße,348150.0,131814,48.20087,11.543962,,,689023.4253759319,5341755.793306059,True
500656,Robinienstraße,348150.0,436774,48.200428,11.543342,,,688978.9876460102,5341705.144925896,True
500657,Robinienstraße,348150.0,441753,48.200806,11.544124,,,689035.6971523406,5341749.079170953,True
500658,Robinienstraße,348150.0,465463,48.199986,11.543549,,,688995.9940890805,5341656.531395336,True
500768,Rockefellerstraße,521274.0,188533,48.210644,11.575421,,,691324.3157623968,5342919.9457373945,True
500769,Rockefellerstraße,521274.0,34373,48.210712,11.57517,,,691305.4173029584,5342926.877816328,True
501806,Roecklplatz,633801.0,135862,48.120583,11.561381,,,690614.9907621759,5332875.96325062,True
501807,Roecklplatz,633801.0,492321,48.12083,11.561902,,,690652.8456952842,5332904.705321456,True
501995,Rofanstraße,247911.0,454543,48.119846,11.650314,,,697235.60253883,5333018.307728144,True
501996,Rofanstraße,247911.0,77511,48.119743,11.650305,,,697235.3273276782,5333006.837705886,True
502926,Romanplatz,143449.0,385146,48.15572,11.512198,,,686827.5057903262,5336660.253617833,True
502927,Romanplatz,143449.0,482556,48.154938,11.51174,,,686796.2876290089,5336572.23123573,True
502928,Romanplatz,143449.0,490521,48.155132,11.511524,,,686779.5204837129,5336593.266977566,True
502929,Romanplatz,143449.0,583978,48.155178,11.511443,,,686773.3299737582,5336598.182472256,True
502930,Romanplatz,143449.0,5924,48.154808,11.511326,,,686765.9729537689,5336556.777423203,True
502931,Romanplatz,143449.0,647790,48.15566,11.512333,,,686837.7627478556,5336653.9135150965,True
503529,Rose-Pichler-Weg,401639.0,18104,48.210846,11.582823,,,691873.4032673904,5342960.862139566,True
503530,Rose-Pichler-Weg,401639.0,375009,48.210815,11.58126,,,691757.415273095,5342953.513062235,True
504157,"Rosenheimer Platz, München",472460.0,18892,48.12904,11.593084,,,692942.4234864383,5333894.902797436,True
506804,Rotkreuzplatz,607998.0,16009,48.153164,11.534251,,,688476.7962262302,5336430.023429498,True
506805,Rotkreuzplatz,607998.0,170263,48.15259,11.534072,,,688465.5877479662,5336365.791933751,True
506806,Rotkreuzplatz,607998.0,191017,48.152843,11.533982,,,688457.9677357154,5336393.688932981,True
506807,Rotkreuzplatz,607998.0,356562,48.153194,11.533955,,,688454.6738264312,5336432.631815264,True
506808,Rotkreuzplatz,607998.0,471211,48.15266,11.533766,,,688442.5748967269,5336372.821333149,True
506809,Rotkreuzplatz,607998.0,560882,48.15298,11.53267,,,688359.8965799402,5336405.698962744,True
506810,Rotkreuzplatz,607998.0,636313,48.154167,11.532877,,,688370.9433616402,5336538.125818721,True
506811,Rotkreuzplatz,607998.0,652031,48.15421,11.533012,,,688380.8251560235,5336543.235545582,True
508258,Rubensstraße,177364.0,14506,48.157677,11.449963,,,682192.5836231165,5336728.36198422,True
508259,Rubensstraße,177364.0,586095,48.157173,11.450403,,,682227.0879783027,5336673.391524439,True
508565,Rudolf-Zorn-Straße,378424.0,345145,48.090733,11.635492,,,696243.4982269588,5329744.919786278,True
508566,Rudolf-Zorn-Straße,378424.0,443190,48.090675,11.634333,,,696157.4242131304,5329735.518479658,True
508723,Rueßstraße,377052.0,344728,48.1842,11.472492,,,683773.0068215642,5339729.715328876,True
508724,Rueßstraße,377052.0,451407,48.18435,11.472618,,,683781.8348673708,5339746.68740982,True
509449,Rupert-Mayer-Straße,536847.0,109924,48.09642,11.541133,,,689196.9829231589,5330140.593042354,True
509450,Rupert-Mayer-Straße,536847.0,130000,48.096294,11.541061,,,689192.0851504524,5330126.412850877,True
509974,Ruth-Schaumann-Straße,296822.0,462263,48.142185,11.647457,,1,696937.514983929,5335493.6413298985,True
510339,Röblingweg,119710.0,534340,48.205097,11.572511,,,691128.8028437216,5342296.220870653,True
510340,Röblingweg,119710.0,554017,48.204414,11.572843,,,691156.0103814406,5342221.1402482055,True
512764,Rümannstraße,8634.0,244643,48.1764,11.572574,,,691240.2915431169,5339107.07368786,True
512765,Rümannstraße,8634.0,461674,48.175617,11.573193,,,691289.2177324593,5339021.594209551,True
512766,Rümannstraße,8634.0,560996,48.175808,11.57305,,,691277.8771536489,5339042.465390955,True
512768,Rümelinstraße,334207.0,458620,48.16594,11.617858,,,694645.9684807983,5338058.282720515,True
512769,Rümelinstraße,334207.0,577378,48.16686,11.618747,,,694708.5790074309,5338162.780193217,True
514523,"S-Bahnhof, Hohenbrunn",12027.0,149579,48.0469,11.698727,,,701122.5467538633,5325036.802305256,False
514524,"S-Bahnhof, Hohenbrunn",12027.0,561643,48.046795,11.698997,,,701143.0760262997,5325025.8386120815,False
515759,Saalburgstraße,469120.0,181817,48.113537,11.487952,,,685176.1982331759,5331913.511068522,True
515760,Saalburgstraße,469120.0,489366,48.113865,11.48718,,,685117.5640093803,5331948.105684846,True
516620,Sadelerstraße,166993.0,261123,48.16866,11.522304,,,687531.8189049662,5338122.9816665705,True
516621,Sadelerstraße,166993.0,262092,48.16856,11.522412,,,687540.2128734919,5338112.13148096,True
518909,Sandstraße,31779.0,219207,48.150673,11.558138,,,690262.400676569,5336212.026992234,True
519464,Sankt Michael,206263.0,637490,48.123913,11.632545,,,695897.8659746614,5333424.87747885,True
519465,Sankt Michael,206263.0,65491,48.123913,11.632294,,,695879.1895143463,5333424.2381102275,True
519512,Sankt Pius,570942.0,118510,48.124683,11.612288,,,694387.6704512262,5333459.047978217,True
519513,Sankt Pius,570942.0,235218,48.123653,11.612917,,,694438.3622890845,5333346.168295117,True
519514,Sankt Pius,570942.0,38067,48.12446,11.613303,,,694464.0360482874,5333436.830890877,True
519515,Sankt Pius,570942.0,440808,48.124767,11.611345,,,694317.1874063523,5333466.000124249,True
519605,Sapporobogen,557323.0,86380,48.16941,11.537449,,1,688655.0078975393,5338243.402382955,True
519607,Sarasatestraße,408229.0,331301,48.16455,11.473543,,,683921.4187156332,5337548.370526241,True
519608,Sarasatestraße,408229.0,421002,48.164654,11.473337,,,683905.7305531034,5337559.435909365,True
520575,Scapinellistraße,254020.0,164808,48.148083,11.454185,,,682540.5764707783,5335672.122603408,True
520576,Scapinellistraße,254020.0,573343,48.148365,11.454059,,,682530.20479158,5335703.164247655,True
522396,Schatzbogen,643443.0,154654,48.132946,11.660043,,,697909.2098454521,5334499.178243157,True
522397,Schatzbogen,643443.0,264401,48.133278,11.660644,,,697952.6443384598,5334537.622335502,True
522944,Scheidplatz,463034.0,108934,48.17155,11.572906,,,691283.0189179243,5338568.885930238,True
522945,Scheidplatz,463034.0,151518,48.170177,11.574343,,,691394.957104529,5338419.872961783,True
522946,Scheidplatz,463034.0,154155,48.171535,11.572987,,,691289.0962497271,5338567.420503399,True
522947,Scheidplatz,463034.0,242397,48.171608,11.572583,,,691258.7914065506,5338574.527916483,True
522948,Scheidplatz,463034.0,373835,48.171394,11.572996,,,691290.2900262167,5338551.772605664,True
522949,Scheidplatz,463034.0,430079,48.17155,11.572762,,,691272.3140099079,5338568.527498841,True
522950,Scheidplatz,463034.0,513079,48.17127,11.572951,,,691287.4061787867,5338537.879615914,True
522951,Scheidplatz,463034.0,572270,48.171783,11.572933,,,691284.1590169005,5338594.848033913,True
522952,Scheidplatz,463034.0,88507,48.17155,11.572681,,,691266.2924990901,5338568.3258900065,True
522953,Scheidplatz,463034.0,95094,48.170307,11.574325,,,691393.1349305913,5338434.275922658,True
523161,Schellingstraße,323935.0,383705,48.15081,11.57322,,,691383.537930721,5336264.691899484,True
523162,Schellingstraße,323935.0,406490,48.15107,11.572933,,,691361.2266060909,5336292.872909327,True
523163,Schellingstraße,323935.0,573342,48.151,11.573616,,,691412.2813063229,5336286.793835178,True
523164,Schellingstraße,323935.0,599924,48.15124,11.573337,,,691390.6392759614,5336312.771922118,True
524010,Schichtlstraße,561408.0,394773,48.147182,11.658569,,,697744.8366600348,5336077.5112836035,True
524011,Schichtlstraße,561408.0,590408,48.14697,11.658426,,,697735.0159789788,5336053.582677294,True
524490,Schilcherweg,625770.0,124047,48.071342,11.547394,,,689755.3735807586,5327368.945802022,False
524491,Schilcherweg,625770.0,69587,48.071392,11.547547,,,689766.5858147326,5327374.879798677,False
525104,Schittgablerstraße,36594.0,249796,48.191265,11.548957,,,689429.9642111694,5340700.621708767,True
525105,Schittgablerstraße,36594.0,366033,48.19162,11.548921,,,689425.9798671002,5340739.986728066,True
527060,Schloss Blutenburg,231839.0,232997,48.164383,11.454535,,,682508.7580076236,5337484.49912793,True
527061,Schloss Blutenburg,231839.0,527712,48.16406,11.455308,,,682567.3779889196,5337450.437451384,True
527085,Schloss Nymphenburg,232269.0,384592,48.15906,11.511515,,,686764.5863886501,5337029.792204554,True
527086,Schloss Nymphenburg,232269.0,606561,48.15794,11.511434,,,686762.6307028297,5336905.121651798,True
527087,Schloss Nymphenburg,232269.0,621958,48.159073,11.511668,,,686775.9159645981,5337031.608765299,True
527509,Schlörstraße,15539.0,462362,48.150085,11.537108,,,688700.5560054774,5336094.841920795,True
527510,Schlörstraße,15539.0,60544,48.14992,11.536551,,,688659.7365121472,5336075.137210487,True
527512,Schlösselgarten,79408.0,143533,48.15875,11.628763,,,695484.0609102808,5337286.890864031,True
527513,Schlösselgarten,79408.0,311605,48.158726,11.628934,,,695496.8673352341,5337284.658532765,True
527514,Schlösselgarten,79408.0,357662,48.158726,11.629051,,,695505.5672028188,5337284.956137103,True
527619,Schlüsselbergstraße,311360.0,56708,48.130047,11.622888,,,695156.0516234558,5334082.028845379,True
527620,Schlüsselbergstraße,311360.0,597108,48.1301,11.62305,,,695167.90337999,5334088.330208351,True
527621,Schlüsselbergstraße,311360.0,601052,48.12987,11.622385,,,695119.2996370683,5334061.081326693,True
527622,Schlüsselbergstraße,311360.0,637149,48.12963,11.623382,,,695194.3861392816,5334036.93912042,True
527744,Schmaedelstraße,417366.0,248141,48.150833,11.474972,,,684076.7546131127,5336027.316775435,True
527745,Schmaedelstraße,417366.0,566017,48.150925,11.475187,,,684092.4149807771,5336038.056267851,True
528849,Schmuckerweg,21561.0,610530,48.121613,11.670472,,,698728.8184626026,5333266.57884682,True
528850,Schmuckerweg,21561.0,621797,48.121956,11.67014,,,698702.7902566468,5333303.8403209355,True
529359,Schneemannstraße,205503.0,118024,48.10531,11.532212,,,688500.3049325644,5331106.694448546,True
529360,Schneemannstraße,205503.0,342822,48.106007,11.532661,,,688531.1761162032,5331185.256728125,True
530097,Schopenhauerstraße,158321.0,479955,48.179337,11.56404,,,690595.0439402214,5339412.279046535,True
530098,Schopenhauerstraße,158321.0,632211,48.17948,11.563806,,,690577.1207639844,5339427.591237666,True
530785,Schrannenhalle,2817.0,255194,48.13408,11.574694,,1,691555.4307156451,5334409.050429574,True
530917,Schrenkstraße,145900.0,477886,48.139576,11.541357,,,689055.1687790544,5334937.344373249,True
530918,Schrenkstraße,145900.0,484400,48.13966,11.541177,,,689041.4707028457,5334946.237265162,True
531719,Schumacherring,373792.0,280330,48.099426,11.641492,,,696657.0627705205,5330726.337708655,True
531720,Schumacherring,373792.0,659769,48.09954,11.640396,,,696575.0377342177,5330736.205977423,True
532315,Schwabing Nord,671407.0,159804,48.187794,11.59186,,,692631.149023246,5340421.546466428,True
532316,Schwabing Nord,671407.0,214250,48.187057,11.591609,,,692615.2589500517,5340339.009209689,True
532317,Schwabing Nord,671407.0,436325,48.186638,11.591025,,,692573.4283772144,5340290.978821709,True
532318,Schwabing Nord,671407.0,630900,48.187992,11.593621,,,692761.2765292613,5340447.96857404,True
532319,Schwabing Nord,671407.0,8690,48.186672,11.590944,,,692567.2812035636,5340294.554448198,True
532321,Schwabinger Tor,374153.0,587514,48.17269,11.586596,,,692296.4630596604,5338729.749433643,True
532322,Schwabinger Tor,374153.0,631807,48.172752,11.586282,,,692272.8890337655,5338735.854200146,True
533617,Schwanseestraße,153427.0,333649,48.10238,11.596361,,,693286.2625536795,5330940.249995886,True
533618,Schwanseestraße,153427.0,368236,48.103302,11.596747,,,693311.537129584,5331043.686935628,True
533619,Schwanseestraße,153427.0,451323,48.102913,11.596639,,,693304.957170926,5331000.183796405,True
533655,Schwanthalerhöhe,630088.0,361366,48.133804,11.541007,,,689050.334666108,5334295.003073008,True
533656,Schwanthalerhöhe,630088.0,373497,48.13373,11.541007,,,689050.606461657,5334286.778964378,True
533657,Schwanthalerhöhe,630088.0,472915,48.133312,11.53983,,,688964.5785895035,5334237.430715361,True
533658,Schwanthalerhöhe,630088.0,669809,48.133636,11.539659,,,688950.6676242931,5334273.018758734,True
534499,Schwarzhölzlstraße,246554.0,353704,48.218197,11.524954,,,687547.8663590451,5343634.879243775,True
534500,Schwarzhölzlstraße,246554.0,402098,48.218094,11.524963,,,687548.9112294115,5343623.454002662,True
534536,Schwarzwaldstraße,349073.0,123227,48.13914,11.628628,,,695548.5528042916,5335107.170532111,True
534537,Schwarzwaldstraße,349073.0,636133,48.13903,11.628655,,,695550.979239316,5335095.014262579,True
535094,Schweigerstraße,360639.0,292935,48.12661,11.583021,,,692202.7975368174,5333599.641724074,True
535095,Schweigerstraße,360639.0,646237,48.126842,11.58303,,,692202.6010507324,5333625.447793252,True
536984,Schwester-Eubulina-Platz,547278.0,460695,48.12352,11.593136,,,692966.9807807555,5333281.562587283,True
536985,Schwester-Eubulina-Platz,547278.0,536243,48.12337,11.593298,,,692979.597239363,5333265.298703312,True
537791,Schäftlarnstraße / Gasteig HP8,258039.0,561199,48.11209,11.554428,,,690128.944044503,5331914.873882312,True
537792,Schäftlarnstraße / Gasteig HP8,258039.0,654582,48.112354,11.552811,,,690007.6236731389,5331940.218126476,True
537826,Schäufeleinstraße,43175.0,251315,48.14147,11.512099,,,686871.8988887474,5335076.309249241,True
537827,Schäufeleinstraße,43175.0,363614,48.141727,11.512369,,,686891.0490473304,5335105.52774425,True
541933,Seeholzenweg,655337.0,211720,48.132282,11.469276,,,683719.3604738233,5333951.98360553,True
541934,Seeholzenweg,655337.0,562264,48.13265,11.468252,,,683641.8649517699,5333990.436110736,True
543666,Selma-Lagerlöf-Straße,608441.0,1013,48.129536,11.70247,,,701078.8796277582,5334230.285215375,True
543667,Selma-Lagerlöf-Straße,608441.0,668649,48.12979,11.702748,,,701098.5704092189,5334259.240534151,True
544387,Sendlinger Kirche,168428.0,294041,48.122074,11.541043,,,689096.0927828434,5332991.460302524,True
544388,Sendlinger Kirche,168428.0,631008,48.121895,11.541222,,,689110.0698172532,5332972.007021352,True
544390,Sendlinger Tor,143982.0,199641,48.132946,11.565773,,,690895.968485431,5334260.835749863,True
544391,Sendlinger Tor,143982.0,236055,48.133335,11.566564,,,690953.3722396127,5334306.031858715,True
544392,Sendlinger Tor,143982.0,351724,48.133804,11.566223,,,690926.2638412587,5334357.308030417,True
544393,Sendlinger Tor,143982.0,352545,48.133263,11.565827,,,690898.8101593256,5334296.200039438,True
544394,Sendlinger Tor,143982.0,388690,48.133175,11.565675,,,690887.8284580547,5334286.042682665,True
544395,Sendlinger Tor,143982.0,453024,48.133167,11.567076,,,690992.0858587832,5334288.6325786915,True
544396,Sendlinger Tor,143982.0,5270,48.13364,11.56775,,,691040.472664149,5334342.874435752,True
544397,Sendlinger Tor,143982.0,594350,48.133793,11.56607,,,690914.9223112639,5334355.705633045,True
544398,Sendlinger Tor,143982.0,596905,48.13363,11.566196,,,690924.9006233065,5334337.903260521,True
544399,Sendlinger Tor,143982.0,635196,48.1336,11.567363,,,691011.8304155426,5334337.467535693,True
544400,Sendlinger Tor,143982.0,635402,48.13344,11.566519,,,690949.6349348912,5334317.589424275,True
544401,Sendlinger Tor,143982.0,82087,48.133385,11.566672,,,690961.2213977712,5334311.856889098,True
544414,Senftenauerstraße,246682.0,360592,48.12559,11.497528,,,685845.3818545819,5333276.140700026,True
544415,Senftenauerstraße,246682.0,533740,48.125763,11.498076,,,685885.532101771,5333296.691820394,True
544646,Senserstraße,342998.0,477427,48.122944,11.548714,,,689663.6982709388,5333107.038747846,True
544647,Senserstraße,342998.0,560360,48.122986,11.548472,,,689645.5363262222,5333111.109682016,True
544937,Servetstraße,396656.0,475131,48.194878,11.456664,,,682558.6885951299,5340878.713453442,True
544938,Servetstraße,396656.0,633746,48.194633,11.456206,,,682525.5268147569,5340850.39627457,True
545774,Siedlung Ludwigsfeld,93708.0,3387,48.217358,11.489201,,,684895.4245858588,5343454.933741183,True
545775,Siedlung Ludwigsfeld,93708.0,439206,48.21719,11.489758,,,684937.4004908404,5343437.603718821,True
545802,Siedlung am Hart,585381.0,483390,48.202354,11.576993,,,691472.0041931507,5342002.5341726765,True
545803,Siedlung am Hart,585381.0,597841,48.201164,11.576877,,,691467.8232617399,5341869.991599429,True
546481,Siegenburger Straße,212719.0,5245,48.126778,11.523076,,,687741.9884404088,5333470.226401648,True
546482,Siegenburger Straße,212719.0,576471,48.126015,11.521531,,,687629.8136893358,5333381.6584183695,True
546524,Siegestor,127330.0,124639,48.15142,11.581871,,,692024.6324706206,5336354.059617723,True
546525,Siegestor,127330.0,612879,48.151474,11.581611,,,692005.0950356876,5336359.411527321,True
546529,Siegfried-Mollier-Straße,478765.0,445050,48.106476,11.646217,,,696981.8542794606,5331521.929729527,True
546530,Siegfried-Mollier-Straße,478765.0,559446,48.106655,11.646559,,,697006.6259842059,5331542.698783942,True
546566,Siegmannstraße,631410.0,229768,48.137268,11.461335,,,683110.8340967806,5334487.172573946,True
546567,Siegmannstraße,631410.0,330072,48.137444,11.460985,,,683084.1715219808,5334505.899312864,True
546735,Siemensallee,338907.0,327623,48.09032,11.520813,,,687706.3992772005,5329412.893424362,True
546736,Siemensallee,338907.0,378284,48.090607,11.520525,,,687683.9106104869,5329444.086959856,True
546737,Siemensallee,338907.0,616506,48.0907,11.521361,,,687745.8180309404,5329456.462124598,True
546758,Siemenswerke,487098.0,47338,48.095524,11.532419,,,688551.515786295,5330019.623224042,True
546759,Siemenswerke,487098.0,580492,48.095337,11.531476,,,688481.9933614917,5329996.53022032,True
547238,Siglstraße,517888.0,202388,48.1349,11.514327,,,687061.5045138566,5334351.5573804425,True
547239,Siglstraße,517888.0,293484,48.13498,11.514084,,,687043.1362785443,5334359.857192335,True
547240,Siglstraße,517888.0,45186,48.135452,11.51377,,,687018.0618422148,5334411.550027249,True
547447,Sigmund-Riefler-Bogen,436403.0,447063,48.136417,11.715199,,,701998.904095982,5335028.370553942,True
547448,Sigmund-Riefler-Bogen,436403.0,674945,48.13694,11.715334,,,702006.8937123595,5335086.848839118,True
547493,Silberdistelstraße,433972.0,414941,48.12942,11.479553,,,684494.1963026775,5333658.513821229,True
547494,Silberdistelstraße,433972.0,650948,48.12956,11.479526,,,684491.6857510493,5333674.008239075,True
547525,Silberhorn-/Ichostraße,546580.0,189492,48.115967,11.57967,,,691993.1460665849,5332408.450738826,True
547527,Silberhorn-/Ichostraße,546580.0,389808,48.11616,11.580649,,,692065.2835432582,5332432.344279194,True
547529,Silberhornstraße,119585.0,205111,48.114765,11.581063,,,692101.2963927566,5332278.343567363,True
547530,Silberhornstraße,119585.0,444794,48.11548,11.579688,,,691996.3010784589,5332354.372460055,True
547531,Silberhornstraße,119585.0,459295,48.11533,11.578601,,,691915.9646572348,5332334.989181069,True
547532,Silberhornstraße,119585.0,529361,48.11471,11.581018,,,692098.1525459975,5332272.118699319,True
547533,Silberhornstraße,119585.0,610112,48.11558,11.579994,,,692018.7010012297,5332366.249962436,True
548460,Simplonstraße,22060.0,296631,48.114513,11.66316,,,698212.0489637434,5332458.649405945,True
548461,Simplonstraße,22060.0,480333,48.11468,11.66245,,,698158.5670874723,5332475.379436183,True
549481,Sipplinger Straße,312334.0,461202,48.149364,11.430999,,,680811.6289765146,5335759.697388229,True
549482,Sipplinger Straße,312334.0,556100,48.149185,11.430972,,,680810.2500211434,5335739.740209388,True
549681,Situlistraße,106711.0,647237,48.19015,11.615405,,,694372.0024542965,5340742.689295158,True
549682,Situlistraße,106711.0,80044,48.190117,11.615756,,,694398.2110019658,5340739.909927204,True
549898,Skagerrakstraße,609741.0,168038,48.172718,11.503493,,,686118.6371398352,5338528.246620322,True
549899,Skagerrakstraße,609741.0,607434,48.172813,11.504598,,,686200.4369204864,5338541.481521795,True
549900,Skagerrakstraße,609741.0,658067,48.17269,11.504374,,,686184.2306760498,5338527.268872733,True
551705,Solln,193762.0,122300,48.079205,11.527415,,,688238.5419885935,5328193.7437505955,True
551706,Solln,193762.0,542162,48.078835,11.527361,,,688235.8709207743,5328152.491396448,True
551708,Solln Bf. Wendeschleife,397526.0,297430,48.081444,11.527577,,,688242.4334645882,5328442.97327153,True
551710,Sollner Straße,295304.0,115419,48.07665,11.525062,,,688072.6228597105,5327904.038887342,True
551711,Sollner Straße,295304.0,133856,48.07711,11.525322,,,688090.3093519497,5327955.796781676,True
552240,Sondermeierstraße,472535.0,330255,48.19081,11.624811,,,695068.4784347893,5340839.8810130935,True
552241,Sondermeierstraße,472535.0,657179,48.19082,11.624038,,,695010.9977498313,5340839.029820114,True
552635,Sonnentaustraße,189482.0,280982,48.199238,11.518711,,,687153.2884378061,5341512.585786945,True
552636,Sonnentaustraße,189482.0,539041,48.199158,11.5188,,,687160.192690477,5341503.911605794,True
553385,Soyerhofstraße,96311.0,106369,48.101406,11.582042,,,692223.9948114536,5330796.125816784,True
554158,Sperberstraße,104584.0,373028,48.107468,11.699586,,,700950.4087370317,5331770.223668676,True
554159,Sperberstraße,104584.0,600676,48.10765,11.700296,,,701002.5450131278,5331792.305313228,True
554220,Spertentalstraße,21536.0,19317,48.117996,11.66996,,,698704.6767273614,5332863.280034502,True
554221,Spertentalstraße,21536.0,235719,48.117764,11.670203,,,698723.6552109267,5332838.124557828,True
554222,Spertentalstraße,21536.0,266280,48.117645,11.670203,,,698724.1144204529,5332824.899478921,True
554223,Spertentalstraße,21536.0,540188,48.117878,11.670086,,,698714.5085418145,5332850.491645788,True
554792,Spiegelbergstraße,43529.0,310256,48.197968,11.467579,,,683358.7127571623,5341248.126637494,True
554793,Spiegelbergstraße,43529.0,421656,48.197987,11.466923,,,683309.9027966596,5341248.672650734,True
554894,Spielmannsauer Straße,289160.0,447490,48.08256,11.493971,,,685735.761459785,5328485.344325207,True
554895,Spielmannsauer Straße,289160.0,577839,48.082195,11.494016,,,685740.4272865849,5328444.888212195,True
554943,Spindlerplatz,24638.0,348042,48.090015,11.514147,,,687211.1730317776,5329362.756858401,True
554944,Spindlerplatz,24638.0,601354,48.089924,11.51421,,,687216.1943627214,5329352.796749763,True
554956,Spiridon-Louis-Ring,30698.0,170534,48.16799,11.554679,,,689941.182730291,5338128.028745749,True
554957,Spiridon-Louis-Ring,30698.0,510254,48.16778,11.55485,,,689954.6716455325,5338105.112625144,True
555091,Spixstraße,594125.0,664114,48.11121,11.579913,,,692028.964354109,5331880.383773361,True
555092,Spixstraße,594125.0,95872,48.110832,11.579185,,,691976.1902906039,5331836.557183506,True
556377,St. Emmeram,193284.0,203357,48.17643,11.630443,,,695541.7208028659,5339256.054398169,True
556378,St. Emmeram,193284.0,438976,48.176113,11.631494,,,695621.0505712165,5339223.499342676,True
556379,St. Emmeram,193284.0,480234,48.175976,11.631153,,,695596.2245458271,5339207.405568352,True
556380,St. Emmeram,193284.0,525514,48.176136,11.631817,,,695644.9724588532,5339226.877849143,True
556382,St. Emmeram,193284.0,552879,48.176556,11.630686,,,695559.3040648531,5339270.676014223,True
556383,St. Emmeram,193284.0,622802,48.176556,11.631449,,,695616.0193894847,5339272.618201649,True
556768,St. Koloman,575209.0,37094,48.244236,11.883421,,,714062.922531306,5347466.416958365,False
557120,St. Wolfgang,328999.0,187196,48.15652,11.457589,,,682763.7679715579,5336617.879198959,True
557121,St. Wolfgang,328999.0,256741,48.156513,11.457742,,,682775.1702517036,5336617.465023902,True
557139,St.-Augustinus-Straße,654110.0,173157,48.11727,11.656333,,,697693.3891196308,5332747.477531501,True
557140,St.-Augustinus-Straße,654110.0,191443,48.116703,11.655695,,,697648.0867192955,5332682.824052682,True
557141,St.-Augustinus-Straße,654110.0,58211,48.11667,11.655937,,,697666.2226541714,5332679.778535237,True
557142,St.-Augustinus-Straße,654110.0,657398,48.117188,11.656261,,,697688.3458212828,5332738.179366546,True
557144,St.-Cajetan-Straße,7238.0,416502,48.12135,11.598858,,,693400.8995720805,5333054.7714128615,True
557145,St.-Cajetan-Straße,7238.0,80546,48.121223,11.599182,,,693425.4861603109,5333041.47200352,True
557154,St.-Jakobs-Platz,587007.0,308961,48.135147,11.571846,,,691339.5902901938,5334520.541691088,True
557156,St.-Johann-Straße,208855.0,503571,48.191795,11.466483,,,683299.3061540491,5340559.454674802,True
557157,St.-Johann-Straße,208855.0,55236,48.191753,11.466348,,,683289.4240320383,5340554.464779411,True
557168,St.-Martin-Straße Ost,358048.0,333587,48.119167,11.600529,,,693533.4464886278,5332816.365472105,True
557169,St.-Martin-Straße Ost,358048.0,63530,48.11924,11.600179,,,693507.1268295397,5332823.59769363,True
557170,"St.-Martin-Straße, München",144169.0,49788,48.118774,11.596478,,,693233.4647911488,5332762.50295182,True
557171,"St.-Martin-Straße, München",144169.0,556258,48.118645,11.596554,,,693239.6044576508,5332748.357381848,True
557176,St.-Martins-Platz,602308.0,306275,48.117268,11.588411,,,692638.7850334154,5332574.895334714,True
557177,St.-Martins-Platz,602308.0,375658,48.117184,11.588393,,,692637.7597101978,5332565.514834513,True
557189,St.-Quirin-Platz,41124.0,380450,48.10377,11.582024,,,692213.836132502,5331058.805711561,True
557190,St.-Quirin-Platz,41124.0,519316,48.104694,11.581206,,,692149.5001998437,5331159.451583949,True
557192,St.-Quirin-Platz,41124.0,617351,48.10465,11.581108,,,692142.3695244842,5331154.316824997,True
557194,St.-Veit-Straße,314445.0,359669,48.12225,11.642256,,,696626.7944222266,5333264.842739215,True
557195,St.-Veit-Straße,314445.0,420380,48.12198,11.642238,,,696626.486083115,5333234.790142994,True
557196,St.-Veit-Straße,314445.0,64847,48.12199,11.64204,,,696611.7145324034,5333235.3952669045,True
557682,Stadelheimer Straße,405214.0,427406,48.0999,11.586471,,,692559.3218878916,5330639.831729501,True
557683,Stadelheimer Straße,405214.0,559342,48.099983,11.585788,,,692508.1670876057,5330647.346666609,True
558437,Stadtwerke München,664601.0,183870,48.171272,11.530586,,1,688137.977177326,5338433.515118749,True
558522,Staffelseestraße,1416.0,21772,48.091465,11.505865,,,686589.2633509203,5329503.787356576,True
558523,Staffelseestraße,1416.0,264202,48.091934,11.506323,,,686621.666242047,5329557.021009545,True
558616,Stahlgruberring,355988.0,468380,48.13456,11.663438,,,698155.5666385057,5334687.294998376,True
558617,Stahlgruberring,355988.0,640907,48.134212,11.663923,,,698192.9871368096,5334649.869939428,True
559079,Stanigplatz,606040.0,359256,48.21519,11.559386,,,690116.348099808,5343385.355104745,True
559080,Stanigplatz,606040.0,400363,48.21686,11.553332,,,689660.5064142421,5343555.98526605,True
559081,Stanigplatz,606040.0,538261,48.216827,11.55352,,,689674.5919146603,5343552.782055748,True
559543,Staudingerstraße,523690.0,238205,48.10904,11.639795,,,696494.0633074541,5331790.454919943,True
559544,Staudingerstraße,523690.0,46897,48.10964,11.639399,,,696462.300856233,5331856.12455756,True
559545,Staudingerstraße,523690.0,96919,48.10924,11.638905,,,696427.058269588,5331810.408790149,True
559685,Staufener Straße,369084.0,19793,48.157684,11.430128,,,680717.6174888243,5336682.316820368,True
559686,Staufener Straße,369084.0,551715,48.1578,11.430101,,,680715.2021556642,5336695.1453511445,True
560346,Stegener Weg,343062.0,311013,48.125813,11.508434,,,686656.0517889638,5333327.33722397,True
560347,Stegener Weg,343062.0,416224,48.125927,11.508146,,,686634.2095507049,5333339.307835571,True
560382,Stegmühlstraße,410357.0,249788,48.162537,11.644996,,,696676.6250096298,5337749.1776824035,True
560383,Stegmühlstraße,410357.0,490535,48.16243,11.645238,,,696695.0275732978,5337737.905454017,True
561928,Steinerstraße,485800.0,181667,48.104294,11.540558,,,689125.274852398,5331014.264749623,True
561929,Steinerstraße,485800.0,652431,48.104183,11.540189,,,689098.2149066844,5331001.021524857,True
563126,Steirerstraße,442239.0,372610,48.17292,11.460374,,,682912.5156481436,5338447.165191969,True
563127,Steirerstraße,442239.0,617323,48.172626,11.459988,,,682884.8670534448,5338413.571952161,True
563686,Stephansplatz,471026.0,132765,48.130783,11.565899,,,690913.3645085475,5334020.760667951,True
563955,Sternwartstraße,553195.0,389979,48.146393,11.603592,,,693658.9175481871,5335849.866438981,True
563956,Sternwartstraße,553195.0,638744,48.145996,11.603179,,,693629.6944742785,5335804.705042555,True
564311,Stettnerstraße,178937.0,205775,48.0974,11.586911,,,692601.4200819688,5330363.094079926,True
564321,Steubenplatz,258500.0,209754,48.149982,11.520849,,,687491.7334510965,5336043.611734734,True
564322,Steubenplatz,258500.0,489216,48.150257,11.519744,,,687408.5514320792,5336071.479965409,True
564858,Stiftsbogen,223938.0,522756,48.12069,11.491411,,,685407.8790231841,5332716.805704815,True
564859,Stiftsbogen,223938.0,73879,48.12057,11.491779,,,685435.6953984129,5332704.356492224,True
564871,Stiglmaierplatz,665766.0,108309,48.14703,11.558668,,,690315.2934840815,5335808.468020146,True
564872,Stiglmaierplatz,665766.0,326434,48.14714,11.558838,,,690327.5303282822,5335821.113920225,True
564873,Stiglmaierplatz,665766.0,384184,48.147934,11.556979,,,690186.3317875564,5335904.755626646,True
564874,Stiglmaierplatz,665766.0,451707,48.14785,11.556943,,,690183.9648570691,5335895.331083598,True
564875,Stiglmaierplatz,665766.0,604828,48.146637,11.558398,,,690296.6658173171,5335764.122937349,True
565151,"Stockdorf (S), Gauting",258641.0,596761,48.090786,11.406708,,,679208.7663755544,5329192.633199264,False
565152,"Stockdorf Baierplatz, Gauting",258641.0,380318,48.09122,11.407275,,,679249.4747408588,5329242.187380409,False
566232,Storchenweg,248339.0,186108,48.19661,11.482266,,,684454.8635021992,5341132.362236042,True
566233,Storchenweg,248339.0,472536,48.196644,11.482482,,,684470.7910283362,5341136.659605803,True
568055,Stridbeckstraße,649262.0,307565,48.076347,11.519869,,,687686.9650741454,5327857.687538086,True
568056,Stridbeckstraße,649262.0,650108,48.07639,11.519169,,,687634.6742382466,5327860.759535757,True
568162,Stroblstraße,409750.0,214539,48.136215,11.493288,,,685491.608358217,5334446.733663362,True
568163,Stroblstraße,409750.0,415357,48.135902,11.494016,,,685546.893592749,5334413.704237895,True
568752,Studentenstadt,186232.0,106468,48.183495,11.608165,,,693859.0913191309,5339984.7810382005,True
568754,Studentenstadt,186232.0,303309,48.18399,11.608407,,,693875.2094269854,5340040.404366957,True
568755,Studentenstadt,186232.0,337533,48.18348,11.607707,,,693825.1083769829,5339981.958458083,True
568756,Studentenstadt,186232.0,474055,48.184467,11.608875,,,693908.1915798573,5340094.597666722,True
568757,Studentenstadt,186232.0,492146,48.183468,11.607832,,,693834.4439148912,5339980.94017077,True
568758,Studentenstadt,186232.0,578614,48.183067,11.607967,,,693845.990280239,5339936.7149404595,True
568759,Studentenstadt,186232.0,583666,48.183735,11.608093,,,693852.8346171216,5340011.272185941,True
568760,Studentenstadt,186232.0,632172,48.183537,11.60759,,,693816.1976702112,5339987.998094994,True
569222,Stäblistraße,373790.0,257705,48.086376,11.503188,,,686408.3446960032,5328931.726770701,True
569223,Stäblistraße,373790.0,69508,48.0869,11.502846,,,686380.9839810225,5328989.133730344,True
569239,Ständlerstraße,127137.0,263574,48.10379,11.605668,,,693973.763390014,5331120.377405249,True
569240,Ständlerstraße,127137.0,572968,48.105545,11.604545,,,693883.5657877288,5331312.589195483,True
569554,Stösserstraße,317879.0,143071,48.219063,11.559359,,,690099.9957549602,5343815.724685066,True
569555,Stösserstraße,317879.0,226543,48.219795,11.5567,,,689899.800550543,5343890.498353854,True
569556,Stösserstraße,317879.0,632157,48.219746,11.557554,,,689963.4084003258,5343887.164911702,True
569632,Stücklenstraße,223408.0,592122,48.171722,11.474064,,1,683934.4939541675,5338346.697470972,True
570053,Sudermannallee,246060.0,501751,48.097656,11.652739,,,697501.1127394577,5330558.440889009,True
570054,Sudermannallee,246060.0,549309,48.0974,11.652658,,,697496.0636760951,5330529.782392021,True
570083,Sudetendeutsche Straße,498930.0,614480,48.196205,11.578556,,,691611.0698036412,5341323.048617556,True
570084,Sudetendeutsche Straße,498930.0,616928,48.1961,11.578359,,,691596.8236524257,5341310.887829479,True
571019,Sumpfmeisenweg,131737.0,182302,48.17976,11.398471,,,678287.0083963478,5339061.868269867,True
571020,Sumpfmeisenweg,131737.0,382431,48.179623,11.398417,,,678283.469907175,5339046.516988606,True
571718,Sylvensteinstraße,257185.0,266744,48.11284,11.540225,,,689069.1207132062,5331963.216236618,True
571719,Sylvensteinstraße,257185.0,660661,48.113037,11.539309,,,689000.2247383894,5331982.85889573,True
571801,Säbener Straße,241666.0,616584,48.094784,11.573984,,,691648.7724507152,5330040.081937312,True
571802,Säbener Straße,241666.0,672707,48.09493,11.573786,,,691633.4883711298,5330055.814559063,True
571841,Säulingstraße,499505.0,494976,48.127262,11.511479,,,686877.3592346825,5333495.769587914,True
571842,Säulingstraße,499505.0,641462,48.127583,11.512503,,,686952.3834107369,5333533.933416827,True
573017,Südpark,522829.0,15794,48.10068,11.510662,,,686913.0070698792,5330539.552101321,True
573018,Südpark,522829.0,172755,48.101162,11.511542,,,686976.7676570372,5330595.258205627,True
573079,Südtiroler Straße,178240.0,520802,48.100716,11.566672,,,691082.3931058459,5330681.151589675,True
573080,Südtiroler Straße,178240.0,606200,48.100754,11.566591,,,691076.2223847362,5330685.17356652,True
573383,Süskindstraße,6125.0,307302,48.139782,11.647493,,,696949.3900863661,5335226.674476328,True
573384,Süskindstraße,6125.0,655666,48.13994,11.647745,,,696967.5303585815,5335244.879500698,True
573828,Taimerhofstraße,60046.0,266550,48.166725,11.630677,,,695596.0415327826,5338178.071852376,True
573829,Taimerhofstraße,60046.0,282908,48.166683,11.630784,,,695604.1563834372,5338173.676469589,True
573830,Taimerhofstraße,60046.0,295205,48.166862,11.630713,,,695598.1967524069,5338193.389146398,True
573843,Tal,304318.0,612960,48.13603,11.579589,,2,691912.317417486,5334637.9724885225,True
574644,Tannenweg,522945.0,151933,48.165447,11.489686,,,685118.4268069104,5337686.817467189,True
574645,Tannenweg,522945.0,618208,48.165314,11.489722,,,685121.5822371814,5337672.122880879,True
575200,Taubenstraße,187396.0,450024,48.122124,11.579015,,,691921.4535054013,5333091.080347744,True
575201,Taubenstraße,187396.0,662378,48.12162,11.578781,,,691905.9196437404,5333034.483836658,True
575811,Technische Universität,30858.0,18627,48.1481,11.566106,,,690864.5264995337,5335945.824616271,True
575812,Technische Universität,30858.0,97536,48.14997,11.566411,,,690880.2716943561,5336154.407364261,True
576011,Tegernseer Landstraße,34787.0,155812,48.112457,11.576499,,,691770.2282404588,5332010.452737865,True
576013,Tegernseer Landstraße,34787.0,33678,48.1125,11.576724,,,691786.8137931231,5332015.792582022,True
576014,Tegernseer Landstraße,34787.0,512310,48.11206,11.576266,,,691754.3650829344,5331965.750877168,True
576015,Tegernseer Landstraße,34787.0,652148,48.111946,11.57534,,,691685.8710965416,5331950.773279448,True
577027,Terofalstraße,113648.0,131266,48.12573,11.475942,,,684238.7378708201,5333239.760874192,True
577028,Terofalstraße,113648.0,34436,48.12558,11.474702,,,684147.0102046626,5333220.120402411,True
577029,Terofalstraße,113648.0,671655,48.125847,11.475313,,,684191.5175851589,5333251.257216795,True
577201,Tessiner Straße,399719.0,231612,48.090717,11.475178,,2,684307.1053114188,5329346.697814231,True
577744,Tettnanger Straße,252874.0,388131,48.152058,11.440557,,,681512.976567066,5336081.626741509,True
577745,Tettnanger Straße,252874.0,634082,48.152058,11.440746,,,681527.0322476684,5336082.073021428,True
578447,Thalkirchen (Tierpark),348868.0,195977,48.10271,11.545983,,,689534.9229448913,5330851.576688356,True
578448,Thalkirchen (Tierpark),348868.0,470317,48.10101,11.546684,,,689593.35974987,5330664.372725591,True
578449,Thalkirchen (Tierpark),348868.0,615445,48.10271,11.546064,,,689540.9525388146,5330851.776255096,True
579057,Theodolindenplatz,314526.0,110786,48.090298,11.556844,,,690389.2548981527,5329498.974127393,True
579058,Theodolindenplatz,314526.0,366634,48.090374,11.557096,,,690407.7374229806,5329508.044022143,True
579060,Theodolindenstraße,170182.0,401492,48.088406,11.559467,,,690591.5511956209,5329295.198956739,True
579061,Theodolindenstraße,170182.0,618015,48.088657,11.559719,,,690609.3870896515,5329323.718243802,True
579134,Therese-Giehse-Allee,38934.0,328911,48.09479,11.642714,,,696765.7325414179,5330214.24006348,True
579135,Therese-Giehse-Allee,38934.0,427517,48.094753,11.642849,,,696775.9245921329,5330210.473344085,True
579153,Theresienhöhe,295261.0,61257,48.132557,11.545974,,1,689424.4410071591,5334168.63979856,True
579162,Theresienstraße,127983.0,27047,48.151432,11.564354,,,690721.8700547633,5336311.783471116,True
579163,Theresienstraße,127983.0,316563,48.1514,11.564453,,,690729.351219725,5336308.47273031,True
579172,Theresienwiese,262574.0,28183,48.135674,11.552326,,,689885.5062863543,5334530.71971758,True
579173,Theresienwiese,262574.0,330702,48.135754,11.552209,,,689876.5073183409,5334539.321705156,True
579273,Thiemestraße,173217.0,181726,48.15672,11.588716,,,692513.847537578,5336960.204755003,True
579274,Thiemestraße,173217.0,301872,48.15655,11.589372,,,692563.2648803061,5336942.954797409,True
579512,Thomas-Dehler-Straße,593524.0,168278,48.097286,11.644529,,,696891.3239389416,5330496.276644067,True
579513,Thomas-Dehler-Straße,593524.0,70433,48.097446,11.644169,,,696863.9119427276,5330513.13697732,True
579517,Thomas-Hauser-Straße,476450.0,201922,48.129414,11.650709,,,697228.339939331,5334082.664478134,True
579518,Thomas-Hauser-Straße,476450.0,469924,48.129513,11.650808,,,697235.326228444,5334093.920826145,True
579573,Thomasiusplatz,16551.0,331204,48.116337,11.603494,,,693764.7353236862,5332509.316752379,True
579574,Thomasiusplatz,16551.0,347764,48.116116,11.602083,,,693660.5606220384,5332481.201933485,True
579575,Thomasiusplatz,16551.0,443298,48.11594,11.602838,,,693717.4094774807,5332463.543386416,True
579576,Thomasiusplatz,16551.0,94827,48.115643,11.601643,,,693629.5942498642,5332427.526909687,True
579713,Thuillestraße,62880.0,393768,48.1737,11.469546,,1,683591.5608885022,5338555.724483514,True
580818,Tierheim,293846.0,307681,48.139996,11.668415,,,698504.8491044696,5335304.266094877,True
580819,Tierheim,293846.0,521362,48.1397,11.670158,,,698635.6442372261,5335275.87189896,True
580820,Tierheim,293846.0,535473,48.139378,11.66899,,,698550.0048491376,5335237.069188815,True
580845,Tierpark (Alemannenstr.),576595.0,221846,48.10061,11.558731,,,690491.6393505317,5330649.677796244,True
580846,Tierpark (Alemannenstr.),576595.0,271055,48.100826,11.559171,,,690523.5953914126,5330674.772739844,True
581136,Tiroler Platz,389164.0,565141,48.0962,11.563743,,,690881.078040822,5330171.991214976,True
581137,Tiroler Platz,389164.0,635244,48.09622,11.563635,,,690872.9635080992,5330173.94598721,True
581337,Tischlerstraße,639981.0,557344,48.095158,11.480577,,1,684693.1868823847,5329853.20123926,True
581566,Tivolistraße,548479.0,362764,48.149822,11.596127,,,693090.8307237669,5336212.174419166,True
581567,Tivolistraße,548479.0,498366,48.150146,11.596253,,,693098.9852252968,5336248.499094537,True
581568,Tivolistraße,548479.0,520233,48.150284,11.596388,,,693108.5071835209,5336264.175036823,True
581569,Tivolistraße,548479.0,74946,48.149822,11.596289,,,693102.8788169035,5336212.581356033,True
581772,Togostraße,249356.0,26861,48.106506,11.697386,,,700790.4087523561,5331657.566895371,True
581773,Togostraße,249356.0,30141,48.106453,11.697035,,,700764.489322892,5331650.7605663715,True
581874,Toni-Merkens-Weg,159146.0,315289,48.1705,11.539731,,,688820.6547760363,5338370.1464128,True
581875,Toni-Merkens-Weg,159146.0,334736,48.17056,11.539578,,,688809.0601678347,5338376.438726087,True
582460,Trabrennbahn,545203.0,470087,48.142918,11.661462,,,697976.4091712134,5335611.074982994,True
582461,Trabrennbahn,545203.0,477102,48.142857,11.661282,,,697963.2553776233,5335603.832185339,True
582727,Trappentreustraße,408341.0,278764,48.140022,11.535132,,,688590.4805539664,5334971.623341854,True
582728,Trappentreustraße,408341.0,47466,48.14044,11.534377,,,688532.7880630512,5335016.226855571,True
582729,Trappentreustraße,408341.0,560393,48.140266,11.533102,,,688438.584451234,5334993.763347978,True
582730,Trappentreustraße,408341.0,571093,48.13993,11.535267,,,688600.8597756139,5334961.729909234,True
582731,Trappentreustraße,408341.0,663281,48.13944,11.533964,,,688505.7301698236,5334904.077433373,True
582732,Trappentreustraße,408341.0,78044,48.13971,11.534808,,,688567.5229061239,5334936.153988851,True
582894,Traunsteiner Straße,108953.0,269779,48.1046,11.587845,,,692644.0343910647,5331165.609423529,True
583617,Trenkleweg,53042.0,436003,48.210045,11.571487,,,691034.3155818934,5342843.581348724,True
583618,Trenkleweg,53042.0,636969,48.210026,11.57208,,,691078.4366529499,5342842.944952957,True
584076,Tribulaunstraße,240169.0,159686,48.093884,11.654455,,,697643.3269979879,5330143.646699157,True
584077,Tribulaunstraße,240169.0,209881,48.094357,11.654123,,,697616.7955162528,5330195.360683382,True
584078,Tribulaunstraße,240169.0,584939,48.094585,11.653952,,,697603.1902768707,5330220.260228957,True
585404,Truchthari-Anger,139069.0,17259,48.128983,11.676338,,,699136.8060063504,5334100.820502,True
585405,Truchthari-Anger,139069.0,489763,48.129215,11.676769,,,699167.9750263874,5334127.720161767,True
585422,Trudering,470007.0,101937,48.125416,11.663483,,,698194.1180339988,5333671.189151339,True
585423,Trudering,470007.0,115744,48.125565,11.663591,,,698201.5802420683,5333688.026672245,True
585424,Trudering,470007.0,347749,48.12577,11.662324,,,698106.5194857911,5333707.544536413,True
585425,Trudering,470007.0,364054,48.125572,11.663007,,,698158.1004192382,5333687.299542753,True
585426,Trudering,470007.0,501154,48.125225,11.664022,,,698234.9582067044,5333651.351651152,True
585427,Trudering,470007.0,79146,48.125656,11.66227,,,698102.9402600757,5333694.7359947935,True
585428,"Trudering, München",470007.0,109196,48.12565,11.663222,,,698173.797380801,5333696.522153158,True
585430,Truderinger Straße,303182.0,232377,48.1259,11.661354,,,698033.8462590973,5333719.49363256,True
585431,Truderinger Straße,303182.0,41169,48.126087,11.661049,,,698010.4334574968,5333739.490518883,True
585433,"Truderinger Straße, Brücke",364221.0,104551,48.127666,11.656198,,,697643.4332381686,5333902.493375229,True
585434,"Truderinger Straße, Brücke",364221.0,506794,48.1277,11.655578,,,697597.1731070596,5333904.6785882665,True
585771,Tubeufstraße,94817.0,28175,48.191757,11.473588,,,683827.4215898167,5340572.20783589,True
585772,Tubeufstraße,94817.0,408296,48.191326,11.473445,,,683818.3374108257,5340523.965136063,True
585845,Tumblingerstraße,269745.0,209657,48.123363,11.553727,,,690035.1698407924,5333165.980120462,True
585846,Tumblingerstraße,269745.0,516702,48.12309,11.55405,,,690060.2118011891,5333136.438107976,True
585993,Turnerstraße,537539.0,229287,48.112072,11.690738,,,700273.9370642145,5332258.8105910085,True
585994,Turnerstraße,537539.0,593286,48.11139,11.690756,,,700277.928517816,5332183.063511472,True
586718,Tölzer Straße,33379.0,221865,48.100704,11.53833,,,688972.5941615559,5330609.81092667,True
586719,Tölzer Straße,33379.0,30366,48.100494,11.537809,,,688934.5796171108,5330585.192714617,True
586720,Tölzer Straße,33379.0,403998,48.10004,11.538141,,,688960.9593276214,5330535.552317887,True
587806,Türkenstraße,333201.0,32028,48.150307,11.575691,,,691569.1785645782,5336214.94517624,True
587807,Türkenstraße,333201.0,476558,48.150257,11.576167,,,691604.7651004164,5336210.574688515,True
589450,Ubostraße,9197.0,1265,48.157257,11.415871,,,679658.9493611117,5336601.440667561,True
589451,Ubostraße,9197.0,166978,48.156857,11.415889,,,679661.685128076,5336557.027490473,True
589452,Ubostraße,9197.0,320160,48.156876,11.415216,,,679611.5732275094,5336557.566367973,True
589453,Ubostraße,9197.0,653091,48.157005,11.415054,,,679599.0761452906,5336571.52467052,True
591727,Umschlagbahnhof,303851.0,243764,48.144337,11.705875,,,701274.3130893101,5335884.105198107,True
591728,Umschlagbahnhof,303851.0,582728,48.1445,11.705767,,,701265.6425895306,5335901.9374655355,True
591897,Ungsteiner Straße,33166.0,119331,48.115135,11.596783,,,693269.8174550286,5332358.8460835805,True
591898,Ungsteiner Straße,33166.0,2710,48.114956,11.596873,,,693277.1870813428,5332339.178938129,True
591969,Universität,533300.0,203630,48.149036,11.580182,,,691907.9173679069,5336084.892398876,True
591970,Universität,533300.0,423288,48.149406,11.580955,,,691964.0263622868,5336127.942928561,True
591971,Universität,533300.0,424931,48.149166,11.580119,,,691902.7469664069,5336099.182866408,True
591972,Universität,533300.0,434725,48.150055,11.581045,,,691968.2978779372,5336200.295249867,True
591973,Universität,533300.0,515575,48.150074,11.580946,,,691960.8642763922,5336202.159618369,True
591974,Universität,533300.0,613536,48.14882,11.580299,,,691917.4247370423,5336061.179012035,True
592869,Untere Länge,209128.0,18882,48.205894,11.594133,,,692732.1305130947,5342438.829307654,True
592870,Untere Länge,209128.0,385207,48.205727,11.594313,,,692746.1296395597,5342420.721101195,True
593172,Unterföhring,324056.0,287721,48.19142,11.648095,,,696796.4063379226,5340967.060966751,False
593174,"Unterföhring, Ahornstraße",579393.0,302657,48.19636,11.64593,,,696616.6121811778,5341510.5313316565,False
593175,"Unterföhring, Ahornstraße",579393.0,657783,48.19686,11.646424,,,696651.4033459623,5341567.3642008295,False
593182,"Unterföhring, Bergstraße",409901.0,274179,48.19475,11.642579,,,696373.7780618147,5341323.029452793,False
593183,"Unterföhring, Bergstraße",409901.0,337738,48.195305,11.643774,,,696460.4501737033,5341387.765870392,False
593185,"Unterföhring, Beta-Straße",41131.0,356443,48.1848,11.651913,,,697105.522212495,5340241.126225085,False
593186,"Unterföhring, Beta-Straße",41131.0,615294,48.18477,11.651446,,,697070.929877373,5340236.594119106,False
593199,"Unterföhring, Feringastr.Ost",346829.0,489851,48.178253,11.635923,,,695942.1102528936,5339472.616359342,False
593201,"Unterföhring, Feringastraße",539066.0,279555,48.179855,11.631135,,,695580.1231240822,5339638.457927251,False
593202,"Unterföhring, Feringastraße",539066.0,540036,48.178993,11.63286,,,695711.6205852439,5339547.0507462965,False
593203,"Unterföhring, Feringastraße",539066.0,620135,48.17983,11.631305,,,695592.8539123852,5339636.112264129,False
593206,"Unterföhring, Fichtenstraße",19399.0,618904,48.19882,11.649236,,,696852.828475027,5341792.394762136,False
593211,"Unterföhring, Gutenbergstraße",415963.0,50760,48.191116,11.650745,,,696994.4946942286,5340940.067682134,False
593213,"Unterföhring, Heinrich-Hildebrand-Weg",607394.0,402638,48.187965,11.654904,,,697315.656578111,5340600.550620907,False
593214,"Unterföhring, Heinrich-Hildebrand-Weg",607394.0,571974,48.187813,11.654725,,,697302.9379290242,5340583.198162455,False
593222,"Unterföhring, Lohwiesenweg",624178.0,258605,48.185673,11.63833,,,696092.70183347,5340303.389553048,False
593223,"Unterföhring, Lohwiesenweg",624178.0,562491,48.185837,11.637171,,,696005.9406940974,5340318.6583477035,False
593233,"Unterföhring, Rathaus",140942.0,218193,48.19299,11.641142,,,696273.7266694588,5341123.756502192,False
593235,"Unterföhring, Rathaus",140942.0,7234,48.191628,11.640172,,,696206.850530273,5340969.910567146,False
593239,"Unterföhring, Siedlerstraße",398741.0,101020,48.183823,11.633758,,,695759.9652628376,5340086.127548663,False
593240,"Unterföhring, Siedlerstraße",398741.0,370539,48.183823,11.633443,,,695736.5539997986,5340085.324977889,False
593248,"Unterföhring, ZDF-Straße",7588.0,148645,48.19077,11.654985,,,697310.9014910543,5340912.496158738,False
593249,"Unterföhring, ZDF-Straße",7588.0,668915,48.19062,11.655713,,,697365.5764442183,5340897.695818217,False
593251,"Unterföhring,Alte Münchner Str",348333.0,40027,48.18835,11.636803,,,695969.0050110619,5340597.005581772,False
593252,"Unterföhring,Alte Münchner Str",348333.0,407244,48.188404,11.636489,,,695945.4641586695,5340602.206019227,False
594354,Untermenzing,285606.0,13723,48.177826,11.473732,,,683887.9736900476,5339024.28848122,True
594355,Untermenzing,285606.0,188964,48.17734,11.474244,,,683927.7705384444,5338971.500834018,True
594356,Untermenzing,285606.0,399105,48.177666,11.473813,,,683894.56702169,5339006.700255854,True
594357,Untermenzing,285606.0,590540,48.177456,11.474406,,,683939.3971379437,5338984.780602566,True
594359,Untermenzinger Straße,45170.0,211749,48.178463,11.495211,,,685482.232552388,5339146.707350723,True
594360,Untermenzinger Straße,45170.0,249193,48.17838,11.494267,,,685412.3643648776,5339135.204661528,True
594361,Untermenzinger Straße,45170.0,566860,48.17776,11.495112,,,685477.4110153513,5339068.338560021,True
594546,"Unterpfaffenhofen, Germering",36067.0,589208,48.12912,11.363633,,,675870.5933366277,5333353.570048741,False
594812,Untersbergstraße,366142.0,259635,48.11254,11.587737,,,692606.3072157823,5332047.756988238,True
594813,Untersbergstraße,366142.0,610393,48.11248,11.587674,,,692601.8427952975,5332040.931081526,True
596251,Ursberger Straße,545292.0,248317,48.129986,11.646685,,,696926.7655245959,5334135.920482723,True
596252,Ursberger Straße,545292.0,295734,48.130806,11.645391,,,696827.3572989849,5334223.738452904,True
596253,Ursberger Straße,545292.0,385571,48.12996,11.646882,,,696941.5216654084,5334133.535503908,True
596254,Ursberger Straße,545292.0,429101,48.131096,11.644933,,,696792.1742355088,5334254.795487095,True
597434,Valeppstraße,129453.0,110763,48.110928,11.584494,,,692370.9671539891,5331860.490275622,True
597435,Valeppstraße,129453.0,486560,48.11093,11.583982,,,692332.8529068434,5331859.432172821,True
597733,Varnhagenstraße,659602.0,111381,48.150486,11.448552,,,682113.1190332568,5335925.826797047,True
597734,Varnhagenstraße,659602.0,549812,48.150696,11.449451,,,682179.2347881603,5335951.295780608,True
599539,Veldener Straße,533981.0,159609,48.144875,11.483551,,,684736.1693416673,5335385.738620862,True
599540,Veldener Straße,533981.0,408309,48.145237,11.482149,,,684630.5912426781,5335422.602442932,True
600719,Vesaliusstraße,4905.0,258279,48.188812,11.461443,,,682935.4010114196,5340215.916581452,True
600720,Vesaliusstraße,4905.0,27160,48.18833,11.460679,,,682880.3398888218,5340160.529109376,True
600721,Vesaliusstraße,4905.0,470663,48.18917,11.460644,,,682874.7486669996,5340253.801899773,True
601903,Viktualienmarkt,235549.0,381446,48.135086,11.574855,,,691563.6638548367,5334521.254650355,True
602643,Vinzenz-Schüpfer-Straße,97320.0,509278,48.083534,11.483874,,,684980.3546825545,5328569.270938387,True
602644,Vinzenz-Schüpfer-Straße,97320.0,646170,48.08343,11.483766,,,684972.6852603732,5328557.453159415,True
604083,Vogelweideplatz,15147.0,37694,48.137257,11.62022,,,694930.2458747824,5334876.550391482,True
604084,Vogelweideplatz,15147.0,405421,48.13749,11.619735,,,694893.2848358427,5334901.215533568,True
604085,Vogelweideplatz,15147.0,471934,48.137306,11.619915,,,694907.371658236,5334881.222817965,True
604086,Vogelweideplatz,15147.0,85966,48.13715,11.620355,,,694940.6936966842,5334865.001129497,True
604095,Vogesenstraße,656383.0,123499,48.109474,11.671846,,,698877.9300560121,5331921.061828365,True
604096,Vogesenstraße,656383.0,272854,48.109673,11.671505,,,698851.7816221018,5331942.296047788,True
604097,Vogesenstraße,656383.0,561351,48.109386,11.671047,,,698818.8010550042,5331909.216345133,True
604478,Volkartstraße,326782.0,200102,48.155155,11.532572,,,688344.6440474538,5336647.181804429,True
604479,Volkartstraße,326782.0,517535,48.155262,11.532626,,,688348.2678469673,5336659.205781075,True
604481,Volkartstraße Ost,561130.0,639675,48.15627,11.537557,,1,688711.2555206645,5336783.326149687,True
604894,Vollmannstraße,193169.0,340776,48.147243,11.629167,,,695557.8469958366,5336009.0758583695,True
604895,Vollmannstraße,193169.0,372642,48.147682,11.627928,,,695464.029039572,5336054.713397478,True
604896,Vollmannstraße,193169.0,499294,48.146942,11.628143,,,695482.8312828634,5335973.019475367,True
604897,Vollmannstraße,193169.0,600365,48.148186,11.62853,,,695506.8866770905,5336112.2568176575,True
604950,Volmstraße,153173.0,106799,48.150875,11.45449,,,682553.3529424167,5335983.143160275,True
604951,Volmstraße,153173.0,674918,48.150738,11.454535,,,682557.1857842873,5335968.024161211,True
605031,Von-Erckert-Straße,154294.0,147946,48.111652,11.708884,,,701626.0953921906,5332259.544003818,True
605032,Von-Erckert-Straße,154294.0,447688,48.11122,11.709836,,,701698.6400682784,5332214.029941341,True
605040,Von-Kahr-Straße,288107.0,12046,48.177,11.462566,,,683060.9334890792,5338905.827828178,True
605041,Von-Kahr-Straße,288107.0,540004,48.177345,11.463168,,,683104.4524792023,5338945.604740028,True
605050,Von-Reuter-Straße,661139.0,160790,48.18169,11.475142,,,683978.9467390276,5339457.100671193,True
605051,Von-Reuter-Straße,661139.0,595561,48.181145,11.475133,,,683980.2290632869,5339396.508930191,True
605078,Von-der-Tann-Straße,282834.0,172866,48.145668,11.579167,,,691844.9886415969,5335708.051435389,True
605079,Von-der-Tann-Straße,282834.0,625292,48.14493,11.578493,,,691797.609640105,5335624.351011851,True
605080,Von-der-Tann-Straße,282834.0,77678,48.14493,11.578817,,,691821.7081570677,5335625.15939184,True
608249,Wahnfriedallee,584417.0,185099,48.161873,11.619403,,,694776.2417693804,5337610.205590006,True
608250,Wahnfriedallee,584417.0,78117,48.16198,11.619232,,,694763.1220524304,5337621.663820913,True
610056,Waldfriedhof,643197.0,262218,48.11209,11.502846,,,686289.9035968413,5331788.66010659,True
610057,Waldfriedhof,643197.0,405076,48.111996,11.50281,,,686287.5641977917,5331778.126077868,True
610058,Waldfriedhof,643197.0,411559,48.11299,11.502514,,,686261.9397204479,5331887.879062147,True
610059,Waldfriedhof,643197.0,617839,48.112804,11.502164,,,686236.5635150918,5331866.36016715,True
610060,Waldfriedhof,643197.0,625054,48.112247,11.501723,,,686205.7555192236,5331803.389404583,True
610061,Waldfriedhof,643197.0,70506,48.11221,11.501292,,,686173.8116772743,5331798.234081324,True
610063,Waldfriedhof (Wendeschleife),196413.0,651982,48.112312,11.503098,,,686307.8560461281,5331813.94277811,True
610068,Waldfriedhof Haupteingang,267345.0,295012,48.107124,11.502334,,,686269.7523523334,5331235.515967543,True
610069,Waldfriedhof Haupteingang,267345.0,361239,48.1086,11.502065,,,686244.3939256828,5331398.902198278,True
610074,Waldfriedhof Solln,441156.0,121341,48.069134,11.517013,,,687500.4736927054,5327049.103568362,True
610261,Waldheimplatz,146871.0,245170,48.08553,11.67491,,,699198.5111366969,5329267.977959439,True
610262,Waldheimplatz,146871.0,247366,48.08514,11.675026,,,699208.65582108,5329224.935784881,True
610263,Waldheimplatz,146871.0,249286,48.086,11.67438,,,699157.2298942227,5329318.839274438,True
610379,Waldhornstraße,64517.0,222491,48.179592,11.489246,,,685034.7882137034,5339257.800450116,True
610380,Waldhornstraße,64517.0,422249,48.179802,11.489857,,,685079.4466236853,5339282.610904655,True
610381,Waldhornstraße,64517.0,470650,48.179348,11.490216,,,685107.7657692409,5339233.019118848,True
610408,Waldhüterstraße,372479.0,369146,48.114716,11.46695,,,683608.9386234811,5331994.194295338,True
610409,Waldhüterstraße,372479.0,49585,48.114647,11.4673,,,683635.2325136769,5331987.361380363,True
611204,Waldperlach,49291.0,439188,48.08226,11.672448,,,699027.8045784488,5328898.197127535,True
611206,Waldperlach (Süd),563538.0,330536,48.08131,11.672664,,,699047.5569698587,5328793.178009777,True
612702,Wallnerstraße,510428.0,245808,48.21053,11.633515,,,695640.1356836635,5343053.6360876495,True
612703,Wallnerstraße,510428.0,627942,48.210194,11.633003,,,695603.383274138,5343014.989897831,True
613432,Waltherstraße,421256.0,112090,48.12751,11.563941,,,690779.8210353837,5333652.152085407,True
613433,Waltherstraße,421256.0,368927,48.127567,11.563752,,,690765.5475734217,5333658.0179789765,True
615751,Warschauer Straße,239506.0,346142,48.174362,11.502837,,,686063.9199581915,5338709.368224879,True
615752,Warschauer Straße,239506.0,538012,48.17442,11.502721,,,686055.0870306911,5338715.5333426725,True
616083,Warthestraße,129956.0,280581,48.146328,11.636884,,,696135.2829328685,5335927.046703352,True
616084,Warthestraße,129956.0,648068,48.146183,11.637585,,,696187.9732711108,5335912.720765981,True
616555,Wasserburger Landstraße,391715.0,121796,48.12111,11.665145,,,698334.3668962792,5333196.925679837,True
616556,Wasserburger Landstraße,391715.0,265235,48.12132,11.665307,,,698345.6127215547,5333220.681889346,True
616748,Wastl-Witt-Straße,332558.0,418277,48.1266,11.469609,,1,683764.4158040682,5333321.297718321,True
617357,Weddigenstraße,488637.0,101781,48.1037,11.624604,,,695383.6519051341,5331158.2972045215,True
617358,Weddigenstraße,488637.0,119173,48.103897,11.624658,,,695386.9244723471,5331180.328024061,True
618335,Wehnerstraße,516354.0,553438,48.140636,11.448148,,,682117.9343830838,5334830.1640301775,True
618336,Wehnerstraße,516354.0,556900,48.140404,11.448004,,,682108.0439018926,5334804.039041899,True
618664,Wehrlestraße,590556.0,260810,48.14827,11.607994,,,693979.242502206,5336069.567689221,True
618665,Wehrlestraße,590556.0,395728,48.14819,11.608165,,,693992.2619815842,5336061.108307589,True
619613,Weidener Straße,45300.0,164974,48.092503,11.628188,,,695692.9501713755,5329923.025352269,True
619614,Weidener Straße,45300.0,554801,48.09254,11.628009,,,695679.4824988141,5329926.682083647,True
621676,Weinbergerstraße,135240.0,198067,48.140316,11.462207,,,683164.8537778007,5334827.9963773,True
621677,Weinbergerstraße,135240.0,583960,48.14047,11.460913,,,683068.0510428244,5334842.029720506,True
622955,Weitlstraße,303870.0,336544,48.208523,11.563033,,,690411.9647322608,5342653.435832813,True
624823,Weltistraße,575156.0,150579,48.087494,11.507104,,,686695.8945208406,5329065.470720974,True
624824,Weltistraße,575156.0,419746,48.0875,11.50732,,,686711.956513487,5329066.661624767,True
626538,Werdenfelsstraße,398746.0,381370,48.112473,11.508281,,,686693.0214080219,5331844.40259996,True
626539,Werdenfelsstraße,398746.0,491453,48.112595,11.507374,,,686625.0754281419,5331855.760250553,True
627114,Werinherstraße,216974.0,179979,48.11448,11.592813,,,692976.8196142103,5332276.083761706,True
627115,Werinherstraße,216974.0,399645,48.11467,11.59248,,,692951.3252606932,5332296.364122324,True
627116,Werinherstraße,216974.0,468867,48.115246,11.592363,,,692940.4601418201,5332360.084849114,True
627117,Werinherstraße,216974.0,563946,48.114574,11.592354,,,692942.3077331606,5332285.378997434,True
628057,Werner-Egk-Bogen,6902.0,275233,48.201218,11.599038,,,693114.1082466713,5341931.472347472,True
628058,Werner-Egk-Bogen,6902.0,468921,48.20159,11.597726,,,693015.2328863972,5341969.517558479,True
628059,Werner-Egk-Bogen,6902.0,658870,48.2011,11.597664,,,693012.4683987659,5341914.904574767,True
628754,Wertheimer Straße,149326.0,194927,48.148647,11.42596,,,680439.3799059978,5335668.172355518,True
628755,Wertheimer Straße,149326.0,245070,48.148396,11.425501,,,680406.122530763,5335639.1995396605,True
629967,Westbad,97781.0,250521,48.141544,11.473148,,,683974.3153766984,5334990.595226399,True
629968,Westbad,97781.0,319422,48.142235,11.475529,,,684148.9501153483,5335073.091218382,True
629969,Westbad,97781.0,594656,48.141724,11.473373,,,683990.4081203097,5335011.138362881,True
629970,Westbad,97781.0,619809,48.14231,11.475475,,,684144.665057726,5335081.297183125,True
630145,Westendstraße,148901.0,14292,48.13479,11.52145,,,687591.8070311507,5334356.685624472,True
630146,Westendstraße,148901.0,224141,48.134686,11.523508,,,687745.2875255567,5334350.150320941,True
630147,Westendstraße,148901.0,231225,48.13457,11.522097,,,687640.7414459207,5334333.814208371,True
630148,Westendstraße,148901.0,271137,48.1344,11.522142,,,687644.7089143891,5334315.030769074,True
630149,Westendstraße,148901.0,305301,48.134697,11.521441,,,687591.4764456248,5334346.327944861,True
630150,Westendstraße,148901.0,459168,48.13478,11.522349,,,687658.722951876,5334357.767924249,True
630895,Westerlandanger,414222.0,448085,48.16222,11.662585,,,697985.6258206404,5337759.109315202,True
631498,Westfriedhof,15768.0,115060,48.169247,11.527505,,,687916.3369940051,5338200.923803212,True
631499,Westfriedhof,15768.0,132645,48.170135,11.528565,,,687991.8934496518,5338302.206193992,True
631500,Westfriedhof,15768.0,159852,48.170303,11.528529,,,687988.6027697079,5338320.789194647,True
631501,Westfriedhof,15768.0,400691,48.169266,11.527873,,,687943.625850853,5338203.93532052,True
631502,Westfriedhof,15768.0,494524,48.16934,11.528197,,,687967.4424822655,5338212.9518988645,True
631503,Westfriedhof,15768.0,515591,48.16986,11.528691,,,688002.2662623569,5338271.951674948,True
631504,Westfriedhof,15768.0,56516,48.16932,11.527864,,,687942.7593408764,5338209.914723569,True
631505,Westfriedhof,15768.0,57388,48.169647,11.528655,,,688000.3689024565,5338248.191365159,True
631506,Westfriedhof,15768.0,584971,48.170135,11.52843,,,687981.8572837046,5338301.875959769,True
631507,Westfriedhof,15768.0,71842,48.169285,11.528197,,,687967.6435856742,5338206.839348483,True
631845,Westkreuz,94281.0,365156,48.149197,11.441024,,,681557.803725777,5335764.764301883,True
631846,Westkreuz,94281.0,459238,48.14934,11.441051,,,681559.307124305,5335780.7207676945,True
631847,"Westkreuz Heimburgstraße, München",379213.0,452775,48.148815,11.445812,,,681915.2514720905,5335733.62840292,True
631848,"Westkreuz, München",94281.0,353828,48.149254,11.443072,,,681709.9179181362,5335775.937856129,True
631849,"Westkreuz, München",94281.0,444283,48.149303,11.441016,,,681556.8346594526,5335776.526012017,True
631853,Westpark,251302.0,221921,48.11797,11.516591,,,687291.5075234291,5332475.523091122,True
631854,Westpark,251302.0,478309,48.118404,11.517112,,,687328.7004114517,5332525.025203422,True
631855,Westpark,251302.0,608507,48.1179,11.516582,,,687291.0923317765,5332467.721614207,True
631856,Westpark,251302.0,615235,48.11836,11.517417,,,687351.5576357453,5332520.878107326,True
632532,Wettersteinplatz,568565.0,130622,48.10941,11.574981,,,691668.587947203,5331668.037973649,True
632533,Wettersteinplatz,568565.0,387079,48.10916,11.574649,,,691644.8073728123,5331639.426780432,True
632534,Wettersteinplatz,568565.0,477661,48.1083,11.575691,,,691725.5639518782,5331546.446542966,True
632535,Wettersteinplatz,568565.0,558379,48.108234,11.575619,,,691720.4505274183,5331538.932119079,True
633177,Weyprechtstraße,25799.0,171105,48.20499,11.563537,,,690462.5116066041,5342262.036620065,True
633178,Weyprechtstraße,25799.0,188804,48.204987,11.563968,,,690494.5422727212,5342262.772083051,True
633179,Weyprechtstraße,25799.0,460049,48.2046,11.564228,,,690515.2940303176,5342220.406758865,True
634331,Wiener Platz,302649.0,100152,48.134045,11.595822,,,693127.3542367616,5334458.012351983,True
634332,Wiener Platz,302649.0,192876,48.134132,11.595687,,,693116.9846469,5334467.342116643,True
635682,Wiesentfelser Straße,244659.0,17244,48.146656,11.414263,,,679576.3794244158,5335419.509182244,True
635683,Wiesentfelser Straße,244659.0,190182,48.14641,11.414048,,,679561.2469620613,5335391.667076094,True
635684,Wiesentfelser Straße,244659.0,221688,48.14654,11.414776,,,679614.9396013243,5335407.815552084,True
635685,Wiesentfelser Straße,244659.0,258166,48.14641,11.415054,,,679636.0702352613,5335394.01713539,True
636323,Wildanger,600038.0,267334,48.11968,11.473489,,1,684077.8448275186,5332561.508001335,True
637124,Wilhelm-Busch-Straße,385936.0,211487,48.08228,11.505919,,,686626.5286918831,5328483.132387397,True
637125,Wilhelm-Busch-Straße,385936.0,253911,48.082268,11.506503,,,686670.0621566647,5328483.21519043,True
637133,Wilhelm-Dieß-Weg,102215.0,121700,48.15521,11.637288,,,696131.4612869967,5336915.187004257,True
637134,Wilhelm-Dieß-Weg,102215.0,235854,48.15506,11.637495,,,696147.4264772163,5336899.044824861,True
637144,Wilhelm-Hale-Straße,581921.0,25526,48.146896,11.520444,,,687472.858504991,5335699.655175523,True
637145,Wilhelm-Hale-Straße,581921.0,336733,48.146233,11.520175,,,687455.2670950943,5335625.315398079,True
637153,Wilhelm-Hertz-Straße,673418.0,423385,48.176018,11.585159,,,692177.1954425707,5339096.01776809,True
637154,Wilhelm-Hertz-Straße,673418.0,76981,48.17564,11.58568,,,692217.336716094,5339055.311198487,True
637156,Wilhelm-Hoegner-Straße,275238.0,237799,48.09866,11.636255,,,696270.1191098841,5330627.834056779,True
637157,Wilhelm-Hoegner-Straße,275238.0,361253,48.098713,11.637153,,,696336.7685369537,5330636.015628288,True
637158,Wilhelm-Hoegner-Straße,275238.0,670268,48.099182,11.636623,,,696295.5263702105,5330686.785531895,True
637159,Wilhelm-Hoegner-Straße,275238.0,97423,48.099026,11.635851,,,696238.6496916091,5330667.478902159,True
637171,Wilhelm-Kuhnert-Straße,253102.0,355282,48.103523,11.56139,,,690678.8019226257,5330980.004145793,True
637172,Wilhelm-Kuhnert-Straße,253102.0,374976,48.10391,11.561812,,,690708.7824366952,5331024.059837791,True
638026,Willi-Wien-Straße,144241.0,171415,48.177593,11.467453,,,683422.0796790363,5338983.386335859,True
638027,Willi-Wien-Straße,144241.0,502121,48.177395,11.468531,,,683502.9160484583,5338963.954758397,True
638032,Willibaldplatz,650291.0,225849,48.14086,11.488779,,,685139.4670885755,5334952.098147323,True
638033,Willibaldplatz,650291.0,533919,48.14093,11.488806,,,685141.2236277913,5334959.94276719,True
638035,Willibaldstraße,198987.0,205134,48.13013,11.482455,,,684707.5611133098,5333744.387567516,True
638036,Willibaldstraße,198987.0,670240,48.1301,11.483901,,,684815.2514368121,5333744.5276970165,True
640152,Winfriedstraße,300195.0,341573,48.1474,11.503394,,,686202.92847948,5335714.231005314,True
640153,Winfriedstraße,300195.0,640573,48.14742,11.503152,,,686184.8573419165,5335715.867634061,True
641283,Winterstraße,333565.0,19408,48.11531,11.57278,,,691482.8344312453,5332318.2581468485,True
641284,Winterstraße,333565.0,393936,48.115906,11.572915,,,691490.6653310936,5332384.831318362,True
641328,Winthirplatz,505449.0,248631,48.151974,11.527891,,,688008.1746167019,5336282.195806358,True
641329,Winthirplatz,505449.0,570640,48.151882,11.528116,,,688025.2437642332,5336272.521522747,True
641348,Wintrichring,422282.0,204240,48.17527,11.520651,,,687384.8302609613,5338853.567510472,True
641349,Wintrichring,422282.0,247623,48.17522,11.521325,,,687435.1141102952,5338849.654429044,True
641350,Wintrichring,422282.0,571149,48.176025,11.52145,,,687441.4700908778,5338939.424975658,True
641351,Wintrichring,422282.0,85702,48.176094,11.521531,,,687447.2394490463,5338947.291045942,True
641451,Winzererstraße,328887.0,250214,48.157715,11.559988,,,690373.9186139262,5336999.232474907,True
641452,Winzererstraße,328887.0,510663,48.15773,11.560374,,,690402.5659424533,5337001.855642583,True
644627,Woferlstraße,354234.0,602079,48.108433,11.619061,,,694953.1340584547,5331670.2373877745,True
644628,Woferlstraße,354234.0,70800,48.10876,11.618711,,,694925.8459950968,5331705.691675584,True
645948,Wolframstraße,203925.0,431061,48.094887,11.635537,,,696231.0334472574,5330206.689654607,True
645949,Wolframstraße,203925.0,89657,48.09496,11.635968,,,696262.8434901271,5330215.90190936,True
646031,Wolfratshauser Straße,54562.0,198679,48.09002,11.537908,,,688980.3492017484,5329421.397071815,True
646032,Wolfratshauser Straße,54562.0,288021,48.089577,11.53718,,,688927.7674164022,5329370.376103467,True
646033,Wolfratshauser Straße,54562.0,47695,48.090214,11.537054,,,688916.0512643651,5329440.860340811,True
646788,Wolkerweg,33831.0,530672,48.120647,11.486668,,,685055.0890126147,5332700.603679323,True
646789,Wolkerweg,33831.0,562765,48.120506,11.486524,,,685044.880077157,5332684.586904688,True
651469,"Wächterhof, Hohenbrunn",228090.0,374542,48.03715,11.713447,,,702257.6566802686,5323991.808023879,False
651470,"Wächterhof, Höhenkirchen-Siegertsbrunn",228090.0,606635,48.036995,11.71339,,,702254.015332588,5323974.432618491,False
651622,Wöhlerstraße,39581.0,162702,48.164864,11.462746,,,683117.5388269036,5337557.486926281,True
651623,Wöhlerstraße,39581.0,91444,48.164696,11.464183,,,683224.9784515754,5337542.240499877,True
652293,Wörthstraße,559475.0,57021,48.131756,11.598229,,,693315.0167759799,5334209.670487856,True
652294,Wörthstraße,559475.0,585318,48.131992,11.598122,,,693306.1700017531,5334235.629589799,True
654935,Zamdorf Siedlung,128229.0,16584,48.13992,11.644079,,,696694.9116676378,5335233.271090593,True
654936,Zamdorf Siedlung,128229.0,346088,48.140057,11.643055,,,696618.2179853407,5335245.877365162,True
654938,Zamdorfer Straße,660811.0,228251,48.13822,11.635204,,,696041.2210572732,5335021.672384267,True
654942,Zamilapark,620752.0,644987,48.142384,11.649775,,1,697109.1693342947,5335521.697899077,True
655246,Zauberwaldstraße,646416.0,122818,48.114033,11.671784,,,698855.7139509999,5332427.566035471,True
655247,Zauberwaldstraße,646416.0,156064,48.11365,11.671802,,,698858.5323074609,5332385.047853761,True
655249,Zaubzerstraße,624341.0,1045,48.139477,11.614785,,,694517.5501949289,5335109.506998477,True
655250,Zaubzerstraße,624341.0,95596,48.13941,11.614848,,,694522.4897675026,5335102.220282381,True
655282,Zaunerstraße,206020.0,31375,48.178013,11.48126,,,684446.8674743241,5339063.11373084,True
655283,Zaunerstraße,206020.0,643226,48.178158,11.480344,,,684378.2601971282,5339077.030399237,True
655288,Zaunweg,595720.0,501910,48.180546,11.601535,,,693377.4337373642,5339640.331088329,True
655289,Zaunweg,595720.0,649610,48.180916,11.601257,,,693355.3787226256,5339680.752050461,True
656566,Zenettistraße,69275.0,325048,48.122482,11.559189,,,690444.8529291649,5333081.580434426,True
656567,Zenettistraße,69275.0,62369,48.12244,11.558919,,,690424.9173505665,5333076.24413072,True
656667,Zentralländstraße,262671.0,210651,48.100555,11.548157,,1,689704.6876512408,5330617.437010869,True
657653,Ziegeleistraße,329344.0,104242,48.176373,11.403376,,,678663.365143499,5338696.834041864,True
657654,Ziegeleistraße,329344.0,182822,48.17628,11.403547,,,678676.3995082702,5338686.895739032,True
658076,Zielstattstraße,163369.0,194597,48.10235,11.530056,,,688350.6412277867,5330772.450414567,True
658077,Zielstattstraße,163369.0,206682,48.10248,11.529652,,,688320.0923393717,5330785.909080099,True
658078,Zielstattstraße,163369.0,238187,48.102806,11.530065,,,688349.644381177,5330823.150564396,True
658508,Zinckgrafstraße,392649.0,196822,48.115078,11.471324,,,683933.1700938368,5332044.876216472,True
658509,Zinckgrafstraße,392649.0,580357,48.11503,11.471944,,,683979.4831854166,5332041.024442575,True
659352,Zoppoter Straße,566208.0,43225,48.15037,11.640711,,,696404.4861700276,5336386.029178714,True
659353,Zoppoter Straße,566208.0,512330,48.150803,11.640657,,,696398.816945493,5336434.0130553655,True
661663,Zöllerstraße,432680.0,415847,48.10524,11.475169,,,684254.506404226,5330960.713757104,True
661664,Zöllerstraße,432680.0,547989,48.105267,11.475313,,,684265.1286593778,5330964.059357673,True
662041,Züricher Straße,415197.0,16501,48.094208,11.504679,,,686491.0344101872,5329805.758866439,True
662042,Züricher Straße,415197.0,189480,48.094456,11.503493,,,686401.8374941521,5329830.446716726,True
662043,Züricher Straße,415197.0,647836,48.094994,11.505173,,,686524.969294957,5329894.30949535,True
663304,Überlinger Weg,230513.0,250109,48.144997,11.434808,,,681110.2861186715,5335283.324243537,True
663305,Überlinger Weg,230513.0,356436,48.144253,11.434583,,,681096.1693852277,5335200.107754082,True
663306,Überlinger Weg,230513.0,450629,48.145008,11.435015,,,681125.6438360687,5335285.034404071,True
663307,Überlinger Weg,230513.0,650994,48.14443,11.434673,,,681102.2406100444,5335219.991130773,True
