route_long_name,route_short_name,agency_id,route_type,route_id,route_color,route_text_color
,0,158,0,20091,,
,000,129,3,15965,,
,000,354,3,14625,,
,001,129,3,7205,,
,001,20,3,11671,73D700,FFFFFF
,001,242,3,5086,,
,002,129,3,14148,,
,002,242,3,3252,,
,003,129,3,1366,,
,003,242,3,18674,,
,004,129,3,23321,,
,004,242,3,11823,,
,005,129,3,4456,,
,005,242,3,3009,,
,006,129,3,2908,,
,006,20,3,15905,73D700,FFFFFF
,006,242,3,9223,,
,007,129,3,19257,,
,007,20,3,23785,73D700,FFFFFF
,007,242,3,18226,,
,008,129,3,4782,,
,008,20,3,518,73D700,FFFFFF
,008,242,3,17976,,
,008,95,3,20508,,
,009,129,3,4443,,
,009,242,3,21456,,
,009,95,3,22210,,
,010,129,3,18919,,
,010,242,3,18628,,
,011,129,3,12087,,
,011,20,3,10513,73D700,FFFFFF
,013,242,3,14439,,
,014,242,3,6597,,
,015,242,3,18802,,
,016,242,3,16652,,
,017,242,3,21068,,
,018,242,3,19760,,
,019,242,3,11336,,
,020,20,3,14600,73D700,FFFFFF
,020,242,3,18539,,
,021,242,3,10249,,
,022,242,3,2403,,
,023,20,3,7277,73D700,FFFFFF
,023,242,3,11021,,
,024,20,3,20953,73D700,FFFFFF
,024,242,3,17016,,
,025,20,3,5033,73D700,FFFFFF
,025,242,3,20342,,
,026,242,3,23634,,
,027,20,3,4796,73D700,FFFFFF
,027,242,3,14767,,
,029,242,3,17600,,
,031,242,3,9585,,
,032,20,3,10381,73D700,FFFFFF
,032,242,3,17918,,
,033,242,3,11193,,
,034,20,3,14969,73D700,FFFFFF
,034,242,3,19007,,
,035,242,3,16614,,
,036,20,3,12229,73D700,FFFFFF
,036,242,3,6952,,
,037,20,3,13321,73D700,FFFFFF
,038,219,3,1303,,
,038,237,3,18399,,
,039,20,3,12001,73D700,FFFFFF
,040,20,3,3064,73D700,FFFFFF
,041,237,0,7482,,
,042,237,0,10464,,
,043,237,0,23152,,
,044,237,0,7055,,
,045,237,3,9254,,
,046,237,3,19084,,
,047,237,3,8348,,
,049,237,3,17323,,
,050,20,3,13001,73D700,FFFFFF
,051,237,3,16749,,
,052,237,3,11379,,
,053,237,3,10574,,
,054,237,3,16812,,
,055,237,3,21478,,
,056,20,3,4094,73D700,FFFFFF
,056,237,3,17359,,
,057,20,3,12482,73D700,FFFFFF
,057,237,3,10514,,
,057A,20,3,5957,73D700,FFFFFF
,058,237,3,12605,,
,059,237,3,5935,,
,060,20,3,14959,73D700,FFFFFF
,060,237,3,14970,,
,061,237,3,5256,,
,062,237,3,425,,
,063,275,3,7286,,
,064,237,3,22049,,
,065,20,3,19792,73D700,FFFFFF
,065,237,3,23219,,
,066,237,3,11321,,
,067,237,3,6175,,
,068,20,3,15819,73D700,FFFFFF
,068,237,3,19258,,
,068A,20,3,11014,73D700,FFFFFF
,069,237,3,15381,,
,070,20,3,16314,73D700,FFFFFF
,071,8,3,7751,,
,072,237,3,1959,,
,073,237,3,18820,,
,074,237,3,16500,,
,075,20,3,8608,73D700,FFFFFF
,076,20,3,20127,73D700,FFFFFF
,076,8,3,18956,,
,077,8,3,16182,,
,078,8,3,5567,,
,079,8,3,1477,,
,080,211,3,4984,,
,081,20,3,5164,73D700,FFFFFF
,081,211,3,12589,,
,082,20,3,2252,73D700,FFFFFF
,082,211,3,22313,,
,083,20,3,17046,73D700,FFFFFF
,083,211,3,7582,,
,084,20,3,23031,73D700,FFFFFF
,084,211,3,8751,,
,085,211,3,2249,,
,086,211,3,8579,,
,087,211,3,1523,,
,089,211,3,4272,,
,090,20,3,1336,73D700,FFFFFF
,090,8,3,641,,
,091,20,3,17295,73D700,FFFFFF
,091,8,3,6387,,
,092,8,3,10704,,
,093,8,3,1071,,
,094,8,3,16452,,
,095,20,3,4520,73D700,FFFFFF
,095,8,3,18926,,
,096,8,3,3856,,
,097,242,3,8311,,
,098,242,3,12512,,
,1,105,0,13032,,
,1,11,3,16274,,
,1,110,3,1416,,
,1,111,3,14110,,
,1,117,3,3119,,
,1,118,0,15805,,
,1,121,3,3080,,
,1,124,3,2091,,
,1,125,3,5658,,
,1,129,0,19931,,
,1,129,3,15287,,
,1,132,0,8954,,
,1,132,3,8857,,
,1,137,3,8646,,
,1,14,3,10096,,
,1,141,0,8820,,
,1,142,3,1691,,
,1,147,3,426,,
,1,149,3,12345,,
,1,158,0,3726,,
,1,161,3,321,,
,1,164,0,16275,E2001A,FFFFFF
,1,171,3,7472,,
,1,173,0,5657,,
,1,173,3,18558,,
,1,179,3,16699,,
,1,181,0,13165,,
,1,192,3,22258,,
,1,195,0,3372,,
,1,196,0,23050,,
,1,201,3,14177,,
,1,202,3,7121,,
,1,205,3,17836,,
,1,21,0,20559,,
,1,219,3,5336,,
,1,22,1,15475,,
,1,220,3,20470,,
,1,221,3,14327,4F94CD,FFFFFF
,1,226,3,3198,,
,1,229,3,15692,,
,1,233,0,2702,,
,1,235,3,9803,,
,1,238,0,4032,,
,1,244,3,14230,,
,1,249,3,19300,,
,1,250,0,4047,,
,1,252,0,7887,,
,1,257,3,2330,,
,1,258,3,6540,,
,1,260,0,2909,F08A00,FFFFFF
,1,267,3,13011,,
,1,274,3,17545,,
,1,275,3,23009,,
,1,278,3,18016,,
,1,279,3,18969,,
,1,280,3,13278,,
,1,281,3,10347,,
,1,286,3,18011,,
,1,287,3,10099,,
,1,288,3,1471,,
,1,289,0,16351,F18700,FFFFFF
,1,296,3,12761,,
,1,299,3,7300,,
,1,308,0,23051,6A2F75,FFFFFF
,1,314,0,5953,65B32E,FFFFFF
,1,315,3,2569,,
,1,322,3,4836,,
,1,325,3,3472,,
,1,329,3,8286,,
,1,334,3,20376,,
,1,335,0,14631,,
,1,336,3,4120,,
,1,339,3,10652,,
,1,34,3,2667,,
,1,342,0,19301,,
,1,347,3,8343,,
,1,35,3,3811,,
,1,352,0,7682,,
,1,352,3,5041,,
,1,354,3,12711,,
,1,356,3,118,,
,1,361,3,9077,,
,1,362,0,2424,,
,1,362,3,18353,,
,1,370,3,4233,,
,1,373,3,21485,,
,1,375,0,17924,,
,1,375,3,20016,,
,1,378,3,1520,,
,1,379,3,7430,,
,1,39,3,17967,,
,1,42,3,17031,,
,1,46,3,19733,,
,1,49,3,13132,,
,1,56,3,23226,,
,1,59,3,10575,,
,1,6,0,11807,009640,FFFFFF
,1,66,0,14577,,
,1,71,3,19238,,
,1,80,3,16891,,
,1,82,0,13374,,
,1,85,0,12833,,
,1,9,3,2541,,
,1,91,3,14638,,
,1,93,3,16551,,
,1,95,0,13060,,
,1,95,3,15426,,
,1 (Hoyerswerda),118,3,19426,,
,1 Blau,373,3,17370,,
,10,104,3,20617,,
,10,109,3,7148,,
,10,111,3,11783,,
,10,118,0,4746,,
,10,125,3,9778,,
,10,129,3,10368,,
,10,132,3,2118,,
,10,137,3,2915,,
,10,14,3,17296,,
,10,147,3,10224,,
,10,158,3,18970,,
,10,173,3,18697,,
,10,187,3,8624,,
,10,192,3,11477,,
,10,195,0,10097,,
,10,196,3,6163,,
,10,198,0,20815,,
,10,201,3,12406,,
,10,21,3,23052,,
,10,218,3,21472,,
,10,22,1,20280,,
,10,220,3,14971,,
,10,233,3,17280,,
,10,235,3,16813,,
,10,238,0,13063,,
,10,244,3,11786,,
,10,249,3,2319,,
,10,250,0,9124,,
,10,252,3,23679,,
,10,260,3,2425,6C9076,FFFFFF
,10,267,3,20890,,
,10,274,3,13133,,
,10,281,3,20857,,
,10,287,3,8372,,
,10,288,3,2677,,
,10,289,3,541,,
,10,308,3,22847,009FE3,FFFFFF
,10,314,0,22359,,
,10,318,3,9873,,
,10,329,3,11819,,
,10,334,3,22954,,
,10,342,3,16030,,
,10,35,3,16733,,
,10,352,3,12870,,
,10,354,3,9316,,
,10,356,3,20757,,
,10,361,3,13254,,
,10,365,3,11942,,
,10,370,3,4262,,
,10,373,3,9552,,
,10,375,0,12101,,
,10,379,3,5096,,
,10,39,3,7842,,
,10,42,3,17234,,
,10,46,3,18227,,
,10,49,3,14461,,
,10,56,3,9412,,
,10,59,3,13905,,
,10,6,0,8647,312783,FFFFFF
,10,61,0,12582,,
,10,78,3,5865,,
,10,78,7,14081,,
,10,9,3,4011,,
,10,91,3,5257,,
,10,93,3,23058,,
,10,95,3,19174,,
,100,106,3,12965,,
,100,111,3,7195,,
,100,13,3,19274,,
,100,151,3,12599,,
,100,190,3,20459,,
,100,192,3,10125,,
,100,22,3,14717,,
,100,232,3,67,,
,100,238,3,22250,,
,100,257,3,17063,,
,100,274,3,1956,,
,100,278,3,20509,,
,100,288,3,2534,,
,100,334,3,21977,,
,100,349,3,13815,,
,100,350,3,16534,,
,100,354,3,56,,
,100,378,3,8266,,
,100,384,3,16170,,
,100,41,3,9855,,
,100,58,3,7194,,
,100,62,3,1440,,
,100,80,3,16238,,
,100,91,3,407,,
,100,95,3,16937,,
,1000,30,3,12537,,
,1002,334,3,13107,,
,1003,334,3,12373,,
,1004,334,3,2925,,
,1004,95,3,42,,
,1005,334,3,302,,
,1005,9,3,17569,,
,1005,95,3,7116,,
,1006,334,3,15153,,
,1007,334,3,11690,,
,1007,9,3,3266,,
,1008,334,3,22764,,
,1009,334,3,11613,,
,100S,288,3,3365,,
,101,104,3,558,,
,101,106,3,13350,,
,101,111,3,8545,,
,101,13,3,389,,
,101,130,3,23710,,
,101,132,3,21030,,
,101,151,3,15639,,
,101,166,3,9902,,
,101,190,3,11043,,
,101,20,3,18844,73D700,FFFFFF
,101,202,0,22928,,
,101,202,3,17925,,
,101,214,3,10277,,
,101,218,3,13221,,
,101,223,3,16340,,
,101,238,3,11057,,
,101,252,3,18939,,
,101,272,3,10385,,
,101,274,3,15915,,
,101,286,3,11655,,
,101,288,3,5927,,
,101,291,3,6462,,
,101,296,3,7165,,
,101,334,3,12474,,
,101,335,3,6766,,
,101,352,3,250,,
,101,361,3,11403,,
,101,370,3,22211,,
,101,373,3,5683,,
,101,374,3,22322,,
,101,378,3,21415,,
,101,384,3,396,,
,101,41,3,8534,,
,101,62,3,7614,,
,101,78,3,12955,,
,101,80,3,7098,,
,101,82,3,12397,,
,101,91,3,19012,,
,101,95,3,6241,,
,101 R,354,3,5761,,
,1010,334,3,5322,,
,1012,9,3,2264,,
,1013,9,3,22976,,
,1014,334,3,219,,
,1014,9,3,13589,,
,1018,334,3,8344,,
,1018,9,3,19612,,
,1019,9,3,18360,,
,101A,174,3,16252,,
,101B,174,3,4622,,
,101S,288,3,12750,,
,102,104,3,19974,,
,102,111,3,4976,,
,102,13,3,15796,,
,102,151,3,21363,,
,102,166,3,11926,,
,102,190,3,9809,,
,102,199,0,8919,,
,102,218,3,1248,,
,102,223,3,4780,,
,102,232,3,11452,,
,102,238,3,15427,,
,102,259,3,4797,,
,102,272,3,20224,,
,102,274,3,15612,,
,102,286,3,9929,,
,102,288,3,20037,,
,102,291,3,18791,,
,102,296,3,23153,,
,102,329,3,18553,,
,102,334,3,4324,,
,102,335,3,947,,
,102,350,3,14188,,
,102,352,3,4225,,
,102,354,3,12978,,
,102,356,3,14217,,
,102,361,3,21878,,
,102,373,3,19597,,
,102,374,3,17584,,
,102,378,3,6059,,
,102,41,3,6497,,
,102,62,3,10600,,
,102,78,3,23188,,
,102,82,3,13497,,
,102,91,3,10571,,
,102,93,3,5323,,
,102,95,3,23059,,
,1020,153,3,21667,,
,1020,9,3,9679,,
,1021,153,3,17116,,
,1021,245,3,3445,,
,1022,334,3,17332,,
,1023,334,3,3958,,
,1024,334,3,15095,,
,1026,334,3,3473,,
,1026,9,3,155,,
,1027,334,3,12894,,
,1029,9,3,20302,,
,102A,174,3,3505,,
,102B,174,3,2656,,
,102S,288,3,13675,,
,103,104,3,4799,,
,103,111,3,16065,,
,103,13,3,18494,,
,103,132,3,16000,,
,103,151,3,2338,,
,103,166,3,11437,,
,103,174,3,18020,,
,103,190,3,7307,,
,103,202,0,11763,,
,103,223,3,2555,,
,103,232,3,6337,,
,103,238,3,7912,,
,103,272,3,6748,,
,103,274,3,17013,,
,103,281,3,13274,,
,103,286,3,8386,,
,103,288,3,9817,,
,103,291,3,10126,,
,103,296,3,8728,,
,103,335,3,6330,,
,103,354,3,4702,,
,103,361,3,1417,,
,103,373,3,11592,,
,103,374,3,11557,,
,103,378,3,13978,,
,103,41,3,20017,,
,103,62,3,12712,,
,103,78,3,16171,,
,103,80,3,10856,,
,103,82,3,16562,,
,103,91,3,4065,,
,103,93,3,4845,,
,103,95,3,4567,,
,1030,9,3,16369,,
,1034,9,3,21294,,
,1036,9,3,220,,
,103s,335,3,2061,,
,104,104,3,11771,,
,104,111,3,13006,,
,104,174,3,1615,,
,104,181,3,14317,,
,104,199,0,7895,,
,104,232,3,19265,,
,104,238,3,23790,,
,104,259,3,23446,,
,104,272,3,11620,,
,104,274,3,9616,,
,104,286,3,8231,,
,104,288,3,14189,,
,104,291,3,20107,,
,104,296,3,1644,,
,104,334,3,9522,,
,104,335,3,8614,,
,104,361,3,16315,,
,104,373,3,7525,,
,104,374,3,15129,,
,104,378,3,11712,,
,104,41,3,14294,,
,104,62,3,5809,,
,104,78,3,11614,,
,104,80,3,12849,,
,104,82,3,924,,
,104,91,3,12729,,
,104,93,3,22920,,
,104,95,3,22955,,
,1041,9,3,17023,,
,1042,334,3,8795,,
,1042,9,3,19781,,
,1043,334,3,23101,,
,1044,334,3,22429,,
,1044,9,3,9671,,
,1045,334,3,4703,,
,1045,9,3,15848,,
,1046,334,3,17830,,
,1047,334,3,10940,,
,1048,334,3,775,,
,1049,334,3,5769,,
,1049,9,3,6112,,
,104s,335,3,4952,,
,105,106,3,12158,,
,105,111,3,12057,,
,105,166,3,20600,,
,105,174,3,1994,,
,105,190,3,21464,,
,105,202,0,13691,,
,105,220,3,2155,,
,105,238,3,19807,,
,105,272,3,14043,,
,105,274,3,18185,,
,105,286,3,3392,,
,105,288,3,21956,,
,105,291,3,19307,,
,105,296,3,19919,,
,105,329,3,11800,,
,105,334,3,15685,,
,105,335,3,13811,,
,105,352,3,9760,,
,105,370,3,3140,,
,105,374,3,15941,,
,105,378,3,2036,,
,105,41,3,12887,,
,105,62,3,16949,,
,105,78,3,17269,,
,105,82,3,9419,,
,105,9,3,22486,,
,105,91,3,19535,,
,105,93,3,75,,
,105,95,3,14679,,
,105.1,373,3,21524,,
,105.2,373,3,3919,,
,1050,334,3,23195,,
,1051,334,3,18306,,
,1052,334,3,21038,,
,1053,334,3,12346,,
,1054,334,3,12809,,
,1054,9,3,9086,,
,1055,9,3,18470,,
,1056,9,3,8205,,
,106,106,3,22956,,
,106,111,3,5292,,
,106,166,3,22758,,
,106,174,3,22887,,
,106,181,3,11745,,
,106,190,3,11129,,
,106,20,3,23342,73D700,FFFFFF
,106,202,0,15840,,
,106,232,3,1714,,
,106,238,3,18978,,
,106,272,3,11411,,
,106,274,3,13670,,
,106,286,3,15966,,
,106,288,3,18803,,
,106,291,3,15375,,
,106,334,3,5042,,
,106,335,3,8076,,
,106,352,3,4512,,
,106,370,3,8814,,
,106,374,3,17281,,
,106,378,3,9438,,
,106,384,3,8512,,
,106,41,3,329,,
,106,62,3,4837,,
,106,78,3,6083,,
,106,82,3,23010,,
,106,91,3,10507,,
,106,93,3,145,,
,106,95,3,9298,,
,1061,334,3,5017,,
,1062,334,3,10451,,
,1063,334,3,16521,,
,1064,334,3,20683,,
,1065,334,3,15271,,
,1066,334,3,16263,,
,1067,334,3,9099,,
,1068,334,3,3812,,
,107,106,3,3679,,
,107,166,3,19787,,
,107,190,3,14097,,
,107,20,3,11623,73D700,FFFFFF
,107,202,0,939,,
,107,238,3,21163,,
,107,272,3,18490,,
,107,286,3,18120,,
,107,291,3,21741,,
,107,335,3,6988,,
,107,352,3,8651,,
,107,370,3,18589,,
,107,374,3,6731,,
,107,378,3,810,,
,107,384,3,16943,,
,107,41,3,6442,,
,107,62,3,8871,,
,107,78,3,20100,,
,107,82,3,12895,,
,107,91,3,827,,
,107,93,3,11703,,
,107,95,3,13597,,
,1070,334,3,17888,,
,1071,334,3,22834,,
,1072,334,3,10440,,
,108,111,3,18876,,
,108,132,3,2026,,
,108,174,3,6097,,
,108,20,3,12207,73D700,FFFFFF
,108,232,3,13113,,
,108,238,3,2367,,
,108,272,3,18121,,
,108,274,3,5974,,
,108,281,3,21648,,
,108,286,3,11553,,
,108,291,3,12088,,
,108,314,3,22990,,
,108,327,3,23680,,
,108,335,3,9967,,
,108,352,3,20628,,
,108,356,3,20925,,
,108,378,3,16162,,
,108,384,3,828,,
,108,41,3,18234,,
,108,62,3,1297,,
,108,78,3,11927,,
,108,82,3,7859,,
,108,91,3,13812,,
,108,93,3,12337,,
,108,95,3,13752,,
,1080,334,3,1213,,
,1081,334,3,386,,
,1082,334,3,16410,,
,1083,334,3,1367,,
,1084,334,3,13735,,
,1084,344,3,9818,,
,1085,334,3,12945,,
,1086,334,3,17755,,
,1088,334,3,15892,,
,109,166,3,5127,,
,109,174,3,6565,,
,109,20,3,13885,73D700,FFFFFF
,109,202,0,11629,,
,109,272,3,3506,,
,109,327,3,3408,,
,109,335,3,925,,
,109,350,3,1581,,
,109,352,3,23213,,
,109,354,3,16357,,
,109,370,3,14484,,
,109,374,3,12210,,
,109,378,3,18242,,
,109,384,3,21823,,
,109,41,3,13328,,
,109,62,3,23154,,
,109,78,3,2824,,
,109,82,3,2112,,
,109,91,3,13389,,
,109,93,3,11302,,
,109,95,3,17921,,
,1090,334,3,14270,,
,1092,334,3,15209,,
,1093,334,3,13825,,
,10A,4,3,15577,,
,10B,4,3,12923,,
,10E,361,3,14775,,
,10E,4,3,14548,,
,10T,132,3,5911,,
,10X,4,3,13435,,
,11,104,3,8058,,
,11,111,3,11720,,
,11,118,0,11894,,
,11,125,3,11270,,
,11,129,3,1828,,
,11,132,3,17570,,
,11,139,3,16602,,
,11,14,3,11844,,
,11,147,3,6357,,
,11,149,3,16589,,
,11,158,3,22098,,
,11,16,3,14492,,
,11,161,3,7636,,
,11,171,3,11287,,
,11,173,3,2542,,
,11,187,3,21080,,
,11,192,3,12690,,
,11,196,3,9413,,
,11,198,0,1387,,
,11,21,3,19744,,
,11,218,3,23507,,
,11,22,1,12564,,
,11,220,3,13541,,
,11,233,3,17024,,
,11,244,3,10189,,
,11,249,3,18071,,
,11,252,3,10927,,
,11,267,3,17858,,
,11,274,3,22895,,
,11,276,3,12621,,
,11,286,3,19909,,
,11,287,3,17549,,
,11,288,3,12504,,
,11,289,3,3524,,
,11,308,3,14608,312783,FFFFFF
,11,314,0,20240,,
,11,318,3,10185,,
,11,329,3,12264,,
,11,334,3,7913,,
,11,342,3,11993,,
,11,349,3,14279,,
,11,35,3,16189,,
,11,352,3,19835,,
,11,354,3,2331,,
,11,362,3,18449,,
,11,370,3,9911,,
,11,373,3,4325,,
,11,42,3,1266,,
,11,46,3,523,,
,11,49,3,657,,
,11,56,3,18387,,
,11,59,3,4397,,
,11,61,0,19834,,
,11,93,3,20656,,
,11,95,3,13635,,
,110,174,3,449,,
,110,251,3,22109,,
,110,257,3,11419,,
,110,272,3,21351,,
,110,274,3,14280,,
,110,296,3,22560,,
,110,299,3,20264,,
,110,316,3,12318,,
,110,329,3,23622,,
,110,334,3,15496,,
,110,335,3,17,,
,110,350,3,12633,,
,110,352,3,6972,,
,110,368,3,18483,,
,110,378,3,4367,,
,110,384,3,21394,,
,110,62,3,17098,,
,110,78,3,1174,,
,110,80,3,17553,,
,110,82,3,7792,,
,110,91,3,5436,,
,110,93,3,21512,,
,110,95,3,16773,,
,1105,209,3,9394,,
,111,111,3,21465,,
,111,218,3,21767,,
,111,220,3,22651,,
,111,226,3,21064,,
,111,238,3,8130,,
,111,251,3,387,,
,111,260,3,12791,54AB26,FFFFFF
,111,272,3,12070,,
,111,299,3,20546,,
,111,322,3,8373,,
,111,334,3,5921,,
,111,335,3,6465,,
,111,352,3,14318,,
,111,368,3,12143,,
,111,370,3,14782,,
,111,373,3,13656,,
,111,41,3,16852,,
,111,78,3,14556,,
,111,80,3,2883,,
,111,82,3,22342,,
,111,91,3,21081,,
,111,93,3,3643,,
,111,95,3,983,,
,112,111,3,10236,,
,112,136,3,22116,,
,112,199,0,9069,,
,112,238,3,3141,,
,112,240,0,19115,,
,112,251,3,23107,,
,112,257,3,23172,,
,112,272,3,9217,,
,112,274,3,22430,,
,112,296,3,11295,,
,112,299,3,3951,,
,112,322,3,14768,,
,112,329,3,9893,,
,112,334,3,9299,,
,112,335,3,22050,,
,112,352,3,6940,,
,112,368,3,4332,,
,112,370,3,20272,,
,112,373,3,9034,,
,112,378,3,1862,,
,112,384,3,1304,,
,112,82,3,8437,,
,112,91,3,20590,,
,112,93,3,3612,,
,112,95,3,15723,,
,113,136,3,22929,,
,113,238,3,14983,,
,113,251,3,8273,,
,113,257,3,18219,,
,113,274,3,19149,,
,113,335,3,9115,,
,113,352,3,20204,,
,113,368,3,5954,,
,113,370,3,21273,,
,113,373,3,3183,,
,113,374,3,888,,
,113,378,3,21364,,
,113,41,3,3970,,
,113,72,3,7571,,
,113,78,3,13583,,
,113,80,3,22236,,
,113,95,3,17526,,
,113_U,80,3,15412,,
,114,136,3,11194,,
,114,220,3,2160,,
,114,233,3,907,,
,114,238,3,20354,,
,114,251,3,7038,,
,114,257,3,23039,,
,114,274,3,4846,,
,114,335,3,7796,,
,114,352,3,11396,,
,114,368,3,6603,,
,114,370,3,18990,,
,114,374,3,12928,,
,114,378,3,19872,,
,114,384,3,21303,,
,114,41,3,3221,,
,114,72,3,15479,,
,114,78,3,15916,,
,114,80,3,11420,,
,114,91,3,9523,,
,114,95,3,14951,,
,114A,78,3,22977,,
,114_U,80,3,20959,,
,115,111,3,18931,,
,115,220,3,11495,,
,115,238,3,21083,,
,115,251,3,23337,,
,115,272,3,14656,,
,115,274,3,164,,
,115,296,3,9116,,
,115,329,3,16906,,
,115,335,3,11928,,
,115,352,3,15433,,
,115,368,3,2474,,
,115,374,3,19524,,
,115,378,3,156,,
,115,384,3,18753,,
,115,41,3,13613,,
,115,78,3,7450,,
,115,80,3,21369,,
,115,91,3,3923,,
,115,95,3,8779,,
,1151,140,3,10070,,
,1152,36,3,3649,,
,1153,140,3,7518,,
,1155,358,3,20101,,
,1155,36,3,18064,,
,1155 Rufbus,358,3,7160,,
,1158,140,3,2223,,
,1159,36,3,21626,,
,116,220,3,12176,,
,116,238,3,22023,,
,116,251,3,12311,,
,116,257,3,3571,,
,116,272,3,14003,,
,116,274,3,15552,,
,116,335,3,88,,
,116,352,3,20489,,
,116,374,3,16978,,
,116,378,3,15806,,
,116,80,3,20629,,
,116,91,3,16106,,
,116,93,3,17797,,
,116,95,3,18262,,
,1161,36,3,19774,,
,1163,358,3,193,,
,1163 Rufbus,358,3,10452,,
,1164,358,3,18254,,
,1164 Rufbus,358,3,14395,,
,1165,36,3,10250,,
,1166,358,3,8585,,
,1166 Rufbus,358,3,2387,,
,1169,327,3,15713,,
,117,181,3,5377,,
,117,251,3,13881,,
,117,257,3,23351,,
,117,272,3,20433,,
,117,274,3,680,,
,117,329,3,13683,,
,117,335,3,15428,,
,117,352,3,15950,,
,117,368,3,2556,,
,117,374,3,14098,,
,117,378,3,231,,
,117,80,3,19568,,
,117,91,3,4060,,
,117,95,3,6712,,
,1171,358,3,15165,,
,1171 Rufbus,358,3,20552,,
,1172,358,3,23543,,
,1172 Rufbus,358,3,13394,,
,1174,358,3,8735,,
,1174 Rufbus,358,3,13025,,
,1175,140,3,8020,,
,1177,36,3,15578,,
,118,143,3,4100,,
,118,220,3,16907,,
,118,251,3,9819,,
,118,257,3,9672,,
,118,274,3,11281,,
,118,352,3,11801,,
,118,368,3,440,,
,118,374,3,742,,
,118,378,3,8738,,
,118,384,3,16175,,
,118,78,3,6953,,
,118,80,3,20410,,
,118,93,3,22978,,
,118,95,3,23310,,
,1182,36,3,7056,,
,1183,36,3,21915,,
,1184,36,3,6683,,
,1186,36,3,14533,,
,1187,36,3,10127,,
,119,202,3,7493,,
,119,220,3,13255,,
,119,251,3,12107,,
,119,259,3,2562,,
,119,274,3,4740,,
,119,352,3,7801,,
,119,368,3,6896,,
,119,370,3,19222,,
,119,374,3,5506,,
,119,378,3,17576,,
,119,78,3,21319,,
,119,80,3,43,,
,119,91,3,2288,,
,119,93,3,11453,,
,119,95,3,14978,,
,11A,267,3,4306,,
,11A,56,3,8131,,
,11E,35,3,15219,,
,11SFH,249,3,14091,,
,11V,35,3,5165,,
,12,111,3,8674,,
,12,118,0,13804,,
,12,125,3,14218,,
,12,129,3,7981,,
,12,132,3,19332,,
,12,137,3,1322,,
,12,139,3,6118,,
,12,14,3,8633,,
,12,149,3,6897,,
,12,158,3,7371,,
,12,16,3,18526,,
,12,161,3,22971,,
,12,171,3,5645,,
,12,173,3,13646,,
,12,181,0,21815,,
,12,187,3,16510,,
,12,192,3,14911,,
,12,198,0,1042,,
,12,201,3,7578,,
,12,21,3,10471,,
,12,214,3,20120,,
,12,22,1,3274,,
,12,220,3,14984,,
,12,233,3,6293,,
,12,235,3,3631,,
,12,249,3,17683,,
,12,252,3,11746,,
,12,267,3,16522,,
,12,272,3,19800,,
,12,274,3,16786,,
,12,281,3,20177,,
,12,287,3,15841,,
,12,288,3,11802,,
,12,289,3,17117,,
,12,308,3,5936,0097BE,FFFFFF
,12,314,0,5955,,
,12,315,3,3017,,
,12,334,3,21479,,
,12,342,3,1209,,
,12,35,3,11730,,
,12,352,3,20377,,
,12,354,3,17005,,
,12,361,3,2150,,
,12,362,3,64,,
,12,370,3,17702,,
,12,373,3,6027,,
,12,375,0,9053,,
,12,384,0,12464,,
,12,384,3,16501,,
,12,42,3,19391,,
,12,46,3,19701,,
,12,49,3,19467,,
,12,58,0,2947,,
,12,59,3,22326,,
,12,80,3,2027,,
,12,93,3,6271,,
,12,95,3,20789,,
,12/3,288,3,12713,,
,120,106,3,4207,,
,120,181,3,3450,,
,120,190,3,137,,
,120,219,3,20577,,
,120,22,3,9968,,
,120,220,3,3490,,
,120,238,3,19958,,
,120,251,3,9275,,
,120,257,3,15773,,
,120,259,3,11496,,
,120,274,3,4066,,
,120,291,3,441,,
,120,296,3,17509,,
,120,329,3,22055,,
,120,334,3,22180,,
,120,335,3,11180,,
,120,350,3,6739,,
,120,352,3,10453,,
,120,370,3,10424,,
,120,373,3,2129,,
,120,374,3,10098,,
,120,378,3,2523,,
,120,384,3,2139,,
,120,72,3,21143,,
,120,78,3,16844,,
,120,80,3,3114,,
,120,82,3,11713,,
,120,93,3,1055,,
,120,95,3,4934,,
,1201,379,3,22963,,
,1202,379,3,614,,
,1203,379,3,16563,,
,1204,379,3,11911,,
,1205,379,3,22343,,
,121,106,3,8010,,
,121,111,3,23287,,
,121,130,3,10320,,
,121,143,3,559,,
,121,174,3,15154,,
,121,181,3,23681,,
,121,214,3,16296,,
,121,218,3,13075,,
,121,219,3,16653,,
,121,22,3,5866,,
,121,238,3,22051,,
,121,251,3,3768,,
,121,257,3,11563,,
,121,274,3,9725,,
,121,280,3,20983,,
,121,296,3,18614,,
,121,335,3,511,,
,121,368,3,12505,,
,121,370,3,245,,
,121,374,3,7065,,
,121,72,3,17414,,
,121,78,3,21916,,
,121,82,3,12402,,
,121,93,3,5822,,
,121,95,3,3998,,
,1211,379,3,6967,,
,1212,379,3,1897,,
,1213,379,3,18302,,
,1214,379,3,1361,,
,122,1,3,10441,,
,122,111,3,829,,
,122,130,3,16001,,
,122,132,3,16086,,
,122,136,3,257,,
,122,174,3,8969,,
,122,181,3,6119,,
,122,20,3,11695,73D700,FFFFFF
,122,218,3,13007,,
,122,219,3,13549,,
,122,22,3,833,,
,122,220,3,355,,
,122,238,3,18979,,
,122,251,3,14149,,
,122,257,3,6804,,
,122,274,3,17585,,
,122,296,3,15779,,
,122,329,3,13548,,
,122,335,3,19853,,
,122,352,3,9839,,
,122,368,3,633,,
,122,370,3,18263,,
,122,373,3,6344,,
,122,374,3,2056,,
,122,384,3,6836,,
,122,72,3,10211,,
,122,78,3,13527,,
,122,82,3,9439,,
,122,93,3,3149,,
,122,95,3,3613,,
,122 Rufbus,136,3,1506,,
,123,1,3,20418,,
,123,106,3,1934,,
,123,111,3,6931,,
,123,143,3,4475,,
,123,174,3,9950,,
,123,181,3,21004,,
,123,219,3,22517,,
,123,22,3,14873,,
,123,238,3,11022,,
,123,251,3,21286,,
,123,257,3,7323,,
,123,274,3,15400,,
,123,296,3,1755,,
,123,335,3,1034,,
,123,352,3,18450,,
,123,368,3,23668,,
,123,374,3,23447,,
,123,384,3,356,,
,123,82,3,9903,,
,123,93,3,9355,,
,123,95,3,13614,,
,1231,379,3,20845,,
,1232,379,3,7426,,
,1233,379,3,6855,,
,1234,379,3,20916,,
,124,1,3,1288,,
,124,106,3,18836,,
,124,132,3,11388,,
,124,174,3,18795,,
,124,181,3,4108,,
,124,219,3,11257,,
,124,22,3,4838,,
,124,220,3,6421,,
,124,238,3,18303,,
,124,274,3,17337,,
,124,335,3,13299,,
,124,352,3,4775,,
,124,370,3,15121,,
,124,384,3,7261,,
,124,82,3,14004,,
,124,95,3,672,,
,1240,379,3,2759,,
,1241,379,3,776,,
,1242,379,3,3050,,
,1243,379,3,19844,,
,1244,379,3,4820,,
,1245,379,3,16839,,
,1246,379,3,11543,,
,125,106,3,17151,,
,125,143,3,11000,,
,125,174,3,3253,,
,125,181,3,15813,,
,125,190,3,20027,,
,125,199,3,2604,,
,125,219,3,1816,,
,125,22,3,21127,,
,125,238,3,17594,,
,125,251,3,408,,
,125,274,3,2678,,
,125,335,3,9303,,
,125,370,3,18681,,
,125,374,3,6749,,
,125,384,3,13245,,
,125,72,3,22583,,
,125,82,3,8002,,
,125,95,3,11986,,
,1251,379,3,18826,,
,1252,379,3,20335,,
,1253,379,3,19520,,
,1254,379,3,8112,,
,125X,335,3,8059,,
,125s,335,3,13094,,
,126,143,3,2339,,
,126,181,3,21328,,
,126,22,3,15785,,
,126,251,3,8151,,
,126,274,3,22561,,
,126,335,3,3991,,
,126,354,3,15859,,
,126,356,3,16288,,
,126,370,3,18656,,
,126,374,3,18243,,
,126,72,3,11258,,
,126,82,3,22968,,
,126,95,3,8961,,
,127,174,3,2535,,
,127,181,3,19311,,
,127,20,3,14905,73D700,FFFFFF
,127,219,3,14609,,
,127,22,3,22783,,
,127,220,3,2377,,
,127,238,3,1409,,
,127,272,3,10489,,
,127,274,3,19709,,
,127,335,3,6643,,
,127,352,3,20038,,
,127,36,3,17211,,
,127,370,3,11224,,
,127,374,3,20172,,
,127,95,3,13375,,
,128,219,3,21278,,
,128,22,3,310,,
,128,238,3,15487,,
,128,274,3,12792,,
,128,335,3,1163,,
,128,352,3,13300,,
,128,370,3,16921,,
,128,374,3,6040,,
,128,384,3,13256,,
,128,82,3,964,,
,128,95,3,4726,,
,129,132,3,22063,,
,129,199,3,10835,,
,129,219,3,17952,,
,129,22,3,16494,,
,129,274,3,6954,,
,129,335,3,1558,,
,129,352,3,8339,,
,129,370,3,4167,,
,129,374,3,17396,,
,129,379,3,14377,,
,129,82,3,11288,,
,129,95,3,14584,,
,1291,20,3,5798,73D700,FFFFFF
,12A,361,3,10705,,
,12ALT,35,3,22903,,
,12E,375,0,22375,,
,13,111,3,21113,,
,13,118,0,21395,,
,13,129,3,22938,,
,13,132,3,16007,,
,13,137,3,12793,,
,13,14,3,9145,,
,13,147,3,266,,
,13,158,3,1834,,
,13,16,3,17470,,
,13,171,3,8252,,
,13,173,3,21896,,
,13,181,0,9894,,
,13,187,3,9170,,
,13,192,3,7451,,
,13,201,3,3462,,
,13,21,3,15057,,
,13,214,3,18581,,
,13,22,1,17466,,
,13,220,3,21107,,
,13,233,3,14309,,
,13,235,3,3446,,
,13,249,3,3552,,
,13,250,0,12936,,
,13,267,3,8659,,
,13,272,3,322,,
,13,274,3,22042,,
,13,286,3,10190,,
,13,289,3,5770,,
,13,315,3,3106,,
,13,318,3,13862,,
,13,334,3,10981,,
,13,342,3,23637,,
,13,352,3,14262,,
,13,354,3,9606,,
,13,361,3,18128,,
,13,362,3,12730,,
,13,365,3,13630,,
,13,370,3,7161,,
,13,373,3,5810,,
,13,41,3,13833,,
,13,42,3,22789,,
,13,93,3,3761,,
,13,95,3,11934,,
,13/4,288,3,1136,,
,130,117,3,17437,,
,130,132,3,9440,,
,130,181,3,11218,,
,130,199,3,508,,
,130,219,3,20907,,
,130,22,3,19340,,
,130,220,3,1898,,
,130,240,3,1368,,
,130,257,3,1256,,
,130,274,3,11739,,
,130,280,3,14987,,
,130,322,3,3380,,
,130,329,3,5208,,
,130,334,3,119,,
,130,344,3,4734,,
,130,350,3,1706,,
,130,354,3,19820,,
,130,370,3,20281,,
,130,384,3,11508,,
,130,58,3,14039,,
,130,78,3,3302,,
,130,80,3,11137,,
,130,82,3,14178,,
,130,95,3,14032,,
,1301,113,3,4345,,
,1301,327,3,9846,,
,1302,113,3,12230,,
,1302,334,3,18502,,
,1303,113,3,6401,,
,1303,334,3,12538,,
,1304,113,3,22983,,
,1304,20,3,20265,73D700,FFFFFF
,1304A,20,3,5675,73D700,FFFFFF
,1305,113,3,11772,,
,1305,20,3,14502,73D700,FFFFFF
,1307,20,3,22323,73D700,FFFFFF
,1307,334,3,14829,,
,1309,334,3,18639,,
,130A,251,3,5220,,
,130B,251,3,19752,,
,131,117,3,14157,,
,131,130,3,5348,,
,131,132,3,5250,,
,131,140,3,21824,,
,131,181,3,14513,,
,131,199,3,3540,,
,131,214,3,5507,,
,131,218,3,21700,,
,131,219,3,6660,,
,131,220,3,2728,,
,131,238,3,9078,,
,131,251,3,5745,,
,131,257,3,3386,,
,131,274,3,18314,,
,131,280,3,13351,,
,131,314,3,11954,,
,131,322,3,2399,,
,131,327,3,7507,,
,131,335,3,7562,,
,131,344,3,16516,,
,131,368,3,13489,,
,131,373,3,4298,,
,131,374,3,7039,,
,131,384,3,1866,,
,131,78,3,1381,,
,131,80,3,4527,,
,131,82,3,16341,,
,131,95,3,6301,,
,1310,113,3,6226,,
,1310,334,3,13301,,
,1311,334,3,8223,,
,1312,334,3,18008,,
,1313,334,3,19869,,
,1315,334,3,5985,,
,1317,334,3,2289,,
,132,101,3,11380,,
,132,180,3,17006,,
,132,181,3,23725,,
,132,214,3,3229,,
,132,218,3,12102,,
,132,219,3,21841,,
,132,238,3,17397,,
,132,251,3,22676,,
,132,257,3,3632,,
,132,260,3,6932,57B006,FFFFFF
,132,280,3,14917,,
,132,299,3,11007,,
,132,327,3,9617,,
,132,329,3,19137,,
,132,335,3,17763,,
,132,344,3,7464,,
,132,352,3,4363,,
,132,370,3,858,,
,132,373,3,17764,,
,132,374,3,18754,,
,132,58,3,18971,,
,132,72,3,23502,,
,132,78,3,22841,,
,132,80,3,13921,,
,132,95,3,14688,,
,1320,334,3,13528,,
,1321,20,3,4504,73D700,FFFFFF
,1321,334,3,7246,,
,1322,20,3,23587,73D700,FFFFFF
,1322,334,3,8157,,
,1322,379,3,766,,
,1323,334,3,8809,,
,1323,379,3,22684,,
,1324,20,3,23788,73D700,FFFFFF
,1326,20,3,7501,73D700,FFFFFF
,1327,20,3,20675,73D700,FFFFFF
,1328,20,3,16642,73D700,FFFFFF
,1329,20,3,13870,73D700,FFFFFF
,1329,334,3,20796,,
,133,130,3,15326,,
,133,132,3,2265,,
,133,174,3,8355,,
,133,181,3,18041,,
,133,214,3,15210,,
,133,218,3,10150,,
,133,219,3,21088,,
,133,22,3,5530,,
,133,220,3,2003,,
,133,238,3,401,,
,133,251,3,6505,,
,133,257,3,12457,,
,133,274,3,15728,,
,133,327,3,4551,,
,133,335,3,19138,,
,133,344,3,15967,,
,133,352,3,11109,,
,133,373,3,19080,,
,133,374,3,9530,,
,133,384,3,16957,,
,133,80,3,9042,,
,133,82,3,1697,,
,133,95,3,23263,,
,1330,379,3,20785,,
,1331,379,3,6209,,
,1332,379,3,14683,,
,1333,379,3,11516,,
,1334,379,3,23293,,
,1335,379,3,4990,,
,1336,20,3,9895,73D700,FFFFFF
,1336,379,3,19035,,
,1337,334,3,11487,,
,1337,379,3,2458,,
,1338,334,3,1323,,
,1338,379,3,19004,,
,1339,334,3,19793,,
,1339,379,3,3230,,
,134,1,3,146,,
,134,117,3,17319,,
,134,132,3,19013,,
,134,181,3,15942,,
,134,199,3,11207,,
,134,218,3,18986,,
,134,22,3,1498,,
,134,220,3,2388,,
,134,238,3,16183,,
,134,251,3,12049,,
,134,257,3,18582,,
,134,280,3,22316,,
,134,335,3,23699,,
,134,344,3,12683,,
,134,356,3,76,,
,134,370,3,1478,,
,134,373,3,3189,,
,134,374,3,17783,,
,134,379,3,5166,,
,134,384,3,2784,,
,134,58,3,503,,
,134,80,3,2788,,
,134,82,3,14665,,
,134,95,3,19863,,
,1340,20,3,6798,73D700,FFFFFF
,1340,334,3,12338,,
,1340,379,3,15893,,
,1343,334,3,21261,,
,1344,334,3,8043,,
,1346,334,3,21583,,
,135,1,3,2876,,
,135,181,3,11831,,
,135,199,3,14776,,
,135,219,3,22090,,
,135,22,3,17300,,
,135,220,3,20535,,
,135,238,3,12622,,
,135,251,3,8497,,
,135,329,3,22633,,
,135,335,3,17866,,
,135,344,3,22292,,
,135,352,3,4476,,
,135,373,3,12565,,
,135,374,3,20102,,
,135,384,3,20460,,
,135,58,3,11824,,
,135,82,3,12200,,
,135,95,3,12871,,
,1351,334,3,11337,,
,1352,334,3,9797,,
,1353,334,3,21768,,
,1354,334,3,15646,,
,136,143,3,13084,,
,136,181,3,16582,,
,136,199,3,19373,,
,136,219,3,221,,
,136,22,3,1049,,
,136,220,3,12946,,
,136,238,3,22191,,
,136,251,3,22863,,
,136,257,3,22445,,
,136,274,3,7590,,
,136,280,3,13948,,
,136,335,3,15161,,
,136,344,3,11289,,
,136,352,3,3283,,
,136,370,3,21569,,
,136,374,3,3525,,
,136,384,3,2743,,
,136,58,3,4436,,
,136,80,3,18827,,
,136,82,3,4070,,
,136,95,3,1374,,
,1360,20,3,15983,73D700,FFFFFF
,1360A,20,3,3870,73D700,FFFFFF
,1360B,20,3,3305,73D700,FFFFFF
,1361,20,3,16787,73D700,FFFFFF
,1367,379,3,21135,,
,137,219,3,15031,,
,137,22,3,21548,,
,137,220,3,9531,,
,137,238,3,7127,,
,137,251,3,6236,,
,137,335,3,8498,,
,137,344,3,8675,,
,137,370,3,23139,,
,137,374,3,3787,,
,137,384,3,12703,,
,137,82,3,23640,,
,137,95,3,18102,,
,1377,20,3,19968,73D700,FFFFFF
,1378,379,3,15137,,
,1379,379,3,13514,,
,137A,352,3,16402,,
,137B,352,3,8796,,
,137C,352,3,22099,,
,137D,352,3,20039,,
,137E,352,3,10472,,
,138,132,3,9922,,
,138,181,3,15101,,
,138,219,3,9974,,
,138,220,3,6968,,
,138,238,3,19901,,
,138,251,3,12002,,
,138,274,3,20643,,
,138,335,3,12653,,
,138,344,3,1749,,
,138,352,3,16845,,
,138,370,3,496,,
,138,374,3,9029,,
,138,78,3,3387,,
,138,82,3,2979,,
,138,95,3,11058,,
,1380,379,3,5650,,
,1381,20,3,873,73D700,FFFFFF
,1381,379,3,4162,,
,1382,20,3,19107,73D700,FFFFFF
,1382,379,3,23290,,
,1389,20,3,19369,73D700,FFFFFF
,139,132,3,20954,,
,139,181,3,21847,,
,139,199,3,11696,,
,139,219,3,21069,,
,139,220,3,1043,,
,139,238,3,3697,,
,139,251,3,14008,,
,139,274,3,21659,,
,139,335,3,5698,,
,139,344,3,11208,,
,139,384,3,13529,,
,139,58,3,13891,,
,139,82,3,22363,,
,139,95,3,23206,,
,13A,35,3,7173,,
,13B,35,3,10198,,
,14,11,3,16638,,
,14,111,3,10369,,
,14,129,3,14073,,
,14,132,3,17477,,
,14,137,3,5144,,
,14,14,3,11758,,
,14,147,3,10836,,
,14,149,3,22278,,
,14,158,3,8849,,
,14,16,3,6181,,
,14,171,3,6644,,
,14,173,3,1570,,
,14,187,3,12108,,
,14,192,3,12929,,
,14,196,3,17352,,
,14,198,0,13863,,
,14,201,3,8528,,
,14,21,3,9761,,
,14,233,3,22082,,
,14,235,3,20696,,
,14,249,3,5072,,
,14,252,3,13598,,
,14,258,3,16925,,
,14,267,3,20758,,
,14,272,3,5497,,
,14,274,3,4552,,
,14,276,3,8619,,
,14,286,3,22939,,
,14,287,3,14040,,
,14,288,3,10006,,
,14,289,3,14417,,
,14,299,3,5970,,
,14,308,3,13076,009B56,FFFFFF
,14,314,0,10071,,
,14,318,3,3734,,
,14,334,3,17422,,
,14,342,3,10132,,
,14,35,3,23749,,
,14,361,3,14759,,
,14,362,3,8701,,
,14,365,3,12089,,
,14,370,3,15226,,
,14,373,3,2828,,
,14,41,3,21691,,
,14,42,3,10762,,
,14,49,3,13640,,
,14,58,0,21503,,
,14,59,3,9798,,
,14,93,3,17608,,
,14,95,3,4671,,
,140,117,3,3557,,
,140,132,3,8609,,
,140,181,3,16491,,
,140,202,3,18980,,
,140,220,3,22888,,
,140,238,3,7822,,
,140,251,3,15780,,
,140,257,3,11850,,
,140,274,3,23470,,
,140,280,3,19041,,
,140,329,3,10895,,
,140,335,3,15897,,
,140,344,3,4608,,
,140,350,3,17166,,
,140,352,3,9171,,
,140,354,3,8319,,
,140,370,3,8780,,
,140,374,3,21881,,
,140,384,3,4257,,
,140,58,3,15866,,
,140,78,3,10796,,
,140,80,3,18698,,
,140,91,3,6388,,
,140,95,3,3825,,
,1401,346,3,10877,,
,1402,346,3,9377,,
,1403,346,3,12270,,
,1404,346,3,1257,,
,1405,346,3,21387,,
,1406,346,3,7559,,
,1407,346,3,13519,,
,1408,346,3,4847,,
,141,106,3,16858,,
,141,117,3,10519,,
,141,130,3,14499,,
,141,132,3,16908,,
,141,140,3,12896,,
,141,181,3,7387,,
,141,20,3,10416,73D700,FFFFFF
,141,202,3,15874,,
,141,214,3,23064,,
,141,218,3,18402,,
,141,220,3,22287,,
,141,238,3,10864,,
,141,251,3,17812,,
,141,257,3,15991,,
,141,260,3,18540,54AB26,FFFFFF
,141,272,3,370,,
,141,274,3,17595,,
,141,322,3,11858,,
,141,344,3,23459,,
,141,352,3,2084,,
,141,370,3,7287,,
,141,373,3,13664,,
,141,374,3,15724,,
,141,381,3,34,,
,141,58,3,23376,,
,141,78,3,68,,
,141,91,3,13275,,
,141,95,3,9770,,
,1410,346,3,12966,,
,1416,346,3,21620,,
,141E,238,3,2459,,
,142,101,3,7723,,
,142,132,3,18304,,
,142,181,3,3345,,
,142,202,3,12,,
,142,238,3,1000,,
,142,251,3,5378,,
,142,257,3,17480,,
,142,272,3,20980,,
,142,274,3,18422,,
,142,280,3,20829,,
,142,322,3,20095,,
,142,329,3,19569,,
,142,344,3,4858,,
,142,352,3,22219,,
,142,370,3,22622,,
,142,374,3,7958,,
,142,379,3,20068,,
,142,384,3,348,,
,142,58,3,7057,,
,142,78,3,16416,,
,142,80,3,8361,,
,142,91,3,7759,,
,142,95,3,10543,,
,1421,346,3,8648,,
,1422,346,3,7853,,
,1423,346,3,15344,,
,1424,346,3,2266,,
,1425,346,3,21119,,
,1426,346,3,44,,
,1427,346,3,20722,,
,1428,346,3,18527,,
,1429,346,3,9878,,
,143,11,3,20247,,
,143,181,3,190,,
,143,202,3,1087,,
,143,214,3,2857,,
,143,218,3,23739,,
,143,220,3,17922,,
,143,238,3,4521,,
,143,240,3,11044,,
,143,251,3,5816,,
,143,257,3,15174,,
,143,274,3,15313,,
,143,314,3,813,,
,143,335,3,19788,,
,143,344,3,4083,,
,143,352,3,11593,,
,143,370,3,246,,
,143,384,3,12654,,
,143,58,3,18650,,
,143,72,3,15467,,
,143,78,3,20059,,
,143,80,3,7060,,
,143,91,3,11059,,
,143,95,3,15441,,
,1430,346,3,17645,,
,1431,346,3,11660,,
,1433,346,3,1971,,
,1434,346,3,20930,,
,1435,346,3,9456,,
,1437,346,3,8977,,
,1438,346,3,16225,,
,144,106,3,8378,,
,144,132,3,18091,,
,144,140,3,21566,,
,144,181,3,11759,,
,144,20,3,11088,73D700,FFFFFF
,144,202,3,2694,,
,144,238,3,5309,,
,144,251,3,819,,
,144,280,3,8714,,
,144,335,3,9710,,
,144,344,3,4538,,
,144,370,3,14130,,
,144,374,3,12023,,
,144,58,3,5531,,
,144,78,3,6164,,
,144,80,3,2732,,
,144,95,3,378,,
,145,106,3,14055,,
,145,132,3,1616,,
,145,140,3,20834,,
,145,181,3,10811,,
,145,202,3,7214,,
,145,220,3,12144,,
,145,238,3,16853,,
,145,251,3,1739,,
,145,274,3,14666,,
,145,335,3,13842,,
,145,344,3,11691,,
,145,350,3,2931,,
,145,374,3,1044,,
,145,58,3,9799,,
,145,72,3,18964,,
,145,78,3,12380,,
,145,91,3,10803,,
,145,95,3,19175,,
,1451,327,3,22759,,
,1451.1,327,3,5053,,
,1452,327,3,9659,,
,1454,24,3,11832,,
,1454,327,3,14837,,
,1454.1,327,3,12103,,
,1454.2,327,3,5306,,
,145s,335,3,9860,,
,146,101,3,18042,,
,146,106,3,1637,,
,146,132,3,5299,,
,146,181,3,6773,,
,146,202,3,17880,,
,146,220,3,4249,,
,146,238,3,22471,,
,146,251,3,16625,,
,146,274,3,23040,,
,146,280,3,2785,,
,146,352,3,932,,
,146,36,3,5091,,
,146,370,3,14500,,
,146,374,3,11237,,
,146,78,3,18307,,
,146,91,3,16322,,
,146,95,3,16047,,
,1465,327,3,6787,,
,1465.1,327,3,22288,,
,1467,327,3,17328,,
,1468,327,3,14066,,
,1469,327,3,23420,,
,1469.1,327,3,19275,,
,1469.2,327,3,6124,,
,1469.3,327,3,10304,,
,147,132,3,22181,,
,147,181,3,19664,,
,147,238,3,17730,,
,147,251,3,544,,
,147,280,3,8996,,
,147,327,3,18707,,
,147,329,3,13153,,
,147,344,3,5730,,
,147,352,3,12863,,
,147,370,3,20251,,
,147,384,3,17684,,
,147,69,3,5791,,
,147,78,3,22541,,
,147,95,3,11404,,
,1475,327,3,3658,,
,1478,327,3,16346,,
,1479,327,3,14601,,
,147A,78,3,8595,,
,148,101,3,16691,,
,148,132,3,16352,,
,148,181,3,20424,,
,148,238,3,11994,,
,148,251,3,5538,,
,148,344,3,19910,,
,148,370,3,20714,,
,148,78,3,13202,,
,148,91,3,22034,,
,148,95,3,7888,,
,1481,379,3,10382,,
,1482,379,3,293,,
,149,101,3,13871,,
,149,132,3,19379,,
,149,181,3,15572,,
,149,220,3,17531,,
,149,251,3,22601,,
,149,274,3,12411,,
,149,344,3,9930,,
,149,350,3,9840,,
,149,352,3,9059,,
,149,370,3,3360,,
,149,58,3,23189,,
,149,78,3,6105,,
,1491,20,3,8781,73D700,FFFFFF
,149s,335,3,4154,,
,14E,35,3,10968,,
,15,104,3,2684,,
,15,129,3,1195,,
,15,132,3,17813,,
,15,137,3,688,,
,15,14,3,349,,
,15,142,3,8120,,
,15,149,3,14585,,
,15,16,3,3267,,
,15,171,3,22124,,
,15,173,3,5592,,
,15,181,0,23134,,
,15,187,3,18635,,
,15,196,3,3776,,
,15,198,0,4727,,
,15,201,3,19362,,
,15,21,3,16683,,
,15,220,3,9532,,
,15,235,3,3920,,
,15,249,3,12799,,
,15,252,3,6128,,
,15,258,3,6024,,
,15,267,3,1799,,
,15,272,3,3680,,
,15,274,3,14254,,
,15,276,3,2224,,
,15,281,3,10578,,
,15,287,3,9239,,
,15,288,3,18330,,
,15,289,3,1232,,
,15,299,3,11869,,
,15,308,3,22913,00867A,FFFFFF
,15,314,0,23765,,
,15,318,3,8274,,
,15,334,3,18869,,
,15,342,3,17814,,
,15,349,3,13665,,
,15,35,3,866,,
,15,356,3,15177,,
,15,362,3,17200,,
,15,365,3,702,,
,15,370,3,4199,,
,15,373,3,19045,,
,15,39,3,4560,,
,15,41,3,948,,
,15,42,3,8566,,
,15,46,3,8208,,
,15,49,3,14319,,
,15,80,3,5600,,
,15,9,3,10532,,
,15,93,3,18554,,
,15,95,3,4821,,
,150,101,3,19046,,
,150,117,3,1617,,
,150,181,3,5907,,
,150,220,3,7122,,
,150,238,3,17064,,
,150,251,3,8723,,
,150,274,3,8652,,
,150,329,3,4346,,
,150,334,3,17550,,
,150,344,3,5922,,
,150,350,3,19939,,
,150,354,3,14150,,
,150,356,3,8829,,
,150,374,3,2447,,
,150,379,3,534,,
,150,384,3,4404,,
,150,58,3,13515,,
,150,80,3,9242,,
,150,91,3,8247,,
,1501,353,3,6281,,
,1502,353,3,18343,,
,1503,353,3,22822,,
,1504,353,3,22216,,
,1505,353,3,5578,,
,1506,353,3,9524,,
,1507,353,3,13929,,
,1508,353,3,21436,,
,1509,353,3,20955,,
,151,111,3,918,,
,151,132,3,22157,,
,151,181,3,5425,,
,151,199,3,9043,,
,151,214,3,12968,,
,151,218,3,4822,,
,151,220,3,6568,,
,151,238,3,12513,,
,151,251,3,16066,,
,151,257,3,13077,,
,151,274,3,3762,,
,151,322,3,796,,
,151,335,3,1210,,
,151,356,3,19639,,
,151,365,3,22638,,
,151,370,3,8060,,
,151,373,3,10160,,
,151,379,3,1140,,
,151,58,3,402,,
,151,78,3,7560,,
,151,80,3,8144,,
,151,82,3,9541,,
,151,91,3,13906,,
,151,95,3,15162,,
,1510,353,3,9861,,
,1511,353,3,20343,,
,1512,353,3,600,,
,1513,353,3,1776,,
,1514,353,3,1920,,
,1515,353,3,21246,,
,1516,353,3,21866,,
,1517,353,3,2460,,
,1518,353,3,7966,,
,152,111,3,11736,,
,152,132,3,21671,,
,152,143,3,11081,,
,152,181,3,23448,,
,152,218,3,1153,,
,152,220,3,20002,,
,152,238,3,1921,,
,152,257,3,15096,,
,152,274,3,2592,,
,152,322,3,834,,
,152,335,3,1905,,
,152,344,3,18615,,
,152,352,3,16447,,
,152,356,3,8706,,
,152,365,3,21352,,
,152,370,3,6879,,
,152,80,3,7710,,
,152,82,3,4055,,
,152,91,3,3591,,
,152,95,3,19560,,
,152A,111,3,18484,,
,153,181,3,8935,,
,153,202,3,5908,,
,153,218,3,7644,,
,153,220,3,23276,,
,153,238,3,15220,,
,153,251,3,19613,,
,153,257,3,16765,,
,153,274,3,14508,,
,153,322,3,4336,,
,153,335,3,5337,,
,153,344,3,18779,,
,153,356,3,6535,,
,153,370,3,23766,,
,153,58,3,14287,,
,153,82,3,7084,,
,153,91,3,18423,,
,153,95,3,20032,,
,154,111,3,15657,,
,154,117,3,16470,,
,154,132,3,12676,,
,154,181,3,22035,,
,154,202,3,13215,,
,154,214,3,21733,,
,154,218,3,1037,,
,154,220,3,519,,
,154,238,3,19761,,
,154,257,3,1099,,
,154,274,3,20510,,
,154,322,3,5087,,
,154,334,3,8349,,
,154,335,3,17629,,
,154,352,3,23794,,
,154,356,3,21504,,
,154,370,3,23720,,
,154,379,3,4143,,
,154,384,3,21045,,
,154,58,3,16818,,
,154,78,3,20190,,
,154,82,3,10079,,
,154,91,3,12634,,
,1545,379,3,19092,,
,1546,9,3,11110,,
,1547,9,3,4679,,
,1548,9,3,1707,,
,155,111,3,12050,,
,155,117,3,15413,,
,155,132,3,19239,,
,155,181,3,18657,,
,155,202,3,8955,,
,155,220,3,20759,,
,155,238,3,6826,,
,155,257,3,1100,,
,155,260,3,2995,A8CF6B,
,155,274,3,2418,,
,155,335,3,16590,,
,155,370,3,21013,,
,155,379,3,9267,,
,155,384,3,16376,,
,155,58,3,12381,,
,155,78,3,16675,,
,155,91,3,4903,,
,155,95,3,17287,,
,1551,9,3,8858,,
,1554,9,3,12684,,
,1555,9,3,8394,,
,1556,344,3,478,,
,1556,9,3,759,,
,1557,344,3,8068,,
,1559,9,3,12255,,
,155A,78,3,10878,,
,156,111,3,8610,,
,156,132,3,5568,,
,156,181,3,13508,,
,156,220,3,16433,,
,156,238,3,11531,,
,156,251,3,11598,,
,156,257,3,365,,
,156,274,3,7184,,
,156,334,3,15251,,
,156,352,3,8492,,
,156,370,3,6041,,
,156,384,3,20266,,
,156,91,3,1196,,
,156,95,3,19672,,
,1561,9,3,11202,,
,1562,9,3,3721,,
,1564,9,3,2964,,
,1566,72,3,17235,,
,1568,9,3,16543,,
,157,132,3,15437,,
,157,181,3,22371,,
,157,20,3,23032,73D700,FFFFFF
,157,220,3,2044,,
,157,238,3,14263,,
,157,251,3,2818,,
,157,257,3,18366,,
,157,274,3,1582,,
,157,334,3,5272,,
,157,352,3,3921,,
,157,370,3,12878,,
,157,374,3,5443,,
,157,58,3,2351,,
,157,91,3,10473,,
,1571,344,3,10790,,
,1572,9,3,22182,,
,1574,9,3,13307,,
,1576,9,3,5823,,
,1577,9,3,11946,,
,1578,327,3,12696,,
,157A,20,3,11074,73D700,FFFFFF
,158,181,3,16656,,
,158,238,3,21101,,
,158,251,3,7896,,
,158,257,3,23575,,
,158,274,3,6566,,
,158,335,3,10087,,
,158,352,3,9937,,
,158,365,3,13177,,
,158,370,3,13089,,
,158,374,3,2092,,
,158,384,3,20520,,
,158,58,3,1324,,
,158,91,3,16898,,
,158,95,3,15621,,
,1581,9,3,6398,,
,1582,9,3,10490,,
,1583,327,3,22807,,
,1585,72,3,350,,
,1586,9,3,18855,,
,1587,9,3,5651,,
,1588,9,3,23623,,
,159,181,3,22904,,
,159,202,3,11672,,
,159,238,3,8715,,
,159,251,3,14752,,
,159,257,3,17630,,
,159,274,3,20382,,
,159,335,3,16502,,
,159,350,3,7071,,
,159,352,3,18602,,
,159,370,3,12872,,
,159,374,3,21374,,
,159,58,3,11431,,
,159,78,3,10269,,
,1591,9,3,3744,,
,1593,9,3,18033,,
,1598,91,3,8477,,
,15ALT,35,3,5456,,
,15E11,353,3,14932,,
,15E12,353,3,5243,,
,15E13,353,3,10321,,
,15E15,353,3,12109,,
,15E17,353,3,17720,,
,15E18,353,3,8877,,
,15E19,353,3,14400,,
,15E2,353,3,19240,,
,15E20,353,3,21082,,
,15E21,353,3,3820,,
,15E3,353,3,10481,,
,15E4,353,3,1298,,
,15E6,353,3,3258,,
,15E7,353,3,16145,,
,15E8,353,3,19940,,
,15E9,353,3,19710,,
,15V22,353,3,9491,,
,15a,276,3,23144,,
,15b,276,3,13166,,
,16,104,3,17226,,
,16,11,3,18331,,
,16,111,3,8502,,
,16,129,3,8028,,
,16,132,3,14204,,
,16,137,3,1164,,
,16,14,3,21903,,
,16,142,3,23060,,
,16,149,3,17206,,
,16,158,3,22043,,
,16,181,0,9680,,
,16,187,3,5991,,
,16,192,3,21075,,
,16,198,0,2039,,
,16,21,3,8752,,
,16,220,3,120,,
,16,233,3,1258,,
,16,244,3,23264,,
,16,249,3,8551,,
,16,258,3,20601,,
,16,272,3,19854,,
,16,274,3,8473,,
,16,275,3,19202,,
,16,276,3,3316,,
,16,281,3,1337,,
,16,287,3,7331,,
,16,289,3,14799,,
,16,299,3,1872,,
,16,308,3,550,6CBE99,FFFFFF
,16,314,0,17826,,
,16,318,3,15699,FF3399,FFFFFF
,16,334,3,17039,,
,16,342,3,2760,,
,16,35,3,1982,,
,16,354,3,19399,,
,16,356,3,4285,,
,16,361,3,19762,,
,16,362,3,20092,,
,16,365,3,13336,,
,16,370,3,8402,,
,16,373,3,9502,,
,16,375,0,14088,,
,16,384,0,11464,,
,16,42,3,6633,,
,16,46,3,10746,,
,16,49,3,14346,,
,16,58,0,22110,,
,16,93,3,19406,,
,16,95,3,1101,,
,160,101,3,13572,,
,160,118,3,14684,,
,160,130,3,18122,,
,160,132,3,12839,,
,160,181,3,3821,,
,160,190,3,21473,,
,160,202,3,22314,,
,160,218,3,5181,,
,160,220,3,7948,,
,160,238,3,16944,,
,160,251,3,1094,,
,160,274,3,10458,,
,160,296,3,18863,,
,160,322,3,8753,2F53A7,FFFFFF
,160,327,3,6409,,
,160,329,3,11949,,
,160,334,3,4267,,
,160,335,3,3926,,
,160,344,3,19714,,
,160,350,3,3549,,
,160,352,3,1328,,
,160,365,3,17867,,
,160,370,3,18503,,
,160,384,3,15734,,
,160,58,3,21848,,
,160,80,3,23817,,
,160,91,3,22827,,
,160,95,3,21212,,
,160028,129,3,20047,,
,160091,129,3,2695,,
,160097,129,3,2396,,
,160098,129,3,10601,,
,1601,24,3,18244,,
,160100,129,3,23384,,
,160101,129,3,14209,,
,160102,129,3,8600,,
,160103,129,3,5431,,
,160104,129,3,23242,,
,160105,129,3,19577,,
,160106,129,3,202,,
,160107,129,3,11118,,
,160108,129,3,17478,,
,160109,129,3,9146,,
,160110,129,3,19464,,
,160112,129,3,11096,,
,160118,129,3,8823,,
,160136,129,3,15885,,
,160158,129,3,5286,,
,160161,129,3,2563,,
,160180,129,3,7502,,
,1602,24,3,9137,,
,1603,24,3,21262,,
,1606,24,3,1452,,
,1607,24,3,7649,,
,1608,24,3,20752,,
,1609,24,3,14106,,
,161,106,3,17040,,
,161,117,3,20143,,
,161,118,3,442,,
,161,174,3,11615,,
,161,181,3,15886,,
,161,202,3,15102,,
,161,220,3,4998,,
,161,238,3,4828,,
,161,251,3,20369,,
,161,299,3,9527,,
,161,322,3,11234,,
,161,335,3,6084,,
,161,344,3,1354,,
,161,352,3,23227,,
,161,354,3,173,,
,161,365,3,18712,,
,161,370,3,19266,,
,161,374,3,165,,
,161,384,3,11943,,
,161,58,3,17353,,
,161,78,3,2040,,
,161,80,3,19203,,
,161,91,3,3238,,
,161,95,3,13520,,
,1611,24,3,1238,,
,1612,24,3,4568,,
,162,117,3,14418,,
,162,118,3,22815,,
,162,181,3,8152,,
,162,202,3,3024,,
,162,220,3,9951,,
,162,238,3,11861,,
,162,314,3,16750,,
,162,322,3,8187,,
,162,335,3,11328,,
,162,352,3,9729,,
,162,354,3,8676,,
,162,365,3,18828,,
,162,374,3,16716,,
,162,384,3,10797,,
,162,58,3,23616,,
,162,80,3,5369,,
,162,91,3,11854,,
,162,95,3,13990,,
,162167,129,3,634,,
,162217,129,3,2621,,
,162510,129,3,22518,,
,162511,129,3,17984,,
,162512,129,3,13313,,
,162513,129,3,10819,,
,162514,129,3,1823,,
,162515,129,3,15740,,
,162516,129,3,1129,,
,162517,129,3,16854,,
,162518,129,3,1629,,
,162520,129,3,17646,,
,162523,129,3,11082,,
,162524,129,3,15336,,
,162548,129,3,11918,,
,162s,335,3,8209,,
,163,106,3,15767,,
,163,117,3,23549,,
,163,118,3,3150,,
,163,132,3,10930,,
,163,174,3,8327,,
,163,20,3,7489,73D700,FFFFFF
,163,238,3,5437,,
,163,335,3,17994,,
,163,352,3,7029,,
,163,354,3,4273,,
,163,370,3,7989,,
,163,374,3,1169,,
,163,384,3,7744,,
,163,58,3,4482,,
,163,72,3,12613,,
,163,78,3,21834,,
,163,80,3,13954,,
,163,82,3,17927,,
,163,91,3,12623,,
,163,95,3,17110,,
,1631,24,3,5508,,
,1632,24,3,8762,,
,164,106,3,19521,,
,164,118,3,20298,,
,164,202,3,15480,,
,164,238,3,2610,,
,164,322,3,11497,,
,164,335,3,15348,,
,164,352,3,15762,,
,164,356,3,7133,,
,164,384,3,7739,,
,164,58,3,20536,,
,164,78,3,10851,,
,164,82,3,18315,,
,164,91,3,19067,,
,1641,24,3,1671,,
,165,106,3,22790,,
,165,181,3,11965,,
,165,238,3,10326,,
,165,352,3,23255,,
,165,356,3,23001,,
,165,370,3,4929,,
,165,384,3,7228,,
,165,58,3,22760,,
,165,78,3,1056,,
,165,82,3,11075,,
,165,91,3,21584,,
,1651,24,3,12256,,
,1652,24,3,16734,,
,1653,24,3,3962,,
,1654,24,3,11271,,
,165A,78,3,19801,,
,166,101,3,6487,,
,166,118,3,1289,,
,166,174,3,7677,,
,166,181,3,12924,,
,166,202,3,4960,,
,166,274,3,11381,,
,166,350,3,1309,,
,166,354,3,8872,,
,166,370,3,19166,,
,166,384,3,10499,,
,166,58,3,14800,,
,166,78,3,23326,,
,166,91,3,19695,,
,1661,24,3,17960,,
,1662,24,3,4895,,
,166A,78,3,7162,,
,167,101,3,12483,,
,167,140,3,6090,,
,167,181,3,4358,,
,167,20,3,13973,73D700,FFFFFF
,167,220,3,9862,,
,167,274,3,23721,,
,167,365,3,19400,,
,167,370,3,9726,,
,167,374,3,14099,,
,167,58,3,5050,,
,167,78,3,11026,,
,167,91,3,20461,,
,1671,24,3,13684,,
,1672,24,3,15513,,
,1673,24,3,4906,,
,168,220,3,22987,,
,168,274,3,6587,,
,168,352,3,12542,,
,168,365,3,12412,,
,168,370,3,21831,,
,168,374,3,2019,,
,168,384,3,14440,,
,168,58,3,1804,,
,168,78,3,101,,
,168,82,3,19051,,
,168,91,3,23791,,
,1681,24,3,16847,,
,169,202,3,5058,,
,169,220,3,12096,,
,169,274,3,16019,,
,169,350,3,20200,,
,169,365,3,18997,,
,169,370,3,14335,,
,169,374,3,13770,,
,169,384,3,18283,,
,169,58,3,12167,,
,169,73,3,16067,,
,169,78,3,5338,,
,1691,24,3,8740,,
,1692,24,3,21155,,
,1693,24,3,7003,,
,1694,24,3,19891,,
,16E,35,3,17430,,
,16E,361,3,14685,,
,16a,276,3,16523,,
,17,104,3,14818,,
,17,111,3,22984,,
,17,129,3,1344,,
,17,14,3,17928,,
,17,147,3,16098,,
,17,149,3,14906,,
,17,158,3,1084,,
,17,161,3,22946,,
,17,181,0,15288,,
,17,187,3,2216,,
,17,196,3,8407,,
,17,198,0,3526,,
,17,201,3,8036,,
,17,21,3,13743,,
,17,22,1,14689,,
,17,220,3,15789,,
,17,233,3,2085,,
,17,244,3,10733,,
,17,249,3,18973,,
,17,258,3,18248,,
,17,267,3,7379,,
,17,272,3,13615,,
,17,275,3,13979,,
,17,276,3,22640,,
,17,281,3,7973,,
,17,286,3,17713,,
,17,289,3,6663,,
,17,308,3,2984,005D5A,FFFFFF
,17,318,3,6652,,
,17,334,3,9566,,
,17,335,0,19326,,
,17,342,3,20810,,
,17,35,3,6456,,
,17,354,3,8810,,
,17,356,3,5525,,
,17,361,3,22784,,
,17,365,3,157,,
,17,370,3,12231,,
,17,373,3,22588,,
,17,39,3,19017,,
,17,46,3,1221,,
,17,49,3,14351,,
,17,58,0,7278,,
,17,93,3,10526,,
,17,95,3,6106,,
,17 AST,147,3,14952,,
,170,117,3,14067,,
,170,190,3,4680,,
,170,20,3,11310,73D700,FFFFFF
,170,202,3,4761,,
,170,210,3,13033,,
,170,22,3,23569,,
,170,220,3,22192,,
,170,238,3,6372,,
,170,274,3,17160,,
,170,344,3,12996,,
,170,350,3,22730,,
,170,352,3,787,,
,170,370,3,6373,,
,170,374,3,20096,,
,170,384,3,10538,,
,170,58,3,5022,,
,170,69,3,21093,,
,170,78,3,6358,,
,170,80,3,3174,,
,170,91,3,8447,,
,1700,9,3,22652,,
,1701,9,3,21850,,
,1702,9,3,6364,,
,1703,9,3,6054,,
,1704,9,3,1371,,
,1705,9,3,7555,,
,1705,91,3,13834,,
,1706,9,3,12115,,
,1707,9,3,15834,,
,1708,9,3,9694,,
,1709,9,3,4876,,
,171,117,3,19991,,
,171,144,3,17288,,
,171,168,3,9386,,
,171,181,3,11902,,
,171,190,3,852,,
,171,218,3,20285,,
,171,220,3,12003,,
,171,238,3,3035,,
,171,257,3,11438,,
,171,274,3,20996,,
,171,322,3,18112,,
,171,344,3,8660,,
,171,352,3,13483,,
,171,354,3,11130,,
,171,365,3,1805,,
,171,370,3,19125,,
,171,374,3,22896,,
,171,384,3,21227,,
,171,58,3,22519,,
,171,78,3,21891,,
,171,91,3,11764,,
,1710,9,3,479,,
,1711,9,3,13472,,
,1713,9,3,23271,,
,1715,9,3,8093,,
,1719,9,3,8460,,
,172,117,3,20884,,
,172,168,3,19132,,
,172,181,3,21758,,
,172,190,3,20578,,
,172,20,3,8158,73D700,FFFFFF
,172,202,3,2657,,
,172,210,3,8379,,
,172,220,3,17486,,
,172,238,3,2121,,
,172,257,3,17804,,
,172,314,3,5077,,
,172,344,3,11478,,
,172,365,3,23024,,
,172,374,3,19116,,
,172,384,3,23041,,
,172,58,3,8374,,
,172,69,3,21021,,
,172,80,3,9746,,
,172,91,3,10356,,
,1724,9,3,2706,,
,1728,9,3,15820,,
,173,101,3,23124,,
,173,117,3,18198,,
,173,168,3,21329,,
,173,181,3,601,,
,173,190,3,2813,,
,173,20,3,23140,73D700,FFFFFF
,173,202,3,16377,,
,173,210,3,19068,,
,173,238,3,17881,,
,173,257,3,14819,,
,173,314,3,15012,,
,173,344,3,7760,,
,173,352,3,18045,,
,173,365,3,7049,,
,173,370,3,4290,,
,173,374,3,15992,,
,173,58,3,21811,,
,173,78,3,11921,,
,173,80,3,7266,,
,173,91,3,9246,,
,173A,78,3,15370,,
,174,130,3,12800,,
,174,168,3,22842,,
,174,190,3,16926,,
,174,202,3,23084,,
,174,218,3,5937,,
,174,220,3,21114,,
,174,238,3,984,,
,174,344,3,9810,,
,174,365,3,18009,,
,174,370,3,8053,,
,174,58,3,3491,,
,174,78,3,12762,,
,174,80,3,5444,,
,174,91,3,2271,,
,175,168,3,7308,,
,175,202,3,11833,,
,175,210,3,10353,,
,175,238,3,9492,,
,175,314,3,3935,,
,175,344,3,11544,,
,175,384,3,17055,,
,175,58,3,16792,,
,175,69,3,20453,,
,175,78,3,2890,,
,175,80,3,1745,,
,175,91,3,18991,,
,175,95,3,3886,,
,1751,9,3,17697,,
,1752,9,3,10334,,
,1753,9,3,22437,,
,1754,327,3,12956,,
,1754,9,3,22366,,
,1755,9,3,18400,,
,1756,9,3,6672,,
,1757,9,3,6898,,
,1758,9,3,15521,,
,175A,78,3,10848,,
,176,168,3,2122,,
,176,220,3,11881,,
,176,274,3,14179,,
,176,314,3,4985,,
,176,370,3,7117,,
,176,58,3,23410,,
,176,78,3,18264,,
,176,80,3,13114,,
,176,91,3,5882,,
,176,95,3,8044,,
,1762,9,3,22386,,
,1764,327,3,23479,,
,1767,9,3,12614,,
,177,168,3,7311,,
,177,190,3,21437,,
,177,202,3,16724,,
,177,220,3,9282,,
,177,274,3,11259,,
,177,352,3,1432,,
,177,356,3,13099,,
,177,370,3,5586,,
,177,58,3,18142,,
,177,78,3,21588,,
,177,91,3,18000,,
,177,95,3,16979,,
,177A,78,3,7787,,
,178,168,3,15719,,
,178,220,3,15359,,
,178,274,3,11966,,
,178,356,3,4,,
,178,365,3,1222,,
,178,370,3,22593,,
,178,58,3,2378,,
,178,78,3,18901,,
,178,91,3,1410,,
,178,95,3,11740,,
,179,168,3,1239,,
,179,181,3,13337,,
,179,220,3,10931,,
,179,274,3,15355,,
,179,350,3,17344,,
,179,356,3,4155,,
,179,370,3,3289,,
,179,384,3,13449,,
,179,58,3,5189,,
,179,78,3,13542,,
,179,91,3,6338,,
,17A,361,3,14047,,
,17ALT,35,3,16700,,
,17E,158,3,11152,,
,18,111,3,8896,,
,18,129,3,11119,,
,18,14,3,3222,,
,18,147,3,19689,,
,18,181,0,13026,,
,18,187,3,5159,,
,18,196,3,10264,,
,18,198,0,13942,,
,18,220,3,2099,,
,18,233,3,4490,,
,18,258,3,15943,,
,18,289,3,3891,,
,18,308,3,210,009640,FFFFFF
,18,315,3,19491,,
,18,318,3,635,,
,18,334,3,2181,,
,18,342,3,22940,,
,18,354,3,16471,,
,18,356,3,4591,,
,18,361,3,21422,,
,18,365,3,19447,,
,18,370,3,11792,,
,18,38,3,20697,,
,18,384,0,15735,,
,18,39,3,11987,,
,18,46,3,2410,,
,18,56,3,18154,,
,18,58,0,13053,,
,18,95,3,4499,,
,180,117,3,19143,,
,180,181,3,6617,,
,180,190,3,21525,,
,180,20,3,3275,73D700,FFFFFF
,180,202,3,15040,,
,180,220,3,2972,,
,180,238,3,14853,,
,180,257,3,17827,,
,180,274,3,4704,,
,180,316,3,17032,,
,180,335,3,19656,,
,180,344,3,16172,,
,180,350,3,4930,,
,180,58,3,5762,,
,180,78,3,14946,,
,180,80,3,18807,,
,180,9,3,9283,,
,1800,9,3,21005,,
,1801,9,3,10291,,
,1802,9,3,10741,,
,1803,9,3,4522,,
,1805,9,3,23714,,
,1806,9,3,9752,,
,1807,9,3,19911,,
,1808,9,3,23607,,
,1809,9,3,13167,,
,181,117,3,11605,,
,181,181,3,23588,,
,181,190,3,7494,,
,181,20,3,14107,73D700,FFFFFF
,181,210,3,113,,
,181,220,3,10375,,
,181,257,3,7923,,
,181,274,3,11760,,
,181,316,3,21983,,
,181,335,3,13276,,
,181,352,3,20991,,
,181,373,3,6760,,
,181,374,3,14885,,
,181,384,3,16333,,
,181,58,3,11630,,
,181,78,3,11564,,
,181,80,3,12925,,
,181,9,3,21320,,
,181,95,3,22720,,
,1810,9,3,3329,,
,1811,9,3,8983,,
,1812,9,3,9185,,
,1813,9,3,9607,,
,1814,9,3,22064,,
,1815,9,3,13246,,
,1816,9,3,20931,,
,1817,9,3,6850,,
,1818,9,3,20830,,
,1819,9,3,2481,,
,182,117,3,22858,,
,182,181,3,21787,,
,182,190,3,8307,,
,182,20,3,13302,73D700,FFFFFF
,182,202,3,22347,,
,182,210,3,5479,,
,182,238,3,19022,,
,182,257,3,5110,,
,182,274,3,20707,,
,182,316,3,8248,,
,182,335,3,11558,,
,182,352,3,1154,,
,182,374,3,1095,,
,182,58,3,3650,,
,182,78,3,20396,,
,182,91,3,21230,,
,182,95,3,21295,,
,1820,9,3,12697,,
,1821,9,3,6661,,
,1822,9,3,18168,,
,1823,9,3,17193,,
,1824,220,3,16190,,
,182A,20,3,18716,73D700,FFFFFF
,182A,78,3,21267,,
,183,181,3,11697,,
,183,20,3,4084,73D700,FFFFFF
,183,202,3,12971,,
,183,210,3,16370,,
,183,220,3,14384,,
,183,238,3,20831,,
,183,257,3,6915,,
,183,274,3,22848,,
,183,335,3,11944,,
,183,352,3,10784,,
,183,370,3,11663,,
,183,374,3,21861,,
,183,58,3,19005,,
,183,78,3,9060,,
,183,80,3,23159,,
,183,91,3,13962,,
,183,95,3,14041,,
,183E,78,3,8282,,
,184,117,3,1514,,
,184,181,3,15388,,
,184,202,3,13126,,
,184,220,3,6814,,
,184,238,3,1995,,
,184,316,3,10791,,
,184,352,3,5233,,
,184,370,3,15951,,
,184,374,3,1811,,
,184,384,3,22421,,
,184,58,3,12347,,
,184,78,3,5569,,
,184,91,3,14210,,
,184,95,3,1299,,
,1840,327,3,12012,,
,1842,327,3,12842,,
,1843,327,3,13687,,
,1844,327,3,11862,,
,1845,327,3,3842,,
,185,117,3,14022,,
,185,181,3,987,,
,185,190,3,11282,,
,185,202,3,16176,,
,185,210,3,22564,,
,185,220,3,3432,,
,185,238,3,18528,,
,185,257,3,93,,
,185,316,3,22149,,
,185,370,3,14753,,
,185,374,3,20527,,
,185,58,3,9006,,
,185,78,3,11219,,
,185,91,3,21750,,
,185,95,3,3175,,
,1850,327,3,2470,,
,1854,9,3,8320,,
,1856,9,3,3192,,
,1857,9,3,9477,,
,1858,9,3,13835,,
,185A,78,3,19454,,
,186,117,3,18534,,
,186,181,3,5646,,
,186,202,3,8520,,
,186,220,3,3223,,
,186,238,3,20837,,
,186,257,3,20540,,
,186,316,3,2596,,
,186,370,3,8603,,
,186,374,3,12391,,
,186,384,3,21296,,
,186,58,3,18235,,
,186,78,3,9652,,
,186,80,3,22507,,
,186,91,3,19223,,
,186,95,3,15295,,
,1861,327,3,8232,,
,1862,9,3,18065,,
,1866,9,3,7279,,
,1867,9,3,16572,,
,187,181,3,16626,,
,187,210,3,10255,,
,187,238,3,1267,,
,187,257,3,12145,,
,187,316,3,3689,,
,187,335,3,8249,,
,187,352,3,20167,,
,187,370,3,6272,,
,187,384,3,1421,,
,187,58,3,14082,,
,187,78,3,4681,,
,187,80,3,28,,
,1871,9,3,6273,,
,1872,9,3,13837,,
,1874,327,3,20891,,
,1875,9,3,10527,,
,1876,9,3,15972,,
,187A,78,3,19836,,
,188,132,3,4500,,
,188,181,3,20973,,
,188,220,3,23669,,
,188,316,3,17266,,
,188,335,3,3822,,
,188,370,3,22344,,
,188,384,3,9470,,
,188,58,3,11761,,
,188,78,3,4896,,
,188,8,3,15605,,
,188,80,3,16124,,
,1881,9,3,3541,,
,1883,9,3,14845,,
,1884,9,3,2371,,
,188A,78,3,3813,,
,189,168,3,10491,,
,189,181,3,3044,,
,189,220,3,17661,,
,189,316,3,23480,,
,189,335,3,12719,,
,189,350,3,13390,,
,189,370,3,15345,,
,189,58,3,19622,,
,189,78,3,1013,,
,189,8,3,4815,,
,189A,78,3,360,,
,18A,361,3,12907,,
,19,11,3,18629,,
,19,129,3,4359,,
,19,14,3,9826,,
,19,149,3,16135,,
,19,196,3,2277,,
,19,198,0,16114,,
,19,214,3,5280,,
,19,220,3,16797,,
,19,233,3,11101,,
,19,267,3,19943,,
,19,272,3,7982,,
,19,274,3,20346,,
,19,275,3,15201,,
,19,289,3,15434,,
,19,299,3,15720,,
,19,315,3,11185,,
,19,342,3,4605,,
,19,349,3,23207,,
,19,354,3,16035,,
,19,356,3,14979,,
,19,365,3,16526,,
,19,370,3,18947,,
,19,373,3,7136,,
,19,49,3,8104,,
,19,58,0,6750,,
,19,93,3,5405,,
,19,95,3,16654,,
,190,101,3,4859,,
,190,132,3,9012,,
,190,180,3,22300,,
,190,202,3,771,,
,190,257,3,102,,
,190,350,3,1338,,
,190,352,3,18028,,
,190,376,3,18092,,
,190,384,3,22117,,
,190,58,3,14255,,
,190,80,3,4800,,
,190,93,3,13914,,
,1901,323,3,16684,,
,1902,323,3,15693,,
,1903,323,3,1835,,
,1904,323,3,2543,,
,1905,323,3,11787,,
,1906,323,3,15331,,
,1907,323,3,11835,,
,1908,323,3,17014,,
,191,101,3,8287,,
,191,132,3,18940,,
,191,180,3,21382,,
,191,181,3,18504,,
,191,210,3,232,,
,191,220,3,10459,,
,191,238,3,5239,,
,191,257,3,13458,,
,191,327,3,20594,,
,191,352,3,5772,,
,191,370,3,14939,,
,191,384,3,2668,,
,191,58,3,13314,,
,191,78,3,19088,,
,191,80,3,6588,,
,191,91,3,9300,,
,191,93,3,13854,,
,192,101,3,3439,,
,192,180,3,2389,,
,192,181,3,20858,,
,192,202,3,11988,,
,192,210,3,847,,
,192,218,3,17080,,
,192,220,3,16492,,
,192,238,3,11290,,
,192,257,3,14094,,
,192,327,3,7572,,
,192,335,3,6349,,
,192,352,3,2069,,
,192,354,3,14804,,
,192,370,3,12685,,
,192,373,3,3971,,
,192,384,3,16725,,
,192,58,3,4280,,
,192,78,3,17985,,
,192,80,3,675,,
,192,91,3,8017,,
,192,93,3,8521,,
,1921,9,3,5457,,
,1922,9,3,22641,,
,1923,20,3,18424,73D700,FFFFFF
,1923,9,3,13636,,
,1924,20,3,17850,73D700,FFFFFF
,1924,9,3,343,,
,1925,20,3,18155,73D700,FFFFFF
,1926,20,3,10582,73D700,FFFFFF
,1929,20,3,17282,73D700,FFFFFF
,193,101,3,18186,,
,193,130,3,22905,,
,193,132,3,16165,,
,193,180,3,3623,,
,193,181,3,21780,,
,193,218,3,15258,,
,193,220,3,6859,,
,193,238,3,10072,,
,193,257,3,23536,,
,193,327,3,14245,,
,193,335,3,8801,,
,193,352,3,17889,,
,193,370,3,15274,,
,193,58,3,14295,,
,193,91,3,6427,,
,1930,9,3,10053,,
,1931,9,3,2805,,
,1935,9,3,5464,,
,1936,9,3,20217,,
,1937,9,3,2419,,
,1938,9,3,1062,,
,1939,9,3,14671,,
,194,132,3,1441,,
,194,181,3,13002,,
,194,202,3,9969,,
,194,218,3,11982,,
,194,220,3,4234,,
,194,238,3,9888,,
,194,257,3,20580,,
,194,335,3,19657,,
,194,352,3,8356,,
,194,374,3,17236,,
,194,38,3,3036,,
,194,384,3,16950,,
,194,58,3,3681,,
,194,91,3,2765,,
,194,93,3,658,,
,1940,323,3,1698,,
,1941,323,3,18199,,
,1942,9,3,2320,,
,195,101,3,22150,,
,195,130,3,4437,,
,195,180,3,8797,,
,195,181,3,14466,,
,195,214,3,3498,,
,195,218,3,9645,,
,195,219,3,14108,,
,195,220,3,23809,,
,195,238,3,4350,,
,195,257,3,21388,,
,195,335,3,10179,,
,195,352,3,9879,,
,195,384,3,23334,,
,195,58,3,8159,,
,195,78,3,83,,
,195,93,3,3499,,
,1950,9,3,19370,,
,1951,9,3,10685,,
,1952,9,3,12593,,
,1953,9,3,1768,,
,1954,9,3,16670,,
,196,101,3,21649,,
,196,180,3,9782,,
,196,181,3,16434,,
,196,202,3,10144,,
,196,220,3,22352,,
,196,238,3,6941,,
,196,257,3,6625,,
,196,327,3,18388,,
,196,352,3,19959,,
,196,58,3,5400,,
,196,78,3,19902,,
,196,80,3,15898,,
,196,91,3,6165,,
,196,93,3,14274,,
,1961,323,3,9351,,
,1962,323,3,23045,,
,1963,323,3,2007,,
,1964,9,3,8408,,
,1965,9,3,6098,,
,1966,9,3,4333,,
,197,101,3,11536,,
,197,180,3,9079,,
,197,238,3,19259,,
,197,257,3,19775,,
,197,327,3,10404,,
,197,352,3,211,,
,197,384,3,7665,,
,197,58,3,16264,,
,197,91,3,1345,,
,"197, 203",111,3,13338,,
,198,132,3,18323,,
,198,20,3,11147,73D700,FFFFFF
,198,335,3,21493,,
,198,352,3,15259,,
,198,58,3,16226,,
,198,78,3,2259,,
,198,91,3,17689,,
,1981,9,3,8224,,
,1982,9,3,14534,,
,1983,9,3,12104,,
,1984,9,3,16389,,
,1985,9,3,14725,,
,1986,9,3,16040,,
,1987,89,3,11621,,
,1988,9,3,3924,,
,1989,89,3,17961,,
,199,352,3,12947,,
,199,379,3,3929,,
,199,58,3,7623,,
,199,78,3,15763,,
,"199, 202",111,3,3393,,
,1990,9,3,19623,,
,1991,9,3,2119,,
,1992,89,3,1540,,
,1993,89,3,23635,,
,19A,49,3,16840,,
,1A,280,3,13187,,
,1ALFA,91,3,14196,,
,1E,35,3,10593,,
,1E,361,3,15248,,
,1E,375,0,3213,,
,1E,6,0,11425,,
,1E,6,3,23757,,
,1S,6,0,2722,,
,1V,35,3,11296,,
,2,101,3,3156,,
,2,104,3,3669,,
,2,105,0,23444,,
,2,11,3,13771,,
,2,110,3,10029,,
,2,111,3,203,,
,2,117,3,22612,,
,2,118,0,20317,,
,2,121,3,23011,,
,2,124,3,23288,,
,2,125,3,23660,,
,2,129,0,3146,,
,2,129,3,6203,,
,2,132,0,16517,,
,2,132,3,11517,,
,2,137,3,13127,,
,2,14,3,11490,,
,2,141,0,23065,,
,2,142,3,8453,,
,2,147,3,1204,,
,2,149,3,11297,,
,2,158,0,20822,,
,2,16,3,13963,,
,2,161,3,13706,,
,2,164,0,11731,A41C22,FFFFFF
,2,171,3,10668,,
,2,173,0,22554,,
,2,173,3,23589,,
,2,179,3,12062,,
,2,192,3,3076,,
,2,195,0,14205,,
,2,196,0,21263,,
,2,201,3,12801,,
,2,207,3,8442,,
,2,22,1,21544,,
,2,220,3,23115,,
,2,221,3,18998,FF0000,FFFFFF
,2,226,3,7281,,
,2,229,3,19133,,
,2,235,3,2487,,
,2,238,0,7573,,
,2,244,3,689,,
,2,249,3,3463,,
,2,250,0,5293,,
,2,252,0,9478,,
,2,257,3,3763,,
,2,260,0,21608,E2001A,FFFFFF
,2,267,3,21937,,
,2,274,3,21796,,
,2,275,3,4966,,
,2,278,3,21151,,
,2,279,3,972,,
,2,280,3,14863,,
,2,281,3,1005,,
,2,286,3,21428,,
,2,287,3,18324,,
,2,288,3,2679,,
,2,289,0,16922,FBBA00,
,2,296,3,19442,,
,2,308,0,2733,FAB71D,
,2,314,0,8883,,
,2,315,3,11111,,
,2,322,3,940,,
,2,325,3,19514,,
,2,329,3,18522,,
,2,334,3,21443,,
,2,335,0,5733,,
,2,336,3,9703,,
,2,339,3,23595,,
,2,34,3,21867,,
,2,342,0,17693,,
,2,347,3,6125,,
,2,35,3,19982,,
,2,352,0,18766,,
,2,352,3,22065,,
,2,354,3,19753,,
,2,356,3,497,,
,2,361,3,23608,,
,2,362,0,4754,,
,2,362,3,13922,,
,2,370,3,2199,,
,2,373,3,14165,,
,2,375,0,4528,,
,2,378,3,2860,,
,2,379,3,14056,,
,2,39,3,10988,,
,2,42,3,3091,,
,2,46,3,9199,,
,2,49,3,20684,,
,2,56,3,22492,,
,2,59,3,18072,,
,2,6,0,13886,005CA9,FFFFFF
,2,66,0,23116,,
,2,71,3,14726,,
,2,80,3,1546,,
,2,85,3,17141,,
,2,9,3,13085,,
,2,91,3,17442,,
,2,93,3,6591,,
,2,95,0,14370,,
,2,95,3,3337,,
,2 (Hoyerswerda),118,3,14709,,
,2 Rot,373,3,7954,,
,2/3,229,3,17127,,
,20,104,3,6718,,
,20,109,3,10770,,
,20,125,3,15849,,
,20,129,3,15289,,
,20,137,3,18419,,
,20,14,3,14912,,
,20,147,3,35,,
,20,150,3,5465,,
,20,192,3,13778,,
,20,198,0,18056,,
,20,220,3,8863,,
,20,233,3,2454,,
,20,235,3,9562,,
,20,244,3,652,,
,20,252,3,14942,,
,20,258,3,4148,,
,20,260,3,4889,4B3E65,FFFFFF
,20,267,3,2037,,
,20,272,3,16347,,
,20,275,3,15376,,
,20,289,3,7413,,
,20,299,3,15993,,
,20,303,3,13364,,
,20,315,3,14033,,
,20,342,3,12426,,
,20,344,7,9633,,
,20,354,3,3533,,
,20,356,3,20908,,
,20,361,3,4250,,
,20,365,3,16305,,
,20,370,3,19969,,
,20,373,3,11732,,
,20,382,3,21719,,
,20,39,3,19036,,
,20,41,3,17840,,
,20,49,3,8403,,
,20,58,0,11471,,
,20,6,3,20644,,
,20,61,3,8615,,
,20,78,7,11977,,
,20,9,3,16782,,
,20,95,3,7353,,
,200,13,3,3902,,
,200,138,3,17142,,
,200,147,3,8101,,
,200,185,3,22279,,
,200,190,3,16371,,
,200,22,3,20715,,
,200,257,3,2488,,
,200,259,3,22643,,
,200,269,3,10278,,
,200,280,3,22816,,
,200,288,3,4158,,
,200,292,3,19690,,
,200,299,3,22864,,
,200,328,3,13450,,
,200,330,3,9553,,
,200,334,3,23034,,
,200,349,3,11445,,
,200,352,3,7473,,
,200,354,3,6210,,
,200,378,3,3752,,
,200,379,3,14431,,
,200,384,3,12484,,
,200,91,3,379,,
,200,95,3,11148,,
,2001,124,3,10989,,
,2001,220,3,23802,,
,2001,53,3,22985,,
,2002,124,3,9061,,
,2002,220,3,6006,,
,2002,53,3,3903,,
,2002 ALF,53,3,22949,,
,2003,124,3,6673,,
,2003,53,3,14480,,
,2004,124,3,2819,,
,2004,220,3,3519,,
,2004,53,3,12477,,
,2004 ALF,53,3,5659,,
,2005,124,3,12271,,
,2005,220,3,586,,
,2006,53,3,14521,,
,2006 ALF,53,3,417,,
,2007,220,3,10417,,
,2008,220,3,12029,,
,2008,53,3,6374,,
,200A,13,3,21923,,
,200RU,91,3,20183,,
,200S,288,3,8802,,
,201,104,3,9290,,
,201,111,3,13331,,
,201,118,3,380,,
,201,132,3,20232,,
,201,181,3,16774,,
,201,185,3,14924,,
,201,190,3,12917,,
,201,2,3,23377,,
,201,210,3,8188,,
,201,223,3,2658,,
,201,238,3,10560,,
,201,241,3,23636,,
,201,252,3,17739,,
,201,257,3,191,,
,201,259,3,7711,,
,201,264,3,20965,,
,201,286,3,13322,,
,201,288,3,8362,,
,201,292,3,12374,,
,201,296,3,11721,,
,201,328,3,6196,,
,201,330,3,6267,,
,201,335,3,9952,,
,201,337,3,21128,,
,201,344,3,21494,,
,201,352,3,9993,,
,201,354,3,8522,,
,201,370,3,14527,,
,201,378,3,20160,,
,201,379,3,11250,,
,201,380,3,18491,B90276,FFFFFF
,201,6,3,6055,,
,201,78,3,2140,,
,201,95,3,11680,,
,201/205,335,3,5059,,
,2010,53,3,17301,,
,2010 ALF,53,3,16415,,
,2011,220,3,2008,,
,2012,220,3,15714,,
,2014,53,3,9404,,
,2015,53,3,20137,,
,2016,53,3,6176,,
,2017,220,3,5214,,
,2018,220,3,23155,,
,2018,9,3,15356,,
,2019,239,3,2130,,
,2019,9,3,16485,,
,201A,78,3,18699,,
,202,104,3,5994,,
,202,111,3,10800,,
,202,118,3,16766,,
,202,124,3,23128,,
,202,132,3,10579,,
,202,138,3,8666,,
,202,147,3,2482,,
,202,181,3,1541,,
,202,185,3,13224,,
,202,190,3,2438,,
,202,210,3,12304,,
,202,223,3,23147,,
,202,238,3,15686,,
,202,241,3,20436,,
,202,264,3,15665,,
,202,280,3,5792,,
,202,286,3,22086,,
,202,288,3,3857,,
,202,296,3,23810,,
,202,328,3,5872,,
,202,335,3,11426,,
,202,337,3,14069,,
,202,344,3,7768,,
,202,354,3,14964,,
,202,365,3,13042,,
,202,370,3,23078,,
,202,378,3,22897,,
,202,380,3,17227,4C76BA,FFFFFF
,202,6,3,13,,
,202,78,3,16027,,
,202,90,3,20645,,
,202,91,3,21341,,
,202,95,3,5711,,
,202,97,3,4307,,
,2020,53,3,13935,,
,2021,220,3,4585,,
,2021,53,3,11622,,
,2022,53,3,11643,,
,2022 ALF,53,3,14812,,
,2023,53,3,23734,,
,2024,220,3,14197,,
,2024,286,3,22594,,
,2024,53,3,10359,,
,2024 ALF,53,3,17438,,
,2025,220,3,9847,,
,2025,239,3,15195,,
,2025,53,3,15058,,
,2026,220,3,13308,,
,2026,239,3,1559,,
,2026,53,3,1014,,
,2027,220,3,23102,,
,2028,220,3,3303,,
,202E,97,3,21585,,
,203,104,3,3244,,
,203,111,3,9158,,
,203,132,3,10312,,
,203,147,3,22460,,
,203,180,3,14674,,
,203,181,3,1292,,
,203,190,3,17675,,
,203,210,3,10080,,
,203,223,3,12720,,
,203,238,3,8233,,
,203,241,3,19292,,
,203,264,3,11035,,
,203,288,3,4860,,
,203,292,3,14385,,
,203,296,3,450,,
,203,328,3,748,,
,203,330,3,8328,,
,203,335,3,7454,,
,203,344,3,22705,,
,203,354,3,21321,,
,203,378,3,19826,,
,203,379,3,19356,,
,203,380,3,22175,6FBC85,FFFFFF
,203,6,3,19196,,
,203,95,3,13736,,
,2030,220,3,2340,,
,2031,286,3,212,,
,2032,286,3,4088,,
,2033,286,3,13357,,
,2034,220,3,4299,,
,2035,220,3,6379,,
,2036,220,3,6353,,
,2037,220,3,12888,,
,2038,220,3,3092,,
,203E,379,3,15705,,
,203S,288,3,12340,,
,204,104,3,9880,,
,204,118,3,16527,,
,204,132,3,12866,,
,204,147,3,20361,,
,204,180,3,5474,,
,204,181,3,15262,,
,204,185,3,1948,,
,204,190,3,21383,,
,204,210,3,10964,,
,204,223,3,14158,,
,204,238,3,12655,,
,204,241,3,22158,,
,204,249,3,19073,,
,204,257,3,4691,,
,204,264,3,20233,,
,204,280,3,103,,
,204,281,3,4203,,
,204,288,3,7269,,
,204,292,3,7166,,
,204,328,3,20622,,
,204,335,3,18021,,
,204,337,3,23070,,
,204,344,3,21849,,
,204,354,3,14643,,
,204,370,3,4144,,
,204,378,3,12879,,
,204,380,3,10676,8BADDC,FFFFFF
,204,384,3,8763,,
,204,6,3,15687,,
,204,78,3,11737,,
,204,95,3,5833,,
,204,97,3,17953,,
,2040,220,3,10754,,
,2041,286,3,17312,,
,2043,220,3,20966,,
,2044,220,3,17538,,
,2045,220,3,4192,,
,205,118,3,6488,,
,205,132,3,14610,,
,205,138,3,19541,,
,205,147,3,16154,,
,205,181,3,15748,,
,205,190,3,16824,,
,205,210,3,788,,
,205,223,3,21722,,
,205,257,3,15449,,
,205,264,3,21751,,
,205,288,3,15781,,
,205,292,3,1867,,
,205,328,3,3451,,
,205,330,3,4026,,
,205,334,3,4623,,
,205,335,3,767,,
,205,337,3,11149,,
,205,344,3,18316,,
,205,354,3,615,,
,205,370,3,7678,,
,205,379,3,13625,,
,205,380,3,18583,B90276,FFFFFF
,205,6,3,23165,,
,205,78,3,19327,,
,205,90,3,5746,,
,205,91,3,13428,,
,205,95,3,7004,,
,2050,124,3,7452,,
,2050,220,3,16146,,
,2051,124,3,10965,,
,2051,220,3,13090,,
,2052,220,3,7090,,
,2053,220,3,14727,,
,2054,220,3,2898,,
,2057,220,3,23471,,
,205RU,91,3,14089,,
,206,118,3,14425,,
,206,132,3,6339,,
,206,138,3,9420,,
,206,181,3,9660,,
,206,190,3,7914,,
,206,223,3,4967,,
,206,241,3,14206,,
,206,246,3,21495,,
,206,257,3,13445,,
,206,264,3,10153,,
,206,280,3,22267,,
,206,328,3,3409,,
,206,330,3,8217,,
,206,335,3,20743,,
,206,337,3,2420,,
,206,344,3,16362,,
,206,352,3,22695,,
,206,354,3,409,,
,206,370,3,14746,,
,206,380,3,14578,4C76BA,FFFFFF
,206,6,3,14789,,
,206,78,3,15860,,
,206,95,3,13533,,
,2060,124,3,16334,,
,2060,220,3,4714,,
,2061,220,3,18815,,
,2062,220,3,2434,,
,2063,220,3,12071,,
,2064,220,3,12478,,
,2065,220,3,19284,,
,2066,220,3,5867,,
,2067,220,3,21429,,
,2068,220,3,23046,,
,2069,220,3,3980,,
,206A,78,3,22726,,
,206E,185,3,23811,,
,206S,246,3,22337,,
,207,132,3,10520,,
,207,138,3,19089,,
,207,180,3,1305,,
,207,181,3,8911,,
,207,210,3,11722,,
,207,223,3,798,,
,207,241,3,12756,,
,207,257,3,8653,,
,207,328,3,10030,,
,207,334,3,138,,
,207,335,3,15497,,
,207,337,3,17945,,
,207,352,3,17128,,
,207,354,3,7566,,
,207,380,3,3633,F3953F,FFFFFF
,207,6,3,22195,,
,207,78,3,8661,,
,207,95,3,4755,,
,207,97,3,797,,
,2070,220,3,13936,,
,2072,220,3,20939,,
,2073,220,3,14565,,
,2074,220,3,8948,,
,2075,220,3,6933,,
,2078,220,3,20093,,
,2079,220,3,8766,,
,207E,185,3,7072,,
,207a,118,3,15906,,
,207b,118,3,1762,,
,208,132,3,7196,,
,208,136,3,14572,,
,208,138,3,18664,,
,208,147,3,15314,,
,208,180,3,9542,,
,208,181,3,13303,,
,208,185,3,1873,,
,208,210,3,17535,,
,208,223,3,21358,,
,208,241,3,952,,
,208,280,3,21486,,
,208,292,3,2980,,
,208,328,3,20257,,
,208,330,3,1986,,
,208,334,3,22411,,
,208,335,3,22268,,
,208,352,3,8340,,
,208,354,3,14522,,
,208,370,3,9994,,
,208,380,3,15065,8BADDC,FFFFFF
,208,78,3,2872,,
,208,95,3,18409,,
,208E,185,3,2806,,
,209,118,3,17090,,
,209,132,3,17229,,
,209,138,3,10120,,
,209,147,3,12072,,
,209,180,3,17289,,
,209,181,3,8745,,
,209,185,3,7185,,
,209,223,3,8841,,
,209,241,3,1672,,
,209,328,3,10348,,
,209,330,3,10376,,
,209,335,3,16081,,
,209,352,3,1372,,
,209,354,3,17708,,
,209,370,3,12201,,
,209,379,3,1547,,
,209,380,3,22874,9D9D9C,
,209,78,3,23108,,
,209,91,3,3520,,
,2090,124,3,16220,,
,2091,220,3,760,,
,2092,124,3,4816,,
,2092,220,3,7021,,
,2093,220,3,9230,,
,2094,220,3,16215,,
,2096,220,3,14448,,
,209E,185,3,6389,,
,209E,379,3,20434,,
,21,104,3,7174,,
,21,11,3,11959,,
,21,111,3,3992,,
,21,129,3,5145,,
,21,132,3,21911,,
,21,137,3,16008,,
,21,139,3,15468,,
,21,14,3,9186,,
,21,158,3,820,,
,21,161,3,19665,,
,21,173,3,1144,,
,21,196,3,15960,,
,21,198,0,1116,,
,21,21,3,6001,,
,21,218,3,3447,,
,21,220,3,20774,,
,21,233,3,14219,,
,21,235,3,4629,,
,21,249,3,3422,,
,21,258,3,3162,,
,21,267,3,37,,
,21,272,3,10113,,
,21,274,3,13455,,
,21,275,3,10973,,
,21,286,3,21615,,
,21,299,3,22125,,
,21,303,3,20749,,
,21,308,3,4798,A69DCD,FFFFFF
,21,315,3,2547,,
,21,334,3,8113,,
,21,335,3,949,,
,21,342,3,22280,,
,21,349,3,2814,,
,21,35,3,21164,,
,21,352,3,22835,,
,21,354,3,4586,,
,21,356,3,8007,,
,21,365,3,19250,,
,21,370,3,4904,,
,21,373,3,17450,,
,21,375,3,1038,,
,21,382,3,16951,,
,21,384,0,18559,,
,21,384,3,23390,,
,21,39,3,22899,,
,21,41,3,22226,,
,21,46,3,19363,,
,21,58,0,13498,,
,21,6,3,18573,,
,21,61,3,17912,,
,21,66,3,524,,
,21,78,0,16211,,
,21,9,3,4539,,
,21,91,3,21551,,
,21,93,3,11001,,
,21,95,3,15525,,
,21 (Kamenz),118,3,2272,,
,21/24,272,3,19960,,
,210,13,3,602,,
,210,132,3,2910,,
,210,138,3,9371,,
,210,180,3,13618,,
,210,185,3,12382,,
,210,239,3,15371,,
,210,249,3,10515,,
,210,257,3,11935,,
,210,259,3,10432,,
,210,264,3,4274,,
,210,280,3,14449,,
,210,281,3,9646,,
,210,296,3,10785,,
,210,328,3,5909,,
,210,329,3,2045,,
,210,330,3,8488,,
,210,334,3,14549,,
,210,344,3,13698,,
,210,352,3,20746,,
,210,354,3,9030,,
,210,370,3,14899,,
,210,378,3,15113,,
,210,379,3,14212,,
,210,380,3,5364,009640,FFFFFF
,210,78,3,6995,,
,210,91,3,4326,,
,210,93,3,15606,,
,210,95,3,16353,,
,2100,239,3,15827,,
,2101,220,3,20454,,
,2102,220,3,4291,,
,2103,220,3,18361,,
,2104,220,3,5624,,
,2105,220,3,5438,,
,210E,185,3,2852,,
,210RU,91,3,10928,,
,211,13,3,5146,,
,211,132,3,19341,,
,211,138,3,3480,,
,211,180,3,15632,,
,211,181,3,16564,,
,211,185,3,16191,,
,211,210,3,6989,,
,211,214,3,22381,,
,211,238,3,3245,,
,211,239,3,15544,,
,211,241,3,12458,,
,211,264,3,3624,,
,211,286,3,17377,,
,211,292,3,11912,,
,211,296,3,10283,,
,211,299,3,10484,,
,211,330,3,14297,,
,211,335,3,20685,,
,211,344,3,7556,,
,211,352,3,13019,,
,211,354,3,20762,,
,211,370,3,16603,,
,211,378,3,9308,,
,211,379,3,16958,,
,211,380,3,1750,009640,FFFFFF
,211,78,3,2455,,
,211,91,3,20282,,
,211,93,3,18453,,
,211,95,3,22875,,
,211 AST,136,3,16297,,
,211 Rufbus,136,3,7967,,
,2111,220,3,1715,,
,2113,220,3,10865,,
,2114,220,3,20811,,
,211E,185,3,10442,,
,211E,370,3,22836,,
,211V,239,3,20497,,
,211W,239,3,10812,,
,212,128,3,5793,,
,212,138,3,16615,,
,212,173,3,10386,,
,212,180,3,18603,,
,212,181,3,21438,,
,212,185,3,19589,,
,212,210,3,18416,,
,212,214,3,7118,,
,212,238,3,20411,,
,212,239,3,21289,,
,212,264,3,2510,,
,212,280,3,4692,,
,212,286,3,3084,,
,212,292,3,18181,,
,212,296,3,16751,,
,212,299,3,3416,,
,212,328,3,36,,
,212,329,3,21957,,
,212,330,3,10888,,
,212,335,3,22091,,
,212,352,3,2965,,
,212,354,3,18713,,
,212,365,3,14680,,
,212,370,3,1848,,
,212,378,3,19892,,
,212,379,3,6380,,
,212,380,3,4121,4C76BA,FFFFFF
,212,6,3,3507,,
,212,78,3,12285,,
,212,95,3,5190,,
,2121,53,3,15041,,
,2121 ALF,53,3,23243,,
,2124,53,3,16692,,
,2128,53,3,13208,,
,2129,220,3,13160,,
,212E,185,3,17047,,
,213,121,3,10934,,
,213,138,3,12520,,
,213,180,3,953,,
,213,181,3,19503,,
,213,185,3,6569,,
,213,238,3,625,,
,213,264,3,23544,,
,213,286,3,23646,,
,213,292,3,8997,,
,213,296,3,8387,,
,213,328,3,9276,,
,213,335,3,2691,,
,213,365,3,14900,,
,213,370,3,10669,,
,213,378,3,6694,,
,213,379,3,9044,,
,213,380,3,16155,6FBC85,FFFFFF
,213,6,3,9634,,
,213,95,3,6805,,
,2130,344,3,1574,,
,2131,53,3,18740,,
,2132,53,3,17685,,
,2132 ALF,53,3,781,,
,2133,344,3,16323,,
,2133,53,3,5287,,
,2134,344,3,15768,,
,2135,344,3,4601,,
,2137,344,3,19081,,
,2138,344,3,6707,,
,213E,185,3,12339,,
,214,118,3,6851,,
,214,180,3,6042,,
,214,181,3,20157,,
,214,185,3,6242,,
,214,2,3,10212,,
,214,214,3,12706,,
,214,220,3,10405,,
,214,233,3,22679,,
,214,239,3,18837,,
,214,241,3,21466,,
,214,249,3,5251,,
,214,257,3,7128,,
,214,264,3,23380,,
,214,280,3,3722,,
,214,296,3,6732,,
,214,328,3,23550,,
,214,335,3,8018,,
,214,365,3,8420,,
,214,370,3,13949,,
,214,379,3,16832,,
,214,380,3,23391,4C76BA,FFFFFF
,214,6,3,18401,,
,214,78,3,17246,,
,214,93,3,15414,,
,214,95,3,4483,,
,2142,344,3,15556,,
,2147,344,3,12149,,
,214E,185,3,5734,,
,214V,239,3,21516,,
,215,128,3,10587,,
,215,132,3,11491,,
,215,138,3,10857,,
,215,173,3,22105,,
,215,180,3,23092,,
,215,181,3,7939,,
,215,185,3,11919,,
,215,214,3,5392,,
,215,238,3,12135,,
,215,239,3,23359,,
,215,330,3,6099,,
,215,335,3,20292,,
,215,365,3,21255,,
,215,370,3,6381,,
,215,384,3,1223,,
,215,6,3,4656,,
,215,72,3,23335,,
,215,78,3,3205,,
,215,91,3,5408,,
,215,93,3,20033,,
,215,95,3,15625,,
,2153,344,3,5601,,
,215E,185,3,19941,,
,215E,370,3,22685,,
,215RU,91,3,9628,,
,216,118,3,23085,,
,216,132,3,11350,,
,216,173,3,16557,,
,216,180,3,8507,,
,216,2,3,13384,,
,216,214,3,5978,,
,216,238,3,4515,,
,216,239,3,22770,,
,216,241,3,3394,,
,216,246,3,10917,,
,216,257,3,16863,,
,216,280,3,11686,,
,216,328,3,18692,,
,216,330,3,7129,,
,216,335,3,9395,,
,216,344,3,17775,,
,216,352,3,3945,,
,216,365,3,13631,,
,216,370,3,15754,,
,216,380,3,16428,4C76BA,FFFFFF
,216,6,3,8669,,
,216,78,3,5860,,
,216,91,3,20859,,
,216,95,3,7769,,
,2160,344,3,13729,,
,2161,344,3,22613,,
,216E,173,3,5078,,
,216V,239,3,6719,,
,217,118,3,11547,,
,217,132,3,9224,,
,217,136,3,1121,,
,217,173,3,12590,,
,217,180,3,20584,,
,217,181,3,21598,,
,217,214,3,4029,,
,217,221,3,17837,,
,217,239,3,1290,,
,217,257,3,17360,,
,217,259,3,8556,,
,217,328,3,12305,,
,217,335,3,14838,,
,217,352,3,19829,,
,217,370,3,2352,,
,217,380,3,4071,B90276,FFFFFF
,217,72,3,8864,,
,217,78,3,17913,,
,217,91,3,18372,,
,217 AST,136,3,3626,,
,2170,344,3,1889,,
,2172,344,3,19318,,
,217A,78,3,20184,,
,217a,173,3,21545,,
,218,118,3,10467,,
,218,13,3,18636,,
,218,132,3,16635,,
,218,173,3,10360,,
,218,181,3,10935,,
,218,210,3,12329,,
,218,214,3,7761,,
,218,220,3,12361,,
,218,221,3,2483,,
,218,238,3,9381,,
,218,239,3,6365,,
,218,241,3,15986,,
,218,249,3,14995,,
,218,257,3,15875,,
,218,259,3,19903,,
,218,280,3,11446,,
,218,315,3,5811,,
,218,328,3,16435,,
,218,335,3,5804,,
,218,344,3,14667,,
,218,370,3,526,,
,218,379,3,17102,,
,218,380,3,21450,B90276,FFFFFF
,218,384,3,20069,,
,218,6,3,12721,,
,218,72,3,16970,,
,218,78,3,4368,,
,218,91,3,14,,
,219,118,3,8226,,
,219,132,3,8388,,
,219,136,3,4877,,
,219,185,3,18974,,
,219,214,3,9889,,
,219,221,3,18389,,
,219,239,3,21897,,
,219,257,3,19407,8A1478,FFFFFF
,219,259,3,3607,,
,219,292,3,7189,,
,219,328,3,20667,,
,219,344,3,14328,,
,219,370,3,9291,,
,219,380,3,5349,B90276,FFFFFF
,219,78,3,21513,,
,219 AST,136,3,21580,,
,219 Rufbus,136,3,20241,,
,219V,239,3,15087,,
,21ALT,35,3,13955,,
,21E,370,3,3216,,
,21E,6,3,18182,,
,21V,35,3,21375,,
,22,104,3,11606,,
,22,111,3,11160,,
,22,129,3,10301,,
,22,132,3,23799,,
,22,137,3,12547,,
,22,139,3,5009,,
,22,14,3,11950,,
,22,147,3,11389,,
,22,149,3,15401,,
,22,158,3,2922,,
,22,16,3,15346,,
,22,161,3,23066,,
,22,176,3,16324,,
,22,196,3,13791,,
,22,197,3,10871,,
,22,21,3,13418,,
,22,220,3,12161,,
,22,235,3,6188,,
,22,249,3,20444,,
,22,252,3,20968,,
,22,258,3,23196,,
,22,267,3,2379,,
,22,272,3,2441,,
,22,275,3,926,,
,22,276,3,17962,,
,22,286,3,6947,,
,22,303,3,2427,,
,22,308,3,18941,4EA3C3,FFFFFF
,22,334,3,6492,,
,22,335,3,18733,,
,22,342,3,6294,,
,22,349,3,2244,,
,22,35,3,13991,,
,22,352,3,8634,,
,22,354,3,2985,,
,22,356,3,777,,
,22,370,3,11374,,
,22,373,3,18886,,
,22,375,3,13395,,
,22,39,3,1550,,
,22,41,3,19253,,
,22,6,3,15640,,
,22,66,3,8409,,
,22,91,3,5684,,
,22,95,3,19027,,
,22 (Kamenz),118,3,8999,,
,220,117,3,3963,,
,220,13,3,19093,,
,220,136,3,10885,,
,220,147,3,3169,,
,220,173,3,2014,,
,220,185,3,20378,,
,220,20,3,16608,73D700,FFFFFF
,220,200,3,11599,,
,220,210,3,8889,,
,220,214,3,18987,,
,220,220,3,15418,,
,220,239,3,16519,,
,220,241,3,8654,,
,220,257,3,2020,,
,220,259,3,1806,,
,220,264,3,20835,,
,220,281,3,8294,,
,220,292,3,20528,,
,220,315,3,2815,,
,220,328,3,9554,,
,220,329,3,16411,,
,220,330,3,16486,,
,220,334,3,65,,
,220,370,3,4012,,
,220,373,3,10974,,
,220,379,3,7155,,
,220,380,3,19018,8BADDC,FFFFFF
,220,384,3,4334,,
,220,91,3,1029,,
,220,93,3,19782,,
,220,95,3,3381,,
,220 AST,136,3,4448,,
,220 Rufbus,136,3,2041,,
,220E,185,3,15626,,
,220E,370,3,3727,,
,220RU,91,3,10742,,
,220V,239,3,10528,,
,221,117,3,21152,,
,221,13,3,1812,,
,221,136,3,7624,,
,221,147,3,4004,,
,221,173,3,5558,,
,221,180,3,1147,,
,221,185,3,14005,,
,221,200,3,4018,,
,221,209,3,22849,,
,221,210,3,23230,,
,221,220,3,15647,,
,221,221,3,10335,,
,221,232,3,11664,,
,221,238,3,6410,,
,221,239,3,5264,,
,221,249,3,11262,,
,221,257,3,17990,,
,221,259,3,4347,,
,221,335,3,23327,,
,221,344,3,17805,,
,221,365,3,7408,,
,221,370,3,18255,,
,221,373,3,13632,,
,221,380,3,19158,009640,FFFFFF
,221,384,3,23109,,
,221,91,3,6126,,
,221,94,3,18309,,
,221,95,3,22172,,
,221 AST,136,3,11089,,
,221 Rufbus,136,3,2873,,
,221/4,373,3,16099,,
,221E,185,3,15109,,
,221E,370,3,8380,,
,221s,344,3,11537,,
,222,117,3,17946,,
,222,136,3,23079,,
,222,147,3,21734,,
,222,173,3,17798,,
,222,181,3,9958,,
,222,185,3,6577,,
,222,200,3,11390,,
,222,210,3,17747,,
,222,214,3,15263,,
,222,220,3,10007,,
,222,232,3,22269,,
,222,238,3,15163,,
,222,239,3,17542,,
,222,241,3,12398,,
,222,249,3,2448,,
,222,257,3,4292,,
,222,259,3,3753,,
,222,264,3,11608,,
,222,292,3,23609,,
,222,328,3,10820,,
,222,329,3,11681,,
,222,335,3,11978,,
,222,344,3,9261,,
,222,365,3,3093,,
,222,370,3,18616,,
,222,373,3,397,,
,222,380,3,7695,F3953F,FFFFFF
,222,384,3,20591,,
,222,91,3,16412,,
,222,95,3,5825,,
,222 AST,136,3,6227,,
,222 Rufbus,136,3,16156,,
,222E,185,3,22653,,
,222V,239,3,22843,,
,223,117,3,8970,,
,223,136,3,18630,,
,223,173,3,14769,,
,223,185,3,14014,,
,223,200,3,22823,,
,223,210,3,14660,,
,223,214,3,1398,,
,223,220,3,13054,,
,223,221,3,13091,,
,223,238,3,16627,,
,223,239,3,2986,,
,223,241,3,21384,,
,223,292,3,11283,,
,223,328,3,10634,,
,223,335,3,19448,,
,223,344,3,22619,,
,223,365,3,17152,,
,223,370,3,11479,,
,223,379,3,19878,,
,223,380,3,11052,D995BD,FFFFFF
,223,91,3,7346,,
,223,95,3,1197,,
,223 AST,136,3,6969,,
,223 Rufbus,136,3,2626,,
,223E,185,3,14118,,
,224,136,3,1187,,
,224,185,3,8227,,
,224,210,3,4027,,
,224,214,3,8302,,
,224,220,3,13556,,
,224,221,3,13911,,
,224,238,3,15155,,
,224,239,3,11369,,
,224,241,3,11571,,
,224,257,3,16913,,
,224,328,3,19342,,
,224,344,3,4491,,
,224,365,3,19904,,
,224,370,3,859,,
,224,373,3,22431,,
,224,380,3,1587,8BADDC,FFFFFF
,224,91,3,10693,,
,224,95,3,23141,,
,224 AST,136,3,22964,,
,224 Rufbus,136,3,20585,,
,224/1193,209,3,9995,,
,2240,373,3,18856,,
,224ALF,132,3,16082,,
,224E,185,3,653,,
,224RU,91,3,2495,,
,225,117,3,19578,,
,225,121,3,22499,,
,225,13,3,22663,,
,225,173,3,14864,,
,225,185,3,6887,,
,225,200,3,12279,,
,225,209,3,21714,,
,225,210,3,1216,,
,225,214,3,17118,,
,225,220,3,13882,,
,225,221,3,23160,,
,225,238,3,2413,,
,225,239,3,15460,,
,225,241,3,10786,,
,225,257,3,22400,,
,225,292,3,5944,,
,225,328,3,8295,,
,225,335,3,20729,,
,225,344,3,15122,,
,225,370,3,9563,,
,225,373,3,9938,,
,225,379,3,19468,,
,225,380,3,21488,B90276,FFFFFF
,225,91,3,2305,,
,225,95,3,17255,,
,225 AST,136,3,150,,
,225 Rufbus,136,3,23004,,
,225E,185,3,23726,,
,225RU,91,3,6645,,
,226,118,3,8716,,
,226,136,3,13268,,
,226,147,3,16057,,
,226,173,3,6197,,
,226,185,3,15622,,
,226,210,3,22199,,
,226,221,3,3881,,
,226,232,3,23208,,
,226,238,3,12834,,
,226,239,3,5099,,
,226,241,3,3087,,
,226,292,3,2168,,
,226,328,3,12997,,
,226,331,3,12181,,
,226,335,3,7897,,
,226,344,3,1863,,
,226,370,3,17669,,
,226,373,3,15077,,
,226,374,3,19814,,
,226 AST,136,3,16931,,
,226 Rufbus,136,3,5073,,
,226E,185,3,9396,,
,227,147,3,4263,,
,227,173,3,11276,,
,227,181,3,3805,,
,227,185,3,7547,,
,227,220,3,12467,,
,227,232,3,17626,,
,227,238,3,7301,,
,227,239,3,2359,,
,227,292,3,5215,,
,227,315,3,9775,,
,227,331,3,14240,,
,227,335,3,19715,,
,227,344,3,921,,
,227,370,3,3572,,
,227,373,3,23247,,
,227,374,3,11342,,
,227,380,3,23427,6FBC85,FFFFFF
,227,72,3,12979,,
,227E,185,3,21772,,
,228,118,3,20503,,
,228,13,3,16738,,
,228,147,3,21342,,
,228,220,3,15721,,
,228,221,3,17154,,
,228,232,3,22969,,
,228,344,3,8897,,
,228,370,3,16705,,
,228,374,3,874,,
,228,380,3,6064,D995BD,FFFFFF
,228,78,3,17756,,
,229,118,3,7318,,
,229,121,3,3706,,
,229,136,3,12097,,
,229,147,3,22614,,
,229,173,3,18113,,
,229,180,3,12321,,
,229,181,3,20609,,
,229,210,3,10295,,
,229,221,3,5817,,
,229,239,3,16693,,
,229,257,3,5182,,
,229,292,3,14739,,
,229,331,3,5406,,
,229,344,3,4390,,
,229,370,3,15296,,
,229,373,3,20556,,
,229,379,3,7079,,
,229,380,3,2564,D995BD,FFFFFF
,229,78,3,17431,,
,229E,185,3,5328,,
,22E,185,3,2548,,
,22E,370,3,1960,,
,22E,6,3,3442,,
,22S,197,3,8145,,
,23,11,3,4138,,
,23,111,3,5526,,
,23,129,3,4553,,
,23,132,3,15797,,
,23,137,3,9372,,
,23,139,3,21440,,
,23,158,3,18295,,
,23,161,3,13260,,
,23,173,3,16825,,
,23,176,3,7099,,
,23,192,3,21752,,
,23,196,3,5228,,
,23,197,3,4940,,
,23,220,3,22188,,
,23,233,3,12257,,
,23,235,3,8077,,
,23,249,3,21872,,
,23,252,3,4343,,
,23,258,3,525,,
,23,267,3,4411,,
,23,272,3,19475,,
,23,276,3,2070,,
,23,286,3,553,,
,23,289,3,7881,,
,23,303,3,20052,,
,23,308,3,9414,699796,FFFFFF
,23,334,3,5221,,
,23,335,3,5712,,
,23,342,3,1494,,
,23,349,3,15237,,
,23,35,3,4424,,
,23,352,3,712,,
,23,354,3,618,,
,23,356,3,14854,,
,23,361,3,11752,,
,23,370,3,11682,,
,23,375,3,23291,,
,23,382,3,3972,,
,23,39,3,12138,,
,23,41,3,2028,,
,23,58,0,12475,,
,23,6,3,21165,,
,23,66,3,10093,,
,23,78,0,2225,,
,23,80,3,4735,,
,23,95,3,8288,,
,23 (Kamenz),118,3,1050,,
,230,13,3,15933,,
,230,143,3,3912,,
,230,147,3,12506,,
,230,180,3,12714,,
,230,185,3,12286,,
,230,210,3,2333,,
,230,220,3,13145,,
,230,238,3,3560,,
,230,239,3,7080,,
,230,241,3,12594,,
,230,257,3,20225,,
,230,259,3,7270,,
,230,264,3,19845,,
,230,280,3,19267,,
,230,296,3,18957,,
,230,329,3,4776,,
,230,331,3,9681,,
,230,334,3,21402,,
,230,344,3,22360,,
,230,352,3,17930,,
,230,354,3,16959,,
,230,370,3,14754,,
,230,379,3,15952,,
,230,380,3,9874,9D9D9C,
,230,78,3,16573,,
,230,91,3,2095,,
,230,95,3,20428,,
,2301-KVG,220,3,15302,,
,2302-KVG,220,3,1733,,
,2303-KVG,220,3,2298,,
,230E,185,3,2807,,
,230E,370,3,9543,,
,230RU,91,3,20134,,
,230V,239,3,11882,,
,230s,344,3,17868,,
,231,136,3,2374,,
,231,143,3,344,,
,231,147,3,205,,
,231,173,3,19167,,
,231,180,3,10482,,
,231,185,3,16298,,
,231,210,3,4200,,
,231,238,3,1515,,
,231,239,3,9519,,
,231,241,3,7645,,
,231,259,3,7802,,
,231,264,3,17167,,
,231,330,3,19074,,
,231,331,3,7718,,
,231,335,3,12566,,
,231,344,3,4789,,
,231,352,3,16466,,
,231,365,3,20657,,
,231,370,3,8604,,
,231,380,3,9054,9D9D9C,
,231,91,3,5162,,
,231,95,3,11960,,
,231 AST,136,3,8381,,
,231 Rufbus,136,3,4941,,
,231E,185,3,11859,,
,231E,370,3,9665,,
,231V,239,3,3081,,
,232,111,3,11903,,
,232,118,3,6085,,
,232,13,3,22424,,
,232,136,3,14925,,
,232,143,3,19155,,
,232,173,3,12704,,
,232,180,3,15421,,
,232,181,3,6075,,
,232,185,3,4840,,
,232,210,3,12986,,
,232,220,3,14561,,
,232,221,3,3625,,
,232,239,3,965,,
,232,241,3,16648,,
,232,257,3,3769,,
,232,259,3,22237,,
,232,264,3,10608,,
,232,280,3,7997,,
,232,329,3,18066,,
,232,331,3,16528,,
,232,335,3,5357,,
,232,344,3,15894,,
,232,365,3,5818,,
,232,370,3,2988,,
,232,380,3,7,B90276,FFFFFF
,232,78,3,17378,,
,232,91,3,12249,,
,232,95,3,1849,,
,232 RufBus,147,3,2948,,
,232E,185,3,1935,,
,232E,370,3,21931,,
,233,111,3,4044,,
,233,118,3,6829,,
,233,147,3,22876,,
,233,180,3,7134,,
,233,185,3,16901,,
,233,210,3,17765,,
,233,220,3,21397,,
,233,221,3,18606,,
,233,239,3,17653,,
,233,241,3,14947,,
,233,259,3,18471,,
,233,264,3,8078,,
,233,292,3,20992,,
,233,331,3,1057,,
,233,335,3,23201,,
,233,344,3,21213,,
,233,352,3,7813,,
,233,370,3,5902,,
,233,379,3,5713,,
,233,380,3,12399,D995BD,FFFFFF
,233,91,3,21451,,
,233,95,3,13401,,
,233E,185,3,15567,,
,234,118,3,7557,,
,234,136,3,17784,,
,234,147,3,6653,,
,234,181,3,15749,,
,234,185,3,8697,,
,234,20,3,5516,73D700,FFFFFF
,234,210,3,5539,,
,234,220,3,10653,,
,234,221,3,14535,,
,234,239,3,20797,,
,234,264,3,9138,,
,234,296,3,19522,,
,234,331,3,4213,,
,234,335,3,814,,
,234,344,3,6399,,
,234,352,3,1249,,
,234,370,3,18220,,
,234,380,3,23692,009640,FFFFFF
,234,384,3,17714,,
,234,78,3,7402,,
,234,91,3,19308,,
,234 AST,136,3,14152,,
,234 Rufbus,136,3,3511,,
,2341,286,3,5861,,
,234E,185,3,12967,,
,234V,239,3,11995,,
,234s,335,3,21014,,
,235,111,3,4912,,
,235,118,3,7532,,
,235,136,3,21572,,
,235,147,3,14501,,
,235,181,3,6093,,
,235,185,3,6674,,
,235,210,3,14793,,
,235,220,3,22696,,
,235,221,3,6295,,
,235,241,3,20419,,
,235,257,3,13121,,
,235,264,3,14503,,
,235,296,3,14090,,
,235,331,3,9586,,
,235,335,3,14681,,
,235,344,3,180,,
,235,352,3,7198,,
,235,370,3,23800,,
,235,373,3,10626,,
,235,380,3,7860,9D9D9C,
,235,91,3,8557,,
,235,95,3,7372,,
,235 Rufbus,136,3,20638,,
,235E,370,3,20529,,
,235RU,91,3,13899,,
,236,118,3,12616,,
,236,132,3,2772,,
,236,136,3,16016,,
,236,180,3,12856,,
,236,181,3,10242,,
,236,185,3,19470,,
,236,220,3,19532,,
,236,221,3,992,,
,236,239,3,311,,
,236,241,3,4001,,
,236,257,3,7899,,
,236,264,3,15059,,
,236,328,3,19815,,
,236,335,3,12265,,
,236,344,3,21668,,
,236,370,3,18988,,
,236,380,3,9512,4C76BA,FFFFFF
,236 AST,136,3,20404,,
,236 RufBus,147,3,5445,,
,236 Rufbus,136,3,6198,,
,2365,220,3,7688,,
,2368,220,3,22003,,
,2369,220,3,12139,,
,236E,185,3,6142,,
,236E,370,3,13344,,
,237,118,3,16591,,
,237,147,3,7354,,
,237,185,3,15265,,
,237,200,3,9507,,
,237,220,3,13419,,
,237,221,3,20388,,
,237,249,3,15435,,
,237,257,3,15607,,
,237,344,3,2766,,
,237,352,3,22164,,
,237,370,3,14119,,
,237,380,3,18864,6FBC85,FFFFFF
,237,384,3,21900,,
,2370,220,3,16147,,
,2371,220,3,19555,,
,2372,220,3,9323,,
,2373,220,3,13992,,
,2375,220,3,5992,,
,2376,220,3,4033,,
,2377,220,3,7745,,
,237E,185,3,22677,,
,237E,370,3,5647,,
,238,118,3,18236,,
,238,143,3,23256,,
,238,147,3,5610,,
,238,181,3,10433,,
,238,185,3,11488,,
,238,200,3,9578,,
,238,220,3,12312,,
,238,221,3,919,,
,238,241,3,2306,,
,238,257,3,8321,,
,238,344,3,21084,,
,238,352,3,12698,,
,238,370,3,4484,,
,238,373,3,19186,,
,238,380,3,7224,F3953F,FFFFFF
,238,97,3,12322,,
,238E,185,3,7656,,
,239,118,3,14198,,
,239,143,3,5074,,
,239,147,3,22467,,
,239,173,3,9647,,
,239,181,3,18239,,
,239,185,3,3199,,
,239,20,3,20024,73D700,FFFFFF
,239,220,3,15828,,
,239,221,3,1542,,
,239,241,3,455,,
,239,257,3,17859,,
,239,335,3,8821,,
,239,344,3,16662,,
,239,352,3,12646,,
,239,370,3,4371,,
,239,373,3,3716,,
,239,380,3,15303,E2684C,FFFFFF
,239E,185,3,15526,,
,23A,361,3,20786,,
,23E,370,3,3440,,
,23N,361,3,8649,,
,23S,197,3,18289,,
,23S,361,3,6435,,
,23V,35,3,20846,,
,24,111,3,11090,,
,24,129,3,20286,,
,24,132,3,19925,,
,24,137,3,7793,,
,24,158,3,7347,,
,24,173,3,22251,,
,24,176,3,7657,,
,24,190,3,4492,,
,24,196,3,14166,,
,24,197,3,2616,,
,24,198,3,2451,,
,24,220,3,8990,,
,24,233,3,8275,,
,24,235,3,13436,,
,24,249,3,8474,,
,24,252,3,14985,,
,24,258,3,6375,,
,24,267,3,5776,,
,24,272,3,18548,,
,24,276,3,1317,,
,24,286,3,15234,,
,24,289,3,23487,,
,24,315,3,8364,,
,24,335,3,7436,,
,24,342,3,23590,,
,24,35,3,10946,,
,24,352,3,13543,,
,24,354,3,7206,,
,24,356,3,3546,,
,24,370,3,2786,,
,24,375,3,10734,,
,24,382,3,14718,,
,24,39,3,17698,,
,24,41,3,20048,,
,24,46,3,1329,,
,24,6,3,12222,,
,24,66,3,2777,,
,24,93,3,9764,,
,24,95,3,9172,,
,240,120,3,12902,,
,240,132,3,10622,,
,240,147,3,13864,,
,240,173,3,15887,,
,240,181,3,14690,,
,240,190,3,22382,,
,240,200,3,10214,,
,240,210,3,2237,,
,240,221,3,8102,,
,240,232,3,8842,,
,240,239,3,4577,,
,240,257,3,2903,,
,240,264,3,10215,,
,240,280,3,13269,,
,240,296,3,10114,,
,240,329,3,1548,,
,240,335,3,10954,,
,240,344,3,10594,,
,240,352,3,15469,,
,240,370,3,23002,,
,240,373,3,4529,,
,240,380,3,21924,9D9D9C,
,240,384,3,15677,,
,240,91,3,3231,,
,240,95,3,3456,,
,240,97,3,3254,,
,240RU,91,3,21247,,
,240W,239,3,15186,,
,240s,335,3,17785,,
,240s,344,3,5665,,
,241,118,3,17919,,
,241,147,3,12479,,
,241,173,3,19556,,
,241,185,3,23551,,
,241,200,3,20018,,
,241,214,3,18865,,
,241,220,3,13499,,
,241,232,3,5642,,
,241,239,3,23522,,
,241,241,3,7882,,
,241,257,3,1030,,
,241,264,3,23545,,
,241,296,3,390,,
,241,335,3,11937,,
,241,379,3,4438,,
,241,78,3,16092,,
,241,91,3,174,,
,241,95,3,4598,,
,241E,185,3,7932,,
,242,118,3,3304,,
,242,147,3,13270,,
,242,173,3,22771,,
,242,200,3,11263,,
,242,210,3,6218,,
,242,214,3,7983,,
,242,232,3,23795,,
,242,239,3,21804,,
,242,241,3,19230,,
,242,257,3,1442,,
,242,264,3,8177,,
,242,280,3,16317,,
,242,296,3,3037,,
,242,329,3,3239,,
,242,330,3,17276,,
,242,335,3,23581,,
,242,344,3,13521,,
,242,352,3,6856,,
,242,379,3,7100,,
,242,78,3,6287,,
,242,91,3,22555,,
,242A,78,3,19644,,
,242V,239,3,22972,,
,243,118,3,23767,,
,243,147,3,4308,,
,243,185,3,13753,,
,243,200,3,9730,,
,243,210,3,3723,,
,243,232,3,7503,,
,243,239,3,4905,,
,243,241,3,16945,,
,243,249,3,12649,,
,243,257,3,6502,,
,243,264,3,19950,,
,243,330,3,14603,,
,243,344,3,8086,,
,243,370,3,7949,,
,243,78,3,837,,
,2433-KVG,220,3,14474,,
,243A,78,3,3849,,
,243E,185,3,15438,,
,244,118,3,2956,,
,244,147,3,17333,,
,244,181,3,15097,,
,244,185,3,147,,
,244,200,3,21311,,
,244,232,3,19187,,
,244,239,3,17137,,
,244,241,3,10947,,
,244,264,3,10937,,
,244,280,3,19181,,
,244,335,3,19019,,
,244,344,3,20248,,
,244,78,3,16125,,
,244,95,3,3005,,
,244,97,3,14805,,
,244A,78,3,21842,,
,244E,185,3,16892,,
,245,118,3,16126,,
,245,144,3,16282,,
,245,147,3,11617,,
,245,185,3,9513,,
,245,200,3,15600,,
,245,210,3,17709,,
,245,214,3,6583,,
,245,220,3,822,,
,245,249,3,1868,,
,245,264,3,22797,,
,245,344,3,4173,,
,245,370,3,1645,,
,245,384,3,17302,,
,245,78,3,21102,,
,245,91,3,17153,,
,245,95,3,17551,,
,245,97,3,20623,,
,245A,78,3,7513,,
,245E,185,3,8873,,
,245RU,91,3,8404,,
,246,118,3,21912,,
,246,132,3,19855,,
,246,147,3,7770,,
,246,185,3,11272,,
,246,200,3,20873,,
,246,210,3,23561,,
,246,241,3,9975,,
,246,249,3,20249,,
,246,257,3,14378,,
,246,335,3,6908,,
,246,344,3,20969,,
,246,373,3,2773,,
,246,384,3,20592,,
,246,78,3,4635,,
,246,91,3,19581,,
,246,95,3,10251,,
,246,97,3,4741,,
,246E,185,3,21228,,
,247,118,3,2957,,
,247,132,3,10193,,
,247,147,3,5183,,
,247,185,3,15389,,
,247,200,3,16348,,
,247,210,3,12740,,
,247,220,3,18682,,
,247,221,3,22548,,
,247,241,3,4072,,
,247,264,3,8884,,
,247,335,3,23428,,
,247,352,3,9571,,
,247,370,3,3098,,
,247,373,3,12202,,
,247,384,3,9944,,
,247,78,3,8572,,
,247,91,3,1983,,
,247,95,3,6470,,
,247,97,3,1607,,
,247E,185,3,10975,,
,248,132,3,973,,
,248,147,3,8438,,
,248,185,3,6477,,
,248,200,3,7907,,
,248,210,3,5930,,
,248,220,3,23599,,
,248,221,3,4226,,
,248,241,3,10552,,
,248,335,3,6665,,
,248,344,3,17111,,
,248,370,3,17876,,
,248,384,3,9700,,
,248,78,3,4972,,
,248,97,3,12499,,
,248E,185,3,2372,,
,249,147,3,15917,,
,249,185,3,6155,,
,249,200,3,11492,,
,249,221,3,12606,,
,249,249,3,7703,,
,249,344,3,12177,,
,249,384,3,16193,,
,249,78,3,20209,,
,249E,185,3,8169,,
,24E,6,3,16343,,
,24S,197,3,11303,,
,24V,35,3,22083,,
,25,104,3,17041,,
,25,132,3,8365,,
,25,137,3,11142,,
,25,147,3,4314,,
,25,158,3,19926,,
,25,176,3,13240,,
,25,196,3,1482,,
,25,197,3,20370,,
,25,198,3,14441,,
,25,220,3,20981,,
,25,233,3,23214,,
,25,267,3,10694,,
,25,272,3,13534,,
,25,275,3,5028,,
,25,286,3,22394,,
,25,289,3,17239,,
,25,303,3,16054,,
,25,315,3,18103,,
,25,320,3,303,,
,25,342,3,20523,,
,25,35,3,7233,,
,25,352,3,6888,,
,25,354,3,15814,,
,25,375,3,889,,
,25,382,3,14083,,
,25,39,3,10140,,
,25,41,3,22273,,
,25,42,3,22217,,
,25,46,3,14143,,
,25,58,0,22479,,
,25,58,3,13039,,
,25,6,3,17670,,
,25,66,3,17844,,
,25,80,3,18566,,
,25,9,3,3602,,
,25,95,3,8499,,
,250,173,3,3349,,
,250,200,3,3457,,
,250,210,3,2131,,
,250,220,3,13985,,
,250,232,3,535,,
,250,241,3,8898,,
,250,257,3,20935,,
,250,264,3,12116,,
,250,274,3,14777,,
,250,280,3,10434,,
,250,296,3,5234,,
,250,329,3,20898,,
,250,344,3,9572,,
,250,370,3,16885,,
,250,384,3,10918,,
,250,78,3,8228,,
,250,91,3,22512,,
,250,95,3,11572,,
,2509,9,3,1085,,
,250RU,91,3,4792,,
,250a,370,3,7526,,
,250b,370,3,17757,,
,250s,344,3,11754,,
,251,118,3,17228,,
,251,144,3,16083,,
,251,147,3,20498,,
,251,173,3,3295,,
,251,185,3,23180,,
,251,200,3,811,,
,251,220,3,9423,,
,251,241,3,17807,,
,251,257,3,3170,,
,251,264,3,730,,
,251,274,3,14231,,
,251,335,3,23202,,
,251,344,3,5196,,
,251,352,3,17510,,
,251,370,3,13943,,
,251,94,3,19465,,
,251,95,3,6032,,
,251,97,3,7763,,
,2511,174,3,13759,,
,2512,174,3,12500,,
,2513,174,3,5888,,
,2514,174,3,3346,,
,251E,185,3,19312,,
,252,118,3,11447,,
,252,147,3,8493,,
,252,173,3,9544,,
,252,181,3,17083,,
,252,185,3,6121,,
,252,200,3,11545,,
,252,221,3,4907,,
,252,241,3,10357,,
,252,257,3,22408,,
,252,264,3,18497,,
,252,273,3,6618,,
,252,274,3,5097,,
,252,280,3,2038,,
,252,296,3,15601,,
,252,329,3,7022,,
,252,335,3,20293,,
,252,344,3,3808,,
,252,352,3,15130,,
,252,370,3,14694,,
,252,379,3,8971,,
,252,95,3,15533,,
,252E,173,3,5172,,
,252E,185,3,23758,,
,253,118,3,9035,,
,253,132,3,11773,,
,253,144,3,21220,,
,253,173,3,7883,,
,253,181,3,8170,,
,253,185,3,6901,,
,253,200,3,23518,,
,253,22,3,13046,,
,253,221,3,11474,,
,253,257,3,13923,,
,253,264,3,12189,,
,253,274,3,18948,,
,253,296,3,6019,,
,253,335,3,19348,,
,253,344,3,14190,,
,253,352,3,19380,,
,253,370,3,12677,,
,253,379,3,16055,,
,253,94,3,10391,,
,253E,173,3,18332,,
,253E,185,3,241,,
,254,118,3,18256,,
,254,173,3,6302,,
,254,185,3,15339,,
,254,200,3,8296,,
,254,22,3,12237,,
,254,220,3,16358,,
,254,249,3,4128,,
,254,257,3,10858,,
,254,264,3,6310,,
,254,274,3,7617,,
,254,296,3,9598,,
,254,335,3,17423,,
,254,379,3,5329,,
,254,95,3,19932,,
,254E,185,3,8638,,
,255,132,3,20173,,
,255,173,3,7479,,
,255,181,3,19598,,
,255,185,3,9457,,
,255,200,3,23728,,
,255,220,3,198,,
,255,221,3,10932,,
,255,241,3,21274,,
,255,264,3,6626,,
,255,274,3,20420,,
,255,3,3,3858,,
,255,334,3,8907,,
,255,335,3,9191,,
,255,344,3,2729,,
,255,370,3,14794,,
,255,384,3,6331,,
,255,91,3,14044,,
,255,94,3,8991,,
,255,95,3,18675,,
,2551,344,3,16544,,
,2552,344,3,3542,,
,2553,344,3,551,,
,2555,344,3,20936,,
,2556,344,3,23280,,
,255E,173,3,3410,,
,255E,185,3,16671,,
,255RU,91,3,19260,,
,256,132,3,1229,,
,256,136,3,16685,,
,256,200,3,19579,,
,256,220,3,5426,,
,256,264,3,16073,,
,256,274,3,23700,,
,256,296,3,18485,,
,256,334,3,16184,,
,256,344,3,22220,,
,256,352,3,4425,,
,256,370,3,12030,,
,256,384,3,20336,,
,256,91,3,8724,,
,256,94,3,20557,,
,256 Rufbus,136,3,1453,,
,2561,344,3,11573,,
,2562,344,3,11808,,
,2563,344,3,12559,,
,256E,185,3,13676,,
,257,181,3,9348,,
,257,185,3,23770,,
,257,200,3,7561,,
,257,220,3,19933,,
,257,264,3,10821,,
,257,274,3,1817,,
,257,335,3,8992,,
,257,344,3,12705,,
,257,370,3,12880,,
,257,78,3,1454,,
,257,91,3,2307,,
,257,94,3,13737,,
,2571,344,3,2200,,
,2575,344,3,5498,,
,2576,344,3,12033,,
,2577,344,3,17247,,
,257E,185,3,13122,,
,258,147,3,1864,,
,258,181,3,2452,,
,258,185,3,3940,,
,258,200,3,7360,,
,258,239,3,11083,,
,258,241,3,19023,,
,258,274,3,15530,,
,258,3,3,7990,,
,258,335,3,3355,,
,258,344,3,16107,,
,258,370,3,9988,,
,2581,344,3,371,,
,2582,344,3,19816,,
,2585,344,3,11820,,
,2586,344,3,7764,,
,258E,185,3,7108,,
,259,144,3,6815,,
,259,147,3,3909,,
,259,185,3,3157,,
,259,200,3,13535,,
,259,239,3,10763,,
,259,274,3,6311,,
,259,335,3,22111,,
,259,344,3,2426,,
,259,384,3,7991,,
,259,94,3,15187,,
,2590,344,3,19734,,
,2591,344,3,11609,,
,2592,344,3,1880,,
,2593,344,3,5706,,
,2594,344,3,12501,,
,2595,344,3,13677,,
,2596,344,3,6827,,
,259E,185,3,17424,,
,25E,375,3,7175,,
,25S,197,3,19134,,
,25V,35,3,8029,,
,25X,6,3,9200,,
,26,104,3,9024,,
,26,129,3,19014,,
,26,132,3,23617,,
,26,137,3,6478,,
,26,147,3,17731,,
,26,158,3,7332,,
,26,161,3,18454,,
,26,176,3,5281,,
,26,220,3,9503,,
,26,233,3,1647,,
,26,258,3,13424,,
,26,267,3,14721,,
,26,272,3,19630,,
,26,274,3,11311,,
,26,275,3,4977,,
,26,289,3,13641,,
,26,315,3,19846,,
,26,334,3,12215,,
,26,335,3,16473,,
,26,342,3,1560,,
,26,35,3,11548,,
,26,352,3,8308,,
,26,354,3,4868,,
,26,356,3,8229,,
,26,370,3,15522,,
,26,375,3,15505,,
,26,382,3,5060,,
,26,42,3,21065,,
,26,46,3,5,,
,26,6,3,16185,,
,26,9,3,8567,,
,26,95,3,3887,,
,26/27,272,3,18590,,
,260,118,3,13043,,
,260,136,3,22390,,
,260,144,3,6857,,
,260,147,3,20847,,
,260,181,3,22697,,
,260,185,3,18335,,
,260,20,3,9247,73D700,FFFFFF
,260,220,3,7689,,
,260,239,3,13261,,
,260,241,3,1418,,
,260,249,3,9363,,
,260,257,3,9218,,
,260,259,3,7409,,
,260,264,3,20745,,
,260,274,3,6761,,
,260,280,3,20744,,
,260,296,3,7040,,
,260,299,3,761,,
,260,3,3,1654,,
,260,334,3,9804,,
,260,344,3,18367,,
,260,352,3,21027,,
,260,365,3,4300,,
,260,370,3,11725,,
,260,374,3,22464,,
,260,380,3,19515,9D9D9C,
,260,384,3,7207,,
,260,91,3,11195,,
,260,94,3,9192,,
,260,95,3,5501,,
,2602,53,3,8771,,
,260E,185,3,8912,,
,260RU,91,3,5699,,
,260V,239,3,3403,,
,260s,344,3,1610,,
,261,118,3,15196,,
,261,136,3,1777,,
,261,144,3,20108,,
,261,147,3,17776,,
,261,181,3,12007,,
,261,185,3,560,,
,261,220,3,20003,,
,261,238,3,14409,,
,261,239,3,14224,,
,261,241,3,8333,,
,261,249,3,20197,,
,261,257,3,2736,,
,261,259,3,13329,,
,261,264,3,15305,,
,261,274,3,23503,,
,261,296,3,14760,,
,261,299,3,13100,,
,261,334,3,14401,,
,261,344,3,2767,,
,261,352,3,4935,,
,261,354,3,782,,
,261,370,3,20337,,
,261,374,3,9277,,
,261,380,3,6521,4C76BA,FFFFFF
,261,91,3,10936,,
,261,94,3,22889,,
,2610,53,3,16574,,
,261E,185,3,17845,,
,261a,94,3,16431,,
,262,136,3,10245,,
,262,144,3,18368,,
,262,147,3,11244,,
,262,181,3,17671,,
,262,185,3,14933,,
,262,238,3,1122,,
,262,239,3,12476,,
,262,241,3,11747,,
,262,264,3,22571,,
,262,280,3,480,,
,262,296,3,2853,,
,262,299,3,853,,
,262,335,3,3200,,
,262,344,3,21200,,
,262,352,3,875,,
,262,354,3,8546,,
,262,370,3,15149,,
,262,374,3,17806,,
,262,78,3,20260,,
,262,94,3,2245,,
,2620,220,3,13203,,
,262E,185,3,642,,
,262V,239,3,18478,,
,263,118,3,22106,,
,263,136,3,22706,,
,263,181,3,21634,,
,263,185,3,17161,,
,263,20,3,7156,73D700,FFFFFF
,263,220,3,21917,,
,263,238,3,17354,,
,263,239,3,11472,,
,263,241,3,16940,,
,263,264,3,20371,,
,263,273,3,20581,,
,263,274,3,21660,,
,263,296,3,12376,,
,263,3,3,5365,,
,263,335,3,21258,,
,263,344,3,20205,,
,263,370,3,2141,,
,263,374,3,8066,,
,263,383,3,15264,,
,263,78,3,6498,,
,263,94,3,22165,,
,263 b,118,3,1300,,
,263E,185,3,16980,,
,263V,239,3,5727,,
,264,118,3,15032,,
,264,136,3,7420,,
,264,147,3,20135,,
,264,181,3,19557,,
,264,185,3,12806,,
,264,20,3,6428,73D700,FFFFFF
,264,220,3,542,,
,264,238,3,4606,,
,264,239,3,21314,,
,264,264,3,20475,,
,264,274,3,17831,,
,264,299,3,5023,,
,264,3,3,11883,,
,264,335,3,860,,
,264,344,3,2838,,
,264,370,3,6228,,
,264,374,3,4360,,
,264,380,3,2062,9D9D9C,
,264,78,3,4372,,
,264,94,3,9373,,
,264E,185,3,2273,,
,264s,335,3,23277,,
,265,118,3,8535,,
,265,136,3,22565,,
,265,181,3,13040,,
,265,185,3,4444,,
,265,210,3,18251,,
,265,238,3,5066,,
,265,239,3,7247,,
,265,241,3,16990,,
,265,257,3,1978,,
,265,264,3,15090,,
,265,274,3,17758,,
,265,299,3,18684,,
,265,3,3,6359,,
,265,328,3,12731,,
,265,335,3,10418,,
,265,344,3,4122,,
,265,370,3,20030,,
,265,374,3,5559,,
,265,384,3,10265,,
,265,57,3,23125,,
,265,91,3,4961,,
,265,94,3,18689,,
,265 AST,136,3,22837,,
,265 Rufbus,136,3,19711,,
,2650,220,3,21180,,
,265E,185,3,8037,,
,265RU,91,3,11920,,
,266,136,3,11967,,
,266,181,3,20191,,
,266,185,3,5595,,
,266,238,3,16848,,
,266,239,3,5862,,
,266,257,3,3147,,
,266,335,3,9130,,
,266,344,3,3735,,
,266,370,3,575,,
,266,374,3,18591,,
,266,380,3,14672,9D9D9C,
,266,78,3,3578,,
,266,91,3,23488,,
,266 AST,136,3,7861,,
,266A,78,3,2021,,
,266E,185,3,20471,,
,267,118,3,8363,,
,267,185,3,22690,,
,267,238,3,7690,,
,267,239,3,2106,,
,267,249,3,22151,,
,267,257,3,23265,,
,267,274,3,903,,
,267,299,3,12532,,
,267,335,3,22487,,
,267,344,3,4139,,
,267,370,3,21567,,
,267,374,3,8908,,
,267,380,3,10121,9D9D9C,
,267,91,3,20802,,
,267,93,3,15450,,
,267E,185,3,9366,,
,267V,239,3,7900,,
,268,118,3,9055,,
,268,181,3,23602,,
,268,185,3,5630,,
,268,20,3,6448,73D700,FFFFFF
,268,238,3,16902,,
,268,239,3,21536,,
,268,274,3,6610,,
,268,299,3,16359,,
,268,328,3,11922,,
,268,335,3,10725,,
,268,344,3,10548,,
,268,370,3,5006,,
,268,374,3,7608,,
,268,380,3,3736,9D9D9C,
,268,91,3,20243,,
,268,93,3,20812,,
,268,94,3,6996,,
,268,97,3,5128,,
,268E,185,3,22425,,
,268s,335,3,6662,,
,269,118,3,6860,,
,269,144,3,2714,,
,269,147,3,17654,,
,269,181,3,20121,,
,269,220,3,21745,,
,269,238,3,23618,,
,269,239,3,7339,,
,269,257,3,23220,,
,269,274,3,475,,
,269,344,3,9048,,
,269,370,3,12319,,
,269,374,3,3620,,
,269,380,3,14602,9D9D9C,
,269,384,3,7421,,
,269,78,3,17379,,
,269,97,3,5824,,
,269E,185,3,6422,,
,26ALT,35,3,9629,,
,27,132,3,22686,,
,27,137,3,20750,,
,27,14,3,4115,,
,27,147,3,7190,,
,27,158,3,12810,,
,27,161,3,13209,,
,27,196,3,9514,,
,27,197,3,5282,,
,27,198,3,21599,,
,27,220,3,10792,,
,27,232,3,12903,,
,27,233,3,9841,,
,27,249,3,1621,,
,27,258,3,14373,,
,27,267,3,323,,
,27,272,3,13930,,
,27,274,3,2825,,
,27,275,3,22817,,
,27,315,3,14604,,
,27,335,3,18741,,
,27,342,3,3863,,
,27,35,3,7157,,
,27,352,3,16344,,
,27,356,3,20218,,
,27,370,3,7797,,
,27,375,3,19725,,
,27,382,3,9187,,
,27,384,0,18857,,
,27,384,3,23228,,
,27,39,3,14281,,
,27,42,3,6536,,
,27,58,0,2796,,
,27,6,3,18046,,
,27,81,3,21627,,
,27,9,3,1996,,
,27,93,3,8635,,
,27,95,3,127,,
,270,173,3,3770,,
,270,181,3,20730,,
,270,20,3,13345,73D700,FFFFFF
,270,210,3,16467,,
,270,220,3,23596,,
,270,239,3,13567,,
,270,249,3,11566,,
,270,264,3,12154,,
,270,274,3,11979,,
,270,280,3,7924,,
,270,330,3,20524,,
,270,334,3,5707,,
,270,344,3,4516,,
,270,374,3,7734,,
,270,380,3,22028,E2684C,FFFFFF
,270,91,3,8899,,
,270RU,91,3,15736,,
,270V,239,3,4720,,
,271,144,3,9931,,
,271,147,3,9000,,
,271,173,3,9483,,
,271,181,3,22883,,
,271,185,3,22646,,
,271,239,3,18326,,
,271,264,3,3700,,
,271,274,3,11203,,
,271,3,3,6807,,
,271,335,3,7567,,
,271,344,3,17861,,
,271,370,3,13102,,
,271,374,3,13161,,
,271,380,3,22776,9D9D9C,
,271,384,3,22077,,
,271,91,3,15451,,
,271,95,3,11904,,
,271E,185,3,5300,,
,271V,239,3,17740,,
,272,136,3,16074,,
,272,144,3,5475,,
,272,147,3,8547,,
,272,173,3,2587,,
,272,185,3,19864,,
,272,249,3,2511,,
,272,264,3,15506,,
,272,274,3,9587,,
,272,3,3,20541,,
,272,335,3,10776,,
,272,344,3,22472,,
,272,370,3,10363,,
,272,374,3,23356,,
,272,94,3,14865,,
,272,95,3,8375,,
,2720,220,3,20635,,
,2721,220,3,14264,,
,2722,220,3,10771,,
,2723,220,3,14256,,
,2724,220,3,8253,,
,2725,220,3,23061,,
,2726,220,3,6545,,
,272E,185,3,6584,,
,273,144,3,22409,,
,273,185,3,7490,,
,273,264,3,13429,,
,273,274,3,14410,,
,273,3,3,4968,,
,273,335,3,21577,,
,273,344,3,3025,,
,273,374,3,4624,,
,273,94,3,3065,,
,273,95,3,9284,,
,273,97,3,9163,,
,273E,185,3,3158,,
,274,144,3,5466,,
,274,147,3,14475,,
,274,185,3,22997,,
,274,220,3,13557,,
,274,249,3,20624,,
,274,264,3,8843,,
,274,274,3,2182,,
,274,335,3,15150,,
,274,344,3,11304,,
,274,374,3,14940,,
,274,380,3,2774,9D9D9C,
,274,91,3,22024,,
,274,95,3,18949,,
,274,97,3,20974,,
,274E,185,3,16403,,
,275,144,3,1472,,
,275,185,3,22126,,
,275,220,3,2161,,
,275,239,3,18651,,
,275,249,3,11532,,
,275,264,3,17893,,
,275,296,3,21377,,
,275,3,3,21759,,
,275,335,3,17838,,
,275,344,3,18544,,
,275,370,3,14100,,
,275,374,3,5331,,
,275,380,3,2973,,
,275,384,3,14618,,
,275,91,3,4322,,
,275,97,3,1630,,
,275E,185,3,2559,,
,275RU,91,3,13086,,
,276,185,3,22869,,
,276,220,3,6014,,
,276,239,3,21832,,
,276,274,3,22853,,
,276,296,3,20252,,
,276,3,3,8625,,
,276,330,3,6607,,
,276,335,3,19802,,
,276,344,3,5799,,
,276,370,3,3066,,
,276,374,3,12280,,
,276,380,3,15643,F3953F,FFFFFF
,276,91,3,9070,,
,276,97,3,12127,,
,276E,185,3,20921,,
,277,181,3,2449,,
,277,210,3,4513,,
,277,220,3,5611,,
,277,239,3,22416,,
,277,249,3,8114,,
,277,274,3,15272,,
,277,3,3,7403,,
,277,330,3,20476,,
,277,335,3,15042,,
,277,344,3,4561,,
,277,380,3,20097,9D9D9C,
,277,384,3,5024,,
,277,91,3,21530,,
,277,97,3,19951,,
,277E,185,3,6527,,
,278,181,3,21214,,
,278,185,3,21950,,
,278,210,3,12128,,
,278,220,3,11338,,
,278,239,3,3126,,
,278,274,3,16468,,
,278,3,3,8382,,
,278,330,3,14347,,
,278,344,3,6312,,
,278,374,3,21108,,
,278,380,3,16056,D995BD,FFFFFF
,278,91,3,7186,,
,278E,185,3,11235,,
,279,181,3,2753,,
,279,249,3,10755,,
,279,274,3,23611,,
,279,3,3,8178,,
,279,344,3,15961,,
,279,374,3,22289,,
,279,380,3,3038,8BADDC,FFFFFF
,279,91,3,12377,,
,279,97,3,22410,,
,279E,185,3,23135,,
,27E,35,3,17180,,
,27E,6,3,10349,,
,27V,35,3,21742,,
,28,118,3,23711,,
,28,137,3,7081,,
,28,147,3,16205,,
,28,158,3,10194,,
,28,198,3,5136,,
,28,220,3,16442,,
,28,233,3,21353,,
,28,267,3,166,,
,28,272,3,21925,,
,28,292,3,838,,
,28,315,3,77,,
,28,334,3,3311,,
,28,342,3,12998,,
,28,344,3,13456,,
,28,35,3,12715,,
,28,356,3,19085,,
,28,370,3,3176,,
,28,375,3,21231,,
,28,382,3,6984,,
,28,39,3,6094,,
,28,42,3,19487,,
,28,58,0,12450,,
,28,6,3,261,,
,28,93,3,18221,,
,28,95,3,8639,,
,280,104,3,14140,,
,280,13,3,12078,,
,280,173,3,19117,,
,280,185,3,2692,,
,280,20,3,1588,73D700,FFFFFF
,280,221,3,4823,,
,280,274,3,4186,,
,280,280,3,12741,,
,280,297,3,3838,,
,280,344,3,16558,,
,280,37,3,15790,,
,280,370,3,3338,,
,280,374,3,681,,
,280,380,3,6503,E2684C,FFFFFF
,280,91,3,9753,,
,280,95,3,11704,,
,2803-AST,220,3,7519,,
,2804-AST,220,3,11245,,
,2805-AST,220,3,20325,,
,2807-AST,220,3,19827,,
,280E,185,3,4728,,
,280E,370,3,17571,,
,281,144,3,10383,,
,281,147,3,17727,,
,281,173,3,1553,,
,281,185,3,13402,,
,281,220,3,10186,,
,281,221,3,10180,,
,281,249,3,7149,,
,281,331,3,19839,,
,281,335,3,23161,,
,281,344,3,21457,,
,281,37,3,9017,,
,281,370,3,6852,,
,281,380,3,2360,8BADDC,FFFFFF
,281,91,3,21057,,
,281,95,3,15357,,
,2813-AST,220,3,11996,,
,2819,334,3,15764,,
,2819-AST,220,3,17473,,
,281E,185,3,21268,,
,281S,37,3,10583,,
,281T,37,3,23392,,
,282,13,3,18136,,
,282,144,3,11870,,
,282,147,3,2588,,
,282,173,3,15678,,
,282,221,3,18942,,
,282,249,3,9125,,
,282,274,3,20602,,
,282,344,3,2617,,
,282,370,3,22146,,
,282,374,3,14257,,
,282,384,3,3843,,
,282,91,3,908,,
,282,95,3,2627,,
,283,144,3,7066,,
,283,185,3,18604,,
,283,20,3,16545,73D700,FFFFFF
,283,249,3,17467,,
,283,331,3,2512,,
,283,344,3,17181,,
,283,37,3,20917,,
,283,384,3,17297,,
,283,91,3,15798,,
,283,95,3,3404,,
,2835-AST,220,3,1473,,
,2838-AST,220,3,17808,,
,283E,185,3,19754,,
,283T,37,3,17564,,
,284,111,3,6457,,
,284,185,3,789,,
,284,220,3,19197,,
,284,274,3,17190,,
,284,344,3,4619,,
,284,37,3,3816,,
,284,374,3,16117,,
,284,380,3,16477,009640,FFFFFF
,284,384,3,9843,,
,284,91,3,3389,,
,284,95,3,3224,,
,2840-AST,220,3,17439,,
,2844-AST,220,3,12572,,
,284E,185,3,10948,,
,285,13,3,18284,,
,285,132,3,3756,,
,285,144,3,16100,,
,285,185,3,23035,,
,285,220,3,251,,
,285,221,3,10173,,
,285,274,3,20136,,
,285,344,3,16383,,
,285,37,3,10735,,
,285,370,3,21701,,
,285,374,3,8094,,
,285,380,3,18336,8BADDC,FFFFFF
,285,384,3,21039,,
,285,95,3,6504,,
,2850-AST,220,3,20766,,
,2853-AST,220,3,5029,,
,285T,37,3,7601,,
,286,132,3,6288,,
,286,185,3,8892,,
,286,220,3,21066,,
,286,221,3,11329,,
,286,274,3,19992,,
,286,3,3,14271,,
,286,344,3,13403,,
,286,37,3,17642,,
,286,374,3,1742,,
,286,380,3,8503,4C76BA,FFFFFF
,286,95,3,7602,,
,2860-AST,220,3,23129,,
,2864-AST,220,3,19110,,
,2865-AST,220,3,9923,,
,2868-AST,220,3,8709,,
,286E,185,3,12957,,
,287,221,3,5527,,
,287,274,3,21207,,
,287,3,3,4101,,
,287,344,3,16927,,
,287,37,3,8885,,
,287,374,3,22119,,
,287,380,3,6861,B90276,FFFFFF
,287,95,3,12681,,
,2870-AST,220,3,12867,,
,287T,37,3,6120,,
,288,132,3,22549,,
,288,185,3,18094,,
,288,220,3,13855,,
,288,221,3,4201,,
,288,274,3,15110,,
,288,3,3,12795,,
,288,344,3,22798,,
,288,370,3,14453,,
,288,374,3,16149,,
,288E,185,3,1943,,
,289,185,3,20303,,
,289,220,3,19726,,
,289,221,3,4709,,
,289,274,3,15349,,
,289,3,3,16649,,
,289,344,3,12293,,
,289,37,3,2899,,
,289,370,3,18290,,
,289,374,3,20610,,
,2890-AST,220,3,3361,,
,289E,185,3,19920,,
,29,129,3,13813,,
,29,132,3,4783,,
,29,158,3,5613,,
,29,198,3,3190,,
,29,220,3,1881,,
,29,233,3,9177,,
,29,249,3,18432,,
,29,272,3,2761,,
,29,274,3,10686,,
,29,275,3,19704,,
,29,292,3,13008,,
,29,315,3,5294,,
,29,342,3,554,,
,29,35,3,5330,,
,29,352,3,14419,,
,29,361,3,7568,,
,29,370,3,2740,,
,29,382,3,21304,,
,29,6,3,16244,,
,29,66,3,1778,,
,29,93,3,14432,,
,29,95,3,1924,,
,29 S,382,3,8206,,
,290,13,3,14965,,
,290,147,3,12889,,
,290,239,3,15669,,
,290,257,3,20753,,
,290,274,3,11890,,
,290,280,3,19865,,
,290,3,3,5393,,
,290,335,3,14934,,
,290,37,3,8415,,
,290,373,3,12079,,
,290,380,3,14009,,
,290,57,3,22456,,
,290,91,3,14839,,
,290,95,3,66,,
,290RU,91,3,1543,,
,290V,239,3,4963,,
,291,144,3,23782,,
,291,147,3,6400,,
,291,221,3,18104,,
,291,239,3,2768,,
,291,249,3,11027,,
,291,257,3,5700,,
,291,274,3,9255,,
,291,3,3,23203,,
,291,335,3,9256,,
,291,354,3,9731,,
,291,370,3,19028,,
,291,374,3,22058,,
,291,380,3,7646,9D9D9C,
,291,384,3,18693,,
,291,8,3,587,,
,291,91,3,2750,,
,291,95,3,21558,,
,292,147,3,12904,,
,292,220,3,19821,,
,292,221,3,6515,,
,292,239,3,14999,,
,292,257,3,18433,,
,292,274,3,15279,,
,292,280,3,1906,,
,292,335,3,20463,,
,292,344,3,15679,,
,292,370,3,22947,,
,292,380,3,12190,B90276,FFFFFF
,292,95,3,4706,,
,2927-KVG,220,3,9504,,
,293,147,3,18114,,
,293,220,3,6237,,
,293,221,3,9268,,
,293,239,3,21991,,
,293,257,3,7334,,
,293,274,3,1800,,
,293,3,3,19276,,
,293,335,3,18169,,
,293,344,3,20362,,
,293,37,3,18511,,
,293,370,3,4793,,
,293,8,3,2029,,
,293,93,3,7846,,
,2935-KVG,220,3,11784,,
,293T,37,3,18549,,
,294,147,3,8095,,
,294,185,3,472,,
,294,220,3,5517,,
,294,239,3,22132,,
,294,241,3,19905,,
,294,257,3,3985,,
,294,274,3,20472,,
,294,280,3,2958,,
,294,37,3,7890,,
,294,370,3,19082,,
,294,380,3,5676,6FBC85,FFFFFF
,294,384,3,19828,,
,294,93,3,5487,,
,294E,185,3,19590,,
,294S,37,3,18755,,
,295,147,3,19357,,
,295,220,3,12168,,
,295,239,3,10635,,
,295,257,3,19374,,
,295,3,3,10344,,
,295,37,3,20122,,
,295,370,3,12140,,
,295,380,3,8461,6FBC85,FFFFFF
,295,57,3,8087,,
,295,93,3,9484,,
,2953,344,3,11489,,
,296,147,3,11851,,
,296,185,3,9336,,
,296,220,3,20344,,
,296,249,3,3534,,
,296,257,3,3833,,
,296,274,3,23166,,
,296,344,3,17596,,
,296,37,3,5111,,
,296,370,3,19741,,
,296,380,3,12883,B90276,FFFFFF
,296,384,3,20326,,
,2960,344,3,13397,,
,2965,344,3,5100,,
,2966,344,3,23582,,
,2967,344,3,19766,,
,2968,344,3,5394,,
,2969,344,3,10747,,
,296E,185,3,20874,,
,297,111,3,11045,,
,297,147,3,17417,,
,297,257,3,8616,,
,297,274,3,15016,,
,297,280,3,12937,,
,297,344,3,15141,,
,297,370,3,13188,,
,297,380,3,21174,F3953F,FFFFFF
,2970,344,3,13590,,
,2972,344,3,16163,,
,2973,344,3,7388,,
,2974,344,3,10485,,
,2975,344,3,10553,,
,2977,344,3,19495,,
,2978,344,3,12961,,
,2979,344,3,20295,,
,298,147,3,12362,,
,298,185,3,7974,,
,298,257,3,20210,,
,298,370,3,373,,
,298,380,3,9535,F3953F,FFFFFF
,298,57,3,13666,,
,298,97,3,19795,,
,2980,91,3,11375,,
,2982,344,3,3018,,
,2983,344,3,11766,,
,2985,344,3,23624,,
,2989,344,3,18087,,
,298E,185,3,20595,,
,299,147,3,330,,
,299,20,3,6033,73D700,FFFFFF
,299,239,3,1001,,
,299,257,3,9037,,
,299,274,3,20060,,
,299,37,3,13411,,
,299,8,3,3107,,
,2990,344,3,19029,,
,2992,344,3,19024,,
,2993,344,3,11897,,
,2996,344,3,9959,,
,2997,344,3,18059,,
,2ALFA,91,3,3888,,
,2ALT,35,3,18417,,
,2E,361,3,13819,,
,2E,6,0,18109,,
,2N,342,3,4477,,
,3,104,3,15111,,
,3,105,0,7765,,
,3,110,3,9599,,
,3,111,3,768,,
,3,117,3,21805,,
,3,118,0,22566,,
,3,121,3,6695,,
,3,129,3,10772,,
,3,132,0,4657,,
,3,132,3,20840,,
,3,137,3,7794,,
,3,14,3,20678,,
,3,141,0,11738,,
,3,142,3,6252,,
,3,147,3,7752,,
,3,149,3,2004,,
,3,158,0,12159,,
,3,161,3,17458,,
,3,164,0,16276,F49E00,FFFFFF
,3,171,3,5416,,
,3,173,3,5488,,
,3,179,3,15151,,
,3,181,0,8417,,
,3,192,3,4562,,
,3,196,0,7591,,
,3,201,3,8416,,
,3,21,0,8538,,
,3,22,1,8605,,
,3,220,3,13568,,
,3,221,3,6482,008B45,FFFFFF
,3,226,3,7673,,
,3,229,3,17991,,
,3,233,0,5499,,
,3,235,3,6268,,
,3,238,0,3284,,
,3,244,3,23346,,
,3,249,3,8866,,
,3,250,0,697,,
,3,252,0,14403,,
,3,257,3,2368,,
,3,258,3,1944,,
,3,260,0,9547,680C60,FFFFFF
,3,267,3,6997,,
,3,274,3,5448,,
,3,275,3,21006,,
,3,278,3,7968,,
,3,279,3,18076,,
,3,280,3,21843,,
,3,281,3,12219,,
,3,286,3,23625,,
,3,287,3,15700,,
,3,288,3,15464,,
,3,289,0,1961,E3051B,FFFFFF
,3,296,3,1072,,
,3,299,3,20504,,
,3,308,0,23357,7F5F00,FFFFFF
,3,314,0,1433,,
,3,315,3,4899,,
,3,322,3,1915,,
,3,325,3,9065,,
,3,329,3,19570,,
,3,334,3,17155,,
,3,335,0,13945,,
,3,336,3,21650,,
,3,339,3,13034,,
,3,342,0,6537,,
,3,347,3,10054,,
,3,352,0,1190,,
,3,352,3,7496,,
,3,354,3,6366,,
,3,356,3,13286,,
,3,361,3,11454,,
,3,370,3,3592,,
,3,373,3,8395,,
,3,375,0,18734,,
,3,379,3,19150,,
,3,39,3,9792,,
,3,42,3,5191,,
,3,46,3,20993,,
,3,49,3,1355,,
,3,56,3,21669,,
,3,59,3,14960,,
,3,6,0,1217,009FE3,FFFFFF
,3,66,0,17070,,
,3,80,3,7719,,
,3,9,3,14301,,
,3,91,3,21396,,
,3,93,3,23670,,
,3,95,0,6382,,
,3,95,3,20318,,
,3 (Hoyerswerda),118,3,10813,,
,3 Gruen,373,3,17248,,
,30,104,3,1052,,
,30,109,3,23539,,
,30,11,3,11705,,
,30,129,3,14312,,
,30,132,3,15984,,
,30,137,3,12678,,
,30,147,3,6779,,
,30,173,3,3108,,
,30,194,3,2669,,
,30,197,3,13671,,
,30,198,3,4501,,
,30,220,3,412,,
,30,235,3,17056,,
,30,249,3,21393,,
,30,252,3,23294,,
,30,257,3,2780,,
,30,260,3,9912,A79501,FFFFFF
,30,272,3,955,,
,30,274,3,15035,,
,30,280,3,3690,,
,30,303,3,21723,,
,30,315,3,2477,,
,30,334,3,12136,,
,30,335,3,933,,
,30,342,3,10879,,
,30,35,3,14626,,
,30,354,3,15241,,
,30,356,3,19401,,
,30,361,3,22865,,
,30,375,3,5201,,
,30,382,3,8758,,
,30,39,3,10408,,
,30,46,3,15755,,
,30,61,3,17048,,
,30,66,3,4578,,
,30,82,3,23675,,
,30,9,3,22681,,
,30,95,3,7856,,
,30/1,373,3,15725,,
,300,111,3,15842,,
,300,147,3,4013,,
,300,171,3,8655,,
,300,190,3,22644,,
,300,22,3,21643,,
,300,259,3,8478,,
,300,269,3,4999,,
,300,274,3,11810,,
,300,288,3,11405,,
,300,299,3,11331,,
,300,334,3,19572,,
,300,354,3,7806,,
,300,376,3,7661,,
,300,378,3,17459,,
,300,379,3,5235,,
,300,384,3,21158,,
,300,65,3,13279,,
,300,93,3,7050,,
,300,95,3,20569,,
,300 (VGN 8300),327,3,15332,,
,301,111,3,18143,,
,301,121,3,22627,,
,301,170,3,5069,,
,301,171,3,2605,,
,301,173,3,18093,,
,301,181,3,18735,,
,301,190,3,22777,,
,301,22,3,4913,,
,301,223,3,2800,,
,301,239,3,4006,,
,301,252,3,18435,,
,301,257,3,12208,8A1478,FFFFFF
,301,274,3,20275,,
,301,288,3,21287,,
,301,297,3,22259,,
,301,299,3,10854,,
,301,3,3,16567,,
,301,300,3,9528,,
,301,302,3,2597,,
,301,334,3,19953,,
,301,337,3,1622,,
,301,376,3,15985,,
,301,378,3,5113,,
,301,379,3,731,,
,301,38,0,1063,,
,301,41,3,7950,,
,301,65,3,2022,,
,301,93,3,7445,,
,301,95,3,3583,,
,301 (8301),36,3,13405,,
,301E,38,3,14172,,
,302,111,3,17634,,
,302,121,3,20960,,
,302,171,3,9178,,
,302,173,3,16893,,
,302,181,3,11008,,
,302,190,3,3193,,
,302,2,3,20652,,
,302,223,3,13154,,
,302,239,3,18047,,
,302,257,3,23411,,
,302,259,3,9364,,
,302,274,3,10354,,
,302,281,3,19747,,
,302,288,3,1388,,
,302,300,3,5018,,
,302,302,3,20198,,
,302,334,3,12595,,
,302,376,3,22044,,
,302,378,3,18160,,
,302,379,3,15920,,
,302,38,0,21726,,
,302,65,3,4592,,
,302,72,3,3516,,
,302,93,3,6035,,
,302,95,3,21578,,
,302E,38,3,12182,,
,303,111,3,10313,,
,303,121,3,6170,,
,303,170,3,7220,,
,303,171,3,3142,,
,303,173,3,16048,,
,303,181,3,15549,,
,303,223,3,6034,,
,303,257,3,12433,8A1478,FFFFFF
,303,259,3,12363,,
,303,265,3,10777,,
,303,274,3,17778,,
,303,288,3,17042,,
,303,297,3,2693,,
,303,300,3,17635,,
,303,302,3,2858,,
,303,376,3,15523,,
,303,378,3,18249,,
,303,379,3,17561,,
,303,65,3,10827,,
,303,72,3,19139,,
,303,95,3,566,,
,303E,297,3,21181,,
,304,111,3,4045,,
,304,171,3,13027,,
,304,173,3,13492,,
,304,181,3,646,,
,304,2,3,1725,,
,304,214,3,80,,
,304,257,3,9382,8A1478,FFFFFF
,304,274,3,20611,,
,304,281,3,1972,,
,304,288,3,6376,,
,304,297,3,19504,,
,304,300,3,18088,,
,304,302,3,22401,,
,304,365,3,6483,,
,304,376,3,19104,,
,304,378,3,2015,,
,304,379,3,2778,,
,304,65,3,12162,,
,304,72,3,4648,,
,304,93,3,17320,,
,304,95,3,6148,,
,304E,297,3,616,,
,305,111,3,9701,,
,305,171,3,19998,,
,305,214,3,11376,,
,305,232,3,16877,,
,305,257,3,18029,,
,305,274,3,6528,,
,305,281,3,6303,,
,305,288,3,3745,,
,305,297,3,11825,,
,305,300,3,3441,,
,305,302,3,20967,,
,305,334,3,3885,,
,305,365,3,19358,,
,305,376,3,17851,,
,305,378,3,18845,,
,305,379,3,14702,,
,305,38,0,6143,,
,305,65,3,10670,,
,305,93,3,21355,,
,305,95,3,2703,,
,305 (VGN 8305),327,3,7843,,
,306,111,3,16335,,
,306,171,3,16150,,
,306,181,3,6806,,
,306,214,3,17443,,
,306,232,3,7168,,
,306,274,3,5067,,
,306,281,3,3930,,
,306,288,3,5370,,
,306,297,3,9608,,
,306,300,3,12038,,
,306,302,3,2093,,
,306,337,3,22859,,
,306,365,3,23412,,
,306,376,3,17894,,
,306,379,3,6466,,
,306,38,0,10706,,
,306,65,3,5631,,
,306,93,3,23653,,
,306,95,3,19261,,
,306 (VGN 8306),327,3,20875,,
,306E,297,3,17954,,
,307,111,3,14213,,
,307,147,3,10955,,
,307,171,3,18463,,
,307,181,3,2294,,
,307,214,3,13604,,
,307,274,3,11278,,
,307,281,3,1667,,
,307,288,3,21248,,
,307,300,3,12299,,
,307,302,3,6980,,
,307,337,3,5924,,
,307,365,3,8670,,
,307,376,3,19233,,
,307,379,3,5080,,
,307,65,3,16028,,
,307,93,3,20805,,
,307,95,3,11053,,
,307 (8307),36,3,5685,,
,307 RufBus,147,3,6270,,
,308,147,3,15910,,
,308,171,3,9100,,
,308,181,3,461,,
,308,257,3,9982,8A1478,FFFFFF
,308,274,3,15995,,
,308,281,3,21806,,
,308,288,3,1278,,
,308,297,3,14371,,
,308,299,3,21816,,
,308,300,3,23540,,
,308,302,3,18170,,
,308,365,3,8212,,
,308,376,3,11793,,
,308,379,3,2321,,
,308,38,0,20790,,
,308,95,3,22791,,
,308 (VGN 8308),327,3,2826,,
,308 RufBus,147,3,15899,,
,308E,297,3,20537,,
,309,111,3,15114,,
,309,147,3,4807,,
,309,274,3,7592,,
,309,281,3,21662,,
,309,297,3,1240,,
,309,300,3,14122,,
,309,302,3,21655,,
,309,337,3,14211,,
,309,36,3,18163,,
,309,365,3,2375,,
,309,376,3,10243,,
,309,38,0,4140,,
,309,384,3,7389,,
,309,93,3,4517,,
,309,95,3,22457,,
,309 RufBus,147,3,2211,,
,30A,197,3,17877,,
,31,104,3,14127,,
,31,109,3,17131,,
,31,11,3,15921,,
,31,111,3,4742,,
,31,129,3,21825,,
,31,132,3,4268,,
,31,137,3,16899,,
,31,139,3,21837,,
,31,147,3,18555,,
,31,16,3,7367,,
,31,161,3,22575,,
,31,194,3,21635,,
,31,197,3,1592,,
,31,198,3,4281,,
,31,220,3,2032,,
,31,235,3,1771,,
,31,252,3,6942,,
,31,257,3,7067,,
,31,260,3,16257,A4485E,FFFFFF
,31,267,3,21913,,
,31,272,3,5975,,
,31,274,3,12392,,
,31,275,3,10460,,
,31,276,3,9117,,
,31,286,3,14348,,
,31,303,3,21644,,
,31,318,3,13235,,
,31,334,3,23136,,
,31,335,3,11009,,
,31,349,3,6156,,
,31,35,3,17955,,
,31,352,3,934,,
,31,354,3,698,,
,31,356,3,9591,,
,31,361,3,18567,,
,31,370,3,15315,,
,31,373,3,16552,,
,31,375,3,22609,,
,31,382,3,13772,,
,31,41,3,15260,,
,31,46,3,12211,,
,31,6,3,4721,,
,31,61,3,16405,,
,31,66,3,18183,,
,31,93,3,2869,,
,31,95,3,16453,,
,310,104,3,22074,,
,310,111,3,3806,,
,310,147,3,21901,,
,310,171,3,6158,,
,310,181,3,14514,,
,310,190,3,15557,,
,310,22,3,1975,,
,310,239,3,8443,,
,310,257,3,5079,8A1478,FFFFFF
,310,259,3,1435,,
,310,274,3,11102,,
,310,281,3,9349,,
,310,297,3,19242,,
,310,299,3,22712,,
,310,300,3,16212,,
,310,302,3,10279,,
,310,329,3,11036,,
,310,334,3,3941,,
,310,354,3,23352,,
,310,365,3,20940,,
,310,376,3,13194,,
,310,378,3,3873,,
,310,379,3,23570,,
,310,38,0,10842,,
,310,384,3,22799,,
,310,65,3,23663,,
,310,9,3,724,,
,310,93,3,823,,
,310,95,3,5350,,
,310E,297,3,1123,,
,310E,38,3,13380,,
,311,147,3,9387,,
,311,171,3,18207,,
,311,181,3,6107,,
,311,190,3,11298,,
,311,214,3,6627,,
,311,239,3,13028,,
,311,257,3,844,8A1478,FFFFFF
,311,259,3,19604,,
,311,265,3,6471,,
,311,274,3,15945,,
,311,28,3,14241,,
,311,281,3,4900,,
,311,297,3,14992,,
,311,299,3,20199,,
,311,302,3,504,,
,311,337,3,10990,,
,311,36,3,22830,,
,311,365,3,8030,,
,311,370,3,607,,
,311,376,3,7662,,
,311,378,3,5612,,
,311,65,3,5476,,
,311,93,3,8774,,
,311,95,3,10225,,
,311E,265,3,18379,,
,312,147,3,4384,,
,312,181,3,9235,,
,312,190,3,11069,,
,312,214,3,7720,,
,312,239,3,12266,,
,312,259,3,19727,,
,312,265,3,18640,,
,312,274,3,6684,,
,312,281,3,7073,,
,312,299,3,9147,,
,312,300,3,7465,,
,312,302,3,21892,,
,312,329,3,9352,,
,312,354,3,2397,,
,312,365,3,12776,,
,312,370,3,13779,,
,312,376,3,18200,,
,312,378,3,21729,,
,312,379,3,7111,,
,312,65,3,14374,,
,312,93,3,21232,,
,312,95,3,1205,,
,312 (VGN 8312),327,3,17371,,
,312 RufBus,147,3,13493,,
,312E,265,3,15715,,
,313,111,3,96,,
,313,147,3,22315,,
,313,181,3,4555,,
,313,190,3,11322,,
,313,214,3,23204,,
,313,257,3,59,8A1478,FFFFFF
,313,259,3,10226,,
,313,274,3,18665,,
,313,297,3,7030,,
,313,299,3,9661,,
,313,354,3,18975,,
,313,374,3,536,,
,313,376,3,10500,,
,313,378,3,12438,,
,313,379,3,11038,,
,313,65,3,19269,,
,313,72,3,7783,,
,313,93,3,4942,,
,313,95,3,13780,,
,313E,297,3,21710,,
,314,111,3,7514,,
,314,147,3,22792,,
,314,173,3,18858,,
,314,181,3,16454,,
,314,209,3,15561,,
,314,214,3,6184,,
,314,232,3,10094,,
,314,239,3,10866,,
,314,257,3,14367,8A1478,FFFFFF
,314,259,3,12987,,
,314,274,3,5358,,
,314,297,3,6701,,
,314,300,3,19313,,
,314,302,3,1600,,
,314,337,3,20986,,
,314,354,3,9581,,
,314,376,3,9388,,
,314,378,3,18788,,
,314,93,3,13916,,
,314 RufBus,147,3,18079,,
,315,111,3,7712,,
,315,147,3,18717,,
,315,173,3,20763,,
,315,181,3,19525,,
,315,209,3,4532,,
,315,214,3,18907,,
,315,232,3,16932,,
,315,239,3,12625,,
,315,257,3,16050,8A1478,FFFFFF
,315,259,3,15166,,
,315,281,3,5252,,
,315,297,3,12950,,
,315,300,3,10595,,
,315,302,3,16867,,
,315,329,3,21818,,
,315,337,3,16478,,
,315,354,3,11204,,
,315,376,3,12988,,
,315,378,3,15156,,
,315,93,3,21120,,
,315 RufBus,147,3,17936,,
,315E,297,3,9793,,
,316,173,3,14493,,
,316,181,3,22334,,
,316,214,3,10756,,
,316,232,3,19328,,
,316,239,3,9025,,
,316,300,3,5051,,
,316,302,3,4786,,
,316,337,3,21238,,
,316,365,3,19418,,
,316,370,3,6619,,
,316,376,3,8940,,
,316,379,3,16568,,
,316,38,0,17418,,
,316,384,3,13490,,
,316,95,3,5518,,
,317,111,3,18915,,
,317,173,3,5948,,
,317,181,3,3330,,
,317,209,3,13155,,
,317,214,3,17862,,
,317,232,3,11181,,
,317,274,3,398,,
,317,297,3,19042,,
,317,302,3,15633,,
,317,365,3,21589,,
,317,376,3,17252,,
,317,95,3,20698,,
,318,147,3,6243,,
,318,173,3,23481,,
,318,181,3,14926,,
,318,214,3,16404,,
,318,239,3,10522,,
,318,337,3,12403,,
,318,365,3,4573,,
,318,376,3,23093,,
,318,379,3,21040,,
,318,38,0,18894,,
,318,384,3,15488,,
,318 (VGN 8316),327,3,16841,,
,318 RufBus,147,3,5070,,
,319,147,3,1788,,
,319,173,3,10982,,
,319,181,3,14686,,
,319,239,3,4258,,
,319,274,3,20662,,
,319,299,3,6516,,
,319,302,3,10726,,
,319,365,3,10081,,
,319,370,3,11840,,
,319,376,3,22361,,
,319,379,3,17636,,
,319,9,3,2704,,
,319,95,3,9913,,
,319 RufBus,147,3,14651,,
,31E,370,3,15534,,
,31V,35,3,16318,,
,31X,335,3,21182,,
,32,109,3,19840,,
,32,111,3,22948,,
,32,129,3,16553,,
,32,132,3,18115,,
,32,137,3,22227,,
,32,139,3,18816,,
,32,147,3,8038,,
,32,16,3,2916,,
,32,161,3,4376,,
,32,194,3,3500,,
,32,196,3,23686,,
,32,197,3,4697,,
,32,220,3,9718,,
,32,235,3,7124,,
,32,249,3,2063,,
,32,252,3,21046,,
,32,257,3,8467,,
,32,267,3,18434,,
,32,275,3,22200,,
,32,276,3,17620,,
,32,286,3,20751,,
,32,303,3,391,,
,32,318,3,974,,
,32,334,3,8789,,
,32,335,3,12777,,
,32,342,3,1544,,
,32,349,3,4630,,
,32,352,3,11265,,
,32,354,3,4616,,
,32,356,3,14074,,
,32,361,3,18879,,
,32,370,3,392,,
,32,373,3,13974,,
,32,375,3,16672,,
,32,382,3,2290,,
,32,56,3,12556,,
,32,61,3,10765,,
,32,66,3,12502,,
,32,93,3,14874,,
,32,95,3,7234,,
,32/8,361,3,13744,,
,320,121,3,11955,,
,320,147,3,21312,,
,320,171,3,20499,,
,320,173,3,13178,,
,320,181,3,12442,,
,320,22,3,19309,,
,320,220,3,2411,,
,320,257,3,14462,,
,320,259,3,1989,,
,320,269,3,18934,,
,320,274,3,1516,,
,320,297,3,9018,,
,320,299,3,5098,,
,320,329,3,9140,,
,320,36,3,21781,,
,320,370,3,5209,,
,320,376,3,7844,,
,320,38,3,19927,,
,320,384,3,6819,,
,320,9,3,22378,,
,320,93,3,15444,,
,320,95,3,22741,,
,320E,38,3,749,,
,321,147,3,18363,,
,321,173,3,17562,,
,321,181,3,1521,,
,321,20,3,23381,73D700,FFFFFF
,321,214,3,2169,,
,321,220,3,17015,,
,321,239,3,11063,,
,321,265,3,22118,,
,321,297,3,21208,,
,321,300,3,233,,
,321,302,3,12031,,
,321,365,3,13872,,
,321,376,3,4431,,
,321,93,3,6867,,
,321,95,3,11332,,
,321 (VGN 8320),327,3,3172,,
,321 RufBus,147,3,21229,,
,321E,265,3,14595,,
,322,147,3,15701,,
,322,214,3,15390,,
,322,220,3,16291,,
,322,239,3,594,,
,322,274,3,1927,,
,322,297,3,21526,,
,322,300,3,14272,,
,322,365,3,15973,,
,322,370,3,16678,,
,322,376,3,10008,,
,322,379,3,15879,,
,322,384,3,6122,,
,322,93,3,21171,,
,322,95,3,19718,,
,322E,297,3,10406,,
,323,121,3,5923,,
,323,147,3,3276,,
,323,181,3,21559,,
,323,239,3,11039,,
,323,265,3,13857,,
,323,300,3,5173,,
,323,370,3,21844,,
,323,376,3,16758,,
,323,379,3,14310,,
,323,95,3,11767,,
,323E,265,3,15282,,
,324,147,3,5918,,
,324,181,3,3717,,
,324,239,3,5511,,
,324,265,3,13195,,
,324,297,3,11253,,
,324,300,3,11795,,
,324,370,3,12751,,
,324,376,3,9789,,
,324,384,3,2016,,
,324,95,3,7033,,
,324 RufBus,147,3,19006,,
,324E,265,3,22742,,
,325,147,3,14288,,
,325,173,3,19928,,
,325,181,3,22449,,
,325,220,3,21885,,
,325,239,3,4217,,
,325,257,3,20477,,
,325,297,3,5459,,
,325,3,3,21685,,
,325,300,3,12407,,
,325,302,3,6129,,
,325,376,3,23778,,
,325,95,3,19635,,
,325 RufBus,147,3,9904,,
,325E,297,3,4323,,
,326,147,3,1382,,
,326,173,3,21537,,
,326,239,3,21591,,
,326,300,3,12051,,
,326,302,3,17240,,
,326,370,3,18932,,
,326,376,3,18887,,
,326,384,3,7491,,
,326,95,3,22166,,
,327,147,3,21886,,
,327,173,3,2071,,
,327,220,3,10237,,
,327,274,3,12573,,
,327,302,3,22387,,
,327,384,3,6685,,
,327,95,3,13294,,
,328,173,3,13522,,
,328,20,3,12320,73D700,FFFFFF
,328,220,3,13381,,
,328,239,3,18771,,
,328,259,3,2183,,
,328,265,3,23157,,
,328,274,3,22752,,
,328,3,3,8495,,
,328,376,3,7192,,
,328,379,3,7834,,
,329,173,3,1180,,
,329,220,3,8748,,
,329,239,3,9225,,
,329,257,3,8019,,
,329,265,3,19234,,
,329,274,3,10801,,
,329,297,3,2801,,
,329,299,3,23181,,
,329,3,3,1597,,
,329,370,3,10141,,
,329,376,3,4664,,
,329,379,3,22808,,
,329E,265,3,20201,,
,329E,297,3,139,,
,32E,370,3,11049,,
,33,109,3,15837,,
,33,11,3,20704,,
,33,111,3,20596,,
,33,116,3,12196,,
,33,124,3,14943,,
,33,129,3,9330,,
,33,132,3,17527,,
,33,149,3,9776,,
,33,161,3,18176,,
,33,168,3,23086,,
,33,194,3,17299,,
,33,196,3,21735,,
,33,233,3,10508,,
,33,235,3,14540,,
,33,249,3,20542,,
,33,252,3,14886,,
,33,257,3,22678,,
,33,267,3,17517,,
,33,272,3,38,,
,33,274,3,11040,,
,33,275,3,10170,,
,33,276,3,10204,,
,33,280,3,23272,,
,33,286,3,10828,,
,33,303,3,1268,,
,33,318,3,23343,,
,33,334,3,17194,,
,33,342,3,3347,,
,33,344,3,97,,
,33,349,3,19848,,
,33,35,3,6047,,
,33,352,3,7193,,
,33,354,3,22682,,
,33,356,3,8978,,
,33,370,3,20852,,
,33,382,3,19542,,
,33,46,3,11956,,
,33,6,3,12752,,
,33,66,3,2854,,
,33,93,3,18908,,
,33,95,3,5034,,
,33/5,373,3,8146,,
,33/7,373,3,18156,,
,33/8,373,3,9350,,
,330,147,3,3247,,
,330,181,3,22353,,
,330,22,3,20775,,
,330,220,3,15562,,
,330,257,3,5879,,
,330,259,3,19392,,
,330,274,3,194,,
,330,297,3,10654,,
,330,299,3,11644,,
,330,329,3,5068,,
,330,352,3,16592,,
,330,370,3,15283,,
,330,374,3,12557,,
,330,376,3,8893,,
,330,379,3,10246,,
,330,381,3,985,,
,330,65,3,2789,,
,330,72,3,6189,,
,330,78,3,8725,,
,330,9,3,17099,,
,330,93,3,11631,,
,330,95,3,13382,,
,331,111,3,8836,,
,331,173,3,15071,,
,331,181,3,22228,,
,331,200,3,5889,,
,331,239,3,12574,,
,331,247,3,5693,,
,331,257,3,2465,,
,331,259,3,13558,,
,331,274,3,6157,,
,331,28,3,1890,,
,331,374,3,14941,,
,331,381,3,6837,,
,331,65,3,22508,,
,331,72,3,4546,,
,331,78,3,11971,,
,331,95,3,19849,,
,332,122,3,8949,,
,332,147,3,6708,,
,332,181,3,5139,,
,332,220,3,4962,,
,332,239,3,4841,,
,332,259,3,4518,,
,332,274,3,16650,,
,332,28,3,18853,,
,332,302,3,20364,,
,332,329,3,8107,,
,332,352,3,7603,,
,332,374,3,20708,,
,332,381,3,4587,,
,332,65,3,6191,,
,332,78,3,10896,,
,332,93,3,13250,,
,332,95,3,7210,,
,333,118,3,19335,,
,333,132,3,8410,,
,333,147,3,13148,,
,333,173,3,6828,,
,333,181,3,2219,,
,333,220,3,18116,,
,333,239,3,374,,
,333,247,3,13162,,
,333,265,3,8626,,
,333,274,3,20663,,
,333,28,3,2884,,
,333,302,3,4672,,
,333,370,3,22914,,
,333,374,3,10409,,
,333,65,3,19443,,
,333,72,3,2900,,
,333,78,3,23460,,
,333,95,3,9897,,
,333AL,132,3,20473,,
,334,132,3,5826,,
,334,147,3,23080,,
,334,173,3,10897,,
,334,181,3,3268,,
,334,200,3,2974,,
,334,239,3,2414,,
,334,274,3,14749,,
,334,28,3,5596,,
,334,352,3,2939,,
,334,370,3,15750,,
,334,374,3,8640,,
,334,379,3,23638,,
,334,384,3,1865,,
,334,65,3,6755,,
,334,78,3,21239,,
,334,93,3,10843,,
,334AL,132,3,3834,,
,334R,384,3,15880,,
,335,147,3,21193,,
,335,173,3,8850,,
,335,181,3,10107,,
,335,220,3,19543,,
,335,238,3,2874,,
,335,257,3,2557,,
,335,28,3,12617,,
,335,302,3,713,,
,335,370,3,1155,,
,335,374,3,13138,,
,335,379,3,845,,
,335,65,3,493,,
,335,78,3,20049,,
,335,95,3,14869,,
,336,118,3,13900,,
,336,173,3,3691,,
,336,181,3,11755,,
,336,20,3,11361,73D700,FFFFFF
,336,200,3,12778,,
,336,220,3,20841,,
,336,239,3,15531,,
,336,274,3,3340,,
,336,28,3,3296,,
,336,302,3,17969,,
,336,370,3,7548,,
,336,374,3,5794,,
,336,379,3,15078,,
,336,38,3,7052,,
,336,65,3,4541,,
,336,78,3,4269,,
,336,95,3,15072,,
,337,111,3,626,,
,337,118,3,3807,,
,337,173,3,15000,,
,337,181,3,17977,,
,337,220,3,21480,,
,337,239,3,11143,,
,337,265,3,5694,,
,337,28,3,647,,
,337,374,3,15593,,
,337,379,3,2870,,
,337,384,3,16636,,
,337,65,3,1459,,
,337,78,3,12353,,
,337A,78,3,4736,,
,338,111,3,13801,,
,338,181,3,14747,,
,338,200,3,19536,,
,338,220,3,15098,,
,338,239,3,9962,,
,338,274,3,20779,,
,338,352,3,16479,,
,338,363,3,10727,,
,338,374,3,1362,,
,338,379,3,22998,,
,338,65,3,520,,
,338,78,3,3493,,
,338,95,3,6020,,
,339,181,3,12250,,
,339,220,3,6720,,
,339,239,3,19616,,
,339,257,3,13396,,
,339,274,3,11675,,
,339,38,3,12261,,
,339,384,3,7933,,
,339,65,3,19000,,
,339,78,3,23257,,
,339,9,3,2839,,
,33E,370,3,2471,,
,33E,6,3,3684,,
,33V,35,3,15545,,
,34,11,3,9618,,
,34,111,3,18870,,
,34,129,3,11765,,
,34,132,3,20319,,
,34,137,3,5963,,
,34,139,3,17191,,
,34,149,3,2201,,
,34,16,3,7520,,
,34,161,3,7837,,
,34,194,3,20946,,
,34,196,3,16663,,
,34,233,3,5880,,
,34,235,3,2697,,
,34,249,3,10949,,
,34,252,3,5946,,
,34,257,3,16119,,
,34,258,3,4964,,
,34,267,3,16292,,
,34,272,3,17753,,
,34,275,3,273,,
,34,286,3,4419,,
,34,292,3,4129,,
,34,296,3,4478,,
,34,303,3,2864,,
,34,315,3,14858,,
,34,334,3,978,,
,34,342,3,9453,,
,34,349,3,5945,,
,34,35,3,15430,,
,34,352,0,21746,,
,34,354,3,10151,,
,34,356,3,19702,,
,34,370,3,20970,,
,34,373,3,3481,,
,34,375,3,17986,,
,34,39,3,867,,
,34,46,3,7422,,
,34,6,3,21707,,
,34,61,3,1646,,
,34,93,3,19830,,
,34,95,3,1412,,
,340,147,3,5332,,
,340,181,3,13820,,
,340,200,3,6159,,
,340,22,3,2100,,
,340,220,3,6713,,
,340,239,3,1882,,
,340,257,3,2502,,
,340,274,3,7583,,
,340,28,3,3566,,
,340,329,3,16620,,
,340,374,3,19533,,
,340,38,3,226,,
,340,93,3,16859,,
,340,95,3,22778,,
,341,136,3,5210,,
,341,147,3,16029,,
,341,200,3,21873,,
,341,22,3,7053,,
,341,239,3,110,,
,341,252,3,8815,,
,341,257,3,13494,,
,341,259,3,11397,,
,341,265,3,9529,,
,341,274,3,14275,,
,341,286,3,12137,,
,341,370,3,13536,,
,341,374,3,11097,,
,341,376,3,20168,,
,341,65,3,6056,,
,341,95,3,8297,,
,341 Rufbus,136,3,14573,,
,342,136,3,22933,,
,342,147,3,7013,,
,342,181,3,274,,
,342,200,3,21914,,
,342,239,3,12626,,
,342,259,3,19841,,
,342,274,3,9454,,
,342,28,3,9496,,
,342,280,3,5834,,
,342,352,3,17182,,
,342,374,3,7254,,
,342,38,3,16164,,
,342,65,3,236,,
,342,95,3,7150,,
,342 RufBus,147,3,16783,,
,342 Rufbus,136,3,6289,,
,343,118,3,23584,,
,343,147,3,5202,,
,343,173,3,2536,,
,343,181,3,12615,,
,343,200,3,17890,,
,343,220,3,3729,,
,343,239,3,12551,,
,343,259,3,17495,,
,343,274,3,15594,,
,343,28,3,21458,,
,343,352,3,14657,,
,343,374,3,427,,
,343,65,3,3573,,
,343,95,3,7585,,
,343 RufBus,147,3,14859,,
,344,111,3,14761,,
,344,118,3,9548,,
,344,147,3,6638,,
,344,181,3,15091,,
,344,239,3,10627,,
,344,247,3,10205,,
,344,302,3,17978,,
,344,374,3,12480,,
,344,376,3,2576,,
,344,38,3,21960,,
,344,65,3,3464,,
,344,95,3,17779,,
,344 RufBus,147,3,20631,,
,345,118,3,14913,,
,345,147,3,2472,,
,345,181,3,6740,,
,345,200,3,6221,,
,345,22,3,13865,,
,345,220,3,5216,,
,345,239,3,23433,,
,345,247,3,22576,,
,345,257,3,18611,,
,345,274,3,1769,,
,345,28,3,14855,,
,345,329,3,18325,,
,345,352,3,18201,,
,345,370,3,10787,,
,345,374,3,20114,,
,345,376,3,10122,,
,345,38,3,1002,,
,345,65,3,12223,,
,345,95,3,19534,,
,346,118,3,5849,,
,346,147,3,21089,,
,346,173,3,18576,,
,346,181,3,14762,,
,346,22,3,20011,,
,346,239,3,4464,,
,346,274,3,7961,,
,346,28,3,23117,,
,346,352,3,13463,,
,346,374,3,1532,,
,346,376,3,22970,,
,346,38,3,13020,,
,346,65,3,6402,,
,346 RufBus,147,3,12356,,
,347,118,3,2505,,
,347,147,3,8702,,
,347,181,3,7674,,
,347,22,3,16495,,
,347,220,3,279,,
,347,239,3,22301,,
,347,265,3,10872,,
,347,274,3,16726,,
,347,28,3,855,,
,347,329,3,19617,,
,347,374,3,9858,,
,347,384,3,19658,,
,347 RufBus,147,3,11002,,
,348,118,3,7927,,
,348,147,3,20276,,
,348,181,3,17008,,
,348,20,3,16108,73D700,FFFFFF
,348,200,3,13650,,
,348,22,3,1015,,
,348,220,3,12330,,
,348,239,3,18823,,
,348,274,3,5748,,
,348,28,3,12039,,
,348,352,3,14336,,
,348,374,3,2005,,
,348,376,3,5366,,
,348,38,3,18229,,
,349,132,3,3019,,
,349,181,3,14352,,
,349,200,3,15821,,
,349,220,3,1891,,
,349,239,3,17362,,
,349,257,3,2633,,
,349,274,3,1679,,
,349,370,3,19437,,
,349,374,3,4007,,
,349,376,3,4398,,
,349,38,3,18808,,
,349,384,3,2611,,
,34E,35,3,14703,,
,34E,370,3,15516,,
,34E,6,3,13189,,
,34V,35,3,3674,,
,35,111,3,17878,,
,35,116,3,11951,,
,35,129,3,13997,,
,35,137,3,5489,,
,35,161,3,21103,,
,35,173,3,23387,,
,35,194,3,8283,,
,35,198,3,17643,,
,35,233,3,11412,,
,35,235,3,567,,
,35,249,3,10748,,
,35,252,3,6916,,
,35,257,3,588,,
,35,260,3,4494,044C61,FFFFFF
,35,267,3,22434,,
,35,272,3,8054,,
,35,274,3,14180,,
,35,275,3,1283,,
,35,286,3,19159,,
,35,303,3,23583,,
,35,315,3,12427,,
,35,334,3,13767,,
,35,342,3,18690,,
,35,349,3,10361,,
,35,35,3,7908,,
,35,354,3,13391,,
,35,356,3,5458,,
,35,375,3,6788,,
,35,39,3,17230,,
,35,46,3,10060,,
,35,61,3,15498,,
,35,66,3,7178,,
,35,75,3,16569,,
,35,93,3,3871,,
,35,95,3,16903,,
,350,132,3,4649,,
,350,147,3,22930,,
,350,171,3,10336,,
,350,173,3,3553,,
,350,200,3,18405,,
,350,220,3,14075,,
,350,259,3,19552,,
,350,274,3,20070,,
,350,297,3,17612,,
,350,3,3,5137,,
,350,302,3,12548,,
,350,329,3,19789,,
,350,352,3,12815,,
,350,376,3,19302,,
,350,379,3,195,,
,350,38,3,20226,,
,350,384,3,5229,,
,350,65,3,6215,,
,350,81,3,23628,,
,350,9,3,4235,,
,350,93,3,11567,,
,351,118,3,10468,,
,351,132,3,8824,,
,351,147,3,19476,,
,351,171,3,5379,,
,351,173,3,13773,,
,351,200,3,8586,,
,351,220,3,2741,,
,351,259,3,14467,,
,351,265,3,3314,,
,351,302,3,20764,,
,351,334,3,14523,,
,351,352,3,10539,,
,351,379,3,3248,,
,351,65,3,23182,,
,351,93,3,14249,,
,351,95,3,15033,,
,351 RufBus,147,3,11351,,
,351E,265,3,3617,,
,352,118,3,19631,,
,352,147,3,22793,,
,352,171,3,22500,,
,352,173,3,2606,,
,352,200,3,8998,,
,352,239,3,1857,,
,352,259,3,3474,,
,352,274,3,9292,,
,352,302,3,7639,,
,352,329,3,18291,,
,352,334,3,13907,,
,352,376,3,3999,,
,352,379,3,4420,,
,352,38,3,21365,,
,352,65,3,4485,,
,352,93,3,3675,,
,353,118,3,9655,,
,353,132,3,2715,,
,353,147,3,21546,,
,353,171,3,6893,,
,353,20,3,13412,73D700,FFFFFF
,353,200,3,7380,,
,353,239,3,21408,,
,353,259,3,13561,,
,353,274,3,10206,,
,353,280,3,9666,,
,353,3,3,16645,,
,353,302,3,8865,,
,353,352,3,5092,,
,353,370,3,15144,,
,353,376,3,22973,,
,353,379,3,13012,,
,353,38,3,13721,,
,353,384,3,18275,,
,353,65,3,21797,,
,353,93,3,7143,,
,353,95,3,20025,,
,353 RufBus,147,3,22403,,
,354,171,3,11493,,
,354,200,3,23098,,
,354,220,3,15907,,
,354,239,3,22029,,
,354,274,3,10602,,
,354,3,3,9407,,
,354,302,3,14450,,
,354,352,3,5850,,
,354,376,3,20909,,
,354,38,3,18871,,
,354,65,3,16583,,
,354E,38,3,4864,,
,355,147,3,16741,,
,355,171,3,18983,,
,355,192,3,8284,,
,355,200,3,8830,,
,355,220,3,17186,,
,355,239,3,4756,,
,355,274,3,4168,,
,355,3,3,18909,,
,355,302,3,7044,,
,355,334,3,15927,,
,355,352,3,2412,,
,355,370,3,2217,,
,355,376,3,20405,,
,355,38,3,2268,,
,355,65,3,16535,,
,355 RufBus,147,3,4665,,
,356,118,3,5492,,
,356,147,3,2162,,
,356,192,3,1533,,
,356,200,3,13087,,
,356,239,3,1763,,
,356,274,3,16991,,
,356,302,3,7838,,
,356,370,3,12341,,
,356,376,3,15211,,
,356,38,3,8860,,
,356,65,3,11503,,
,357,132,3,5753,,
,357,171,3,8133,,
,357,200,3,13480,,
,357,239,3,13754,,
,357,274,3,418,,
,357,3,3,1789,,
,357,352,3,14386,,
,357,376,3,1230,,
,357,38,3,23453,,
,357,65,3,1936,,
,358,147,3,16793,,
,358,171,3,3322,,
,358,200,3,5787,,
,358,239,3,2517,,
,358,257,3,9421,,
,358,274,3,22687,,
,358,3,3,11749,,
,358,376,3,5000,,
,358,38,3,14141,,
,358,384,3,18146,,
,358,65,3,3057,,
,358 RufBus,147,3,11323,,
,359,200,3,1424,,
,359,239,3,3685,,
,359,257,3,11624,,
,359,274,3,4241,,
,359,352,3,7031,,
,359,376,3,8529,,
,359,38,3,8,,
,359,65,3,6780,,
,359,78,3,12080,,
,36,129,3,21708,,
,36,137,3,23472,,
,36,161,3,2730,,
,36,173,3,21887,,
,36,194,3,5384,,
,36,196,3,10425,,
,36,235,3,8620,,
,36,249,3,8207,,
,36,252,3,17631,,
,36,257,3,15792,,
,36,260,3,12209,00A1D9,FFFFFF
,36,275,3,1075,,
,36,303,3,9209,,
,36,315,3,12065,,
,36,334,3,13828,,
,36,35,3,18545,,
,36,356,3,21121,,
,36,375,3,11581,,
,36,61,3,16293,,
,36,66,3,15297,,
,36,93,3,2324,,
,36,95,3,12393,,
,36/37,272,3,19349,,
,360,118,3,13420,,
,360,127,3,2538,,
,360,147,3,21153,,
,360,171,3,3872,,
,360,200,3,9525,,
,360,22,3,1006,,
,360,238,3,19886,,
,360,239,3,23110,,
,360,257,3,8153,,
,360,259,3,15422,,
,360,274,3,285,,
,360,28,3,8767,,
,360,352,3,6050,,
,360,376,3,11794,,
,360,65,3,18666,,
,360,78,3,10699,,
,360E,28,3,10919,,
,360S,28,3,9850,,
,361,111,3,22950,,
,361,118,3,9262,,
,361,147,3,6190,,
,361,181,3,4288,,
,361,200,3,19496,,
,361,239,3,6517,,
,361,259,3,9790,,
,361,265,3,3077,,
,361,274,3,9139,,
,361,28,3,23130,,
,361,370,3,14927,,
,361,376,3,17678,,
,361,379,3,9611,,
,361,65,3,2845,,
,361,78,3,8309,,
,361E,265,3,15249,,
,362,111,3,23273,,
,362,118,3,16093,,
,362,144,3,15922,,
,362,147,3,1191,,
,362,171,3,4340,,
,362,181,3,21425,,
,362,200,3,12660,,
,362,220,3,8200,,
,362,239,3,13707,,
,362,259,3,14704,,
,362,265,3,14562,,
,362,274,3,14832,,
,362,28,3,21050,,
,362,352,3,4878,,
,362,370,3,12807,,
,362,376,3,18546,,
,362,379,3,4351,,
,362,65,3,11473,,
,362,78,3,20676,,
,362A,78,3,2996,,
,362E,265,3,5273,,
,363,111,3,2332,,
,363,118,3,18958,,
,363,144,3,151,,
,363,171,3,20456,,
,363,181,3,21223,,
,363,200,3,21609,,
,363,22,3,15145,,
,363,239,3,10568,,
,363,259,3,2260,,
,363,274,3,17129,,
,363,28,3,4187,,
,363,352,3,21568,,
,363,376,3,15799,,
,363,379,3,13041,,
,363,38,3,16744,,
,363,384,3,4666,,
,363,65,3,21879,,
,363,78,3,4130,,
,364,111,3,1734,,
,364,171,3,18472,,
,364,173,3,17009,,
,364,181,3,17496,,
,364,200,3,6489,,
,364,220,3,12163,,
,364,239,3,9538,,
,364,259,3,1928,,
,364,274,3,18780,,
,364,28,3,5343,,
,364,352,3,3910,,
,364,370,3,11413,,
,364,376,3,23016,,
,364,379,3,20531,,
,364,38,3,17345,,
,364,65,3,2170,,
,365,118,3,20004,,
,365,144,3,7940,,
,365,147,3,10711,,
,365,181,3,7889,,
,365,200,3,12287,,
,365,22,3,610,,
,365,239,3,13459,,
,365,257,3,15741,,
,365,274,3,1655,,
,365,28,3,7539,,
,365,352,3,21452,,
,365,38,3,18742,,
,365,384,3,20776,,
,365,65,3,23454,,
,365,78,3,11962,,
,365A,78,3,14563,,
,366,118,3,839,,
,366,171,3,340,,
,366,173,3,7650,,
,366,181,3,22435,,
,366,200,3,14120,,
,366,22,3,699,,
,366,239,3,21028,,
,366,259,3,1479,,
,366,352,3,20564,,
,366,38,3,20653,,
,366,65,3,15694,,
,366,78,3,8171,,
,367,118,3,15815,,
,367,147,3,13332,,
,367,173,3,21259,,
,367,200,3,23490,,
,367,22,3,3676,,
,367,239,3,9702,,
,367,265,3,595,,
,367,274,3,5019,,
,367,352,3,16971,,
,367,370,3,18137,,
,367,379,3,10266,,
,367,65,3,17920,,
,367,78,3,21968,,
,367A,78,3,22786,,
,368,118,3,11585,,
,368,147,3,2113,,
,368,173,3,15250,,
,368,200,3,8254,,
,368,220,3,22364,,
,368,239,3,20664,,
,368,28,3,13080,,
,368,352,3,17451,,
,368,38,3,19235,,
,368,65,3,4817,,
,368,78,3,6678,,
,368A,78,3,11855,,
,368E,38,3,17748,,
,368V,239,3,11467,,
,369,118,3,18252,,
,369,132,3,22189,,
,369,147,3,23557,,
,369,200,3,16060,,
,369,220,3,21390,,
,369,239,3,18927,,
,369,257,3,18393,,
,369,274,3,5371,,
,369,352,3,12724,,
,369,379,3,9711,,
,369,38,3,22860,,
,369,384,3,18721,,
,369,65,3,13352,,
,369,78,3,2496,,
,37,116,3,5258,,
,37,129,3,9976,,
,37,132,3,10302,,
,37,137,3,19645,,
,37,173,3,12282,,
,37,194,3,22999,,
,37,196,3,5593,,
,37,197,3,14953,,
,37,198,3,9141,,
,37,220,3,7630,,
,37,235,3,13672,,
,37,249,3,14806,,
,37,252,3,6278,,
,37,257,3,14167,,
,37,258,3,13944,,
,37,267,3,6479,,
,37,275,3,20077,,
,37,303,3,2754,,
,37,334,3,4251,,
,37,342,3,6530,,
,37,35,3,21978,,
,37,39,3,20853,,
,37,6,3,14592,,
,37,61,3,11251,,
,37,66,3,8475,,
,37,93,3,13637,,
,37,95,3,8023,,
,370,118,3,13330,,
,370,200,3,1109,,
,370,238,3,21893,,
,370,239,3,19742,,
,370,257,3,14901,,
,370,274,3,14993,,
,370,327,3,7615,,
,370,352,3,18976,,
,370,374,3,4132,,
,370,38,3,1962,,
,370,65,3,13628,,
,370,78,3,9493,,
,370V,239,3,23421,,
,370_VGI,104,3,15476,,
,371,132,3,17405,,
,371,200,3,5344,,
,371,22,3,20716,,
,371,238,3,10569,,
,371,239,3,11549,,
,371,274,3,13774,,
,371,29,3,11077,,
,371,352,3,18928,,
,371,370,3,9479,,
,371,379,3,12082,,
,371,381,3,14183,,
,371,384,3,468,,
,371,65,3,22229,,
,371V,239,3,15477,,
,372,118,3,214,,
,372,144,3,22075,,
,372,171,3,11533,,
,372,22,3,22056,,
,372,238,3,7754,,
,372,239,3,12811,,
,372,274,3,3225,,
,372,352,3,4293,,
,372,370,3,10199,,
,372,379,3,17901,,
,372,38,3,9031,,
,372,384,3,23801,,
,372,65,3,22884,,
,372,78,3,2840,,
,372,95,3,18344,,
,373,118,3,21538,,
,373,144,3,3936,,
,373,22,3,19850,,
,373,239,3,15138,,
,373,274,3,18623,,
,373,352,3,16621,,
,373,370,3,8880,,
,373,379,3,18951,,
,373,381,3,20008,,
,373,65,3,13845,,
,373,78,3,2707,,
,373V,239,3,20961,,
,374,118,3,22794,,
,374,144,3,4428,,
,374,220,3,4405,,
,374,239,3,3517,,
,374,274,3,1250,,
,374,327,3,13659,,
,374,370,3,19001,,
,374,38,3,19419,,
,374,65,3,15461,,
,374,78,3,11518,,
,375,118,3,498,,
,375,144,3,5582,,
,375,220,3,10145,,
,375,239,3,21747,,
,375,274,3,6880,,
,375,352,3,5052,,
,375,370,3,19993,,
,375,379,3,21769,,
,375,38,3,19505,,
,375,65,3,5088,,
,375,78,3,393,,
,375E,38,3,7609,,
,375V,239,3,16604,,
,376,118,3,16365,,
,376,144,3,22809,,
,376,220,3,70,,
,376,239,3,13912,,
,376,257,3,23676,,
,376,274,3,22488,,
,376,352,3,18327,,
,376,379,3,13392,,
,376,38,3,372,,
,376,65,3,12521,,
,376E,38,3,21184,,
,377,144,3,8573,,
,377,239,3,6436,,
,377,274,3,14426,,
,377,352,3,11225,,
,377,384,3,2435,,
,377,65,3,12918,,
,377,78,3,16472,,
,377V,239,3,15895,,
,378,118,3,1251,,
,378,144,3,20373,,
,378,220,3,21426,,
,378,239,3,18043,,
,378,274,3,21431,,
,378,28,3,16289,,
,378,29,3,6935,,
,378,352,3,17222,,
,378,379,3,1073,,
,378,38,3,2334,,
,378,65,3,3864,,
,379,118,3,23693,,
,379,144,3,15104,,
,379,239,3,12707,,
,379,257,3,435,,
,379,274,3,9471,,
,379,28,3,1973,,
,379,29,3,3214,,
,379,379,3,16101,,
,379,38,3,3390,,
,379,65,3,11936,,
,379V,239,3,20347,,
,37E,4,3,20031,,
,37E,6,3,12908,,
,38,109,3,13903,,
,38,129,3,11661,,
,38,132,3,12671,,
,38,137,3,23073,,
,38,173,3,16546,,
,38,194,3,20962,,
,38,198,3,19549,,
,38,249,3,6472,,
,38,252,3,4569,,
,38,257,3,5417,,
,38,258,3,6598,,
,38,267,3,13146,,
,38,272,3,15167,,
,38,275,3,23360,,
,38,276,3,6211,,
,38,334,3,13584,,
,38,342,3,8330,,
,38,35,3,15579,,
,38,39,3,6830,,
,38,46,3,341,,
,38,6,3,8580,,
,38,61,3,1726,,
,38,66,3,9640,,
,38,95,3,11131,,
,380,118,3,3206,,
,380,147,3,15036,,
,380,173,3,3882,,
,380,20,3,8024,73D700,FFFFFF
,380,22,3,2550,,
,380,238,3,17242,,
,380,257,3,23722,,
,380,274,3,1488,,
,380,352,3,10065,,
,380,370,3,23465,,
,380,376,3,6546,,
,380,379,3,9592,,
,380,38,3,29,,
,380,384,3,10643,,
,380,78,3,4457,,
,380(Shuttle),220,3,23530,,
,380A,78,3,9027,,
,380P,376,3,8289,,
,381,147,3,673,,
,381,173,3,6733,,
,381,214,3,13806,,
,381,22,3,14593,,
,381,238,3,2280,,
,381,257,3,7225,,
,381,274,3,6741,,
,381,365,3,7226,,
,381,376,3,19743,,
,381,38,3,13775,,
,381,65,3,14944,,
,381,78,3,19025,,
,381 RufBus,147,3,942,,
,3813,220,3,3874,,
,382,118,3,7074,,
,382,147,3,6076,,
,382,173,3,16384,,
,382,214,3,11144,,
,382,22,3,1790,,
,382,238,3,20612,,
,382,257,3,2802,,
,382,274,3,20982,,
,382,365,3,18767,,
,382,370,3,12734,,
,382,376,3,17277,,
,382,38,3,2952,,
,382,65,3,15829,,
,382,78,3,21600,,
,382 RufBus,147,3,2966,,
,382A,78,3,967,,
,383,144,3,8341,,
,383,147,3,16547,,
,383,214,3,20277,,
,383,22,3,23441,,
,383,238,3,18811,,
,383,257,3,22746,,
,383,274,3,9389,,
,383,352,3,18781,,
,383,365,3,15888,,
,383,370,3,13802,,
,383,38,3,19673,,
,383,78,3,20963,,
,383 RufBus,147,3,10031,,
,384,220,3,4505,,
,384,238,3,12514,,
,384,257,3,15731,,
,384,274,3,1874,,
,384,38,3,7395,,
,384,78,3,17290,,
,385,118,3,20412,,
,385,171,3,17565,,
,385,22,3,16538,,
,385,238,3,14481,,
,385,257,3,13964,,
,385,274,3,15568,,
,385,35,3,6911,,
,385,352,3,19999,,
,385,370,3,23474,,
,385,376,3,18641,,
,385,379,3,725,,
,385,38,3,17065,,
,385,78,3,13760,,
,386,118,3,18644,,
,386,147,3,13849,,
,386,238,3,4116,,
,386,274,3,12013,,
,386,379,3,1656,,
,386,38,3,11756,,
,386,78,3,294,,
,386 RufBus,147,3,9201,,
,3860,220,3,5919,,
,387,118,3,4514,,
,387,147,3,7034,,
,387,238,3,21636,,
,387,376,3,20150,,
,387,379,3,3135,,
,387 RufBus,147,3,8936,,
,388,118,3,20330,,
,388,132,3,1039,,
,388,147,3,11652,,
,388,220,3,10956,,
,388,274,3,23442,,
,388,379,3,4542,,
,388,38,3,22664,,
,388 RufBus,147,3,14596,,
,389,118,3,10609,,
,389,132,3,6051,,
,389,136,3,1110,,
,389,147,3,15445,,
,389,257,3,8718,,
,389,274,3,15261,,
,389,374,3,19111,,
,389,38,3,17313,,
,389 AST,136,3,22785,,
,389 RufBus,147,3,6801,,
,38S,197,3,19893,,
,39,116,3,3099,,
,39,129,3,6709,,
,39,132,3,14495,,
,39,161,3,2164,,
,39,194,3,783,,
,39,197,3,2953,,
,39,198,3,10037,,
,39,252,3,21432,,
,39,258,3,8568,,
,39,267,3,2577,,
,39,275,3,15088,,
,39,342,3,2163,,
,39,352,3,9885,,
,39,354,3,21409,,
,39,56,3,11785,,
,39,6,3,13297,,
,39,61,3,10397,,
,39,9,3,16140,,
,39,95,3,14949,,
,390,111,3,14060,,
,390,132,3,2949,,
,390,144,3,81,,
,390,22,3,14311,,
,390,238,3,20723,,
,390,274,3,19537,,
,390,370,3,5857,,
,390,38,3,898,,
,390,384,3,20253,,
,390,78,3,22988,,
,390,95,3,4842,,
,390A,78,3,9794,,
,391,144,3,12197,,
,391,173,3,15708,,
,391,220,3,14199,,
,391,238,3,5771,,
,391,239,3,19393,,
,391,257,3,17777,,
,391,265,3,22530,,
,391,274,3,18362,,
,391,29,3,4698,,
,391,370,3,13904,,
,391,379,3,10983,,
,391,78,3,14560,,
,391,95,3,7181,,
,391E,265,3,14329,,
,392,173,3,9835,,
,392,214,3,3973,,
,392,238,3,9367,,
,392,239,3,17655,,
,392,274,3,15054,,
,392,365,3,10142,,
,392,370,3,23222,,
,392,379,3,13605,,
,392,38,3,4710,,
,392V,239,3,15139,,
,393,144,3,2646,,
,393,214,3,19188,,
,393,220,3,9829,,
,393,238,3,9248,,
,393,239,3,17382,,
,393,274,3,8396,,
,393,29,3,12385,,
,393,299,3,15060,,
,393,365,3,3655,,
,393,370,3,3547,,
,393,379,3,16429,,
,393,78,3,9331,,
,393V,239,3,13711,,
,394,144,3,15408,,
,394,220,3,10584,,
,394,238,3,21519,,
,394,239,3,16151,,
,394,274,3,5093,,
,394,29,3,4227,,
,394,370,3,13975,,
,394.1,379,3,21711,,
,394.2,379,3,10886,,
,394.3,379,3,12413,,
,394.4,379,3,4843,,
,394.5,379,3,22025,,
,394.6,379,3,21645,,
,394.7,379,3,13761,,
,394.8,379,3,1483,,
,394.9,379,3,8581,,
,395,173,3,22059,,
,395,220,3,7255,,
,395,232,3,19887,,
,395,238,3,1489,,
,395,239,3,920,,
,395,274,3,15242,,
,395,370,3,17648,,
,395,38,3,19056,,
,395,384,3,20677,,
,395,95,3,9742,,
,395.1,379,3,9567,,
,395.2,379,3,3852,,
,395V,239,3,19009,,
,396,144,3,2124,,
,396,214,3,12919,,
,396,238,3,2380,,
,396,239,3,11582,,
,396,274,3,9791,,
,396,29,3,7442,,
,396,379,3,3492,,
,396,38,3,2442,,
,396,384,3,2518,,
,397,238,3,5155,,
,397,239,3,21453,,
,397,274,3,13446,,
,397,370,3,6573,,
,397,379,3,15131,,
,397,38,3,8314,,
,398,118,3,159,,
,398,181,3,23316,,
,398,238,3,13866,,
,398,38,3,16118,,
,398,384,3,16115,,
,399,238,3,18570,,
,399,257,3,20836,,
,399,274,3,751,,
,399,370,3,1066,,
,399,38,3,10305,,
,399,384,3,22856,,
,399.1,379,3,19822,,
,399.2,379,3,21819,,
,39E,185,3,13970,,
,3A,141,3,8729,,
,3A,322,3,7740,,
,3A,35,3,9049,,
,3ALFA,91,3,7675,,
,3B,35,3,18337,,
,3EV,352,3,21116,,
,3N,342,3,3373,,
,3RU,91,3,1465,,
,3a,339,3,3400,,
,3a,71,3,6923,,
,3a,95,3,14697,,
,3b,71,3,4658,,
,4,104,3,3132,,
,4,105,0,21514,,
,4,11,3,19432,,
,4,110,3,11104,,
,4,111,3,1756,,
,4,117,3,7928,,
,4,118,0,2415,,
,4,121,3,5652,,
,4,125,3,18550,,
,4,129,3,7857,,
,4,132,0,2549,,
,4,132,3,9734,,
,4,137,3,12294,,
,4,14,3,19069,,
,4,141,0,1231,,
,4,142,3,22602,,
,4,147,3,1188,,
,4,149,3,6745,,
,4,158,0,10377,,
,4,161,3,14783,,
,4,164,0,21838,FBBA00,FFFFFF
,4,173,3,17979,,
,4,179,3,14337,,
,4,181,0,13755,,
,4,192,3,17528,,
,4,195,0,15757,,
,4,196,0,16487,,
,4,22,1,21346,,
,4,220,3,13715,,
,4,223,0,13263,,
,4,226,3,18652,,
,4,233,0,22230,,
,4,235,3,19721,,
,4,238,0,13346,,
,4,244,3,14698,,
,4,250,0,1623,,
,4,252,0,17566,,
,4,257,3,10303,,
,4,258,3,12873,,
,4,260,0,13347,007CC1,FFFFFF
,4,267,3,15079,,
,4,274,3,1008,,
,4,275,3,13931,,
,4,278,3,3246,,
,4,279,3,21731,,
,4,280,3,19388,,
,4,281,3,3297,,
,4,286,3,8045,,
,4,287,3,6360,,
,4,288,3,16933,,
,4,296,3,10590,,
,4,299,3,14113,,
,4,308,0,16868,DB0812,FFFFFF
,4,314,0,19048,,
,4,325,3,19648,,
,4,329,3,12465,,
,4,334,3,20780,,
,4,335,0,22365,,
,4,336,3,1434,,
,4,339,3,8148,,
,4,34,3,22461,,
,4,342,0,17833,,
,4,347,3,18373,,
,4,35,3,17187,,
,4,352,0,5805,,
,4,354,3,21224,,
,4,355,3,876,,
,4,356,3,21904,,
,4,361,3,10764,,
,4,370,3,11138,,
,4,373,3,22324,,
,4,375,0,11167,,
,4,379,3,5607,,
,4,39,3,3686,,
,4,42,3,21833,,
,4,46,3,17649,,
,4,56,3,12725,,
,4,59,3,9656,,
,4,6,0,13047,E30613,FFFFFF
,4,61,0,17100,,
,4,66,0,14574,,
,4,80,3,7724,,
,4,9,3,9499,,
,4,91,3,18149,,
,4,93,3,16846,,
,4,95,0,15737,,
,4,95,3,13745,,
,4 (Hoyerswerda),118,3,1079,,
,4 Gelb,373,3,9695,,
,4 a,93,3,4547,,
,4/13,288,3,7009,,
,40,104,3,7766,,
,40,109,3,20620,,
,40,132,3,18745,,
,40,137,3,20357,,
,40,173,3,20144,,
,40,176,3,13061,,
,40,194,3,10355,,
,40,198,3,23006,,
,40,220,3,20309,,
,40,235,3,20636,,
,40,249,3,23005,,
,40,252,3,2803,,
,40,257,3,23205,,
,40,267,3,1064,,
,40,276,3,14207,,
,40,280,3,18658,,
,40,315,3,14102,,
,40,318,3,7753,,
,40,342,3,18850,,
,40,35,3,19640,,
,40,354,3,23363,,
,40,356,3,11768,,
,40,358,3,9430,,
,40,361,3,20964,,
,40,373,3,21782,,
,40,375,3,9743,,
,40,39,3,6395,,
,40,41,3,597,,
,40,46,3,10829,,
,40,6,3,19385,,
,40,61,3,19433,,
,40,78,3,9166,,
,40,93,3,11003,,
,40,95,3,14368,,
,400,11,3,20061,,
,400,111,3,22046,,
,400,118,3,4432,,
,400,147,3,17444,,
,400,181,3,20521,,
,400,190,3,21869,,
,400,22,3,16536,,
,400,244,3,20492,,
,400,248,3,11812,,
,400,257,3,1854,,
,400,266,3,3618,,
,400,280,3,22388,,
,400,283,3,8303,,
,400,288,3,12040,,
,400,318,3,6361,,
,400,334,3,14476,,
,400,352,3,1727,,
,400,354,3,13826,,
,400,365,3,206,,
,400,87,3,5579,,
,400,95,3,11343,,
,4000,220,3,19983,,
,4000,239,3,12972,,
,4000,334,3,1279,,
,4001,220,3,7303,,
,4002,220,3,8126,,
,400Z,111,3,18117,,
,401,104,3,5964,,
,401,117,3,12771,,
,401,118,3,23405,,
,401,121,3,23221,,
,401,131,3,19808,,
,401,147,3,5174,,
,401,183,3,15928,9D9D9C,
,401,190,3,17122,,
,401,214,3,12251,,
,401,239,3,4636,,
,401,241,3,21868,,
,401,248,3,20691,,
,401,252,3,19719,,
,401,257,3,13481,,
,401,266,3,23398,,
,401,273,3,18208,,
,401,283,3,13937,,
,401,288,3,15340,,
,401,318,3,8050,,
,401,344,3,19205,,
,401,50,3,12576,,
,401,62,3,15946,,
,401,87,3,21888,,
,401,9,3,11482,,
,401,95,3,7872,,
,402,104,3,4540,,
,402,11,3,11625,,
,402,118,3,9673,,
,402,121,3,7302,,
,402,147,3,3800,,
,402,183,3,14169,4C76BA,FFFFFF
,402,190,3,13295,,
,402,239,3,20885,,
,402,241,3,23661,,
,402,248,3,3401,,
,402,257,3,13048,,
,402,266,3,15580,,
,402,273,3,267,,
,402,288,3,12874,,
,402,337,3,17800,,
,402,344,3,12600,,
,402,50,3,3417,,
,402,78,3,11188,,
,402,9,3,22274,,
,402,95,3,6255,,
,4022,9,3,5427,,
,4023,9,3,9687,,
,4024,9,3,11586,,
,402A,78,3,22513,,
,403,104,3,22804,,
,403,118,3,15178,,
,403,131,3,3535,,
,403,181,3,13430,,
,403,183,3,19224,D995BD,FFFFFF
,403,190,3,7061,,
,403,239,3,21592,,
,403,241,3,13685,,
,403,248,3,23259,,
,403,266,3,21076,,
,403,273,3,19371,,
,403,288,3,4978,,
,403,318,3,17563,,
,403,344,3,3494,,
,403,354,3,13062,,
,403,41,3,17432,,
,403,62,3,13095,,
,403,78,3,17567,,
,403,9,3,23322,,
,403 (2025)/404 (2026),337,3,12155,,
,4037,220,3,3959,,
,4038,220,3,9400,,
,4039,220,3,7075,,
,404,104,3,703,,
,404,118,3,18460,,
,404,181,3,513,,
,404,190,3,9579,,
,404,22,3,12897,,
,404,239,3,23512,,
,404,241,3,11037,,
,404,248,3,11189,,
,404,257,3,18935,,
,404,266,3,19553,,
,404,288,3,15491,,
,404,318,3,6350,,
,404,344,0,1925,,
,404,344,3,3550,,
,404,354,3,23071,,
,404,62,3,13315,,
,404,87,3,21288,,
,404,9,3,22212,,
,404,95,3,9036,,
,405,104,3,23664,,
,405,118,3,7112,,
,405,183,3,17084,F3953F,FFFFFF
,405,190,3,17259,,
,405,239,3,8368,,
,405,248,3,23786,,
,405,257,3,10996,,
,405,266,3,8195,,
,405,273,3,784,,
,405,280,3,21378,,
,405,318,3,5045,,
,405,329,3,17973,,
,405,344,3,12742,,
,405,354,3,812,,
,405,41,3,17721,,
,405,62,3,13229,,
,405,72,3,12875,,
,405,87,3,2529,,
,405,9,3,4214,,
,405,95,3,12272,,
,405V,239,3,15393,,
,406,147,3,10663,,
,406,183,3,21201,8BADDC,FFFFFF
,406,190,3,14434,,
,406,239,3,2848,,
,406,241,3,18285,,
,406,248,3,15197,,
,406,266,3,880,,
,406,273,3,19720,,
,406,318,3,8189,,
,406,344,3,19296,,
,406,354,3,10806,,
,406,62,3,15688,,
,406,72,3,14330,,
,406,87,3,10695,,
,406,9,3,13956,,
,406,95,3,14566,,
,407,118,3,8336,,
,407,183,3,6696,D995BD,FFFFFF
,407,190,3,1522,,
,407,239,3,19420,,
,407,248,3,6948,,
,407,257,3,6493,,
,407,266,3,6726,,
,407,318,3,21839,,
,407,344,3,312,,
,407,72,3,5895,,
,407,87,3,20798,,
,407,9,3,17492,,
,407,95,3,1007,,
,407V,239,3,1899,,
,408,118,3,22441,,
,408,132,3,7267,,
,408,147,3,16900,,
,408,239,3,12024,,
,408,248,3,7035,,
,408,257,3,21313,8A1478,FFFFFF
,408,266,3,22857,,
,408,274,3,12314,,
,408,318,3,12577,,
,408,337,3,15507,,
,408,344,3,16120,,
,408,87,3,10814,,
,408,9,3,9365,,
,408 RufBus,147,3,4495,,
,408X,9,3,3026,,
,409,118,3,19321,,
,409,147,3,7941,,
,409,183,3,12150,,
,409,239,3,1096,,
,409,241,3,16309,,
,409,248,3,20493,,
,409,257,3,12224,,
,409,266,3,6332,,
,409,318,3,1031,,
,409,344,3,4991,,
,409,87,3,10435,,
,409,9,3,12716,,
,409,95,3,19231,,
,40N,235,3,14516,,
,41,104,3,1922,,
,41,132,3,114,,
,41,139,3,22448,,
,41,16,3,10570,,
,41,173,3,12481,,
,41,176,3,13856,,
,41,194,3,1875,,
,41,198,3,13537,,
,41,218,3,1176,,
,41,233,3,18374,,
,41,235,3,14530,,
,41,244,3,10997,,
,41,249,3,10398,,
,41,252,3,1175,,
,41,257,3,14313,,
,41,267,3,22372,,
,41,272,3,16924,,
,41,275,3,10200,,
,41,284,3,5253,,
,41,286,3,12522,,
,41,303,3,6838,,
,41,318,3,6599,,
,41,334,3,2125,,
,41,349,3,6095,,
,41,35,3,7296,,
,41,352,3,5418,,
,41,358,3,18691,,
,41,370,3,8251,,
,41,373,3,17253,,
,41,41,3,19457,,
,41,46,3,9433,,
,41,6,3,15092,,
,41,66,3,16735,,
,41,7,3,2466,,
,41,78,3,2849,,
,41,80,3,21593,,
,41,95,3,20823,,
,410,104,3,4486,,
,410,118,3,11383,,
,410,147,3,22854,,
,410,183,3,17093,009640,FFFFFF
,410,192,3,15807,,
,410,214,3,4580,,
,410,22,3,1990,,
,410,220,3,6962,,
,410,239,3,9972,,
,410,241,3,4399,,
,410,248,3,13667,,
,410,257,3,20399,,
,410,274,3,20522,,
,410,283,3,6437,,
,410,295,3,7235,,
,410,318,3,6991,,
,410,329,3,19251,,
,410,344,3,16805,,
,410,354,3,16206,,
,410,365,3,5835,,
,410,378,3,8541,,
,410,50,3,11384,,
,410,7,3,23358,,
,410,87,3,16141,,
,410,9,3,12808,,
,410,95,3,4471,,
,4101,220,3,3883,,
,4102,220,3,19151,,
,4103,220,3,21820,,
,410T,132,3,2598,,
,411,118,3,8025,,
,411,131,3,23111,,
,411,183,3,9744,4C76BA,FFFFFF
,411,192,3,9431,,
,411,214,3,16775,,
,411,220,3,14733,,
,411,233,3,10244,,
,411,238,3,1076,,
,411,239,3,23344,,
,411,241,3,14517,,
,411,248,3,12220,,
,411,257,3,14699,,
,411,266,3,15808,,
,411,274,3,4002,,
,411,280,3,12191,,
,411,283,3,846,,
,411,286,3,22391,,
,411,318,3,5240,,
,411,322,3,8196,,
,411,344,3,5763,,
,411,352,3,10798,,
,411,354,3,9836,,
,411,7,3,643,,
,411,78,3,3512,,
,411,87,3,5502,,
,411,9,3,5345,,
,411,95,3,14820,,
,411-AS,259,3,20710,,
,4112,9,3,552,,
,4113,9,3,15372,,
,4116,9,3,9867,,
,4117,9,3,2923,,
,412,118,3,5407,,
,412,183,3,16406,E2684C,FFFFFF
,412,192,3,5632,,
,412,214,3,7309,,
,412,220,3,9013,,
,412,233,3,16221,,
,412,238,3,21969,,
,412,239,3,2030,,
,412,266,3,16826,,
,412,274,3,13846,,
,412,283,3,23558,,
,412,3,3,84,,
,412,318,3,6831,,
,412,344,3,14404,,
,412,352,3,11449,,
,412,354,3,19394,,
,412,370,3,3656,,
,412,50,3,4135,,
,412,7,3,21561,,
,412,78,3,5544,,
,412,87,3,8574,,
,412,9,3,17736,,
,412,95,3,6868,,
,4120,9,3,13280,,
,4122,9,3,19408,,
,4123,9,3,6136,,
,4129,9,3,22509,,
,413,118,3,22665,,
,413,131,3,19498,,
,413,132,3,12491,,
,413,183,3,706,8BADDC,FFFFFF
,413,214,3,14304,,
,413,220,3,21290,,
,413,238,3,9455,,
,413,239,3,21058,,
,413,241,3,13738,,
,413,257,3,14265,,
,413,266,3,111,,
,413,274,3,6789,,
,413,28,3,3151,,
,413,318,3,22004,,
,413,344,3,16136,,
,413,352,3,9500,,
,413,354,3,9415,,
,413,365,3,13606,,
,413,370,3,21629,,
,413,7,3,17173,,
,413,78,3,1495,,
,413,87,3,10554,,
,413,9,3,2891,,
,413,95,3,5140,,
,4136,9,3,13298,,
,414,111,3,4694,,
,414,118,3,258,,
,414,131,3,21562,,
,414,132,3,7943,,
,414,192,3,19716,,
,414,214,3,11352,,
,414,238,3,3952,,
,414,248,3,1165,,
,414,266,3,4038,,
,414,28,3,3677,,
,414,283,3,9844,,
,414,318,3,22404,,
,414,352,3,17134,,
,414,365,3,15142,,
,414,7,3,8656,,
,414,78,3,22514,,
,414,87,3,22489,,
,414,9,3,23455,,
,4142,9,3,7884,,
,4148,220,3,18475,,
,415,111,3,6160,,
,415,118,3,23647,,
,415,132,3,9269,,
,415,190,3,18328,,
,415,192,3,20407,,
,415,214,3,20603,,
,415,232,3,8657,,
,415,241,3,2361,,
,415,248,3,17372,,
,415,257,3,4061,,
,415,266,3,19922,,
,415,274,3,20192,,
,415,283,3,12940,,
,415,318,3,6547,,
,415,344,3,10013,,
,415,352,3,14433,,
,415,365,3,3670,,
,415,78,3,6704,,
,415,87,3,6430,,
,4154,9,3,8993,,
,4156,9,3,15550,,
,416,111,3,4021,,
,416,118,3,3817,,
,416,131,3,20429,,
,416,132,3,4039,,
,416,192,3,5643,,
,416,214,3,8357,,
,416,238,3,23300,,
,416,248,3,18748,,
,416,257,3,14331,,
,416,259,3,23531,,
,416,266,3,3391,,
,416,274,3,10123,,
,416,283,3,11465,,
,416,318,3,18179,FF0000,FFFFFF
,416,365,3,6317,,
,416,87,3,6654,,
,4160,9,3,12470,,
,4161,9,3,17017,,
,4162,9,3,11645,,
,4163,9,3,12668,,
,4164,9,3,16234,,
,416T,132,3,22395,,
,417,118,3,8470,,
,417,132,3,17737,,
,417,192,3,7305,,
,417,214,3,21241,,
,417,238,3,18873,,
,417,257,3,5315,,
,417,274,3,17176,,
,417,283,3,7104,,
,417,318,3,6260,,
,417,352,3,3850,,
,417,365,3,3501,,
,418,111,3,22824,,
,418,118,3,6949,,
,418,132,3,22634,,
,418,183,3,23244,009640,FFFFFF
,418,192,3,7063,,
,418,214,3,12884,,
,418,238,3,9,,
,418,257,3,636,,
,418,266,3,23062,,
,418,274,3,1330,,
,418,318,3,598,,
,418,365,3,4803,,
,418,370,3,21269,,
,419,111,3,13414,,
,419,118,3,9864,,
,419,131,3,2436,,
,419,132,3,13103,,
,419,178,3,14103,,
,419,181,3,9582,,
,419,192,3,15489,,
,419,214,3,11845,,
,419,238,3,22405,,
,419,239,3,21090,,
,419,241,3,5898,,
,419,248,3,20670,,
,419,257,3,10802,,
,419,274,3,5114,,
,419,318,3,23292,,
,419,352,3,8218,,
,419,365,3,12835,,
,419,370,3,2638,,
,41E,6,3,22515,,
,41S,6,3,14153,,
,42,111,3,11399,,
,42,132,3,6746,,
,42,139,3,4204,,
,42,16,3,60,,
,42,176,3,2820,,
,42,192,3,17809,,
,42,194,3,21732,,
,42,198,3,14936,,
,42,220,3,1571,,
,42,235,3,20824,,
,42,244,3,15175,,
,42,249,3,3471,,
,42,252,3,11789,,
,42,257,3,23422,,
,42,267,3,17365,,
,42,272,3,6290,,
,42,284,3,9472,,
,42,286,3,22,,
,42,303,3,18746,,
,42,308,3,14017,A10440,FFFFFF
,42,318,3,1916,,
,42,334,3,7864,,
,42,335,3,16497,,
,42,342,3,18609,,
,42,349,3,4936,,
,42,35,3,7045,,
,42,352,3,22496,,
,42,356,3,5025,,
,42,369,3,5883,,
,42,370,3,4854,,
,42,375,3,23289,,
,42,41,3,19517,,
,42,66,3,23175,,
,42,7,3,9089,,
,42,78,3,20455,,
,42,80,3,14359,,
,42,9,3,2647,,
,42,93,3,17627,,
,42,95,3,8008,,
,420,111,3,3078,,
,420,118,3,23248,,
,420,132,3,14258,,
,420,147,3,13115,,
,420,181,3,19434,,
,420,192,3,16253,,
,420,22,3,1929,,
,420,238,3,11103,,
,420,239,3,2755,,
,420,241,3,20579,,
,420,257,3,21979,,
,420,266,3,16643,,
,420,269,3,21821,,
,420,274,3,16904,,
,420,283,3,1172,,
,420,295,3,20466,,
,420,318,3,14639,,
,420,329,3,19906,,
,420,344,3,22683,,
,420,354,3,7333,,
,420,365,3,12295,,
,420,370,3,21144,,
,420,373,3,15048,,
,420,50,3,22828,,
,420,7,3,23523,,
,420,78,3,1086,,
,420,87,3,1484,,
,420,9,3,20220,,
,420,95,3,15709,,
,4200,220,3,3579,,
,4207,220,3,17321,,
,421,118,3,22635,,
,421,131,3,5819,,
,421,132,3,1535,,
,421,147,3,15382,,
,421,181,3,5316,,
,421,192,3,11264,,
,421,214,3,12642,,
,421,22,3,21918,,
,421,233,3,21476,,
,421,238,3,19052,,
,421,239,3,17058,,
,421,241,3,19516,,
,421,248,3,23036,,
,421,252,3,6458,,
,421,266,3,9735,,
,421,274,3,20363,,
,421,344,3,4077,,
,421,365,3,7569,,
,421,370,3,9963,,
,421,7,3,21775,,
,421,78,3,5119,,
,421,87,3,14057,,
,421,9,3,9038,,
,421,95,3,8179,,
,4210,220,3,2737,,
,421A,78,3,7217,,
,422,118,3,4535,,
,422,132,3,890,,
,422,181,3,12885,,
,422,192,3,5046,,
,422,214,3,14640,,
,422,220,3,1770,,
,422,233,3,21932,,
,422,238,3,115,,
,422,239,3,2382,,
,422,241,3,5828,,
,422,248,3,2520,,
,422,252,3,14343,,
,422,257,3,8543,,
,422,266,3,22577,,
,422,274,3,20679,,
,422,283,3,8197,,
,422,318,3,4449,,
,422,322,3,71,,
,422,352,3,20445,,
,422,365,3,15192,,
,422,50,3,5690,,
,422,7,3,23600,,
,422,78,3,16213,,
,422,87,3,7312,,
,422,9,3,7396,,
,422,95,3,1009,,
,422A,78,3,6594,,
,423,118,3,20464,,
,423,147,3,14289,,
,423,181,3,9164,,
,423,183,3,10588,4C76BA,FFFFFF
,423,192,3,7540,,
,423,214,3,14918,,
,423,233,3,17518,,
,423,238,3,13101,,
,423,239,3,23301,,
,423,241,3,17810,,
,423,244,3,3069,,
,423,252,3,17543,,
,423,257,3,14597,,
,423,266,3,13551,,
,423,274,3,21204,,
,423,283,3,9221,,
,423,318,3,20312,,
,423,365,3,5333,,
,423,7,3,14988,,
,423,78,3,2256,,
,423,87,3,13776,,
,423,9,3,3639,,
,423,95,3,2301,,
,423 RufBus,147,3,8190,,
,424,111,3,7631,,
,424,118,3,21209,,
,424,131,3,10660,,
,424,192,3,18202,,
,424,214,3,14598,,
,424,220,3,20219,,
,424,238,3,23026,,
,424,239,3,5550,,
,424,241,3,3269,,
,424,257,3,7515,,
,424,259,3,21776,,
,424,266,3,11511,,
,424,274,3,9317,,
,424,283,3,17532,,
,424,318,3,16157,,
,424,344,3,6060,,
,424,352,3,11635,,
,424,365,3,21799,,
,424,50,3,2497,,
,424,7,3,5587,,
,424,78,3,11938,,
,424,9,3,1562,,
,424,95,3,9131,,
,425,118,3,6192,,
,425,131,3,9549,,
,425,132,3,2246,,
,425,181,3,9906,,
,425,192,3,11494,,
,425,233,3,13797,,
,425,241,3,15482,,
,425,244,3,4019,,
,425,248,3,9754,,
,425,257,3,8831,,
,425,259,3,10723,,
,425,274,3,7803,,
,425,283,3,20553,,
,425,295,3,17406,,
,425,344,3,12829,,
,425,365,3,22550,,
,425,50,3,7397,,
,425,7,3,13980,,
,425,78,3,21423,,
,425,9,3,5012,,
,425,95,3,840,,
,425A,78,3,16688,,
,426,118,3,8191,,
,426,147,3,8811,,
,426,181,3,19757,,
,426,192,3,13484,,
,426,214,3,9368,,
,426,233,3,7010,,
,426,238,3,12796,,
,426,239,3,14870,,
,426,241,3,4145,,
,426,248,3,12014,,
,426,257,3,4487,,
,426,259,3,23250,,
,426,266,3,7586,,
,426,283,3,2240,,
,426,344,3,17398,,
,426,365,3,9875,,
,426,50,3,8439,,
,426,7,3,17402,,
,426,78,3,3485,,
,426,9,3,9886,,
,426,95,3,12510,,
,426 RufBus,147,3,4631,,
,427,118,3,543,,
,427,131,3,22480,,
,427,147,3,13867,,
,427,178,3,20450,,
,427,181,3,1310,,
,427,214,3,16819,,
,427,220,3,4030,,
,427,233,3,22639,,
,427,238,3,1058,,
,427,239,3,4695,,
,427,241,3,12434,,
,427,257,3,762,,
,427,259,3,7093,,
,427,266,3,23099,,
,427,274,3,6036,,
,427,283,3,13883,,
,427,344,3,17212,,
,427,365,3,7998,,
,427,7,3,16894,,
,427,78,3,10003,,
,427,9,3,11913,,
,427,95,3,12015,,
,427A,78,3,8536,,
,428,118,3,5890,,
,428,131,3,19444,,
,428,147,3,4682,,
,428,214,3,451,,
,428,220,3,10341,,
,428,233,3,7632,,
,428,241,3,4519,,
,428,257,3,9340,,
,428,266,3,18031,,
,428,274,3,15835,,
,428,283,3,5274,,
,428,344,3,754,,
,428,352,3,11076,,
,428,365,3,6816,,
,428,78,3,11161,,
,428,9,3,14435,,
,428 RufBus,147,3,10284,,
,428A,344,3,12980,,
,429,118,3,7909,,
,429,147,3,7248,,
,429,181,3,7326,,
,429,183,3,5756,,
,429,233,3,15947,,
,429,239,3,21594,,
,429,241,3,1611,,
,429,266,3,19538,,
,429,274,3,17871,,
,429,344,3,3964,,
,429,352,3,16860,,
,429,365,3,19954,,
,429,78,3,15446,,
,429 RufBus,147,3,4353,,
,42A,95,3,2924,,
,42S,144,3,10371,,
,42V,35,3,16597,,
,43,111,3,4787,,
,43,132,3,10161,,
,43,16,3,1137,,
,43,176,3,23148,,
,43,192,3,13271,,
,43,194,3,21459,,
,43,220,3,6553,,
,43,235,3,9293,,
,43,244,3,16849,,
,43,249,3,19674,,
,43,250,3,14170,ADB9A6,
,43,252,3,2904,,
,43,257,3,1318,,
,43,260,3,15049,008492,FFFFFF
,43,267,3,11041,,
,43,272,3,17882,,
,43,275,3,743,,
,43,284,3,9688,,
,43,303,3,8278,,
,43,308,3,18965,8CCBD6,
,43,318,3,7910,,
,43,334,3,15791,,
,43,342,3,5677,,
,43,349,3,13509,,
,43,35,3,8508,,
,43,352,0,1583,,
,43,352,3,10469,,
,43,361,3,648,,
,43,369,3,9039,,
,43,370,3,12669,,
,43,375,3,14412,,
,43,39,3,16290,,
,43,61,3,5912,,
,43,66,3,17664,,
,43,7,3,3698,,
,43,78,3,23796,,
,43,80,3,21919,,
,43,93,3,6362,,
,43,95,3,20705,,
,430,118,3,21672,,
,430,132,3,12558,,
,430,181,3,12492,,
,430,183,3,1783,4C76BA,FFFFFF
,430,214,3,7704,,
,430,22,3,17522,,
,430,220,3,8462,,
,430,233,3,17749,,
,430,238,3,1233,,
,430,241,3,21560,,
,430,248,3,4193,,
,430,266,3,23665,,
,430,269,3,7293,,
,430,280,3,22252,,
,430,283,3,22305,,
,430,295,3,7835,,
,430,329,3,18659,,
,430,344,3,10610,,
,430,352,3,19010,,
,430,365,3,16946,,
,430,370,3,22338,,
,430,7,3,15996,,
,430,78,3,13323,,
,430,9,3,8391,,
,430A,78,3,1786,,
,431,118,3,17025,,
,431,131,3,15536,,
,431,147,3,19921,,
,431,181,3,16511,,
,431,183,3,3070,F3953F,FFFFFF
,431,192,3,4020,,
,431,200,3,2893,,
,431,214,3,11228,,
,431,22,3,11891,,
,431,233,3,286,,
,431,238,3,19550,,
,431,239,3,13447,,
,431,257,3,4364,,
,431,266,3,12105,,
,431,274,3,14068,,
,431,283,3,15743,,
,431,344,3,1356,,
,431,352,3,4215,,
,431,365,3,1319,,
,431,370,3,14948,,
,431,7,3,2894,,
,431,78,3,4085,,
,431,87,3,19986,,
,431,9,3,3927,,
,431,95,3,22630,,
,431 RufBus,147,3,21677,,
,432,118,3,11841,,
,432,131,3,16814,,
,432,132,3,20063,,
,432,181,3,13932,,
,432,183,3,968,D995BD,FFFFFF
,432,192,3,15081,,
,432,200,3,22589,,
,432,214,3,5621,,
,432,220,3,15252,,
,432,239,3,23461,,
,432,257,3,13868,,
,432,266,3,16116,,
,432,274,3,21487,,
,432,280,3,17841,,
,432,283,3,20158,,
,432,322,3,8606,,
,432,344,3,5071,,
,432,352,3,1673,,
,432,370,3,20185,,
,432,50,3,23804,,
,432,7,3,9721,,
,432,87,3,8937,,
,433,118,3,9026,,
,433,132,3,242,,
,433,181,3,1130,,
,433,183,3,5754,9D9D9C,
,433,192,3,1631,,
,433,214,3,14360,,
,433,220,3,3746,,
,433,238,3,2593,,
,433,239,3,22084,,
,433,266,3,2194,,
,433,274,3,5765,,
,433,283,3,21477,,
,433,322,3,16559,,
,433,344,3,22402,,
,433,352,3,3521,,
,433,365,3,21221,,
,433,7,3,10712,,
,433,78,3,14214,,
,433,87,3,10088,,
,433,9,3,10238,,
,433A,78,3,3835,,
,434,132,3,20505,,
,434,147,3,10171,,
,434,181,3,8428,,
,434,183,3,20999,B90276,FFFFFF
,434,192,3,13816,,
,434,238,3,11306,,
,434,239,3,15470,,
,434,266,3,1035,,
,434,274,3,848,,
,434,283,3,6715,,
,434,322,3,2156,,
,434,344,3,17434,,
,434,352,3,3651,,
,434,365,3,1447,,
,434,370,3,5449,,
,434,7,3,16973,,
,434,87,3,12117,,
,435,131,3,21291,,
,435,132,3,14907,,
,435,147,3,9983,,
,435,181,3,6296,,
,435,183,3,5636,009640,FFFFFF
,435,238,3,1192,,
,435,239,3,8667,,
,435,241,3,2327,,
,435,266,3,13957,,
,435,269,3,1373,,
,435,274,3,23704,,
,435,283,3,5307,,
,435,295,3,6256,,
,435,344,3,16137,,
,435,352,3,3486,,
,435,365,3,3826,,
,435,78,3,4354,,
,435,87,3,20832,,
,436,132,3,5695,,
,436,147,3,21205,,
,436,181,3,9765,,
,436,220,3,1080,,
,436,238,3,14468,,
,436,239,3,13843,,
,436,241,3,13367,,
,436,257,3,13035,,
,436,266,3,4412,,
,436,274,3,8964,,
,436,280,3,17742,,
,436,283,3,21242,,
,436,344,3,4210,,
,436,352,3,13022,,
,436,365,3,17267,,
,436,370,3,18512,,
,436,87,3,19105,,
,436 RufBus,147,3,21410,,
,437,118,3,16987,,
,437,132,3,637,,
,437,147,3,14361,,
,437,181,3,14634,,
,437,183,3,20892,F3953F,FFFFFF
,437,220,3,20987,,
,437,238,3,3051,,
,437,239,3,4574,,
,437,241,3,12857,,
,437,266,3,4117,,
,437,274,3,3687,,
,437,283,3,7011,,
,437,344,3,132,,
,437,370,3,17306,,
,437 RufBus,147,3,6002,,
,438,132,3,22995,,
,438,147,3,12910,,
,438,181,3,20532,,
,438,183,3,16593,D995BD,FFFFFF
,438,220,3,22036,,
,438,239,3,9434,,
,438,241,3,1998,,
,438,266,3,10187,,
,438,283,3,23434,,
,438,34,3,6015,,
,438,344,3,10779,,
,438,370,3,5301,,
,438,87,3,3828,,
,439,118,3,9783,,
,439,132,3,16905,,
,439,147,3,2009,,
,439,181,3,23591,,
,439,183,3,18694,E2684C,FFFFFF
,439,20,3,16570,73D700,FFFFFF
,439,220,3,527,,
,439,233,3,5851,,
,439,239,3,22890,,
,439,241,3,20258,,
,439,266,3,19403,,
,439,274,3,17502,,
,439,283,3,16768,,
,439,344,3,1436,,
,439,352,3,2599,,
,439,370,3,2506,,
,439,87,3,19455,,
,439 RufBus,147,3,8164,,
,43A,308,3,23037,8CCBD6,
,43E,185,3,10859,,
,43E,370,3,3788,,
,44,104,3,943,,
,44,111,3,15595,,
,44,132,3,3171,,
,44,176,3,5084,,
,44,192,3,12608,,
,44,194,3,7414,,
,44,198,3,15023,,
,44,235,3,16529,,
,44,249,3,7446,,
,44,252,3,11023,,
,44,257,3,9264,,
,44,258,3,1425,,
,44,278,3,16075,,
,44,284,3,2503,,
,44,286,3,5308,,
,44,303,3,12283,,
,44,308,3,11407,006F99,FFFFFF
,44,318,3,11406,,
,44,334,3,10296,,
,44,335,3,9719,,
,44,342,3,2942,,
,44,35,3,16808,,
,44,358,3,1448,,
,44,361,3,11213,,
,44,373,3,21022,,
,44,39,3,6305,,
,44,6,3,5254,,
,44,61,3,6219,,
,44,66,3,11120,,
,44,7,3,9249,,
,44,78,3,12366,,
,44,8,3,1824,,
,44,93,3,12008,,
,440,118,3,18022,,
,440,147,3,6137,,
,440,150,3,13179,,
,440,181,3,3482,,
,440,200,3,2859,,
,440,220,3,23176,,
,440,239,3,10446,,
,440,257,3,19049,,
,440,266,3,15367,,
,440,283,3,22645,,
,440,296,3,11898,,
,440,318,3,10912,,
,440,329,3,16178,,
,440,344,3,5573,,
,440,365,3,568,,
,440,370,3,15558,,
,440,379,3,20389,,
,440,50,3,2151,,
,440,7,3,21033,,
,440,95,3,18708,,
,4400,220,3,2723,,
,4402,220,3,10411,,
,4404,220,3,12058,,
,4405,220,3,12073,,
,4406,220,3,11372,,
,4407,220,3,12451,,
,4408,220,3,3006,,
,4409,220,3,8069,,
,441,118,3,8345,,
,441,131,3,13393,,
,441,147,3,12823,,
,441,181,3,3993,,
,441,192,3,7427,,
,441,233,3,4270,,
,441,257,3,19254,,
,441,266,3,19651,,
,441,283,3,8927,,
,441,318,3,16378,,
,441,322,3,23601,,
,441,344,3,12313,,
,441,352,3,4377,,
,441,50,3,8136,,
,441,7,3,17956,,
,441,87,3,16842,,
,441,9,3,17007,,
,441,95,3,16235,,
,441 Bau,318,3,20313,,
,441 RufBus,147,3,15987,,
,4410,220,3,904,,
,442,118,3,1855,,
,442,147,3,22107,,
,442,150,3,19413,,
,442,181,3,12243,,
,442,192,3,6383,,
,442,239,3,5512,,
,442,257,3,581,,
,442,269,3,15634,,
,442,283,3,3007,,
,442,318,3,22007,,
,442,322,3,5703,,
,442,344,3,7746,,
,442,370,3,17828,,
,442,50,3,6774,,
,442,87,3,12549,,
,442,9,3,2238,,
,443,118,3,5482,,
,443,147,3,9641,,
,443,150,3,21129,,
,443,181,3,21508,,
,443,192,3,22772,,
,443,220,3,22974,,
,443,239,3,23760,,
,443,257,3,23750,,
,443,283,3,13216,,
,443,318,3,19189,,
,443,322,3,7484,,
,443,344,3,21243,,
,443,370,3,12876,,
,443,78,3,5757,,
,443 RufBus,147,3,6345,,
,444,147,3,17468,,
,444,181,3,16285,,
,444,192,3,21646,,
,444,239,3,11923,,
,444,241,3,12647,,
,444,257,3,7215,,
,444,269,3,22426,,
,444,318,3,15471,,
,444,322,3,15650,,
,444,344,3,11980,,
,444,370,3,13309,,
,444,50,3,6500,,
,444,78,3,15583,,
,444,9,3,2524,,
,444A,78,3,7355,,
,444V,239,3,20234,,
,445,118,3,3226,,
,445,131,3,22442,,
,445,147,3,2687,,
,445,181,3,12307,,
,445,192,3,15189,,
,445,214,3,21031,,
,445,233,3,1526,,
,445,238,3,19236,,
,445,239,3,19076,,
,445,241,3,11600,,
,445,257,3,16798,,
,445,283,3,20083,,
,445,295,3,6025,,
,445,318,3,22996,,
,445,329,3,11626,,
,445,344,3,15304,,
,445,370,3,11316,,
,445V,239,3,17947,,
,446,118,3,5421,,
,446,131,3,10256,,
,446,147,3,21256,,
,446,181,3,4472,,
,446,192,3,8621,,
,446,200,3,8768,,
,446,214,3,12635,,
,446,239,3,10410,,
,446,241,3,19831,,
,446,257,3,10172,,
,446,283,3,17743,,
,446,318,3,4777,,
,446,344,3,12824,,
,446,370,3,3913,,
,446,379,3,9416,,
,446,78,3,4818,,
,446A,78,3,9153,,
,446V,239,3,19783,,
,447,131,3,13619,,
,447,132,3,8456,,
,447,147,3,8392,,
,447,192,3,11997,,
,447,200,3,3085,,
,447,214,3,6222,,
,447,220,3,18859,,
,447,239,3,15188,,
,447,241,3,1700,,
,447,283,3,19860,,
,447,318,3,128,,
,447,322,3,21611,,
,447,344,3,9485,,
,447,9,3,14579,,
,447T,132,3,4421,,
,448,131,3,5013,,
,448,181,3,6,,
,448,192,3,8530,,
,448,200,3,11345,,
,448,220,3,15066,,
,448,239,3,22417,,
,448,257,3,6950,,
,448,28,3,1245,,
,448,283,3,22870,,
,448,318,3,611,,
,448,344,3,13986,,
,448,370,3,5993,,
,448,9,3,8913,,
,448T,132,3,20115,,
,449,181,3,20278,,
,449,241,3,1051,,
,449,257,3,1111,,
,449,274,3,14509,,
,449,28,3,23347,,
,449,283,3,19168,,
,449,318,3,4564,,
,449,327,3,23415,,
,449,344,3,298,,
,449,370,3,7670,,
,449,373,3,4089,,
,44S,144,3,9040,,
,44a,276,3,6007,,
,44b,276,3,22037,,
,44c,276,3,1801,,
,45,104,3,5184,,
,45,111,3,5317,,
,45,132,3,19101,,
,45,16,3,16701,,
,45,176,3,17621,,
,45,192,3,22818,,
,45,194,3,20390,,
,45,197,3,20506,,
,45,198,3,1575,,
,45,235,3,9501,,
,45,252,3,23003,,
,45,257,3,4620,,
,45,258,3,17112,,
,45,275,3,6151,,
,45,278,3,1331,,
,45,284,3,295,,
,45,315,3,361,,
,45,318,3,6367,,
,45,334,3,4651,,
,45,342,3,15551,,
,45,349,3,20706,,
,45,35,3,14567,,
,45,354,3,9989,,
,45,358,3,23735,,
,45,361,3,9657,,
,45,373,3,15934,,
,45,39,3,7428,,
,45,41,3,3086,,
,45,61,3,9473,,
,45,7,3,187,,
,45,78,3,5129,,
,45,95,3,4282,,
,45 AST,111,3,4829,,
,45 B,111,3,2578,,
,450,111,3,5014,,
,450,117,3,2157,,
,450,118,3,5780,,
,450,131,3,19975,,
,450,147,3,11427,,
,450,192,3,1088,,
,450,200,3,15341,,
,450,214,3,7984,,
,450,22,3,12661,,
,450,220,3,8596,,
,450,233,3,4693,,
,450,238,3,14160,,
,450,257,3,14734,,
,450,269,3,5540,,
,450,274,3,9167,,
,450,28,3,1980,,
,450,280,3,14879,,
,450,283,3,1794,,
,450,295,3,8063,,
,450,296,3,13003,,
,450,329,3,12825,,
,450,7,3,19456,,
,450,87,3,23648,,
,450,9,3,18888,,
,451,118,3,23751,,
,451,131,3,22753,,
,451,147,3,21000,,
,451,181,3,17546,,
,451,192,3,11692,,
,451,20,3,15321,73D700,FFFFFF
,451,200,3,13425,,
,451,214,3,15193,,
,451,220,3,21405,,
,451,239,3,1350,,
,451,252,3,2335,,
,451,259,3,288,,
,451,266,3,192,,
,451,28,3,19561,,
,451,283,3,12238,,
,451,296,3,15706,,
,451,322,3,22396,,
,451,344,3,14615,,
,451,355,3,11836,,
,451,365,3,20565,,
,451,370,3,11509,,
,451,50,3,1966,,
,451,7,3,6113,,
,451,78,3,7999,,
,451,87,3,10664,,
,451,9,3,2023,,
,452,131,3,12288,,
,452,147,3,13869,,
,452,181,3,16739,,
,452,200,3,8411,,
,452,214,3,11284,,
,452,233,3,5010,,
,452,239,3,9771,,
,452,257,3,22308,,
,452,266,3,3249,,
,452,28,3,8161,,
,452,280,3,11715,,
,452,283,3,17347,,
,452,296,3,7201,,
,452,322,3,13365,,
,452,344,3,15132,,
,452,352,3,21315,,
,452,365,3,17049,,
,452,370,3,9014,,
,452,50,3,6697,,
,452,7,3,8833,,
,452,87,3,1850,,
,453,118,3,3045,,
,453,131,3,9204,,
,453,147,3,1536,,
,453,181,3,11714,,
,453,192,3,21122,,
,453,239,3,3844,,
,453,241,3,20227,,
,453,266,3,3323,,
,453,274,3,17324,,
,453,283,3,2120,,
,453,296,3,9662,,
,453,344,3,22262,,
,453,352,3,17162,,
,453,370,3,22921,,
,453,7,3,22923,,
,453,72,3,3136,,
,453,87,3,17487,,
,453,9,3,5903,,
,454,118,3,21240,,
,454,131,3,18382,,
,454,147,3,6926,,
,454,181,3,15635,,
,454,192,3,4406,,
,454,220,3,6411,,
,454,238,3,15809,,
,454,239,3,23603,,
,454,257,3,1893,,
,454,274,3,18209,,
,454,296,3,12315,,
,454,344,3,7735,,
,454,352,3,979,,
,454,365,3,15732,,
,454,370,3,3082,,
,454,50,3,15588,,
,454,7,3,13803,,
,455,118,3,6269,,
,455,131,3,10849,,
,455,147,3,14340,,
,455,181,3,17822,,
,455,192,3,21992,,
,455,20,3,10850,73D700,FFFFFF
,455,200,3,1772,,
,455,214,3,11015,,
,455,238,3,1141,,
,455,239,3,7929,,
,455,241,3,13358,,
,455,266,3,16843,,
,455,274,3,7480,,
,455,28,3,18774,,
,455,295,3,20228,,
,455,296,3,5360,,
,455,344,3,12583,,
,455,352,3,7239,,
,455,355,3,1091,,
,455,370,3,15929,,
,455,78,3,19102,,
,455,87,3,18418,,
,4550,91,3,19666,,
,456,118,3,5784,,
,456,131,3,6346,,
,456,147,3,4767,,
,456,181,3,9309,,
,456,192,3,6003,,
,456,20,3,4830,73D700,FFFFFF
,456,239,3,1813,,
,456,257,3,1858,,
,456,266,3,22721,,
,456,274,3,18952,,
,456,344,3,13251,,
,456,370,3,19667,,
,456,78,3,5801,,
,456,87,3,8230,,
,456,9,3,21051,,
,456A,78,3,18513,,
,457,131,3,4749,,
,457,147,3,7191,,
,457,214,3,23537,,
,457,257,3,1383,,
,457,266,3,14469,,
,457,28,3,18936,,
,457,296,3,8671,,
,457,344,3,2634,,
,457,78,3,9984,,
,457,87,3,15853,,
,457,9,3,5654,,
,458,118,3,20000,,
,458,132,3,7549,,
,458,147,3,3818,,
,458,200,3,6531,,
,458,266,3,13510,,
,458,274,3,20842,,
,458,352,3,5971,,
,458,370,3,23177,,
,458,87,3,11113,,
,458,9,3,12786,,
,459,118,3,19492,,
,459,131,3,19809,,
,459,147,3,9210,,
,459,200,3,9924,,
,459,232,3,15867,,
,459,233,3,3039,,
,459,239,3,18097,,
,459,257,3,8412,,
,459,266,3,9231,,
,459,274,3,3865,,
,459,370,3,17314,,
,459,78,3,22787,,
,459,87,3,11016,,
,459,9,3,20055,,
,459A,78,3,969,,
,45E,361,3,21306,,
,45V,35,3,8184,,
,46,111,3,10115,,
,46,132,3,17834,,
,46,173,3,5666,,
,46,176,3,23369,,
,46,194,3,5788,,
,46,197,3,4289,,
,46,235,3,20618,,
,46,249,3,14443,,
,46,252,3,15602,,
,46,257,3,18562,,
,46,258,3,6799,,
,46,267,3,9720,,
,46,275,3,14411,,
,46,278,3,237,,
,46,284,3,19062,,
,46,334,3,970,,
,46,342,3,15935,,
,46,35,3,5276,,
,46,352,3,22924,,
,46,361,3,3452,,
,46,61,3,3797,,
,46,7,3,11924,,
,460,118,3,20877,,
,460,131,3,13134,,
,460,147,3,19591,,
,460,150,3,1312,,
,460,200,3,16450,,
,460,22,3,22688,,
,460,239,3,20490,,
,460,257,3,11377,,
,460,266,3,1841,,
,460,274,3,1082,,
,460,280,3,20947,,
,460,283,3,16784,,
,460,295,3,6912,,
,460,296,3,22112,,
,460,334,3,13620,,
,460,344,3,6604,,
,460,370,3,12772,,
,460,50,3,12354,,
,460,7,3,10089,,
,460,78,3,2406,,
,460,87,3,19499,,
,4602,220,3,23104,,
,4603,220,3,18594,,
,4604,220,3,21882,,
,4605,220,3,9384,,
,4606,220,3,13021,,
,4607,220,3,2299,,
,4608,220,3,1,,
,4608,34,3,1856,,
,4609,220,3,17628,,
,460A,78,3,20816,,
,460E,305,3,4743,,
,461,118,3,17536,,
,461,132,3,2846,,
,461,147,3,7839,,
,461,173,3,7109,,
,461,192,3,5138,,
,461,200,3,483,,
,461,22,3,23053,,
,461,233,3,18610,,
,461,239,3,8383,,
,461,257,3,18060,,
,461,266,3,23449,,
,461,274,3,8358,,
,461,280,3,22481,,
,461,283,3,14790,,
,461,305,3,13123,,
,461,322,3,12331,,
,461,344,3,15481,,
,461,365,3,22788,,
,461,370,3,23438,,
,461,50,3,16476,,
,461,7,3,18880,,
,461,78,3,8965,,
,461,87,3,7865,,
,4611,220,3,2010,,
,4613,220,3,3965,,
,4614,220,3,17902,,
,4614,334,3,22713,,
,4615,220,3,20151,,
,4618,220,3,5997,,
,462,118,3,4194,,
,462,131,3,5387,,
,462,132,3,16694,,
,462,147,3,12726,,
,462,150,3,10603,,
,462,192,3,14813,,
,462,200,3,17201,,
,462,214,3,21109,,
,462,220,3,8590,,
,462,239,3,21760,,
,462,241,3,19907,,
,462,257,3,16002,,
,462,266,3,8334,,
,462,280,3,11539,,
,462,283,3,13585,,
,462,296,3,2708,,
,462,305,3,18506,,
,462,344,3,9019,,
,462,365,3,11498,,
,462,370,3,18617,,
,462,50,3,11930,,
,462,7,3,14050,,
,462,87,3,17329,,
,462 RufBus,147,3,13426,,
,4620,220,3,21347,,
,4621,220,3,4468,,
,4623,220,3,3610,,
,4624,220,3,9630,,
,463,118,3,21573,,
,463,131,3,5777,,
,463,132,3,1389,,
,463,147,3,8350,,
,463,150,3,19112,,
,463,173,3,15123,,
,463,192,3,1577,,
,463,200,3,8775,,
,463,214,3,11981,,
,463,239,3,16051,,
,463,241,3,2716,,
,463,257,3,12951,,
,463,266,3,4593,,
,463,274,3,15923,,
,463,283,3,14232,,
,463,296,3,6322,,
,463,305,3,12252,,
,463,344,3,2115,,
,463,365,3,21788,,
,463,370,3,1624,,
,463,78,3,17957,,
,4630,220,3,805,,
,4631,220,3,13264,,
,4632,220,3,15738,,
,4633,220,3,21094,,
,464,131,3,4393,,
,464,132,3,13359,,
,464,147,3,4637,,
,464,150,3,11568,,
,464,192,3,2281,,
,464,214,3,20261,,
,464,220,3,3859,,
,464,238,3,9820,,
,464,239,3,22143,,
,464,241,3,4189,,
,464,257,3,11313,,
,464,266,3,14375,,
,464,274,3,19842,,
,464,283,3,12840,,
,464,344,3,6431,,
,464,365,3,15204,,
,464,370,3,20034,,
,464,78,3,2353,,
,464,9,3,19970,,
,4640,220,3,403,,
,4641,220,3,6667,,
,4642,220,3,8172,,
,4643,220,3,18040,,
,4644,220,3,7005,,
,465,131,3,6981,,
,465,132,3,23642,,
,465,147,3,14018,,
,465,173,3,8591,,
,465,192,3,12178,,
,465,220,3,17001,,
,465,238,3,11504,,
,465,239,3,2261,,
,465,241,3,7466,,
,465,257,3,17094,,
,465,274,3,8950,,
,465,283,3,11989,,
,465,296,3,20383,,
,465,344,3,19758,,
,465,352,3,10486,,
,465,370,3,5931,,
,465,383,3,5778,,
,465,78,3,1375,,
,465,9,3,18345,,
,4650,220,3,19510,,
,466,132,3,2662,,
,466,147,3,23145,,
,466,150,3,5265,,
,466,214,3,2688,,
,466,238,3,1131,,
,466,239,3,6905,,
,466,241,3,6263,,
,466,257,3,5156,,
,466,274,3,10436,,
,466,283,3,20926,,
,466,299,3,7437,,
,466,344,3,16729,,
,466,365,3,5141,,
,466,370,3,3627,,
,466,383,3,8902,,
,466,9,3,12267,,
,466 RufBus,147,3,14413,,
,4661,220,3,1984,,
,4662,220,3,12830,,
,4663,220,3,14266,,
,4664,220,3,22474,,
,4665,220,3,15563,,
,4666,220,3,21052,,
,467,111,3,2250,,
,467,118,3,1010,,
,467,131,3,9432,,
,467,132,3,20174,,
,467,147,3,13678,,
,467,150,3,16799,,
,467,173,3,12289,,
,467,214,3,11461,,
,467,241,3,10873,,
,467,274,3,3207,,
,467,280,3,13777,,
,467,344,3,18577,,
,467,365,3,9132,,
,467,370,3,10260,,
,467,383,3,12160,,
,467,78,3,11876,,
,467-A,111,3,17780,,
,468,111,3,17146,,
,468,131,3,1537,,
,468,132,3,6238,,
,468,147,3,18442,,
,468,150,3,20413,,
,468,214,3,4507,,
,468,239,3,5827,,
,468,241,3,16909,,
,468,280,3,3827,,
,468,344,3,18498,,
,468,365,3,17215,,
,468,370,3,18357,,
,468,383,3,22951,,
,468-A,111,3,3103,,
,4681,220,3,2779,,
,4682,220,3,1364,,
,4683,220,3,15589,,
,4684,220,3,17071,,
,469,131,3,8457,,
,469,132,3,11610,,
,469,147,3,18916,,
,469,150,3,20548,,
,469,173,3,16585,,
,469,214,3,20547,,
,469,220,3,458,,
,469,233,3,22891,,
,469,239,3,16539,,
,469,274,3,20365,,
,469,283,3,19198,,
,469,344,3,11125,,
,469,365,3,16998,,
,469,383,3,4465,,
,469V,239,3,15115,,
,46ALF,192,3,3148,,
,46S,144,3,19659,,
,46V,35,3,17511,,
,47,111,3,13938,,
,47,132,3,19252,,
,47,176,3,15581,,
,47,192,3,5325,,
,47,194,3,4581,,
,47,197,3,23654,,
,47,198,3,19214,,
,47,235,3,215,,
,47,249,3,14961,,
,47,252,3,10074,,
,47,257,3,1437,,
,47,258,3,7024,,
,47,267,3,17863,,
,47,275,3,16480,,
,47,284,3,20767,,
,47,308,3,1907,312783,FFFFFF
,47,334,3,6734,,
,47,335,3,6800,,
,47,342,3,366,,
,47,35,3,19245,,
,47,354,3,22418,,
,47,361,3,21851,,
,47,369,3,6114,,
,47,61,3,23112,,
,47,7,3,7288,,
,47,78,3,7199,,
,470,111,3,8071,,
,470,132,3,20711,,
,470,150,3,23235,,
,470,192,3,20825,,
,470,22,3,8641,,
,470,239,3,13657,,
,470,241,3,10604,,
,470,257,3,15050,,
,470,274,3,8468,,
,470,280,3,16272,,
,470,283,3,16481,,
,470,295,3,21505,,
,470,296,3,9508,,
,470,334,3,15396,,
,470,370,3,6161,,
,470,383,3,2369,,
,470,50,3,8690,,
,470,7,3,15037,,
,470,87,3,2724,,
,4705,220,3,22658,,
,471,131,3,18917,,
,471,132,3,13562,,
,471,147,3,1802,,
,471,150,3,1807,,
,471,190,3,7415,,
,471,192,3,17425,,
,471,233,3,4699,,
,471,238,3,18338,,
,471,257,3,2954,,
,471,280,3,6318,,
,471,283,3,13413,,
,471,296,3,21210,,
,471,322,3,22872,,
,471,344,3,7658,,
,471,352,3,9939,,
,471,370,3,23192,,
,471,383,3,10322,,
,471,50,3,17852,,
,471,7,3,17114,,
,471,87,3,8561,,
,471,9,3,17389,,
,4714,220,3,17123,,
,472,131,3,5222,,
,472,132,3,15573,,
,472,147,3,19293,,
,472,150,3,21777,,
,472,183,3,3261,E2684C,FFFFFF
,472,190,3,17539,,
,472,192,3,1976,,
,472,233,3,3611,,
,472,257,3,1399,,
,472,283,3,1773,,
,472,296,3,19488,,
,472,344,3,22829,,
,472,352,3,15881,,
,472,370,3,8312,,
,472,383,3,13287,,
,472,50,3,6204,,
,472,7,3,17124,,
,472,87,3,6781,,
,472,9,3,5884,,
,472 RufBus,147,3,21835,,
,473,131,3,19075,,
,473,132,3,19386,,
,473,147,3,22880,,
,473,192,3,22422,,
,473,241,3,3988,,
,473,257,3,2467,,
,473,280,3,9093,,
,473,283,3,17426,,
,473,344,3,3777,,
,473,352,3,8746,,
,473,370,3,9907,,
,473,383,3,16836,,
,473,50,3,7706,,
,473,7,3,9041,,
,473,87,3,5326,,
,473,9,3,275,,
,473 RufBus,147,3,21202,,
,474,131,3,16102,,
,474,132,3,8513,,
,474,147,3,12324,,
,474,183,3,18354,6FBC85,FFFFFF
,474,192,3,18147,,
,474,220,3,9133,,
,474,239,3,6973,,
,474,257,3,17460,,
,474,283,3,21686,,
,474,344,3,20948,,
,474,370,3,20331,,
,474,383,3,17270,,
,474,7,3,772,,
,474,87,3,11162,,
,475,118,3,15648,,
,475,131,3,23126,,
,475,132,3,4355,,
,475,183,3,14815,4C76BA,FFFFFF
,475,192,3,22603,,
,475,214,3,12357,,
,475,239,3,23266,,
,475,257,3,15089,,
,475,280,3,8504,,
,475,283,3,8279,,
,475,365,3,5625,,
,475,370,3,12952,,
,475,383,3,10628,,
,475,50,3,13473,,
,475,7,3,11432,,
,475,87,3,2173,,
,4750,220,3,1612,,
,476,118,3,20435,,
,476,132,3,8298,,
,476,147,3,12443,,
,476,150,3,23021,,
,476,20,3,17914,73D700,FFFFFF
,476,220,3,22584,,
,476,239,3,18150,,
,476,257,3,21995,,
,476,283,3,12797,,
,476,370,3,7459,,
,476,383,3,13305,,
,476,87,3,22714,,
,476,9,3,17864,,
,477,118,3,11468,,
,477,147,3,2804,,
,477,150,3,13408,,
,477,239,3,5310,,
,477,257,3,14463,,
,477,274,3,9096,,
,477,283,3,9573,,
,477,34,3,7873,,
,477,383,3,11676,,
,477,50,3,17174,,
,477,78,3,8280,,
,477,87,3,22038,,
,477,9,3,13353,,
,478,118,3,2850,,
,478,132,3,19759,,
,478,147,3,11339,,
,478,192,3,16158,,
,478,220,3,3798,,
,478,239,3,8979,,
,478,257,3,17403,,
,478,327,3,17533,,
,478,87,3,22008,,
,479,131,3,12609,,
,479,132,3,8185,,
,479,147,3,15190,,
,479,150,3,2316,,
,479,192,3,18383,,
,479,239,3,2317,,
,479,257,3,21281,,
,479,87,3,9837,,
,479,9,3,9341,,
,47E,35,3,14627,,
,47V,35,3,10272,,
,48,111,3,2195,,
,48,132,3,20507,,
,48,176,3,12358,,
,48,192,3,16198,,
,48,194,3,12584,,
,48,198,3,16644,,
,48,235,3,14770,,
,48,249,3,5858,,
,48,250,3,15672,,
,48,252,3,6820,,
,48,257,3,9868,,
,48,258,3,14652,,
,48,267,3,8837,,
,48,275,3,17144,,
,48,284,3,1949,,
,48,308,3,1764,C2C65E,
,48,334,3,23631,,
,48,342,3,57,,
,48,35,3,11340,,
,48,354,3,5986,,
,48,361,3,23100,,
,48,66,3,22773,,
,48,7,3,15051,,
,48,93,3,13333,,
,480,132,3,2404,,
,480,150,3,19551,,
,480,192,3,14894,,
,480,22,3,4986,,
,480,233,3,12496,,
,480,238,3,10399,,
,480,274,3,7866,,
,480,283,3,15405,,
,480,295,3,1124,,
,480,370,3,18966,,
,480,50,3,11726,,
,480,7,3,3468,,
,480,87,3,17958,,
,480,9,3,1708,,
,480 RufBus,147,3,12170,,
,4800,239,3,17992,,
,4801,220,3,23215,,
,481,131,3,21880,,
,481,144,3,5411,,
,481,192,3,16530,,
,481,238,3,8861,,
,481,239,3,6451,,
,481,257,3,9612,8A1478,FFFFFF
,481,274,3,1668,,
,481,283,3,3290,,
,481,355,3,7976,,
,481,370,3,9624,,
,481,50,3,1509,,
,481,7,3,16869,,
,481,87,3,10055,,
,481,9,3,22345,,
,481 RufBus,147,3,16560,,
,482,131,3,7652,,
,482,192,3,23761,,
,482,238,3,2639,,
,482,239,3,19128,,
,482,257,3,13288,,
,482,274,3,21938,,
,482,283,3,20692,,
,482,344,3,3569,,
,482,370,3,13210,,
,482,50,3,3866,,
,482,7,3,7368,,
,482,87,3,3989,,
,482,9,3,19466,,
,482 RufBus,147,3,14095,,
,483,192,3,694,,
,483,214,3,14981,,
,483,252,3,20668,,
,483,257,3,17050,,
,483,274,3,11291,,
,483,28,3,7696,,
,483,344,3,23406,,
,483,355,3,8162,,
,483,370,3,4599,,
,483,7,3,4688,,
,483,87,3,8219,,
,483 RufBus,147,3,18110,,
,484,131,3,16646,,
,484,192,3,1293,,
,484,252,3,8803,,
,484,257,3,1460,,
,484,274,3,5806,,
,484,344,3,16833,,
,484,355,3,4391,,
,484,370,3,13924,,
,484,50,3,20338,,
,484,7,3,9762,,
,484,87,3,2283,,
,484 RufBus,147,3,4000,,
,485,192,3,17223,,
,485,20,3,3960,73D700,FFFFFF
,485,274,3,7062,,
,485,344,3,11727,,
,485,370,3,3966,,
,485,87,3,11209,,
,485 RufBus,147,3,7697,,
,486,131,3,6065,,
,486,150,3,12439,,
,486,192,3,14402,,
,486,20,3,14700,73D700,FFFFFF
,486,344,3,5637,,
,486,87,3,20560,,
,486,9,3,16423,,
,486 RufBus,147,3,10778,,
,4860,220,3,11961,,
,487,192,3,2421,,
,487,274,3,17330,,
,487,344,3,22795,,
,487,352,3,20927,,
,487,370,3,13368,,
,487,87,3,9020,,
,487 RufBus,147,3,7016,,
,4870,220,3,11856,,
,488,192,3,14996,,
,488,220,3,8103,,
,488,239,3,8894,,
,488,344,3,6529,,
,488,50,3,966,,
,488,78,3,22943,,
,488 RufBus,147,3,5678,,
,4887,220,3,3518,,
,4888,220,3,23278,,
,4889,220,3,19037,,
,489,192,3,2218,,
,489,220,3,9474,,
,489,239,3,11400,,
,489,344,3,1950,,
,489,352,3,7399,,
,489,370,3,17260,,
,489,50,3,5773,,
,489 RufBus,147,3,11852,,
,48ALT,35,3,12578,,
,49,132,3,21590,,
,49,173,3,10239,,
,49,176,3,404,,
,49,235,3,11017,,
,49,249,3,5574,,
,49,250,3,20273,ADB9A6,
,49,257,3,7431,,
,49,258,3,19767,,
,49,276,3,9232,,
,49,284,3,4506,,
,49,352,3,7755,,
,49,354,3,2355,,
,49,361,3,6026,,
,49,61,3,10342,,
,49,93,3,152,,
,49,95,3,15333,,
,49 City-Bus,275,3,6639,,
,490,13,3,7294,,
,490,150,3,14070,,
,490,176,3,6185,,
,490,183,3,3133,,
,490,22,3,20310,,
,490,239,3,8691,,
,490,257,3,160,,
,490,283,3,9811,,
,490,295,3,1900,,
,490,327,3,12444,,
,490,344,3,824,,
,490,352,3,15597,,
,490,50,3,21581,,
,490,7,3,13172,,
,490,87,3,2726,,
,490 RufBus,147,3,19649,,
,4900,239,3,8825,,
,490E,327,3,7779,,
,491,131,3,2147,,
,491,144,3,23694,,
,491,173,3,2325,,
,491,183,3,10716,8BADDC,FFFFFF
,491,20,3,12367,73D700,FFFFFF
,491,233,3,15658,,
,491,239,3,6354,,
,491,257,3,5672,,
,491,327,3,21060,,
,491,344,3,7726,,
,491,370,3,18298,,
,491,7,3,9417,,
,491,87,3,30,,
,491 RufBus,147,3,8607,,
,4910,344,3,2742,,
,4911,344,3,6110,,
,4912,344,3,17505,,
,4913,344,3,14575,,
,4914,344,3,10286,,
,4915,344,3,16010,,
,4916,344,3,6906,,
,4917,344,3,10232,,
,4918,344,3,17177,,
,492,183,3,15492,B90276,FFFFFF
,492,20,3,9294,73D700,FFFFFF
,492,22,3,3990,,
,492,220,3,5211,,
,492,233,3,22907,,
,492,239,3,17980,,
,492,274,3,14332,,
,492,327,3,3443,,
,492,344,3,11769,,
,492,352,3,3584,,
,492,50,3,10758,,
,492,7,3,9087,,
,492,87,3,7767,,
,492 RuBus,147,3,22819,,
,4920,344,3,9447,,
,4921,344,3,11914,,
,4922,344,3,21385,,
,4923,344,3,14605,,
,4924,344,3,17440,,
,4925,344,3,3754,,
,4927,344,3,4169,,
,4928,344,3,14305,,
,493,183,3,22039,F3953F,FFFFFF
,493,192,3,20128,,
,493,220,3,8108,,
,493,239,3,4458,,
,493,257,3,22965,,
,493,327,3,11540,,
,493,352,3,18676,,
,493,7,3,7474,,
,493,87,3,13982,,
,493 RufBus,147,3,12601,,
,494,131,3,7934,,
,494,183,3,16076,009640,FFFFFF
,494,192,3,1474,,
,494,220,3,19562,,
,494,239,3,345,,
,494,241,3,19599,,
,494,327,3,23746,,
,494,352,3,17278,,
,494,370,3,22892,,
,494,50,3,12059,,
,494,7,3,5266,,
,494,87,3,2600,,
,494 RufBus,147,3,3799,,
,495,183,3,5246,009640,FFFFFF
,495,239,3,13149,,
,495,241,3,13591,,
,495,327,3,4652,,
,495,370,3,19232,,
,495,50,3,14644,,
,495 RufBus,147,3,16727,,
,4958,344,3,10166,,
,4959,344,3,5513,,
,496,239,3,21154,,
,496,241,3,14928,,
,496,370,3,3981,,
,496 RufBus,147,3,6668,,
,4961,344,3,4855,,
,4964,344,3,23033,,
,4965,344,3,11957,,
,4966,344,3,4451,,
,4967,344,3,19500,,
,4968,344,3,16462,,
,4969,344,3,2581,,
,497,131,3,11972,,
,497,239,3,4794,,
,497,344,3,331,,
,497,352,3,15603,,
,497,370,3,4955,,
,497 RufBus,147,3,4445,,
,4970,344,3,10124,,
,4971,344,3,7550,,
,4972,344,3,5774,,
,4973,344,3,2651,,
,498,239,3,9134,,
,498,257,3,5061,,
,498,344,3,15229,,
,498 RufBus,147,3,4600,,
,4980,344,3,15836,,
,4987,344,3,21343,,
,4988,344,3,6368,,
,499,344,3,17479,,
,499,352,3,259,,
,499,370,3,7167,,
,4998,344,3,420,,
,4A,361,3,13491,,
,4A,56,3,7025,,
,4AE,361,3,4315,,
,4ALFA,91,3,1724,,
,4E,173,3,529,,
,4E,361,3,9072,,
,4E,6,0,15756,,
,4N,342,3,9696,,
,4S,6,0,5638,,
,4a,71,3,5987,,
,4b,71,3,19113,,
,5,104,3,15176,,
,5,105,0,12221,,
,5,11,3,11770,,
,5,111,3,17519,,
,5,117,3,12052,,
,5,121,3,20604,,
,5,125,3,9749,,
,5,129,3,10822,,
,5,132,3,15244,,
,5,137,3,20384,,
,5,14,3,19294,,
,5,141,0,21098,,
,5,142,3,19161,,
,5,147,3,14895,,
,5,149,3,11236,,
,5,158,0,5781,,
,5,16,3,15758,,
,5,161,3,22060,,
,5,173,3,14980,,
,5,181,0,17917,,
,5,187,3,10387,,
,5,192,3,17188,,
,5,196,0,13334,,
,5,201,3,21687,,
,5,22,1,17202,,
,5,220,3,13732,,
,5,226,3,6605,,
,5,229,3,18465,,
,5,233,0,17243,,
,5,235,3,21612,,
,5,238,0,15810,,
,5,244,3,1206,,
,5,249,3,15822,,
,5,250,0,1957,,
,5,257,3,7610,,
,5,258,3,14816,,
,5,260,0,7006,008436,FFFFFF
,5,267,3,20414,,
,5,272,3,15493,,
,5,274,3,21517,,
,5,278,3,3362,,
,5,279,3,23662,,
,5,280,3,9250,,
,5,281,3,9435,,
,5,286,3,15515,,
,5,287,3,4294,,
,5,288,3,15514,,
,5,299,3,18563,,
,5,308,0,15368,E3791C,FFFFFF
,5,315,3,5913,,
,5,322,3,16531,,
,5,329,3,16548,,
,5,334,3,7992,,
,5,335,0,18571,,
,5,336,3,15074,,
,5,347,3,18620,,
,5,35,3,841,,
,5,352,0,13182,,
,5,354,3,6608,,
,5,356,3,1510,,
,5,361,3,6351,,
,5,370,3,8139,,
,5,373,3,4433,,
,5,375,0,18772,,
,5,375,3,21023,,
,5,379,3,7313,,
,5,39,3,7725,,
,5,42,3,6253,,
,5,46,3,11197,,
,5,49,3,19209,,
,5,56,3,6889,,
,5,6,0,3127,,
,5,61,0,2313,,
,5,80,3,20339,,
,5,9,3,10392,,
,5,91,3,5043,,
,5,93,3,22925,,
,5,95,0,14887,,
,5,95,3,14817,,
,5 (Hoyerswerda),118,3,5401,,
,5 A,59,3,9600,,
,5 B,59,3,227,,
,5 SEV,233,3,11182,,
,5 b,93,3,17091,,
,5/43,286,3,4008,,
,50,104,3,19381,,
,50,109,3,16349,,
,50,129,3,4159,,
,50,139,3,8448,,
,50,16,3,3366,,
,50,173,3,1496,,
,50,194,3,18412,,
,50,198,3,19994,,
,50,235,3,20053,,
,50,252,3,61,,
,50,257,3,9142,,
,50,267,3,23597,,
,50,275,3,11974,,
,50,277,3,22282,,
,50,280,3,6747,,
,50,303,3,2572,,
,50,335,3,22246,,
,50,344,0,6233,,
,50,349,3,7721,,
,50,35,3,7349,,
,50,354,3,9689,,
,50,356,3,13398,,
,50,361,3,10045,,
,50,369,3,1011,,
,50,384,0,10976,,
,50,39,3,23094,,
,50,41,3,11172,,
,50,46,3,10720,,
,50,58,3,17033,,
,50,61,3,12503,,
,50,78,3,3946,,
,50,95,3,14528,,
,50/S,147,3,944,,
,500,118,3,6100,,
,500,129,3,12428,,
,500,132,3,5655,,
,500,190,3,7975,,
,500,213,3,12868,,
,500,22,3,12066,,
,500,223,3,556,,
,500,238,3,16988,,
,500,257,3,6541,,
,500,274,3,14161,,
,500,281,3,17883,,
,500,299,3,868,,
,500,3,3,19703,,
,500,334,3,21498,,
,500,344,3,5737,,
,500,354,3,11214,,
,500,378,3,14111,,
,500,379,3,23805,,
,500,383,3,8109,,
,500,42,3,11266,,
,500,91,3,12898,,
,500,95,3,4575,,
,5001,220,3,17092,,
,5002,220,3,8304,,
,5003,220,3,4286,,
,5004,220,3,3060,,
,5005,220,3,20988,,
,5007,220,3,2229,,
,5008,220,3,17819,,
,5009,220,3,394,,
,501,117,3,9516,,
,501,118,3,14215,,
,501,129,3,13946,,
,501,131,3,14314,,
,501,132,3,23251,,
,501,181,3,13599,,
,501,190,3,2871,,
,501,192,3,3659,,
,501,238,3,2940,,
,501,239,3,6291,,
,501,252,3,14250,,
,501,257,3,15073,,
,501,269,3,12471,,
,501,274,3,20878,,
,501,286,3,18129,,
,501,299,3,5881,,
,501,3,3,2468,,
,501,340,3,3402,,
,501,344,3,15308,,
,501,354,3,4965,,
,501,368,3,10661,,
,501,378,3,4804,,
,501,379,3,8834,,
,501,69,3,7416,,
,501,78,3,15483,,
,501,91,3,17622,,
,501,95,3,13538,,
,5010,239,3,3792,,
,5011,220,3,7438,,
,5012,220,3,22991,,
,5013,220,3,21665,,
,5015,220,3,1148,,
,5016,220,3,16319,,
,5017,220,3,11105,,
,5019,220,3,16390,,
,501V,239,3,1842,,
,502,117,3,1859,,
,502,129,3,12533,,
,502,131,3,2416,,
,502,132,3,14487,,
,502,17,3,2970,,
,502,181,3,11871,,
,502,190,3,4174,,
,502,192,3,690,,
,502,238,3,2833,,
,502,239,3,436,,
,502,257,3,14568,,
,502,269,3,505,,
,502,274,3,20327,,
,502,286,3,15641,,
,502,299,3,7563,,
,502,344,3,18773,,
,502,354,3,9378,,
,502,368,3,10108,,
,502,378,3,5503,,
,502,379,3,18851,,
,502,383,3,6384,,
,502,78,3,23701,,
,502,91,3,5813,,
,502,95,3,129,,
,5020,220,3,13913,,
,5020,239,3,15582,,
,5021,220,3,22926,,
,5027,220,3,4109,,
,502V,239,3,18320,,
,503,129,3,11583,,
,503,131,3,10261,,
,503,132,3,16009,,
,503,17,3,6655,,
,503,181,3,9279,,
,503,190,3,10217,,
,503,192,3,499,,
,503,232,3,6992,,
,503,238,3,21244,,
,503,257,3,3028,,
,503,269,3,21613,,
,503,274,3,10135,,
,503,299,3,19217,,
,503,344,3,494,,
,503,354,3,3339,,
,503,378,3,23489,,
,503,379,3,8523,,
,503,69,3,8909,,
,503,78,3,19605,,
,503,91,3,6193,,
,503,95,3,13569,,
,504,101,3,21554,,
,504,129,3,3580,,
,504,131,3,3071,,
,504,132,3,1261,,
,504,17,3,10998,,
,504,181,3,216,,
,504,192,3,17940,,
,504,238,3,3671,,
,504,257,3,18476,,
,504,269,3,13858,,
,504,274,3,22458,,
,504,299,3,11762,,
,504,344,3,4722,,
,504,354,3,16269,,
,504,378,3,18333,,
,504,379,3,22542,,
,504,383,3,2877,,
,504,78,3,9747,,
,504,91,3,16041,,
,504,95,0,19063,,
,504,95,3,22176,,
,505,101,3,3502,,
,505,131,3,16493,,
,505,132,3,1173,,
,505,17,3,7930,,
,505,181,3,23496,,
,505,190,3,7361,,
,505,192,3,18542,,
,505,238,3,660,,
,505,239,3,5412,,
,505,257,3,10162,,
,505,274,3,12157,,
,505,3,3,10969,,
,505,344,3,1189,,
,505,354,3,2997,,
,505,379,3,21920,,
,505,91,3,6340,,
,505,95,0,1538,,
,505,95,3,11569,,
,5050,239,3,14658,,
,505ALFA,91,3,2989,,
,505V,239,3,6735,,
,506,101,3,561,,
,506,117,3,17273,,
,506,131,3,9194,,
,506,132,3,20483,,
,506,17,3,17644,,
,506,181,3,3514,,
,506,238,3,13764,,
,506,257,3,122,,
,506,269,3,324,,
,506,274,3,13354,,
,506,3,3,3925,,
,506,344,3,16952,,
,506,354,3,8315,,
,506,379,3,18299,,
,506,383,3,2212,,
,506,91,3,10991,,
,506,95,3,5738,,
,5061,220,3,10196,,
,5062,220,3,12850,,
,5063,220,3,6782,,
,506e,354,3,21773,,
,507,132,3,14131,,
,507,147,3,16069,,
,507,17,3,7935,,
,507,181,3,8225,,
,507,192,3,15948,,
,507,238,3,11240,,
,507,239,3,9697,,
,507,257,3,5533,,
,507,344,3,19350,,
,507,354,3,7262,,
,507,383,3,7705,,
,507,69,3,9088,,
,507,91,3,20078,,
,507,95,3,9593,,
,507 RufBus,147,3,16094,,
,5071,220,3,9898,,
,5072,220,3,23283,,
,5073,220,3,18161,,
,5074,220,3,18380,,
,5075,220,3,23119,,
,508,101,3,12493,,
,508,131,3,2191,,
,508,132,3,8072,,
,508,147,3,6325,,
,508,17,3,2878,,
,508,181,3,17987,,
,508,182,3,305,,
,508,192,3,10662,,
,508,238,3,7955,,
,508,257,3,18507,,
,508,344,3,22030,,
,508,354,3,5802,,
,508,383,3,10023,,
,508,78,3,6223,,
,508,95,3,13088,,
,508 RufBus,147,3,23759,,
,508ALFA,91,3,21029,,
,509,117,3,6048,,
,509,131,3,17710,,
,509,132,3,19351,,
,509,147,3,12527,,
,509,17,3,9448,,
,509,181,3,4536,,
,509,192,3,10580,,
,509,232,3,10109,,
,509,238,3,20152,,
,509,257,3,7497,,
,509,274,3,23328,,
,509,383,3,20554,,
,509,91,3,2829,,
,509,95,3,3954,,
,509 RufBus,147,3,1507,,
,50ALT,35,3,8558,,
,50N,235,3,1843,,
,50S,197,3,18095,,
,50_1,173,3,19192,,
,51,132,3,2251,,
,51,16,3,20026,,
,51,173,3,20887,,
,51,194,3,5598,,
,51,197,3,5112,,
,51,198,3,10913,,
,51,232,3,11365,,
,51,235,3,12281,,
,51,250,3,6522,,
,51,257,3,14848,,
,51,260,3,14173,3D3776,FFFFFF
,51,267,3,21756,,
,51,275,3,3495,,
,51,277,3,10258,,
,51,286,3,22392,,
,51,303,3,19976,,
,51,314,0,20358,,
,51,334,3,18177,,
,51,335,3,10329,,
,51,344,0,20109,,
,51,35,3,14200,,
,51,352,3,14344,,
,51,354,3,10636,,
,51,356,3,15442,,
,51,370,3,4582,,
,51,39,3,23378,,
,51,41,3,18073,,
,51,58,3,8587,,
,51,61,3,21610,,
,51,80,3,19015,,
,51,93,3,10845,,
,51,95,3,4095,,
,51/S,147,3,9698,,
,510,102,3,2830,,
,510,124,3,11330,,
,510,129,3,19364,,
,510,131,3,9509,,
,510,132,3,13850,,
,510,17,3,17679,,
,510,181,3,13277,,
,510,190,3,20818,,
,510,213,3,14144,,
,510,22,3,15751,,
,510,238,3,20737,,
,510,257,3,1601,,
,510,280,3,16525,,
,510,296,3,1701,,
,510,299,3,23695,,
,510,3,3,6037,,
,510,32,3,4744,,
,510,334,3,18017,,
,510,344,3,10992,,
,510,354,3,8276,,
,510,378,3,22543,,
,510,383,3,22659,,
,510,9,3,10596,,
,510,91,3,20064,,
,510,95,3,20680,,
,5100,220,3,3487,,
,5102,220,3,1572,,
,5103,220,3,17650,,
,5104,220,3,7369,,
,511,101,3,18747,,
,511,114,3,7956,,
,511,117,3,1640,,
,511,129,3,6767,,
,511,131,3,7447,,
,511,132,3,10038,,
,511,181,3,11895,,
,511,192,3,9101,,
,511,233,3,14296,,
,511,238,3,17789,,
,511,239,3,5231,,
,511,252,3,238,,
,511,257,3,13036,,
,511,344,3,5085,,
,511,354,3,112,,
,511,365,3,20098,,
,511,378,3,5580,,
,511,381,3,7736,,
,511,383,3,4729,,
,511,9,3,6404,,
,511,91,3,707,,
,5110,220,3,883,,
,5111,220,3,8051,,
,5112,220,3,17604,,
,5114,220,3,2192,,
,511V,239,3,10018,,
,512,101,3,1401,,
,512,114,3,2551,,
,512,118,3,628,,
,512,131,3,19952,,
,512,132,3,5875,,
,512,147,3,15752,,
,512,17,3,10102,,
,512,181,3,19776,,
,512,233,3,7713,,
,512,239,3,4653,,
,512,257,3,20902,,
,512,274,3,10075,,
,512,280,3,14891,,
,512,32,3,4689,,
,512,344,3,5054,,
,512,354,3,1106,,
,512,365,3,17461,,
,512,370,3,9211,,
,512,378,3,5212,,
,512,383,3,18535,,
,512,91,3,19832,,
,512,95,3,22450,,
,512 RufBus,147,3,19777,,
,512401,129,3,375,,
,512402,129,3,7587,,
,512403,129,3,1301,,
,512404,129,3,10262,,
,512406,129,3,5873,,
,512407,129,3,14676,,
,512408,129,3,5708,,
,512409,129,3,23513,,
,512410,129,3,570,,
,512V,239,3,5030,,
,513,101,3,4319,,
,513,129,3,22260,,
,513,132,3,23585,,
,513,147,3,11084,,
,513,17,3,8134,,
,513,181,3,6846,,
,513,238,3,16664,,
,513,239,3,12025,,
,513,257,3,8009,,
,513,274,3,1680,,
,513,305,3,10677,,
,513,32,3,1818,,
,513,365,3,3184,,
,513,370,3,638,,
,513,378,3,13552,,
,513,383,3,23336,,
,513,91,3,39,,
,513,95,3,21812,,
,513 AST,232,3,15007,,
,513 RufBus,147,3,14735,,
,5130,220,3,9205,,
,5131,220,3,2565,,
,513V,239,3,8064,,
,514,101,3,1930,,
,514,129,3,10773,,
,514,131,3,15988,,
,514,132,3,14728,,
,514,147,3,4812,,
,514,17,3,2797,,
,514,181,3,4956,,
,514,238,3,8905,,
,514,257,3,6679,,
,514,274,3,22196,,
,514,32,3,20738,,
,514,344,3,12560,,
,514,365,3,342,,
,514,378,3,15900,,
,514,379,3,10292,,
,514,91,3,20693,,
,514,95,3,21279,,
,514 RufBus,147,3,10815,,
,514ALFA,91,3,6554,,
,515,101,3,20516,,
,515,131,3,1003,,
,515,132,3,17842,,
,515,147,3,12497,,
,515,17,3,21323,,
,515,181,3,21724,,
,515,190,3,18921,,
,515,238,3,15957,,
,515,239,3,14645,,
,515,257,3,12962,,
,515,274,3,12253,,
,515,296,3,3072,,
,515,305,3,13230,,
,515,32,3,7113,,
,515,344,3,21356,,
,515,365,3,23762,,
,515,370,3,13668,,
,515,95,3,123,,
,516,126,3,20084,,
,516,132,3,15861,,
,516,147,3,7023,,
,516,17,3,7443,,
,516,181,3,21499,,
,516,238,3,7626,,
,516,257,3,13692,,
,516,274,3,18286,,
,516,32,3,12359,,
,516,365,3,20129,,
,516,370,3,9343,,
,516,379,3,1376,,
,516,383,3,10046,,
,516,95,3,8121,,
,516 RufBus,147,3,16424,,
,516191,129,3,16270,,
,516a,112,3,14982,,
,516b,112,3,13399,,
,516c,112,3,17095,,
,516d,112,3,14128,,
,517,131,3,1218,,
,517,132,3,10899,,
,517,147,3,744,,
,517,17,3,15958,,
,517,181,3,18910,,
,517,238,3,17213,,
,517,257,3,3145,,
,517,274,3,6982,,
,517,305,3,12417,,
,517,32,3,18413,,
,517,344,3,15889,,
,517,383,3,6416,,
,517 RufBus,147,3,5035,,
,518,114,3,18451,,
,518,131,3,20639,,
,518,132,3,21743,,
,518,147,3,21070,,
,518,17,3,18257,,
,518,181,3,13139,,
,518,238,3,4160,,
,518,257,3,17315,,
,518,32,3,9772,,
,518,344,3,16395,,
,518,383,3,8263,,
,519,131,3,1740,,
,519,17,3,5667,,
,519,181,3,1808,,
,519,257,3,1059,,
,519,32,3,20724,,
,519,379,3,21586,,
,519,383,3,2717,,
,519 RufBus,147,3,23806,,
,51E,35,3,19387,,
,51E,370,3,13044,,
,51S,197,3,19923,,
,51V,35,3,22076,,
,52,104,3,22952,,
,52,132,3,23743,,
,52,16,3,20854,,
,52,173,3,2176,,
,52,176,3,7823,,
,52,194,3,19095,,
,52,197,3,5545,,
,52,198,3,13647,,
,52,232,3,5594,,
,52,235,3,2302,,
,52,249,3,15082,,
,52,250,3,14302,,
,52,252,3,3829,,
,52,257,3,18018,,
,52,260,3,19182,7A2850,FFFFFF
,52,267,3,2383,,
,52,275,3,7780,,
,52,276,3,14606,,
,52,286,3,18860,,
,52,303,3,21059,,
,52,334,3,21389,,
,52,335,3,8739,,
,52,344,0,2685,,
,52,344,3,11126,,
,52,35,3,3350,,
,52,352,3,8429,,
,52,354,3,12528,,
,52,356,3,1758,,
,52,361,3,18,,
,52,369,3,6543,,
,52,370,3,12151,,
,52,375,3,2284,,
,52,39,3,15590,,
,52,41,3,15681,,
,52,58,3,20042,,
,52,6,3,12773,,
,52,61,3,14896,,
,52,78,3,22026,,
,52,80,3,1901,,
,52,95,3,11475,,
,52/S,147,3,6510,,
,520,104,3,7350,,
,520,117,3,17907,,
,520,118,3,10984,,
,520,124,3,3426,,
,520,132,3,23223,,
,520,147,3,2521,,
,520,181,3,4901,,
,520,190,3,12414,,
,520,22,3,4040,,
,520,257,3,14159,,
,520,269,3,17995,,
,520,281,3,6775,,
,520,344,3,1876,,
,520,354,3,732,,
,520,365,3,13366,,
,520,45,3,18686,,
,520,91,3,5451,,
,520,95,3,11054,,
,5200,220,3,19156,,
,5201,220,3,6101,,
,5202,220,3,16372,,
,5203,220,3,7256,,
,520ALFA,91,3,736,,
,521,117,3,14620,,
,521,118,3,18731,,
,521,147,3,11153,,
,521,181,3,22283,,
,521,190,3,13592,,
,521,22,3,188,,
,521,233,3,8920,,
,521,238,3,10966,,
,521,257,3,6182,,
,521,286,3,21211,,
,521,305,3,161,,
,521,32,3,13247,,
,521,344,3,8692,,
,521,352,3,18364,,
,521,354,3,18508,,
,521,370,3,3397,,
,521,45,3,12953,,
,521,69,3,16342,,
,521,91,3,15484,,
,521,95,3,23054,,
,522,117,3,8552,,
,522,118,3,11032,,
,522,181,3,2114,,
,522,22,3,6091,,
,522,233,3,21621,,
,522,238,3,15868,,
,522,239,3,3739,,
,522,257,3,20739,,
,522,286,3,9667,,
,522,305,3,12036,,
,522,32,3,18339,,
,522,344,3,15564,,
,522,370,3,21943,,
,522,45,3,17665,,
,522,69,3,6793,,
,522,91,3,596,,
,522,95,3,19103,,
,522ALFA,91,3,23744,,
,523,117,3,18660,,
,523,153,3,23508,,
,523,181,3,4957,,
,523,192,3,5432,,
,523,22,3,10977,,
,523,233,3,5142,,
,523,239,3,20543,,
,523,245,3,18722,,
,523,257,3,20446,,
,523,305,3,9613,,
,523,344,3,6297,,
,523,370,3,7216,,
,523,381,3,23687,,
,523,69,3,6574,,
,523,95,3,6858,,
,524,117,3,2177,,
,524,153,3,19661,,
,524,181,3,7799,,
,524,192,3,22743,,
,524,220,3,9285,,
,524,238,3,2618,,
,524,239,3,3191,,
,524,245,3,6102,,
,524,32,3,13110,,
,524,344,3,11398,,
,524,370,3,16109,,
,524,379,3,4301,,
,524,45,3,16888,,
,524,69,3,19660,,
,524,95,3,23576,,
,524V,239,3,17493,,
,525,104,3,3789,,
,525,117,3,7627,,
,525,147,3,695,,
,525,153,3,11469,,
,525,181,3,12225,,
,525,192,3,22727,,
,525,238,3,18296,,
,525,239,3,8250,,
,525,245,3,23372,,
,525,257,3,7727,,
,525,32,3,15744,,
,525,344,3,12727,,
,525,370,3,18661,,
,525,379,3,12954,,
,525,45,3,1262,,
,525,69,3,19696,,
,525,91,3,8509,,
,525,95,3,22339,,
,525 RufBus,147,3,3262,,
,5251,220,3,7874,,
,525ALFA,91,3,9480,,
,526,117,3,314,,
,526,132,3,10589,,
,526,147,3,11168,,
,526,153,3,17231,,
,526,239,3,15911,,
,526,245,3,23818,,
,526,257,3,23302,,
,526,344,3,19322,,
,526,352,3,4452,,
,526,370,3,12009,,
,526,379,3,7788,,
,526,45,3,18321,,
,526,69,3,23267,,
,526,91,3,12368,,
,526,95,3,6030,,
,526 RufBus,147,3,23712,,
,526ALFA,91,3,8956,,
,527,181,3,18897,,
,527,220,3,2775,,
,527,239,3,14174,,
,527,305,3,19563,,
,527,32,3,629,,
,527,334,3,17937,,
,527,344,3,20654,,
,527,352,3,8089,,
,527,45,3,8930,,
,527,69,3,10724,,
,527,95,3,22934,,
,527e,45,3,3058,,
,528,117,3,18067,,
,528,147,3,10501,,
,528,239,3,15045,,
,528,257,3,7091,,
,528,305,3,15623,,
,528,32,3,3876,,
,528,334,3,1402,,
,528,370,3,10154,,
,528,69,3,10868,,
,528,95,3,17105,,
,528 RufBus,147,3,14710,,
,529,147,3,6449,,
,529,153,3,11114,,
,529,181,3,13335,,
,529,245,3,2196,,
,529,381,3,15026,,
,529,95,3,20170,,
,529 RufBus,147,3,802,,
,529.1,379,3,7756,,
,529.2,379,3,21889,,
,52A,197,3,7483,,
,52E,370,3,7867,,
,53,104,3,14470,,
,53,176,3,23385,,
,53,194,3,12787,,
,53,197,3,4770,,
,53,198,3,23524,,
,53,233,0,6595,,
,53,235,3,9932,,
,53,249,3,20012,,
,53,250,3,8851,,
,53,252,3,325,,
,53,257,3,2981,,
,53,263,3,3877,,
,53,267,3,7026,,
,53,275,3,23775,,
,53,286,3,14436,,
,53,303,3,10605,,
,53,334,3,10846,,
,53,344,0,12378,,
,53,35,3,14966,,
,53,352,3,6756,,
,53,354,3,6284,,
,53,356,3,14456,,
,53,358,3,4640,,
,53,361,3,5197,,
,53,369,3,94,,
,53,375,3,15384,,
,53,41,3,13341,,
,53,58,3,10061,,
,53,61,3,17279,,
,53,78,3,2478,,
,53,80,3,16022,,
,53,95,3,13976,,
,53/S,147,3,16886,,
,530,117,3,20406,,
,530,118,3,9332,,
,530,132,3,19382,,
,530,147,3,10914,,
,530,181,3,13204,,
,530,190,3,9066,,
,530,22,3,18118,,
,530,220,3,21622,,
,530,238,3,6869,,
,530,257,3,11899,,
,530,274,3,23260,,
,530,280,3,10680,,
,530,322,3,23295,006651,FFFFFF
,530,334,3,9342,,
,530,344,3,12016,,
,530,370,3,6138,,
,530,7,3,18762,,
,530,91,3,20311,,
,530,95,3,21570,,
,5300,220,3,1650,,
,5301,220,3,16622,,
,5301,299,3,22747,,
,5302,220,3,6862,,
,5303,220,3,10181,,
,530ALFA,91,3,6494,,
,531,101,3,8367,,
,531,104,3,20180,,
,531,117,3,14550,,
,531,118,3,17106,,
,531,131,3,19210,,
,531,147,3,16540,,
,531,181,3,20159,,
,531,192,3,12802,,
,531,20,3,604,73D700,FFFFFF
,531,238,3,23559,,
,531,239,3,19480,,
,531,274,3,16458,,
,531,305,3,2158,,
,531,334,3,13784,,
,531,344,3,12044,,
,531,370,3,14892,,
,531,78,3,18396,,
,531,91,3,22647,,
,531,95,3,7840,,
,531 RufBus,147,3,19030,,
,5315,220,3,20099,,
,531A,78,3,7747,,
,531ALFA,91,3,17452,,
,532,101,3,8921,,
,532,104,3,16396,,
,532,118,3,11408,,
,532,147,3,3779,,
,532,181,3,13616,,
,532,192,3,6499,,
,532,22,3,18193,,
,532,239,3,4413,,
,532,274,3,21789,,
,532,344,3,2197,,
,532,370,3,11963,,
,532,78,3,17283,,
,532,91,3,22120,,
,532,95,3,13699,,
,532 RufBus,147,3,20640,,
,532A,78,3,7110,,
,532ALFA,91,3,13163,,
,533,101,3,13730,,
,533,104,3,23482,,
,533,117,3,6596,,
,533,118,3,21187,,
,533,147,3,15501,,
,533,181,3,18138,,
,533,192,3,11362,,
,533,220,3,3382,,
,533,239,3,199,,
,533,274,3,228,,
,533,78,3,13576,,
,533,91,3,14354,,
,533,95,3,9243,,
,533 RufBus,147,3,12818,,
,533A,78,3,12554,,
,533ALFA,91,3,12511,,
,534,118,3,755,,
,534,147,3,10941,,
,534,181,3,3115,,
,534,22,3,13765,,
,534,220,3,1735,,
,534,239,3,6066,,
,534,274,3,7363,,
,534,305,3,6578,,
,534,32,3,12803,,
,534,334,3,19047,,
,534,344,3,6688,,
,534,45,3,23538,,
,534,78,3,16834,,
,534,91,3,21185,,
,534 RufBus,147,3,7014,,
,5345,299,3,13037,,
,534A,78,3,14621,,
,535,101,3,1539,,
,535,118,3,8096,,
,535,147,3,2718,,
,535,181,3,13067,,
,535,220,3,14369,,
,535,239,3,12485,,
,535,274,3,4271,,
,535,305,3,243,,
,535,32,3,18089,,
,535,344,3,16637,,
,535,370,3,19204,,
,535,78,3,6016,,
,535,91,3,9497,,
,535 RufBus,147,3,10688,,
,5353,220,3,2663,,
,535ALFA,91,3,21500,,
,536,118,3,7460,,
,536,147,3,17338,,
,536,181,3,6776,,
,536,220,3,18595,,
,536,239,3,8489,,
,536,274,3,22438,,
,536,305,3,11317,,
,536,45,3,14444,,
,536,78,3,14372,,
,536,95,3,21172,,
,536 RufBus,147,3,20294,,
,5361,220,3,19898,,
,5362,220,3,22922,,
,536A,78,3,17601,,
,537,147,3,12864,,
,537,220,3,8553,,
,537,239,3,2126,,
,537,305,3,432,,
,537,32,3,4133,,
,537,344,3,12575,,
,537,95,3,1021,,
,537 RufBus,147,3,22805,,
,538,101,3,23238,,
,538,147,3,14675,,
,538,239,3,3435,,
,538,274,3,16058,,
,538,32,3,12041,,
,538,327,3,3778,,
,538,344,3,4400,,
,538 RufBus,147,3,12699,,
,539,101,3,1774,,
,539,147,3,22831,,
,539,181,3,2,,
,539,220,3,19582,,
,539,239,3,23373,,
,539,274,3,19778,,
,539,32,3,8790,,
,539,327,3,6463,,
,539,344,3,5960,,
,539,370,3,14594,,
,539 RufBus,147,3,1142,,
,539V,239,3,14306,,
,53A,197,3,23626,,
,53N,361,3,11860,,
,53S,197,3,5560,,
,54,132,3,13516,,
,54,194,3,20320,,
,54,197,3,22531,,
,54,198,3,16679,,
,54,232,3,19769,,
,54,233,0,16245,,
,54,235,3,1926,,
,54,249,3,17662,,
,54,250,3,3503,,
,54,252,3,14677,,
,54,257,3,7051,,
,54,263,3,582,,
,54,267,3,15322,,
,54,275,3,19691,,
,54,281,3,21944,,
,54,303,3,20941,,
,54,314,0,4394,,
,54,334,3,23038,,
,54,344,3,13658,,
,54,35,3,16490,,
,54,354,3,16254,,
,54,369,3,13876,,
,54,370,3,22516,,
,54,39,3,17072,,
,54,41,3,1138,,
,54,58,3,3660,,
,54,61,3,16742,,
,54,78,3,20009,,
,540,104,3,5709,,
,540,117,3,20717,,
,540,147,3,5185,,
,540,181,3,21817,,
,540,22,3,18662,,
,540,220,3,15003,,
,540,245,3,18775,,
,540,257,3,11127,,
,540,269,3,19736,,
,540,271,3,13523,,
,540,274,3,11483,,
,540,32,3,6216,,
,540,344,3,15472,,
,540,370,3,15423,,
,540,91,3,3458,,
,540,95,3,19681,,
,5402,220,3,15364,,
,5403,220,3,17790,,
,5403,239,3,15385,,
,5404,220,3,16571,,
,5405,220,3,4316,,
,540ALFA,91,3,16166,,
,541,104,3,4533,,
,541,132,3,10847,,
,541,147,3,2552,,
,541,181,3,13217,,
,541,245,3,17135,,
,541,257,3,8073,,
,541,271,3,1795,,
,541,274,3,4556,,
,541,305,3,16306,,
,541,32,3,11541,,
,541,344,3,17605,,
,541,78,3,19748,,
,541,91,3,7691,,
,541,95,3,20760,,
,541 RufBus,147,3,7529,,
,541ALFA,91,3,17503,,
,541F,239,3,20843,,
,541H,239,3,23249,,
,541S,239,3,22502,,
,542,104,3,19895,,
,542,117,3,12308,,
,542,132,3,16316,,
,542,147,3,13316,,
,542,153,3,4730,,
,542,181,3,10136,,
,542,192,3,15221,,
,542,239,3,1400,,
,542,245,3,8627,,
,542,257,3,13829,,
,542,271,3,16870,,
,542,274,3,13164,,
,542,305,3,23324,,
,542,32,3,23571,,
,542,370,3,15707,,
,542,45,3,10585,,
,542,78,3,13376,,
,542,91,3,21822,,
,542,95,3,9154,,
,542 RufBus,147,3,12074,,
,543,101,3,18258,,
,543,117,3,14814,,
,543,132,3,2959,,
,543,147,3,14034,,
,543,181,3,19086,,
,543,192,3,14142,,
,543,220,3,16837,,
,543,239,3,3263,,
,543,257,3,22473,,
,543,271,3,10216,,
,543,274,3,803,,
,543,305,3,22737,,
,543,32,3,22015,,
,543,344,3,15936,,
,543,91,3,12466,,
,543,95,3,7868,,
,543 RufBus,147,3,13660,,
,543ALFA,91,3,11796,,
,544,101,3,18250,,
,544,132,3,14063,,
,544,147,3,20606,,
,544,181,3,13474,,
,544,192,3,141,,
,544,245,3,15854,,
,544,257,3,3012,,
,544,274,3,13788,,
,544,327,3,23586,,
,544,344,3,14216,,
,544,370,3,562,,
,544,45,3,22222,,
,544,78,3,19438,,
,544,91,3,10176,,
,544,95,3,16993,,
,544ALFA,91,3,19987,,
,545,104,3,11169,,
,545,132,3,20899,,
,545,147,3,14929,,
,545,153,3,8914,,
,545,181,3,7510,,
,545,192,3,16229,,
,545,239,3,16271,,
,545,245,3,956,,
,545,271,3,16407,,
,545,274,3,5728,,
,545,299,3,3953,,
,545,32,3,5295,,
,545,344,3,20630,,
,545,370,3,2269,,
,545,379,3,3331,,
,545,72,3,23514,,
,545,91,3,1884,,
,545,95,3,6506,,
,545 RufBus,147,3,8405,,
,545ALFA,91,3,6450,,
,546,101,3,4750,,
,546,104,3,1894,,
,546,132,3,12309,,
,546,147,3,21656,,
,546,153,3,6078,,
,546,181,3,14133,,
,546,192,3,4683,,
,546,239,3,9263,,
,546,245,3,12388,,
,546,257,3,22201,,
,546,271,3,19614,,
,546,274,3,17586,,
,546,305,3,14632,,
,546,344,3,5729,,
,546,370,3,18151,,
,546,45,3,12325,,
,546,72,3,21874,,
,546,95,3,22900,,
,546 RufBus,147,3,1717,,
,547,132,3,7101,,
,547,181,3,16036,,
,547,192,3,11318,,
,547,239,3,12083,,
,547,245,3,6069,,
,547,257,3,22177,,
,547,305,3,7891,,
,547,344,3,15180,,
,547,69,3,23604,,
,547,72,3,1511,,
,547,95,3,4579,,
,548,101,3,8012,,
,548,132,3,1895,,
,548,153,3,1117,,
,548,181,3,14427,,
,548,192,3,11220,,
,548,220,3,15462,,
,548,239,3,10152,,
,548,245,3,11099,,
,548,257,3,20211,,
,548,271,3,12323,,
,548,274,3,7295,,
,548,305,3,12567,,
,548,344,3,2847,,
,548,370,3,11391,,
,548,95,3,1814,,
,549,132,3,22568,,
,549,153,3,23063,,
,549,181,3,530,,
,549,239,3,9658,,
,549,245,3,16689,,
,549,271,3,20517,,
,549,274,3,19642,,
,549,344,3,12274,,
,549,370,3,16586,,
,549 RufBus,147,3,6234,,
,54ALT,35,3,22708,,
,54V,35,3,14391,,
,55,104,3,21360,,
,55,194,3,8966,,
,55,232,3,14471,,
,55,235,3,23789,,
,55,249,3,21047,,
,55,252,3,22483,,
,55,257,3,2490,,
,55,263,3,17820,,
,55,267,3,13852,,
,55,275,3,8165,,
,55,281,3,17026,,
,55,303,3,13183,,
,55,334,3,21798,,
,55,335,3,13482,,
,55,344,3,10823,,
,55,35,3,13901,,
,55,354,3,18049,,
,55,356,3,21595,,
,55,361,3,2213,,
,55,369,3,20010,,
,55,370,3,7814,,
,55,382,3,10606,,
,55,42,3,22636,,
,55,58,3,2943,,
,55,6,3,7993,,
,55,61,3,3201,,
,55,80,3,8642,,
,55,95,3,17615,,
,55/S,147,3,14380,,
,550,132,3,15447,,
,550,153,3,7335,,
,550,181,3,10487,,
,550,213,3,12816,,
,550,219,3,133,,
,550,220,3,3324,,
,550,245,3,17019,,
,550,257,3,4946,,
,550,271,3,15527,,
,550,274,3,1284,,
,550,299,3,514,,
,550,305,3,12021,,
,550,344,3,10665,,
,550,381,3,8500,,
,550,45,3,8494,,
,550,95,3,2648,,
,5500,220,3,19682,,
,5501,220,3,19779,,
,5502,220,3,12084,,
,5503,220,3,23323,,
,5507,220,3,15409,,
,551,144,3,20244,,
,551,147,3,7485,,
,551,153,3,7068,,
,551,181,3,2134,,
,551,219,3,15243,,
,551,220,3,18937,,
,551,233,3,750,,
,551,245,3,3994,,
,551,271,3,18831,,
,551,274,3,12360,,
,551,305,3,19632,,
,551,381,3,16623,,
,551,45,3,20712,,
,551,69,3,20242,,
,551,78,3,23497,,
,551 RufBus,147,3,6452,,
,5510,117,3,23329,,
,5511,117,3,21501,,
,5512,117,3,18809,,
,5513,117,3,16283,,
,5515,117,3,16417,,
,5516,117,3,16651,,
,551A,78,3,22139,,
,552,181,3,715,,
,552,192,3,9851,,
,552,219,3,4102,,
,552,233,3,3937,,
,552,269,3,10549,,
,552,271,3,916,,
,552,274,3,17494,,
,552,344,3,7179,,
,552,370,3,15800,,
,552,381,3,14155,,
,552,45,3,5820,,
,552,69,3,9050,,
,552,8,3,961,,
,5520,117,3,5288,,
,553,117,3,14711,,
,553,147,3,21159,,
,553,153,3,5514,,
,553,181,3,19365,,
,553,192,3,6279,,
,553,219,3,14880,,
,553,233,3,15027,,
,553,239,3,13272,,
,553,245,3,18728,,
,553,271,3,13844,,
,553,274,3,16639,,
,553,305,3,19606,,
,553,344,3,18365,,
,553,381,3,19206,,
,553,45,3,821,,
,553,69,3,11421,,
,553 RufBus,147,3,22916,,
,554,117,3,23435,,
,554,181,3,13296,,
,554,192,3,922,,
,554,219,3,20415,,
,554,220,3,14893,,
,554,233,3,13475,,
,554,245,3,7911,,
,554,271,3,15235,,
,554,274,3,13733,,
,554,305,3,23231,,
,554,344,3,17884,,
,554,381,3,2672,,
,554,72,3,17512,,
,554,78,3,4264,,
,554A,78,3,16794,,
,555,111,3,16616,,
,555,132,3,5372,,
,555,147,3,15670,,
,555,153,3,13794,,
,555,192,3,23105,,
,555,219,3,217,,
,555,233,3,22522,,
,555,239,3,22016,,
,555,245,3,12700,,
,555,269,3,16657,,
,555,274,3,10521,,
,555,305,3,18297,,
,555,344,3,17085,,
,555,381,3,3332,,
,555,72,3,17059,60B239,FFFFFF
,555,95,3,22648,,
,556,101,3,15850,,
,556,181,3,247,,
,556,213,3,22722,,
,556,219,3,253,,
,556,271,3,7461,,
,556,274,3,1145,,
,556,299,3,22302,,
,556,305,3,14494,,
,556,344,3,21736,,
,556,381,3,19319,,
,556,78,3,15962,,
,556,95,3,21489,,
,557,101,3,3574,,
,557,132,3,4218,,
,557,181,3,7809,,
,557,192,3,23131,,
,557,219,3,7508,,
,557,239,3,5660,,
,557,271,3,16286,,
,557,344,3,175,,
,557,38,3,13563,,
,557,381,3,2314,,
,557,95,3,421,,
,558,114,3,22295,,
,558,132,3,20117,,
,558,181,3,21222,,
,558,219,3,10793,,
,558,239,3,19227,,
,558,271,3,23245,,
,558,274,3,20355,,
,558,334,3,22263,,
,558,344,3,18164,,
,558,370,3,12045,,
,558,381,3,2346,,
,558,45,3,2051,,
,558,69,3,17938,,
,558,72,3,17325,,
,558,78,3,17504,,
,558,95,3,18821,,
,559,132,3,3782,,
,559,181,3,13653,,
,559,219,3,17728,,
,559,239,3,11378,,
,559,274,3,9424,,
,559,334,3,1285,,
,559,344,3,9933,,
,559,381,3,218,,
,559,78,3,14184,,
,55ALT,35,3,22642,,
,55B,361,3,16199,,
,55S,197,3,1958,,
,55V,35,3,18165,,
,56,132,3,7994,,
,56,194,3,4141,,
,56,197,3,22908,,
,56,198,3,15236,,
,56,232,3,18061,,
,56,235,3,16463,,
,56,249,3,11594,,
,56,250,3,9859,,
,56,252,3,2011,,
,56,257,3,1766,,
,56,263,3,1877,,
,56,275,3,6716,,
,56,278,3,7944,,
,56,303,3,7959,,
,56,314,0,17156,,
,56,334,3,3240,,
,56,344,3,23330,,
,56,352,3,23190,,
,56,354,3,5490,,
,56,356,3,13140,,
,56,361,3,20984,,
,56,369,3,22660,,
,56,370,3,12515,,
,56,382,3,15627,,
,56,42,3,3374,,
,56,58,3,17799,,
,56,61,3,3120,,
,56,78,3,9226,,
,56,93,3,15013,,
,56/S,147,3,21379,,
,560,101,3,6347,,
,560,147,3,20013,,
,560,181,3,22154,,
,560,219,3,13838,,
,560,22,3,15574,,
,560,233,3,22465,,
,560,238,3,10561,,
,560,257,3,6669,,
,560,271,3,7616,,
,560,274,3,12920,,
,560,280,3,14171,,
,560,381,3,7904,,
,560,45,3,12110,,
,560,78,3,23224,,
,560,95,3,19002,,
,5600,220,3,1294,,
,5606,220,3,2046,,
,561,147,3,4674,,
,561,181,3,7800,,
,561,219,3,20900,,
,561,22,3,12408,,
,561,220,3,5747,,
,561,239,3,11433,,
,561,271,3,12394,,
,561,344,3,4525,,
,561,370,3,2278,,
,561,381,3,6319,,
,561,44,3,7105,,
,561,78,3,14557,,
,561,95,3,1784,,
,561 RufBus,147,3,23532,,
,562,144,3,3853,,
,562,181,3,3100,,
,562,219,3,20085,,
,562,22,3,11554,,
,562,220,3,17513,,
,562,239,3,18509,,
,562,257,3,14616,,
,562,271,3,752,,
,562,281,3,13873,,
,562,344,3,7481,,
,562,370,3,20694,,
,562,381,3,22247,,
,562,44,3,6511,,
,562,69,3,16159,,
,562,78,3,1234,,
,562,8,3,3619,,
,562,95,3,21845,,
,5621,239,3,2612,,
,562V,239,3,1181,,
,563,144,3,22672,,
,563,219,3,12819,,
,563,257,3,3152,,
,563,271,3,5639,,
,563,274,3,17791,,
,563,344,3,15170,,
,563,370,3,8915,,
,563,381,3,2214,,
,563,44,3,18881,,
,563,78,3,4365,,
,563,95,3,3644,,
,564,181,3,40,,
,564,239,3,5949,,
,564,257,3,14414,,
,564,271,3,5470,,
,564,281,3,7221,,
,564,344,3,18013,,
,564,370,3,13998,,
,564,381,3,6965,,
,564,44,3,10687,,
,564,78,3,23688,,
,564V,239,3,4947,,
,565,132,3,8269,,
,565,147,3,7815,,
,565,181,3,10749,,
,565,192,3,11252,,
,565,219,3,3867,,
,565,239,3,17988,,
,565,257,3,12375,,
,565,334,3,15877,,
,565,344,3,3911,,
,565,370,3,3178,,
,565,381,3,7683,,
,565,44,3,15759,,
,565,45,3,4747,,
,565,95,3,18279,,
,566,101,3,21680,,
,566,132,3,262,,
,566,144,3,5433,,
,566,147,3,15659,,
,566,181,3,17147,,
,566,219,3,20439,,
,566,238,3,16964,,
,566,257,3,19934,,
,566,274,3,21490,,
,566,281,3,21678,,
,566,334,3,18166,,
,566,344,3,5939,,
,566,370,3,12244,,
,566,381,3,5428,,
,566,44,3,1346,,
,566,78,3,8013,,
,566,95,3,14882,,
,566 RufBus,147,3,22275,,
,567,101,3,1036,,
,567,147,3,6723,,
,567,181,3,18310,,
,567,220,3,16788,,
,567,239,3,10330,,
,567,271,3,2429,,
,567,334,3,10287,,
,567,344,3,12306,,
,567,370,3,21681,,
,567,44,3,23632,,
,567,78,3,913,,
,567,95,3,10576,,
,567 RufBus,147,3,11186,,
,5670,239,3,3719,,
,567A,78,3,17383,,
,567V,239,3,12607,,
,568,101,3,13789,,
,568,147,3,4434,,
,568,181,3,2613,,
,568,239,3,14191,,
,568,257,3,19157,,
,568,271,3,17529,,
,568,334,3,17821,,
,568,344,3,21640,,
,568,370,3,9977,,
,568,381,3,23340,,
,568,44,3,12507,,
,568,78,3,8305,,
,568,95,3,17606,,
,5680,239,3,8835,,
,568A,78,3,11382,,
,568V,239,3,13925,,
,569,132,3,9712,,
,569,147,3,15793,,
,569,220,3,7240,,
,569,239,3,19737,,
,569,257,3,8449,,
,569,271,3,10229,,
,569,274,3,15896,,
,569,334,3,7390,,
,569,344,3,854,,
,569,370,3,16398,,
,569,44,3,14973,,
,569V,239,3,14201,,
,56E,370,3,14129,,
,57,132,3,20538,,
,57,194,3,14791,,
,57,197,3,6131,,
,57,198,3,20806,,
,57,232,3,10076,,
,57,249,3,12246,,
,57,250,3,16549,,
,57,252,3,1252,,
,57,275,3,21042,,
,57,277,3,18098,,
,57,334,3,22005,,
,57,344,3,14661,,
,57,354,3,19144,,
,57,370,3,22691,,
,57,58,3,3585,,
,57,6,3,19285,,
,57,61,3,5932,,
,57,78,3,16989,,
,57/S,147,3,539,,
,570,132,3,22493,,
,570,144,3,13947,,
,570,181,3,12728,,
,570,192,3,578,,
,570,219,3,5562,,
,570,22,3,13197,,
,570,239,3,2033,,
,570,271,3,7684,,
,570,274,3,10759,,
,570,280,3,269,,
,570,3,3,21970,,
,570,334,3,3291,,
,570,344,3,2257,,
,570,370,3,4220,,
,570,381,3,21993,,
,570,44,3,21539,,
,570,45,3,16391,,
,570,95,3,10191,,
,5700,220,3,6523,,
,5701,220,3,5583,,
,5702,220,3,2148,,
,5703,220,3,21077,,
,5705,220,3,7707,,
,5706,220,3,2622,,
,5707,220,3,7324,,
,571,101,3,15024,,
,571,132,3,18106,,
,571,181,3,17941,,
,571,192,3,21086,,
,571,22,3,16284,,
,571,239,3,23146,,
,571,257,3,15183,,
,571,274,3,21574,,
,571,334,3,11247,,
,571,344,3,2295,,
,571,370,3,2594,,
,571,381,3,14954,,
,571,45,3,4219,,
,571,78,3,9304,,
,571A,78,3,2461,,
,571TB,132,3,12216,,
,572,101,3,21984,,
,572,132,3,8630,,
,572,181,3,20116,,
,572,192,3,16938,,
,572,22,3,21403,,
,572,257,3,15273,,
,572,271,3,18131,,
,572,274,3,23216,,
,572,280,3,1159,,
,572,334,3,9890,,
,572,344,3,10572,,
,572,370,3,8838,,
,572,381,3,10648,,
,572,78,3,18877,,
,572TB,132,3,12111,,
,573,101,3,17168,,
,573,132,3,917,,
,573,181,3,2326,,
,573,219,3,7925,,
,573,22,3,17057,,
,573,239,3,8316,,
,573,257,3,10483,,
,573,274,3,13064,,
,573,3,3,3059,,
,573,334,3,7579,,
,573,344,3,18030,,
,573,370,3,20807,,
,573,381,3,13070,,
,573,44,3,14076,,
,573,78,3,5961,,
,574,101,3,16227,,
,574,132,3,17770,,
,574,219,3,98,,
,574,22,3,5122,,
,574,220,3,21783,,
,574,239,3,17694,,
,574,274,3,20913,,
,574,334,3,6261,,
,574,344,3,20997,,
,574,370,3,19375,,
,574,381,3,12290,,
,574,44,3,5656,,
,574,78,3,14290,,
,574A,78,3,2944,,
,575,132,3,16354,,
,575,22,3,3292,,
,575,239,3,8962,,
,575,274,3,6484,,
,575,334,3,23399,,
,575,344,3,16277,,
,575,370,3,2601,,
,575,381,3,14246,,
,575,44,3,9964,,
,575,45,3,12423,,
,575,95,3,2842,,
,5751,220,3,22901,,
,576,132,3,4175,,
,576,181,3,9856,,
,576,219,3,22173,,
,576,220,3,6936,,
,576,239,3,21846,,
,576,274,3,16186,,
,576,334,3,5669,,
,576,370,3,11931,,
,576,381,3,20104,,
,577,132,3,19449,,
,577,181,3,16307,,
,577,192,3,5296,,
,577,219,3,13602,,
,577,274,3,21709,,
,577,334,3,7486,,
,577,381,3,4188,,
,577,45,3,20304,,
,577,69,3,18266,,
,578,132,3,181,,
,578,181,3,11312,,
,578,192,3,13150,,
,578,220,3,19735,,
,578,274,3,11570,,
,578,334,3,17119,,
,578,381,3,7926,,
,578,45,3,5979,,
,578,69,3,14061,,
,578,78,3,7826,,
,579,132,3,346,,
,579,181,3,11198,,
,579,239,3,17415,,
,579,274,3,7946,,
,579,334,3,6009,,
,579,381,3,9635,,
,579,45,3,1954,,
,579,78,3,5980,,
,579e,45,3,18574,,
,57E,370,3,2998,,
,58,104,3,18547,,
,58,132,3,20619,,
,58,173,3,15280,,
,58,194,3,1641,,
,58,197,3,16077,,
,58,198,3,16498,,
,58,232,3,19218,,
,58,249,3,8951,,
,58,250,3,4361,,
,58,260,3,15508,10A3DD,FFFFFF
,58,267,3,9007,,
,58,276,3,12899,,
,58,344,3,15084,,
,58,35,3,357,,
,58,354,3,7588,,
,58,361,3,2417,,
,58,370,3,18578,,
,58,58,3,13205,,
,58,6,3,3053,,
,58,61,3,18911,,
,58,78,3,2843,,
,58/S,147,3,4096,,
,580,104,3,316,,
,580,132,3,18685,,
,580,219,3,12487,,
,580,22,3,21481,,
,580,239,3,18194,,
,580,257,3,17051,,
,580,271,3,14084,,
,580,274,3,9737,,
,580,3,3,388,,
,580,334,3,21424,,
,580,344,3,20731,,
,580,365,3,3163,,
,580,370,3,4548,,
,580,95,3,9510,,
,580V,239,3,270,,
,581,104,3,5803,,
,581,132,3,4508,,
,581,219,3,326,,
,581,22,3,18394,,
,581,239,3,23643,,
,581,252,3,5277,,
,581,271,3,23509,,
,581,274,3,16310,,
,581,3,3,9564,,
,581,305,3,3830,,
,581,334,3,20035,,
,581,344,3,18792,,
,581,370,3,9520,,
,581,381,3,23400,,
,581,45,3,11190,,
,581,69,3,15214,,
,582,147,3,14134,,
,582,173,3,14420,,
,582,219,3,11627,,
,582,239,3,21898,,
,582,271,3,3522,,
,582,274,3,12890,,
,582,305,3,41,,
,582,334,3,17366,,
,582,344,3,14785,,
,582,381,3,1466,,
,582,69,3,17705,,
,582,95,3,11565,,
,583,173,3,413,,
,583,219,3,8759,,
,583,271,3,6385,,
,583,274,3,10137,,
,583,305,3,19414,,
,583,334,3,6650,,
,583,344,3,13756,,
,583,365,3,18584,,
,583,370,3,6634,,
,583,381,3,4918,,
,583,69,3,5062,,
,583,95,3,13607,,
,584,192,3,5841,,
,584,219,3,7960,,
,584,239,3,5758,,
,584,271,3,16239,,
,584,274,3,6217,,
,584,334,3,15976,,
,584,344,3,4056,,
,584,381,3,7382,,
,584,45,3,17196,,
,584,69,3,16443,,
,584,95,3,17908,,
,584.1,305,3,11028,,
,584.2,305,3,14251,,
,584V,239,3,10644,,
,585,147,3,6464,,
,585,173,3,6199,,
,585,192,3,15157,,
,585,219,3,2507,,
,585,274,3,18228,,
,585,305,3,23475,,
,585,344,3,5725,,
,585,352,3,5081,,
,585,381,3,14282,,
,585,45,3,1829,,
,585,69,3,18267,,
,585,95,3,23771,,
,586,192,3,1508,,
,586,219,3,7169,,
,586,239,3,299,,
,586,271,3,4450,,
,586,274,3,16658,,
,586,305,3,3186,,
,586,344,3,4762,,
,586,365,3,15419,,
,586,381,3,19146,,
,586,45,3,23752,,
,586,69,3,21418,,
,586,95,3,18050,,
,587,173,3,11106,,
,587,192,3,14883,,
,587,219,3,6698,,
,587,239,3,6640,,
,587,271,3,12817,,
,587,274,3,1092,,
,587,305,3,4924,,
,587,34,3,16850,,
,587,344,3,21951,,
,587,370,3,5015,,
,587,45,3,791,,
,587,69,3,12395,,
,587,95,3,1032,,
,588,192,3,6386,,
,588,219,3,3217,,
,588,220,3,4407,,
,588,271,3,22144,,
,588,274,3,11373,,
,588,305,3,2086,,
,588,352,3,20709,,
,588,69,3,10728,,
,588,95,3,13464,,
,589,192,3,13792,,
,589,219,3,6769,,
,589,220,3,14247,,
,589,271,3,18148,,
,589,274,3,7781,,
,589,305,3,14125,,
,589,370,3,8798,,
,589,9,3,22774,,
,589a,173,3,12239,,
,589b,173,3,12774,,
,589c,173,3,6490,,
,58E,370,3,927,,
,59,129,3,16717,,
,59,132,3,9486,,
,59,173,3,7604,,
,59,194,3,17115,,
,59,198,3,22796,,
,59,232,3,1825,,
,59,250,3,5532,,
,59,275,3,5633,,
,59,277,3,12648,,
,59,334,3,19564,,
,59,344,0,13014,,
,59,354,3,2589,,
,59,361,3,14662,,
,59,58,3,18037,,
,59,61,3,14236,,
,59,78,3,13747,,
,59,95,3,4865,,
,59/S,147,3,1081,,
,590,181,3,4661,,
,590,192,3,6111,,
,590,219,3,21482,,
,590,239,3,3398,,
,590,257,3,22078,,
,590,271,3,14062,,
,590,274,3,18953,,
,590,3,3,16887,,
,590,344,3,22503,,
,590,352,3,6507,,
,590,370,3,1759,,
,590,72,3,6783,60B239,FFFFFF
,590,78,3,22902,,
,590,9,3,20437,,
,590,95,3,21444,,
,5900,220,3,3094,,
,5902,220,3,5230,,
,5903,220,3,12169,,
,5904,220,3,1563,,
,591,132,3,11588,,
,591,144,3,14705,,
,591,173,3,14298,,
,591,192,3,11505,,
,591,219,3,7905,,
,591,274,3,376,,
,591,305,3,17897,,
,591,344,3,13593,,
,591,370,3,4378,,
,591,69,3,6863,,
,591,78,3,20681,,
,591,8,3,21875,,
,591,95,3,6298,,
,5911,344,3,20886,,
,5915,344,3,3771,,
,5916,344,3,17949,,
,591A,78,3,20245,,
,592,181,3,1170,,
,592,219,3,1837,,
,592,239,3,13289,,
,592,274,3,13196,,
,592,354,3,473,,
,592,370,3,7348,,
,592,379,3,18276,,
,592,45,3,16013,,
,592,69,3,8065,,
,592,78,3,16806,,
,592,8,3,10394,,
,592,95,3,7951,,
,5925,344,3,14908,,
,592A,78,3,6724,,
,592B,78,3,21876,,
,593,173,3,8351,,
,593,181,3,16939,,
,593,219,3,16167,,
,593,220,3,18585,,
,593,239,3,18145,,
,593,274,3,6963,,
,593,344,3,18167,,
,593,370,3,23491,,
,593,69,3,4123,,
,593,8,3,17556,,
,5930,344,3,11636,,
,5931,344,3,21416,,
,5932,344,3,8490,,
,5933,344,3,20924,,
,5934,344,3,22754,,
,594,173,3,20161,,
,594,181,3,14058,,
,594,220,3,12067,,
,594,239,3,19404,,
,594,344,3,881,,
,594,370,3,14531,,
,594,69,3,7827,,
,594,8,3,7509,,
,5940,344,3,7249,,
,5946,344,3,980,,
,595,192,3,16598,,
,595,219,3,22649,,
,595,220,3,5546,,
,595,239,3,10844,,
,595,26,3,1182,,
,595,274,3,12737,,
,595,344,3,2430,,
,595,42,3,16934,,
,595,45,3,14472,,
,595,78,3,18001,,
,595,8,3,18793,,
,595,95,3,13553,,
,596,181,3,21628,,
,596,192,3,12245,,
,596,219,3,23281,,
,596,239,3,23819,,
,596,257,3,7467,,
,596,26,3,17408,,
,596,274,3,20465,,
,596,344,3,21376,,
,596,354,3,13467,,
,596,95,3,12851,,
,5960,344,3,9458,,
,597,146,3,22427,,
,597,173,3,23317,,
,597,181,3,11538,,
,597,192,3,19,,
,597,219,3,4205,,
,597,239,3,20348,,
,597,69,3,9356,,
,597.1,327,3,6872,,
,597.2,327,3,2096,,
,5971,344,3,10713,,
,5972,344,3,20457,,
,5974,344,3,3688,,
,5978,344,3,17579,,
,5979,344,3,12670,,
,598,181,3,11078,,
,598,192,3,18882,,
,598,239,3,14587,,
,598,26,3,12820,,
,598,344,3,16518,,
,598,45,3,988,,
,5980,344,3,21623,,
,598A,219,3,9318,,
,598B,219,3,23319,,
,598C,219,3,8317,,
,598D,219,3,1765,,
,598E,219,3,21145,,
,598F,219,3,13908,,
,598G,219,3,20942,,
,599,181,3,23666,,
,599,192,3,17052,,
,599,239,3,18822,,
,599,344,3,14541,,
,599,379,3,18933,,
,599,45,3,11750,,
,599,8,3,15689,,
,599,91,3,9916,,
,59A,361,3,5036,,
,59ALT,35,3,22953,,
,5A,272,3,9021,,
,5A,361,3,16743,,
,5ALFA,91,3,15351,,
,5E,361,3,13892,,
,5E,375,0,16609,,
,5S,6,0,9008,,
,5V,35,3,23639,,
,5a,71,3,674,,
,5b,71,3,3227,,
,6,110,3,19320,,
,6,111,3,15546,,
,6,117,3,10039,,
,6,118,0,6485,,
,6,121,3,21380,,
,6,125,3,18912,,
,6,129,3,18253,,
,6,132,3,531,,
,6,137,3,1413,,
,6,14,3,9536,,
,6,141,0,14226,,
,6,142,3,134,,
,6,147,3,9865,,
,6,149,3,9755,,
,6,158,0,13626,,
,6,16,3,20186,,
,6,161,3,50,,
,6,164,0,7829,C39E00,FFFFFF
,6,173,3,19065,,
,6,192,3,17885,,
,6,22,1,1946,,
,6,220,3,15298,,
,6,226,3,18560,,
,6,229,3,6512,,
,6,233,3,16061,,
,6,235,3,3185,,
,6,244,3,17132,,
,6,249,3,5998,,
,6,250,0,3772,,
,6,257,3,23284,,
,6,260,0,21533,7BAA1F,FFFFFF
,6,267,3,4156,,
,6,274,3,1716,,
,6,275,3,9990,,
,6,276,3,5491,,
,6,279,3,11414,,
,6,281,3,18034,,
,6,286,3,10393,,
,6,287,3,9821,,
,6,288,3,5439,,
,6,299,3,2456,,
,6,315,3,9866,,
,6,322,3,22376,,
,6,335,0,4523,,
,6,336,3,4134,,
,6,344,3,17759,,
,6,35,3,7892,,
,6,354,3,19303,,
,6,356,3,1214,,
,6,361,3,17895,,
,6,370,3,23,,
,6,373,3,9310,,
,6,379,3,19565,,
,6,39,3,17291,,
,6,42,3,19336,,
,6,46,3,10509,,
,6,49,3,3228,,
,6,56,3,17175,,
,6,6,0,20065,FFCC00,FFFFFF
,6,61,0,13306,,
,6,66,0,2135,,
,6,71,3,993,,
,6,85,0,21509,,
,6,9,3,21778,,
,6,91,3,7679,,
,6,93,3,18568,,
,6,95,0,21043,,
,6,95,3,13495,,
,6 S,125,3,11778,,
,60,104,3,10623,,
,60,109,3,433,,
,60,122,7,6149,,
,60,129,3,7885,,
,60,132,3,4344,,
,60,173,3,22379,,
,60,194,3,6532,,
,60,197,3,3628,,
,60,214,3,399,,
,60,218,3,9756,,
,60,249,3,22248,,
,60,252,3,1692,,
,60,257,3,19183,,
,60,260,3,21720,B95A70,FFFFFF
,60,275,3,12775,,
,60,277,3,23612,,
,60,303,3,16767,,
,60,314,3,8569,,
,60,335,3,21647,,
,60,344,3,16482,,
,60,349,3,16953,,
,60,354,3,704,,
,60,356,3,3831,,
,60,361,3,22243,,
,60,369,3,22881,,
,60,382,3,15383,,
,60,384,0,19539,,
,60,58,3,7007,,
,60,61,3,1638,,
,60,78,3,4014,,
,60,95,3,16397,,
,600,111,3,14315,,
,600,117,3,20425,,
,600,122,3,14396,,
,600,132,3,9767,,
,600,181,3,3020,,
,600,214,3,7340,,
,600,22,3,15569,,
,600,280,3,11324,,
,600,334,3,10475,,
,600,354,3,14307,,
,600,364,3,14937,,
,600,378,3,7945,,
,600,55,3,3134,,
,600,91,3,17489,,
,600,95,3,17488,,
,600,96,3,10929,,
,6001,9,3,2553,,
,6008,9,3,17138,,
,6009,9,3,23072,,
,601,122,3,8524,,
,601,132,3,10133,,
,601,138,3,3851,,
,601,181,3,15998,,
,601,214,3,11415,,
,601,220,3,6491,,
,601,223,3,11366,,
,601,238,3,804,,
,601,239,3,18426,,
,601,252,3,12768,,
,601,271,3,10860,,
,601,274,3,19344,,
,601,286,3,10890,,
,601,343,3,16062,,
,601,344,3,9401,,
,601,354,3,23311,,
,601,364,3,11837,,
,601,370,3,17968,,
,601,378,3,23483,,
,601,379,3,3621,,
,601,47,3,9601,,
,601,55,3,5346,,
,601,91,3,4526,,
,601,95,3,10273,,
,601.1,379,3,14192,,
,6010,104,3,14025,,
,6010,9,3,22707,,
,6012,9,3,11346,,
,6013,9,3,19493,,
,6018,9,3,22673,,
,602,101,3,7570,,
,602,117,3,21016,,
,602,122,3,12783,,
,602,132,3,7242,,
,602,181,3,18764,,
,602,2,3,8928,,
,602,214,3,5167,,
,602,223,3,9674,,
,602,238,3,12891,,
,602,239,3,18536,,
,602,267,3,11439,,
,602,271,3,16575,,
,602,274,3,4385,,
,602,286,3,8601,,
,602,343,3,10455,,
,602,344,3,16430,,
,602,364,3,13608,,
,602,379,3,16130,,
,602,47,3,9463,,
,602,55,3,18763,,
,602,95,3,22223,,
,6022,9,3,7381,,
,6023,9,3,287,,
,6028,9,3,2336,,
,602R,267,3,23593,,
,603,101,3,16881,,
,603,122,3,15598,,
,603,132,3,4302,,
,603,155,3,20561,,
,603,170,3,9602,,
,603,181,3,22238,,
,603,214,3,7574,,
,603,220,3,17544,,
,603,223,3,17715,,
,603,238,3,2584,,
,603,239,3,15695,,
,603,274,3,20518,,
,603,3,3,13693,,
,603,343,3,2641,,
,603,344,3,18032,,
,603,364,3,2905,,
,603,370,3,10960,,
,603,379,3,10861,,
,603,47,3,18445,,
,603,55,3,9668,,
,603,95,3,15377,,
,6030,9,3,13958,,
,6034,9,3,737,,
,6035,9,3,14136,,
,6036,9,3,7807,,
,6037,9,3,22145,,
,6038,9,3,14588,,
,6039,9,3,19129,,
,604,101,3,9358,,
,604,122,3,7869,,
,604,132,3,7836,,
,604,181,3,23296,,
,604,214,3,20379,,
,604,223,3,13893,,
,604,238,3,19176,,
,604,239,3,15959,,
,604,267,3,9682,,
,604,274,3,21661,,
,604,344,3,21883,,
,604,363,3,16624,,
,604,364,3,23198,,
,604,379,3,6224,,
,604,47,3,5673,,
,604,95,3,1295,,
,6040,9,3,13577,,
,6041,9,3,6990,,
,6042,9,3,10032,,
,6043,9,3,1699,,
,6044,9,3,10147,,
,6045,9,3,7628,,
,6046,9,3,12664,,
,6047,9,3,18861,,
,6048,9,3,13722,,
,6049,9,3,21123,,
,605,101,3,6306,,
,605,132,3,18904,,
,605,146,3,18268,,
,605,155,3,7637,,
,605,181,3,19031,,
,605,214,3,18212,,
,605,223,3,6567,,
,605,239,3,4707,,
,605,274,3,18510,,
,605,344,3,8963,,
,605,370,3,12131,,
,605,47,3,11115,,
,605,91,3,14355,,
,6050,9,3,2664,,
,6051,9,3,3073,,
,6052,9,3,22317,,
,6053,356,3,6847,,
,6053,9,3,20700,,
,6055,9,3,11510,,
,6056,213,3,23736,,
,6057,213,3,8039,,
,6057,9,3,7297,,
,6058,213,3,16131,,
,6058,9,3,19558,,
,6059,9,3,22909,,
,606,101,3,22397,,
,606,122,3,11716,,
,606,181,3,8682,,
,606,214,3,1193,,
,606,220,3,14071,,
,606,223,3,15191,,
,606,238,3,10824,,
,606,239,3,22709,,
,606,274,3,9637,,
,606,344,3,9960,,
,606,370,3,15999,,
,606,379,3,10624,,
,606,47,3,21563,,
,606,91,3,19728,,
,607,101,3,20725,,
,607,122,3,4453,,
,607,146,3,14430,,
,607,181,3,23407,,
,607,214,3,15786,,
,607,220,3,14421,,
,607,223,3,2220,,
,607,238,3,17523,,
,607,239,3,17557,,
,607,271,3,12112,,
,607,274,3,10678,,
,607,344,3,5859,,
,607,370,3,1999,,
,607,47,3,11790,,
,607,91,3,19946,,
,608,101,3,2247,,
,608,106,3,282,,
,608,122,3,182,,
,608,146,3,12591,,
,608,181,3,19286,,
,608,220,3,14532,,
,608,223,3,21791,,
,608,238,3,7541,,
,608,239,3,4439,,
,608,271,3,1796,,
,608,274,3,11416,,
,608,343,3,15802,,
,608,370,3,7304,,
,608,381,3,18647,,
,608,47,3,18171,,
,6081,9,3,14059,,
,609,101,3,9768,,
,609,106,3,22167,,
,609,122,3,608,,
,609,132,3,20066,,
,609,155,3,21905,,
,609,181,3,2886,,
,609,19,3,13757,,
,609,220,3,17926,,
,609,238,3,1215,,
,609,239,3,16561,,
,609,274,3,11064,,
,609,343,3,20397,,
,609,344,3,3657,,
,609,364,3,8772,,
,609,370,3,11709,,
,609,47,3,14607,,
,6093,30,3,6220,,
,60A,197,3,10533,,
,60A,95,3,1809,,
,61,104,3,20440,,
,61,109,3,15,,
,61,111,3,21186,,
,61,118,3,12342,,
,61,129,3,2867,,
,61,132,3,4751,,
,61,139,3,3757,,
,61,16,3,16385,,
,61,173,3,4303,,
,61,176,3,20914,,
,61,181,0,12113,,
,61,186,3,3629,,
,61,194,3,10343,,
,61,198,3,18203,,
,61,220,4,2439,,
,61,249,3,18902,,
,61,250,3,3504,,
,61,252,3,3814,,
,61,257,3,6635,,
,61,260,3,8773,A2A173,FFFFFF
,61,267,3,563,,
,61,274,3,12241,,
,61,277,3,15696,,
,61,286,3,10629,,
,61,303,3,23320,,
,61,314,3,16408,,
,61,349,3,6212,,
,61,35,3,6592,,
,61,354,3,15008,,
,61,361,3,23776,,
,61,369,3,1150,,
,61,373,3,3766,,
,61,384,0,3179,,
,61,39,3,11809,,
,61,6,3,590,,
,61,61,3,23429,,
,61,78,3,7511,,
,61,93,3,15760,,
,61,95,3,21188,,
,610,101,3,4570,,
,610,106,3,19458,,
,610,122,3,5007,,
,610,132,3,13013,,
,610,181,3,5267,,
,610,22,3,8173,,
,610,220,3,8515,,
,610,223,3,18597,,
,610,238,3,327,,
,610,239,3,1024,,
,610,267,3,9487,,
,610,271,3,22061,,
,610,280,3,1022,,
,610,334,3,11344,,
,610,337,3,8088,,
,610,344,3,2709,,
,610,354,3,989,,
,610,358,3,23132,,
,610,364,3,19083,,
,610,370,3,21336,,
,610,378,3,8505,,
,610,379,3,18495,,
,610,47,3,11842,,
,610,55,3,21417,,
,610,72,3,6280,,
,610,9,3,20086,,
,610,91,3,1917,,
,610,95,3,15565,,
,610 Rufbus,358,3,3351,,
,6101,220,3,2074,,
,6101,9,3,16706,,
,6102,220,3,20817,,
,6102,9,3,17760,,
,6103,220,3,10534,,
,6103,9,3,5739,,
,6104,220,3,12596,,
,6105,220,3,9594,,
,6106,220,3,18671,,
,6106,9,3,1449,,
,6107,9,3,11589,,
,6108,9,3,19592,,
,6109,9,3,317,,
,611,101,3,19540,,
,611,122,3,16665,,
,611,132,3,19527,,
,611,181,3,18119,,
,611,214,3,18992,,
,611,22,3,5563,,
,611,223,3,5452,,
,611,238,3,4242,,
,611,239,3,4650,,
,611,26,3,18838,,
,611,271,3,2570,,
,611,274,3,328,,
,611,337,3,16366,,
,611,343,3,3436,,
,611,344,3,7698,,
,611,354,3,15238,,
,611,358,3,5160,,
,611,364,3,14221,,
,611,370,3,21921,,
,611,378,3,11226,,
,611,47,3,22915,,
,611,55,3,12516,,
,611,72,3,10201,,
,611,9,3,10993,,
,611,91,3,7417,,
,611,95,3,12262,,
,611.1,327,3,20615,,
,611.2,327,3,18862,,
,6110,9,3,4195,,
,6111,9,3,14807,,
,6113,9,3,18805,,
,612,101,3,12042,,
,612,122,3,11238,,
,612,132,3,3325,,
,612,155,3,2087,,
,612,181,3,7605,,
,612,214,3,2751,,
,612,238,3,21072,,
,612,239,3,5082,,
,612,26,3,14529,,
,612,271,3,12129,,
,612,274,3,22428,,
,612,337,3,18213,,
,612,343,3,15179,,
,612,344,3,12435,,
,612,354,3,10922,,
,612,358,3,21963,,
,612,364,3,8484,,
,612,370,3,17157,,
,612,47,3,12106,,
,612,55,3,6412,,
,612,72,3,2462,,
,612,78,3,627,,
,612,9,3,12841,,
,612 Rufbus,358,3,15038,,
,612-5,347,3,15001,,
,612.5,218,3,17416,,
,6120,9,3,21998,,
,6121,9,3,22306,,
,6124,9,3,5284,,
,6125,9,3,18796,,
,6129,9,3,9081,,
,612A,78,3,3137,,
,613,101,3,700,,
,613,106,3,22155,,
,613,122,3,16037,,
,613,132,3,15979,,
,613,181,3,6392,,
,613,214,3,7144,,
,613,220,3,10807,,
,613,223,3,12275,,
,613,238,3,12268,,
,613,26,3,21292,,
,613,271,3,17729,,
,613,337,3,17632,,
,613,343,3,7589,,
,613,344,3,17923,,
,613,358,3,20855,,
,613,364,3,2165,,
,613,365,3,3897,,
,613,47,3,3419,,
,613,55,3,16328,,
,613 Rufbus,358,3,19803,,
,6130,9,3,4265,,
,6131,9,3,11673,,
,6132,9,3,995,,
,6133,9,3,9104,,
,6134,9,3,7611,,
,6135,9,3,682,,
,6136,9,3,18222,,
,6137,9,3,9251,,
,6138,9,3,21131,,
,6139,9,3,21218,,
,614,101,3,11098,,
,614,106,3,8916,,
,614,122,3,22957,,
,614,132,3,17268,,
,614,181,3,8132,,
,614,223,3,9784,,
,614,238,3,16132,,
,614,239,3,16984,,
,614,274,3,14316,,
,614,327,3,763,,
,614,337,3,7271,,
,614,343,3,3241,,
,614,344,3,6993,,
,614,358,3,10649,,
,614,363,3,18446,,
,614,370,3,3095,,
,614,47,3,1194,,
,614,55,3,13627,,
,614,91,3,21460,,
,614 Rufbus,358,3,12343,,
,6141,9,3,23717,,
,6142,9,3,20511,,
,6143,9,3,7284,,
,6144,9,3,15918,,
,6145,9,3,8582,,
,6146,9,3,15215,,
,6147,9,3,4454,,
,6148,9,3,2109,,
,6149,9,3,18824,,
,615,120,3,21138,,
,615,122,3,12498,,
,615,132,3,15455,,
,615,223,3,1931,,
,615,238,3,10887,,
,615,239,3,17931,,
,615,267,3,579,,
,615,274,3,23167,,
,615,337,3,20922,,
,615,343,3,2356,,
,615,370,3,17197,,
,615,379,3,1728,,
,615,47,3,21715,,
,615,55,3,20893,,
,615,9,3,4813,,
,615,91,3,21001,,
,615,95,3,10033,,
,6150,220,3,18758,,
,6150,9,3,5575,,
,6151,220,3,10400,,
,6151,9,3,25,,
,6152,9,3,19683,,
,6153,9,3,16513,,
,6154,9,3,18427,,
,6155,9,3,14457,,
,6156,9,3,14784,,
,6157,9,3,22661,,
,6159,9,3,22354,,
,616,122,3,16827,,
,616,155,3,18057,,
,616,22,3,13169,,
,616,220,3,6794,,
,616,223,3,13785,,
,616,238,3,18818,,
,616,239,3,4768,,
,616,26,3,2428,,
,616,274,3,14123,,
,616,337,3,72,,
,616,343,3,1183,,
,616,352,3,6144,,
,616,370,3,11932,,
,616,47,3,15788,,
,616,55,3,9165,,
,6160,220,3,4110,,
,6161,220,3,13147,,
,6162,220,3,18834,,
,6164,9,3,668,,
,6165,9,3,15739,,
,6166,9,3,8413,,
,6167,9,3,4057,,
,6168,9,3,10564,,
,6169,9,3,13731,,
,617,101,3,4953,,
,617,106,3,4617,,
,617,122,3,5896,,
,617,132,3,8346,,
,617,220,3,21906,,
,617,239,3,3868,,
,617,26,3,20695,,
,617,274,3,10066,,
,617,343,3,15636,,
,617,47,3,22832,,
,617,55,3,21827,,
,6170,220,3,12552,,
,6170,9,3,8844,,
,6171,220,3,10350,,
,6172,220,3,10907,,
,6173,220,3,4737,,
,6173,9,3,11821,,
,6174,9,3,12183,,
,6175,9,3,9812,,
,6176,9,3,10529,,
,618,101,3,16425,,
,618,122,3,21132,,
,618,223,3,12333,,
,618,238,3,13116,,
,618,239,3,14381,,
,618,26,3,19270,,
,618,267,3,5347,,
,618,274,3,4814,,
,618,337,3,5515,,
,618,343,3,16745,,
,618,370,3,8903,,
,618,47,3,22765,,
,618,55,3,19314,,
,618,91,3,4738,,
,618,95,3,19624,,
,6185,9,3,6795,,
,619,101,3,3793,,
,619,106,3,15254,,
,619,122,3,6355,,
,619,155,3,21257,,
,619,214,3,14833,,
,619,220,3,17445,,
,619,238,3,5622,,
,619,239,3,15431,,
,619,26,3,3718,,
,619,274,3,22562,,
,619,337,3,10681,,
,619,343,3,11734,,
,619,47,3,9785,,
,619,55,3,2064,,
,619,91,3,22193,,
,6191,243,3,1339,,
,6193,9,3,11687,,
,6194,9,3,19584,,
,6195,9,3,21348,,
,6196,30,3,23644,,
,6197,9,3,17027,,
,6198,9,3,12037,,
,6199,9,3,16550,,
,61A,361,3,17898,,
,62,109,3,14442,,
,62,111,3,22569,,
,62,118,3,19618,,
,62,129,3,3270,,
,62,132,3,18130,,
,62,139,3,18462,,
,62,16,3,6560,,
,62,173,3,7341,,
,62,176,3,13524,,
,62,181,0,14849,,
,62,186,3,2373,,
,62,194,3,12386,,
,62,198,3,12643,,
,62,220,4,336,,
,62,249,3,11116,,
,62,252,3,18461,,
,62,257,3,6924,,
,62,267,3,958,,
,62,274,3,9786,,
,62,277,3,16089,,
,62,286,3,2059,,
,62,314,3,11267,,
,62,335,3,5120,,
,62,344,3,14341,,
,62,35,3,17651,,
,62,352,3,15901,,
,62,354,3,3293,,
,62,356,3,9195,,
,62,361,3,21779,,
,62,369,3,23498,,
,62,384,0,21856,,
,62,39,3,1427,,
,62,58,3,12650,,
,62,6,3,8485,,
,62,61,3,21531,,
,62,78,3,9727,,
,62,8,3,18598,,
,62,93,3,10923,,
,62,95,3,22628,,
,620,101,3,18443,,
,620,106,3,352,,
,620,122,3,9179,,
,620,132,3,11440,,
,620,153,3,15410,,
,620,214,3,21579,,
,620,22,3,23466,,
,620,223,3,23793,,
,620,232,3,2991,,
,620,233,3,17904,,
,620,238,3,13530,,
,620,239,3,16954,,
,620,267,3,8719,,
,620,271,3,1565,,
,620,274,3,7640,,
,620,280,3,1951,,
,620,337,3,20110,,
,620,364,3,11199,,
,620,365,3,12757,,
,620,47,3,9603,,
,620,55,3,13579,,
,620,72,3,22218,,
,620,78,3,15838,,
,620,9,3,2941,,
,620,91,3,9155,,
,620,95,3,15245,,
,6200,9,3,3067,,
,6201,9,3,11434,,
,6205,9,3,16512,,
,6206,9,3,23113,,
,6207,9,3,13486,,
,6208,9,3,2865,,
,6209,9,3,2136,,
,620A,78,3,5413,,
,621,101,3,3029,,
,621,106,3,16355,,
,621,122,3,13400,,
,621,132,3,10617,,
,621,214,3,17474,,
,621,22,3,20768,,
,621,220,3,7916,,
,621,223,3,13712,,
,621,233,3,19698,,
,621,238,3,20014,,
,621,239,3,7400,,
,621,267,3,17823,,
,621,274,3,14243,,
,621,327,3,18381,,
,621,343,3,19323,,
,621,364,3,8506,,
,621,370,3,7685,,
,621,47,3,22935,,
,621,55,3,18010,,
,621,91,3,7391,,
,6211,9,3,16070,,
,6212,9,3,12561,,
,6213,9,3,20567,,
,6214,9,3,1718,,
,6215,9,3,2530,,
,6216,9,3,16222,,
,6217,9,3,555,,
,6218,9,3,10388,,
,6219,9,3,5521,,
,622,106,3,10146,,
,622,122,3,16078,,
,622,132,3,1450,,
,622,19,3,16090,,
,622,214,3,3187,,
,622,223,3,13206,,
,622,239,3,19287,,
,622,267,3,18002,,
,622,271,3,2239,,
,622,274,3,4717,,
,622,364,3,15267,,
,622,384,3,21324,,
,622,47,3,19888,,
,622,55,3,15666,,
,622,78,3,9219,,
,6220,9,3,2831,,
,6221,9,3,5302,,
,6222,9,3,19607,,
,6223,9,3,1263,,
,6226,9,3,5614,,
,6228,9,3,21852,,
,623,101,3,23439,,
,623,122,3,18519,,
,623,132,3,2887,,
,623,19,3,17367,,
,623,214,3,10618,,
,623,223,3,11666,,
,623,239,3,14515,,
,623,267,3,4414,,
,623,271,3,17506,,
,623,274,3,15690,,
,623,337,3,2573,,
,623,364,3,2531,,
,623,384,3,11050,,
,623,47,3,21564,,
,623,55,3,11200,,
,623,78,3,20043,,
,6235,9,3,16258,,
,6236,9,3,13468,,
,6237,9,3,9110,,
,6238,9,3,739,,
,623A,78,3,21596,,
,624,101,3,22731,,
,624,122,3,1932,,
,624,132,3,5493,,
,624,214,3,8703,,
,624,220,3,9094,,
,624,239,3,3083,,
,624,267,3,11526,,
,624,271,3,19305,,
,624,274,3,11117,,
,624,280,3,13887,,
,624,344,3,21996,,
,624,365,3,17018,,
,624,47,3,7092,,
,624,55,3,5897,,
,624,78,3,20178,,
,624,91,3,15025,,
,625,122,3,20641,,
,625,132,3,14635,,
,625,19,3,5722,,
,625,214,3,15360,,
,625,239,3,18832,,
,625,267,3,12672,,
,625,274,3,3242,,
,625,280,3,3104,,
,625,344,3,9766,,
,625,364,3,3153,,
,625,370,3,13439,,
,625,47,3,14048,,
,625,55,3,17462,,
,625,78,3,21774,,
,625,91,3,17690,,
,6257,9,3,1422,,
,6258,9,3,8628,,
,6259,9,3,5844,,
,626,101,3,18214,,
,626,106,3,756,,
,626,132,3,21391,,
,626,146,3,3701,,
,626,181,3,2895,,
,626,214,3,229,,
,626,238,3,22475,,
,626,239,3,11018,,
,626,271,3,22335,,
,626,274,3,17198,,
,626,344,3,1025,,
,626,352,3,12316,,
,626,370,3,11512,,
,626,373,3,10331,,
,626,47,3,7564,,
,626,55,3,12452,,
,626,78,3,437,,
,626,8,3,23613,,
,626,91,3,18428,,
,626 G,132,3,22715,,
,626.1,327,3,1721,,
,6264,239,3,22958,,
,627,101,3,4455,,
,627,122,3,3707,,
,627,132,3,4537,,
,627,146,3,15776,,
,627,20,3,15963,73D700,FFFFFF
,627,214,3,5373,,
,627,220,3,4618,,
,627,238,3,22162,,
,627,239,3,10378,,
,627,267,3,15803,,
,627,271,3,21398,,
,627,274,3,6533,,
,627,344,3,9150,,
,627,370,3,23423,,
,627,91,3,6998,,
,6271,9,3,20123,,
,6273,9,3,23047,,
,628,122,3,12845,,
,628,132,3,23729,,
,628,146,3,21491,,
,628,214,3,9978,,
,628,232,3,17081,,
,628,238,3,6429,,
,628,239,3,3367,,
,628,267,3,21124,,
,628,271,3,14846,,
,628,274,3,7584,,
,628,344,3,12865,,
,628,352,3,14771,,
,628,370,3,11292,,
,629,101,3,9001,,
,629,122,3,7551,,
,629,132,3,2296,,
,629,146,3,12981,,
,629,214,3,13416,,
,629,220,3,8672,,
,629,223,3,5241,,
,629,239,3,2174,,
,629,271,3,9258,,
,629,274,3,19722,,
,629,344,3,18637,,
,629,352,3,4337,,
,629,370,3,8859,,
,629,55,3,5471,,
,629,95,3,6628,,
,6299,9,3,12226,,
,62A,361,3,2696,,
,62A,369,3,18977,,
,62B,361,3,8878,,
,62C,361,3,6077,,
,62D,361,3,11173,,
,62E,78,3,1134,,
,62V,35,3,3448,,
,63,118,3,19843,,
,63,129,3,11947,,
,63,132,3,2398,,
,63,139,3,12418,,
,63,173,3,18642,,
,63,176,3,7015,,
,63,181,0,10655,,
,63,186,3,16676,,
,63,194,3,21737,,
,63,198,3,18846,,
,63,249,3,5965,,
,63,252,3,10961,,
,63,257,3,12708,,
,63,272,3,5259,,
,63,274,3,3285,,
,63,277,3,6049,,
,63,278,3,10177,,
,63,286,3,11775,,
,63,314,3,15539,,
,63,344,3,4763,,
,63,35,3,11004,,
,63,352,3,6612,,
,63,354,3,7170,,
,63,356,3,4009,,
,63,361,3,13853,,
,63,369,3,16599,,
,63,379,3,14617,,
,63,384,0,16200,,
,63,39,3,8122,,
,63,58,3,15116,,
,63,6,3,17792,,
,63,8,3,13387,,
,63,93,3,13642,,
,63,95,3,6247,,
,63/9,93,3,23772,,
,630,101,3,15456,,
,630,106,3,3405,,
,630,122,3,15253,,
,630,129,3,1969,,
,630,132,3,19796,,
,630,181,3,7046,,
,630,214,3,14611,,
,630,22,3,7977,,
,630,223,3,20791,,
,630,238,3,4178,,
,630,239,3,9805,,
,630,26,3,367,,
,630,267,3,2689,,
,630,269,3,5422,,
,630,271,3,1253,,
,630,274,3,21189,,
,630,281,3,22544,,
,630,343,3,6396,,
,630,344,3,16121,,
,630,358,3,8957,,
,630,364,3,13840,,
,630,370,3,7618,,
,630,55,3,12738,,
,630,72,3,19429,,
,630,91,3,9022,,
,630.1,327,3,8306,,
,6301,239,3,9588,,
,6302,239,3,16265,,
,6302,9,3,23178,,
,6303,239,3,1681,,
,6303,9,3,16914,,
,6304,239,3,13117,,
,630S,281,3,4502,,
,631,101,3,1280,,
,631,122,3,20880,,
,631,132,3,21770,,
,631,181,3,22861,,
,631,19,3,3839,,
,631,214,3,2508,,
,631,22,3,20613,,
,631,223,3,8496,,
,631,267,3,10750,,
,631,271,3,16247,,
,631,274,3,10565,,
,631,281,3,18695,,
,631,337,3,23533,,
,631,343,3,20484,,
,631,344,3,2866,,
,631,358,3,18743,,
,631,364,3,2362,,
,631,55,3,1694,,
,631,78,3,3138,,
,631,91,3,18529,,
,6317,9,3,14802,,
,631A,78,3,21630,,
,632,101,3,5661,,
,632,106,3,3399,,
,632,122,3,9595,,
,632,132,3,10470,,
,632,181,3,15019,,
,632,19,3,16278,,
,632,214,3,19271,,
,632,239,3,16610,,
,632,267,3,8359,,
,632,269,3,14473,,
,632,271,3,21160,,
,632,274,3,1746,,
,632,281,3,12568,,
,632,343,3,1273,,
,632,344,3,4461,,
,632,358,3,6894,,
,632,364,3,17183,,
,632,55,3,23505,,
,632,91,3,17037,,
,632,95,3,5885,,
,6324,9,3,2673,,
,632A,344,3,17781,,
,633,101,3,22178,,
,633,106,3,13939,,
,633,122,3,22100,,
,633,132,3,18280,,
,633,146,3,17254,,
,633,181,3,20550,,
,633,223,3,5504,,
,633,239,3,2834,,
,633,267,3,21115,,
,633,269,3,9002,,
,633,271,3,22732,,
,633,274,3,13594,,
,633,343,3,5551,,
,633,344,3,8867,,
,633,358,3,3823,,
,633,364,3,3306,,
,633,370,3,1411,,
,633,55,3,7433,,
,633,91,3,1340,,
,633.1,327,3,16935,,
,633V,239,3,3598,,
,634,101,3,19963,,
,634,146,3,19929,,
,634,181,3,3713,,
,634,223,3,254,,
,634,239,3,1551,,
,634,26,3,16878,,
,634,269,3,2075,,
,634,271,3,14919,,
,634,274,3,20637,,
,634,299,3,8906,,
,634,343,3,10766,,
,634,344,3,17589,,
,634,370,3,17274,,
,634,55,3,6206,,
,634,78,3,2137,,
,634,91,3,17793,,
,634 / VSL37,337,3,7383,,
,634A,78,3,23594,,
,634V,239,3,17514,,
,635,101,3,19070,,
,635,122,3,4221,,
,635,132,3,22944,,
,635,146,3,6975,,
,635,214,3,15105,,
,635,22,3,4871,,
,635,239,3,10247,,
,635,267,3,6964,,
,635,269,3,2080,,
,635,271,3,13248,,
,635,337,3,21307,,
,635,344,3,18943,,
,635,364,3,639,,
,635,370,3,13469,,
,635,55,3,20740,,
,635,78,3,17537,,
,635,91,3,21964,,
,635.1,327,3,1386,,
,636,101,3,9212,,
,636,106,3,12628,,
,636,132,3,16711,,
,636,181,3,7423,,
,636,214,3,18003,,
,636,22,3,1703,,
,636,223,3,5505,,
,636,239,3,8082,,
,636,267,3,9953,,
,636,269,3,23193,,
,636,274,3,15227,,
,636,343,3,19459,,
,636,344,3,21792,,
,636,352,3,6413,,
,636,370,3,7906,,
,636,55,3,22882,,
,636,78,3,22348,,
,636,8,3,14653,,
,636,91,3,3333,,
,637,122,3,17355,,
,637,132,3,10908,,
,637,181,3,6822,,
,637,214,3,239,,
,637,239,3,1423,,
,637,26,3,20105,,
,637,274,3,2279,,
,637,337,3,15068,,
,637,352,3,15103,,
,637,370,3,1438,,
,637,55,3,1524,,
,637,78,3,8021,,
,637,91,3,19879,,
,638,101,3,7870,,
,638,122,3,10780,,
,638,132,3,10530,,
,638,155,3,15275,,
,638,181,3,6629,,
,638,214,3,12673,,
,638,22,3,6853,,
,638,220,3,16448,,
,638,239,3,11163,,
,638,274,3,2107,,
,638,337,3,5782,,
,638,344,3,14612,,
,638,352,3,21587,,
,638,364,3,20879,,
,638,370,3,7810,,
,638,55,3,13476,,
,638,78,3,2982,,
,638,91,3,5011,,
,6380,9,3,21370,,
,639,101,3,7784,,
,639,122,3,15268,,
,639,132,3,106,,
,639,155,3,13015,,
,639,181,3,20169,,
,639,214,3,17872,,
,639,22,3,3294,,
,639,220,3,15290,,
,639,239,3,15055,,
,639,26,3,21952,,
,639,274,3,4571,,
,639,337,3,14227,,
,639,352,3,5143,,
,639,55,3,16769,,
,639,91,3,17703,,
,639,95,3,994,,
,6396,9,3,13108,,
,63A,186,3,9947,,
,63S,374,3,9945,,
,63S,6,3,22680,,
,63V,35,3,15361,,
,64,118,3,17613,,
,64,129,3,9863,,
,64,132,3,5564,,
,64,173,3,2628,,
,64,186,3,2526,,
,64,194,3,701,,
,64,198,3,8710,,
,64,220,4,9028,,
,64,249,3,14801,,
,64,252,3,6770,,
,64,257,3,5740,,
,64,267,3,19955,,
,64,274,3,20356,,
,64,277,3,255,,
,64,286,3,17346,,
,64,332,3,6326,,
,64,344,3,22980,,
,64,35,3,18683,,
,64,354,3,12744,,
,64,356,3,13151,,
,64,361,3,8749,,
,64,379,3,1451,,
,64,39,3,18696,,
,64,78,3,4259,,
,64,8,3,280,,
,64,95,3,15184,,
,640,106,3,914,,
,640,122,3,8384,,
,640,181,3,16329,,
,640,214,3,21150,,
,640,220,3,10933,,
,640,238,3,8260,,
,640,239,3,85,,
,640,267,3,17356,,
,640,269,3,5037,,
,640,271,3,3710,,
,640,274,3,51,,
,640,280,3,7085,,
,640,327,3,1625,,
,640,343,3,4883,,
,640,344,3,3341,,
,640,352,3,23456,,
,640,354,3,9095,,
,640,364,3,9550,,
,640,379,3,16379,,
,640,42,3,757,,
,640,55,3,12747,,
,640,72,3,22629,,
,640,78,3,17390,,
,640,91,3,4769,,
,640,95,3,18124,,
,640.1,327,3,20658,,
,641,101,3,10156,,
,641,106,3,15014,,
,641,122,3,5807,,
,641,153,3,13959,,
,641,214,3,11973,,
,641,220,3,5976,,
,641,232,3,7542,,
,641,239,3,4429,,
,641,267,3,21794,,
,641,269,3,7268,,
,641,271,3,1648,,
,641,274,3,19984,,
,641,280,3,5785,,
,641,286,3,14104,,
,641,327,3,9369,,
,641,344,3,1369,,
,641,354,3,6757,,
,641,364,3,19977,,
,641,379,3,23546,,
,641,47,3,5204,,
,641,55,3,16882,,
,641,78,3,22917,,
,641,8,3,6459,,
,641K,327,3,20491,,
,642,101,3,1468,,
,642,106,3,14114,,
,642,122,3,16179,,
,642,153,3,4908,,
,642,214,3,15617,,
,642,232,3,23388,,
,642,239,3,18466,,
,642,267,3,16666,,
,642,274,3,4764,,
,642,286,3,16142,,
,642,344,3,9227,,
,642,352,3,21264,,
,642,363,3,2975,,
,642,364,3,13111,,
,642,370,3,7580,,
,642,379,3,21813,,
,642,47,3,4937,,
,642,55,3,5186,,
,642,78,3,3892,,
,642.1,327,3,9925,,
,642.2,327,3,22468,,
,642.3,327,3,4731,,
,642.4,327,3,1896,,
,642.5,327,3,2431,,
,642K,327,3,22414,,
,643,101,3,16821,,
,643,122,3,11140,,
,643,153,3,10285,,
,643,239,3,5766,,
,643,271,3,17865,,
,643,274,3,17232,,
,643,344,3,11307,,
,643,379,3,15143,,
,643,47,3,8174,,
,643,55,3,8299,,
,643V,239,3,19947,,
,644,101,3,11900,,
,644,106,3,9228,,
,644,122,3,14543,,
,644,153,3,15862,,
,644,267,3,4352,,
,644,271,3,21597,,
,644,280,3,16483,,
,644,344,3,17307,,
,644,370,3,7086,,
,644,379,3,23162,,
,644,55,3,11864,,
,645,101,3,7250,,
,645,106,3,15537,,
,645,122,3,7533,,
,645,153,3,20632,,
,645,239,3,2509,,
,645,267,3,13798,,
,645,271,3,20881,,
,645,274,3,18044,,
,645,280,3,7969,,
,645,344,3,11579,,
,645,370,3,10794,,
,645,379,3,20732,,
,645,55,3,5853,,
,646,101,3,10395,,
,646,122,3,23055,,
,646,132,3,1626,,
,646,267,3,10781,,
,646,271,3,9311,,
,646,274,3,22213,,
,646,344,3,10412,,
,646,370,3,12488,,
,646,379,3,8564,,
,647,101,3,4643,,
,647,122,3,16777,,
,647,132,3,17515,,
,647,220,3,9475,,
,647,267,3,9090,,
,647,271,3,13016,,
,647,274,3,17695,,
,647,332,3,9899,,
,647,344,3,2088,,
,647,370,3,2582,,
,647,55,3,3356,,
,648,101,3,21233,,
,648,106,3,4973,,
,648,122,3,2274,,
,648,132,3,17475,,
,648,267,3,2206,,
,648,274,3,1414,,
,648,332,3,10014,,
,648,344,3,20349,,
,648,370,3,18586,,
,648HN,267,3,9604,,
,649,101,3,19162,,
,649,106,3,10607,,
,649,122,3,4675,,
,649,132,3,15202,,
,649,220,3,10985,,
,649,267,3,9539,,
,649,274,3,13617,,
,649,332,3,13999,,
,649,344,3,19619,,
,649,363,3,19211,,
,649,95,3,2232,,
,64A,186,3,18817,,
,64B,186,3,10048,,
,65,118,3,18677,,
,65,129,3,6070,,
,65,132,3,15269,,
,65,173,3,7289,,
,65,176,3,13437,,
,65,181,0,4003,,
,65,194,3,6264,,
,65,198,3,5402,,
,65,220,4,15761,,
,65,249,3,3982,,
,65,252,3,12991,,
,65,260,3,23656,84534B,FFFFFF
,65,274,3,11693,,
,65,277,3,21139,,
,65,286,3,23408,,
,65,303,3,14860,,
,65,314,3,14242,,
,65,332,3,15817,,
,65,344,3,14695,,
,65,35,3,5552,,
,65,354,3,1709,,
,65,356,3,7668,,
,65,361,3,23158,,
,65,6,3,20938,,
,65,61,3,12843,,
,65,78,3,11728,,
,65,8,3,10630,,
,65,95,3,7995,,
,650,117,3,8958,,
,650,122,3,3708,,
,650,153,3,22276,,
,650,214,3,1878,,
,650,223,3,15443,,
,650,238,3,9857,,
,650,239,3,12877,,
,650,274,3,1156,,
,650,352,3,5891,,
,650,354,3,740,,
,650,358,3,5759,,
,650,363,3,18403,,
,650,364,3,8698,,
,650,370,3,18215,,
,650,42,3,3116,,
,650,78,3,13915,,
,650,91,3,20145,,
,650,95,3,5845,,
,650,98,3,13708,,
,650 Rufbus,358,3,6579,,
,6500,220,3,5837,,
,6501,220,3,23048,,
,6502,220,3,16770,,
,6503,220,3,8055,,
,6504,220,3,15284,,
,6505,220,3,13951,,
,6506,220,3,20111,,
,6507,220,3,5324,,
,650A,281,3,8369,,
,650B,281,3,2798,,
,650S,281,3,2198,,
,650V,239,3,23521,,
,651,101,3,4824,,
,651,117,3,13564,,
,651,153,3,9526,,
,651,214,3,13586,,
,651,22,3,13339,,
,651,239,3,12022,,
,651,267,3,9869,,
,651,274,3,22206,,
,651,281,3,4222,,
,651,344,3,19489,,
,651,363,3,12445,,
,651,370,3,8597,,
,651,42,3,1246,,
,651,55,3,11065,,
,651,78,3,12900,,
,651,95,3,22494,,
,651A,78,3,22716,,
,652,101,3,11815,,
,652,117,3,2752,,
,652,120,3,1235,,
,652,144,3,31,,
,652,214,3,10909,,
,652,22,3,11667,,
,652,239,3,17680,,
,652,267,3,16122,,
,652,274,3,419,,
,652,344,3,22596,,
,652,352,3,12618,,
,652,358,3,6771,,
,652,363,3,19518,,
,652,370,3,16667,,
,652,55,3,19199,,
,652,78,3,2585,,
,652 Rufbus,358,3,16218,,
,6520,220,3,82,,
,6525,220,3,8972,,
,6527,220,3,4244,,
,653,101,3,17375,,
,653,106,3,11527,,
,653,120,3,6927,,
,653,132,3,21510,,
,653,144,3,17959,,
,653,239,3,15882,,
,653,274,3,14137,,
,653,281,3,7018,,
,653,344,3,1977,,
,653,363,3,11299,,
,653,370,3,13580,,
,653,55,3,23763,,
,653,78,3,861,,
,6530,220,3,16230,,
,6532,220,3,22160,,
,653A,78,3,13360,,
,654,120,3,2812,,
,654,132,3,9244,,
,654,214,3,11357,,
,654,239,3,3129,,
,654,274,3,3233,,
,654,344,3,20130,,
,654,358,3,18556,,
,654,363,3,22377,,
,654,370,3,22040,,
,654,55,3,3976,,
,654,78,3,16207,,
,654 Rufbus,358,3,2443,,
,6541,220,3,21518,,
,6542,220,3,3530,,
,6543,220,3,17744,,
,6544,220,3,377,,
,6549-AST,220,3,16123,,
,654A,78,3,21133,,
,655,106,3,1912,,
,655,120,3,10902,,
,655,132,3,7692,,
,655,214,3,5565,,
,655,238,3,6115,,
,655,239,3,14504,,
,655,274,3,7663,,
,655,363,3,4165,,
,655,364,3,2999,,
,655,370,3,7327,,
,655,42,3,13581,,
,655,55,3,7729,,
,655,91,3,9390,,
,6550,220,3,11367,,
,6551,220,3,18499,,
,6553,220,3,6917,,
,6554,220,3,9097,,
,6555,220,3,15004,,
,6557,220,3,21763,,
,656,132,3,17453,,
,656,214,3,5958,,
,656,238,3,6670,,
,656,274,3,7854,,
,656,344,3,20385,,
,656,363,3,10760,,
,656,370,3,22207,,
,656,55,3,2990,,
,656,78,3,21333,,
,6560,220,3,13587,,
,657,120,3,3692,,
,657,214,3,11033,,
,657,274,3,12508,,
,657,344,3,19352,,
,657,352,3,3615,,
,657,363,3,1097,,
,657,370,3,8673,,
,657,55,3,11484,,
,658,120,3,23282,,
,658,214,3,9891,,
,658,220,3,6802,,
,658,238,3,13004,,
,658,274,3,4884,,
,658,344,3,20570,,
,658,352,3,21411,,
,658,363,3,16600,,
,658,370,3,22557,,
,658,55,3,3531,,
,6580,220,3,4488,,
,659,106,3,10465,,
,659,117,3,20519,,
,659,214,3,18162,,
,659,274,3,14101,,
,659,344,3,22504,,
,659,352,3,16617,,
,659,363,3,18311,,
,659,370,3,16143,,
,659,55,3,11523,,
,65S,186,3,22163,,
,66,118,3,14276,,
,66,129,3,23492,,
,66,132,3,20530,,
,66,149,3,3088,,
,66,181,0,21712,,
,66,197,3,9757,,
,66,198,3,9758,,
,66,220,4,15327,,
,66,250,3,5483,,
,66,257,3,3581,,
,66,267,3,9991,,
,66,272,3,18240,,
,66,274,3,21972,,
,66,277,3,23633,,
,66,281,3,1212,,
,66,286,3,16584,,
,66,303,3,7202,,
,66,314,3,3832,,
,66,344,3,18898,,
,66,35,3,4275,,
,66,354,3,2554,,
,66,361,3,1067,,
,66,6,3,11611,,
,66,61,3,23753,,
,66,78,3,19870,,
,66,8,3,5634,,
,66,91,3,4866,,
,66,93,3,19988,,
,660,106,3,11524,,
,660,120,3,23194,,
,660,214,3,3109,,
,660,238,3,13152,,
,660,267,3,1933,,
,660,274,3,1598,,
,660,344,3,18759,,
,660,358,3,12404,,
,660,363,3,3388,,
,660,364,3,8149,,
,660,370,3,8736,,
,660,42,3,3357,,
,660,55,3,10971,,
,660,78,3,10581,,
,660S,344,3,14237,,
,661,106,3,1184,,
,661,214,3,3955,,
,661,239,3,785,,
,661,245,3,3173,,
,661,267,3,252,,
,661,274,3,14345,,
,661,286,3,1341,,
,661,344,3,14967,,
,661,352,3,4181,,
,661,354,3,13017,,
,661,355,3,17932,,
,661,358,3,16690,,
,661,363,3,12709,,
,661,364,3,95,,
,661,370,3,15702,,
,661,47,3,13141,,
,661,55,3,5297,,
,661,77,3,20386,,
,661,91,3,1879,,
,661,95,3,23156,,
,6610,220,3,5374,,
,6611,220,3,14614,,
,6611,91,3,14454,,
,6612,220,3,20229,,
,6612,91,3,10550,,
,6613,91,3,22462,,
,6615,220,3,7653,,
,6615,91,3,1501,,
,6619,91,3,1981,,
,662,106,3,22412,,
,662,144,3,21334,,
,662,155,3,3599,,
,662,214,3,13211,,
,662,239,3,21748,,
,662,267,3,10788,,
,662,269,3,13805,,
,662,274,3,19583,,
,662,344,3,22597,,
,662,352,3,17666,,
,662,355,3,23087,,
,662,358,3,14000,,
,662,363,3,19646,,
,662,364,3,13539,,
,662,370,3,4861,,
,662,55,3,3986,,
,662,77,3,5920,,
,662,91,3,4808,,
,6620,220,3,23525,,
,6620,91,3,19353,,
,6621,220,3,17322,,
,6621,91,3,11055,,
,6622,220,3,6052,,
,6622,91,3,23386,,
,6623,91,3,5121,,
,6624,220,3,23504,,
,6624,91,3,15406,,
,6629,91,3,9638,,
,662V,239,3,23305,,
,663,106,3,3603,,
,663,214,3,6882,,
,663,239,3,16828,,
,663,267,3,17723,,
,663,274,3,9067,,
,663,344,3,3165,,
,663,358,3,15949,,
,663,363,3,3523,,
,663,364,3,16524,,
,663,55,3,4788,,
,663,77,3,6480,,
,663,78,3,22801,,
,663,91,3,915,,
,663A,78,3,19415,,
,664,106,3,22877,,
,664,120,3,18899,,
,664,239,3,14930,,
,664,267,3,5367,,
,664,274,3,16972,,
,664,344,3,21721,,
,664,352,3,19430,,
,664,363,3,18653,,
,664,364,3,20761,,
,664,370,3,18523,,
,664,77,3,10562,,
,664V,239,3,4426,,
,665,106,3,16248,,
,665,239,3,20193,,
,665,267,3,21985,,
,665,274,3,19297,,
,665,299,3,1527,,
,665,344,3,347,,
,665,363,3,4166,,
,665,364,3,18663,,
,665,370,3,2762,,
,665,77,3,6453,,
,665,78,3,3406,,
,665E,344,3,16127,,
,666,122,3,7818,,
,666,132,3,23173,,
,666,214,3,14850,,
,666,239,3,13926,,
,666,245,3,11231,,
,666,267,3,3110,,
,666,274,3,11952,,
,666,344,3,18230,,
,666,352,3,22459,,
,666,363,3,9326,,
,666,55,3,9175,,
,666,78,3,745,,
,666,91,3,612,,
,666 SB,361,3,15673,,
,6661,220,3,11300,,
,6663,220,3,5679,,
,6664,220,3,20426,,
,6667,220,3,21371,,
,6668,220,3,7957,,
,6669-AST,220,3,6832,,
,666A,78,3,9111,,
,667,132,3,20494,,
,667,239,3,20321,,
,667,267,3,21053,,
,667,274,3,7686,,
,667,344,3,15691,,
,667,363,3,15117,,
,667,364,3,2230,,
,667,77,3,7742,,
,667,91,3,7362,,
,6671,220,3,20792,,
,6673,220,3,18984,,
,6674,220,3,7448,,
,6675,220,3,17722,,
,668,132,3,10925,,
,668,239,3,14028,,
,668,267,3,142,,
,668,269,3,15228,,
,668,274,3,14881,,
,668,343,3,20474,,
,668,363,3,16444,,
,668,55,3,1566,,
,668,91,3,7012,,
,669,120,3,2674,,
,669,122,3,14185,,
,669,132,3,3315,,
,669,214,3,9892,,
,669,220,3,11628,,
,669,267,3,17981,,
,669,274,3,12717,,
,669,344,3,1844,,
,669,352,3,10488,,
,669,363,3,4919,,
,669,364,3,9010,,
,66A,361,3,11612,,
,66V,35,3,4311,,
,67,129,3,469,,
,67,132,3,4252,,
,67,176,3,23730,,
,67,181,0,20299,,
,67,197,3,19043,,
,67,252,3,6751,,
,67,257,3,10426,,
,67,267,3,1177,,
,67,277,3,683,,
,67,286,3,14808,,
,67,314,3,13917,,
,67,344,3,16177,,
,67,354,3,16864,,
,67,361,3,12769,,
,67,369,3,23042,,
,67,384,0,15309,,
,67,6,3,6116,,
,67,61,3,21857,,
,67,8,3,15937,,
,670,120,3,19995,,
,670,214,3,20888,,
,670,267,3,14706,,
,670,269,3,4034,,
,670,274,3,13716,,
,670,299,3,13918,,
,670,343,3,7319,,
,670,344,3,12629,,
,670,363,3,19288,,
,670,364,3,9488,,
,670,373,3,8959,,
,670,91,3,20087,,
,670,95,3,778,,
,671,106,3,11779,,
,671,120,3,4320,,
,671,144,3,22190,,
,671,181,3,19749,,
,671,214,3,7376,,
,671,233,3,726,,
,671,239,3,6508,,
,671,267,3,10049,,
,671,269,3,15424,,
,671,343,3,3250,,
,671,344,3,22779,,
,671,352,3,20044,,
,671,363,3,15638,,
,671,364,3,22383,,
,671,379,3,5403,,
,671,91,3,8721,,
,672,106,3,9112,,
,672,120,3,12651,,
,672,144,3,12812,,
,672,214,3,14010,,
,672,233,3,21618,,
,672,239,3,16718,,
,672,267,3,6873,,
,672,269,3,13758,,
,672,274,3,18317,,
,672,344,3,5755,,
,672,363,3,7036,,
,672,364,3,4103,,
,672,370,3,17292,,
,672,91,3,23022,,
,673,120,3,3845,,
,673,144,3,8430,,
,673,214,3,3368,,
,673,233,3,10050,,
,673,267,3,7917,,
,673,274,3,1499,,
,673,344,3,13157,,
,673,363,3,21392,,
,673,370,3,19948,,
,673,379,3,17384,,
,673,91,3,13603,,
,674,106,3,4790,,
,674,214,3,8769,,
,674,239,3,21337,,
,674,267,3,10523,,
,674,274,3,13748,,
,674,363,3,13700,,
,674,370,3,1974,,
,675,106,3,22532,,
,675,120,3,17404,,
,675,239,3,13511,,
,675,267,3,2258,,
,675,274,3,16031,,
,675,299,3,7877,,
,675,344,3,14834,,
,675,352,3,21234,,
,675,363,3,8941,,
,675,370,3,13690,,
,676,214,3,4440,,
,676,239,3,6874,,
,676,267,3,9992,,
,676,274,3,16168,,
,676,299,3,3208,,
,676,344,3,8033,,
,676,363,3,17256,,
,676,370,3,8643,,
,676,379,3,10447,,
,676,91,3,6641,,
,677,267,3,1151,,
,677,274,3,5047,,
,677,299,3,677,,
,677,344,3,16889,,
,677,352,3,7392,,
,677,363,3,1810,,
,677,370,3,19057,,
,677,379,3,3154,,
,677,91,3,22293,,
,678,144,3,16110,,
,678,239,3,16730,,
,678,267,3,8931,,
,678,344,3,10026,,
,678,352,3,21828,,
,678,363,3,6022,,
,678,370,3,7936,,
,678,379,3,8277,,
,678,91,3,15216,,
,678.1,379,3,6833,,
,679,144,3,8683,,
,679,239,3,3101,,
,679,274,3,20400,,
,679,344,3,15386,,
,679,363,3,11948,,
,679,370,3,18477,,
,679,95,3,21703,,
,68,118,3,14283,,
,68,129,3,3931,,
,68,132,3,2315,,
,68,173,3,17668,,
,68,181,0,22374,,
,68,194,3,9196,,
,68,197,3,2827,,
,68,198,3,10167,,
,68,220,4,14659,,
,68,252,3,11042,,
,68,272,3,11072,,
,68,277,3,17667,,
,68,286,3,6796,,
,68,344,3,11677,,
,68,35,3,15651,,
,68,361,3,13265,,
,68,369,3,21130,,
,68,382,3,22570,,
,68,384,0,17580,,
,68,58,3,20374,,
,68,6,3,1554,,
,68,61,3,5157,,
,68,8,3,7919,,
,680,106,3,18144,,
,680,120,3,2719,,
,680,214,3,4104,,
,680,239,3,8822,,
,680,245,3,8003,,
,680,269,3,714,,
,680,274,3,17577,,
,680,299,3,4810,,
,680,3,3,23133,,
,680,344,3,16223,,
,680,363,3,2108,,
,680,365,3,1342,,
,680,370,3,12745,,
,680,42,3,4765,,
,680,9,3,8335,,
,680,91,3,20079,,
,680,95,3,7543,,
,680.1,327,3,21282,,
,680.2,327,3,15411,,
,680.3,327,3,10862,,
,680.4,327,3,11246,,
,680.5,327,3,15171,,
,681,146,3,23493,,
,681,214,3,20572,,
,681,222,3,3166,,
,681,239,3,19395,,
,681,245,3,18703,,
,681,267,3,5710,,
,681,274,3,9143,,
,681,3,3,21412,,
,681,344,3,7516,,
,681,352,3,23745,,
,681,358,3,2745,,
,681,363,3,14835,,
,681,370,3,16087,,
,681,91,3,1118,,
,681,95,3,11915,,
,682,106,3,3898,,
,682,146,3,10889,,
,682,214,3,19652,,
,682,222,3,8707,,
,682,239,3,17463,,
,682,245,3,20894,,
,682,267,3,5615,,
,682,274,3,5553,,
,682,3,3,15494,,
,682,344,3,18621,,
,682,352,3,5988,,
,682,363,3,15099,,
,682,370,3,7203,,
,682V,239,3,18340,,
,683,106,3,23534,,
,683,146,3,15118,,
,683,214,3,5008,,
,683,222,3,7187,,
,683,239,3,6925,,
,683,267,3,22476,,
,683,274,3,3234,,
,683,3,3,10717,,
,683,344,3,6467,,
,683,352,3,13651,,
,683,363,3,2934,,
,683V,239,3,20937,,
,684,106,3,21738,,
,684,146,3,8445,,
,684,222,3,5056,,
,684,239,3,5149,,
,684,267,3,21540,,
,684,274,3,23174,,
,684,3,3,13717,,
,684,352,3,11070,,
,684,363,3,4211,,
,684,370,3,8242,,
,685,146,3,22505,,
,685,214,3,13249,,
,685,222,3,8454,,
,685,239,3,20903,,
,685,245,3,877,,
,685,267,3,21427,,
,685,274,3,20733,,
,685,299,3,3121,,
,685,3,3,4142,,
,685,344,3,23484,,
,685,363,3,20616,,
,685,365,3,7069,,
,685,370,3,19193,,
,685,373,3,11877,,
,686,146,3,5542,,
,686,214,3,22031,,
,686,222,3,10614,,
,686,239,3,19989,,
,686,245,3,21441,,
,686,267,3,5925,,
,686,274,3,7263,,
,686,363,3,7996,,
,686,365,3,8127,,
,686,370,3,17209,,
,686,91,3,20933,,
,687,222,3,14558,,
,687,239,3,4401,,
,687,274,3,4831,,
,687,363,3,1093,,
,687,370,3,5494,,
,687,91,3,5177,,
,688,214,3,18455,,
,688,239,3,20949,,
,688,267,3,959,,
,688,274,3,1945,,
,688,344,3,22766,,
,688,363,3,6265,,
,688,365,3,5731,,
,688,370,3,8708,,
,688,91,3,7475,,
,689,106,3,12355,,
,689,200,3,21864,,
,689,222,3,10586,,
,689,267,3,17761,,
,689,274,3,2705,,
,689,327,3,4890,,
,689,344,3,14138,,
,689,363,3,15902,,
,689,370,3,721,,
,689,95,3,20212,,
,68V,35,3,6870,,
,69,129,3,18125,,
,69,176,3,6008,,
,69,198,3,10337,,
,69,250,3,14356,,
,69,275,3,5767,,
,69,277,3,362,,
,69,314,3,10345,,
,69,332,3,13252,,
,69,344,3,5150,,
,69,35,3,4149,,
,69,352,3,4150,,
,69,61,3,13739,,
,690,100,3,7282,,
,690,106,3,17316,,
,690,155,3,16928,,
,690,214,3,6576,,
,690,22,3,941,,
,690,222,3,20398,,
,690,239,3,16712,,
,690,26,3,2791,,
,690,344,3,9450,,
,690,352,3,9464,,
,690,364,3,3630,,
,690,365,3,19528,,
,690,370,3,13427,,
,6900,344,3,11085,,
,6901,344,3,8776,,
,6902,344,3,12369,,
,6903,344,3,14931,,
,6904,344,3,12122,,
,691,100,3,10666,,
,691,106,3,14092,,
,691,129,3,1909,,
,691,155,3,19896,,
,691,222,3,23430,,
,691,233,3,6023,,
,691,239,3,11215,,
,691,26,3,16451,,
,691,267,3,4050,,
,691,344,3,9236,,
,691,352,3,22692,,
,691,364,3,2608,,
,691,370,3,13790,,
,6913,344,3,6139,,
,6914,344,3,5395,,
,691R,267,3,5662,,
,691V,239,3,18852,,
,692,129,3,490,,
,692,155,3,19298,,
,692,200,3,22133,,
,692,22,3,3352,,
,692,222,3,5289,,
,692,233,3,9551,,
,692,239,3,8110,,
,692,26,3,665,,
,692,267,3,10257,,
,692,344,3,3593,,
,692,364,3,20769,,
,692,370,3,9135,,
,6926,344,3,18812,,
,6927,344,3,2347,,
,6928,344,3,23149,,
,693,106,3,13369,,
,693,144,3,5260,,
,693,155,3,15306,,
,693,222,3,9379,,
,693,233,3,2609,,
,693,239,3,22147,,
,693,344,3,13874,,
,693,364,3,17637,,
,693,370,3,1023,,
,693.1,327,3,2544,,
,693.2,327,3,6285,,
,693.3,327,3,1394,,
,693.4,327,3,10298,,
,694,100,3,13281,,
,694,106,3,17524,,
,694,155,3,14015,,
,694,22,3,15168,,
,694,222,3,12592,,
,694,232,3,3453,,
,694,233,3,20976,,
,694,239,3,3089,,
,694,26,3,2832,,
,694,267,3,11555,,
,694,344,3,10729,,
,694,354,3,3326,,
,694,364,3,4752,,
,694,370,3,22717,,
,6940,344,3,18080,,
,6948,344,3,5151,,
,695,100,3,11847,,
,695,155,3,3824,,
,695,22,3,4327,,
,695,222,3,2489,,
,695,233,3,547,,
,695,239,3,23707,,
,695,26,3,15485,,
,695,267,3,23236,,
,695,352,3,5670,,
,695,364,3,14914,,
,695,370,3,7893,,
,695,91,3,15924,,
,695a,100,3,17817,,
,696,100,3,8994,,
,696,155,3,19750,,
,696,22,3,11838,,
,696,222,3,18624,,
,696,233,3,4062,,
,696,239,3,20770,,
,696,344,3,21474,,
,696,364,3,10000,,
,696,373,3,5161,,
,696,91,3,18709,,
,6961,344,3,19511,,
,6962,344,3,14064,,
,6963,344,3,17886,,
,6967,344,3,10597,,
,6968,344,3,17873,,
,697,100,3,11029,,
,697,155,3,6432,,
,697,22,3,21965,,
,697,222,3,22556,,
,697,344,3,4771,,
,697,364,3,13317,,
,6971,344,3,4179,,
,6972,344,3,3488,,
,6973,344,3,2624,,
,6975,344,3,17548,,
,6976,344,3,9614,,
,6977,344,3,8140,,
,698,100,3,5484,,
,698,155,3,13045,,
,698,22,3,12763,,
,698,222,3,14392,,
,698,239,3,12203,,
,698,344,3,414,,
,698,364,3,2734,,
,698.1,354,3,13038,,
,698.2,354,3,22993,,
,6986,344,3,17933,,
,6987,344,3,16304,,
,698V,239,3,11333,,
,699,100,3,1576,,
,699,155,3,3001,,
,699,214,3,4328,,
,699,222,3,7047,,
,699,327,3,15255,,
,699,91,3,13018,,
,6991,344,3,189,,
,6992,344,3,9705,,
,6994,344,3,7114,,
,6998,344,3,11435,,
,6E,361,3,2932,,
,6E,6,0,9113,,
,6V,35,3,20671,,
,6a,173,3,8816,,
,7,111,3,1296,,
,7,118,0,8243,,
,7,125,3,17249,,
,7,129,3,1991,,
,7,132,3,15017,,
,7,137,3,7125,,
,7,14,3,17846,,
,7,141,0,9639,,
,7,142,3,23627,,
,7,147,3,19768,,
,7,149,3,21245,,
,7,158,0,23393,,
,7,161,3,12212,,
,7,173,3,4869,,
,7,181,0,10825,,
,7,192,3,8083,,
,7,201,3,15146,,
,7,22,1,13525,,
,7,220,3,12218,,
,7,233,3,7504,,
,7,244,3,8318,,
,7,249,3,19163,,
,7,257,3,248,,
,7,267,3,15674,,
,7,274,3,22631,,
,7,275,3,11243,,
,7,278,3,11441,,
,7,279,3,11878,,
,7,281,3,5236,,
,7,286,3,6274,,
,7,287,3,8376,,
,7,288,3,1819,,
,7,296,3,4080,,
,7,314,0,1787,,
,7,315,3,8514,,
,7,322,3,8244,,
,7,329,3,2635,,
,7,334,3,3567,,
,7,35,3,22113,,
,7,355,3,5623,,
,7,361,3,2384,,
,7,370,3,6790,,
,7,373,3,17974,,
,7,375,0,17652,,
,7,379,3,20558,,
,7,382,3,3783,,
,7,42,3,806,,
,7,46,3,8116,,
,7,49,3,4046,,
,7,56,3,18895,,
,7,59,3,13800,,
,7,61,0,3469,,
,7,80,3,856,,
,7,91,3,22452,,
,7,93,3,3298,,
,7,95,3,14382,,
,70,104,3,13661,,
,70,118,3,18633,,
,70,124,3,8004,,
,70,129,3,3532,,
,70,132,3,21406,,
,70,163,3,21651,,
,70,173,3,21534,,
,70,186,3,6044,,
,70,194,3,8444,,
,70,249,3,14029,,
,70,252,3,10524,,
,70,267,3,17745,,
,70,278,3,20895,,
,70,303,3,16088,,
,70,314,3,12602,,
,70,335,3,23274,,
,70,344,3,528,,
,70,349,3,23645,,
,70,35,3,7771,,
,70,356,3,4583,,
,70,361,3,4925,,
,70,56,3,23740,,
,70,61,3,10168,,
,70,66,3,438,,
,70,78,3,19152,,
,70,8,3,18797,,
,70,95,3,15420,,
,70.1,132,3,16778,,
,70.2,132,3,3299,,
,70.3,132,3,20140,,
,700,100,3,10024,,
,700,129,3,6680,,
,700,132,3,5123,,
,700,166,3,20495,,
,700,196,3,1885,,
,700,22,3,4948,,
,700,274,3,8014,,
,700,280,3,11462,,
,700,299,3,5983,,
,700,334,3,7424,,
,700,340,3,5278,,
,700,354,3,10299,,
,700,368,3,19810,,
,700,379,3,2270,,
,700,7,3,20781,,
,700,91,3,4654,,
,700,95,3,22738,,
,700,96,3,5768,,
,7000,117,3,3363,,
,7000,48,3,16133,,
,701,100,3,2405,,
,701,129,3,6235,,
,701,132,3,11210,,
,701,166,3,1219,,
,701,173,3,3758,,
,701,181,3,12758,,
,701,196,3,7145,,
,701,213,3,18883,,
,701,218,3,20672,,
,701,22,3,14994,,
,701,239,3,962,,
,701,252,3,20525,,
,701,268,3,16759,,
,701,274,3,7434,,
,701,302,3,4356,,
,701,340,3,6714,,
,701,344,3,8668,,
,701,354,3,14284,,
,701,368,3,17392,,
,701,378,3,21002,,
,701,73,3,4374,,
,701,78,3,3420,,
,701,95,3,11175,,
,701,96,3,4180,,
,7010,117,3,2792,,
,7015,9,3,23394,,
,7016,117,3,8562,,
,7017,117,3,5995,,
,7018,117,3,17934,,
,7019,117,3,14222,,
,701A,78,3,10034,,
,702,100,3,4662,,
,702,129,3,9339,,
,702,132,3,4926,,
,702,153,3,9498,,
,702,166,3,7812,,
,702,173,3,4341,,
,702,181,3,6377,,
,702,206,3,5480,,
,702,232,3,2519,,
,702,239,3,10544,,
,702,268,3,439,,
,702,274,3,9537,,
,702,302,3,14291,,
,702,340,3,10293,,
,702,344,3,8760,,
,702,354,3,12579,,
,702,368,3,18500,,
,702,378,3,20067,,
,702,78,3,21858,,
,702,95,3,3513,,
,702,96,3,22114,,
,7020,117,3,10545,,
,7020,9,3,21552,,
,7021,9,3,15440,,
,7025,9,3,9391,,
,7026,117,3,7258,,
,7027,117,3,16865,,
,7028,117,3,8455,,
,7029,117,3,5385,,
,703,100,3,3740,,
,703,129,3,6282,,
,703,132,3,11164,,
,703,153,3,1952,,
,703,166,3,22740,,
,703,173,3,3375,,
,703,181,3,8220,,
,703,206,3,16771,,
,703,239,3,1836,,
,703,268,3,17145,,
,703,274,3,2469,,
,703,302,3,21308,,
,703,327,3,6620,,
,703,344,3,5800,,
,703,352,3,5247,,
,703,368,3,23341,,
,703,78,3,9127,,
,703,95,3,11803,,
,703,96,3,21939,,
,7030,117,3,19416,,
,7030,9,3,15106,,
,7036,117,3,11176,,
,7037,117,3,6323,,
,7038,117,3,20813,,
,704,100,3,5863,,
,704,129,3,6275,,
,704,132,3,4362,,
,704,173,3,3634,,
,704,181,3,8845,,
,704,206,3,3878,,
,704,213,3,515,,
,704,214,3,15465,,
,704,239,3,20288,,
,704,268,3,23552,,
,704,274,3,1599,,
,704,302,3,22755,,
,704,344,3,23364,,
,704,352,3,11370,,
,704,354,3,3181,,
,704,368,3,4897,,
,704,73,3,7947,,
,704,78,3,12630,,
,704,95,3,9071,,
,704,96,3,4028,,
,7040,117,3,6225,,
,7041,117,3,5962,,
,7045,117,3,22620,,
,7046,117,3,17010,,
,7049,117,3,18913,,
,704A,78,3,19705,,
,705,100,3,23485,,
,705,129,3,12963,,
,705,132,3,1512,,
,705,153,3,17411,,
,705,166,3,23747,,
,705,181,3,19299,,
,705,206,3,2756,,
,705,239,3,12034,,
,705,268,3,2203,,
,705,274,3,15224,,
,705,302,3,22906,,
,705,327,3,12114,,
,705,340,3,7457,,
,705,344,3,11780,,
,705,352,3,17464,,
,705,368,3,4068,,
,705,73,3,22621,,
,705,78,3,6918,,
,705,95,3,17899,,
,705,96,3,11268,,
,7050,117,3,3600,,
,7055,117,3,22551,,
,7056,117,3,10502,,
,7059,117,3,15535,,
,705A,78,3,16208,,
,706,100,3,8000,,
,706,129,3,2275,,
,706,132,3,3915,,
,706,166,3,17380,,
,706,173,3,1992,,
,706,181,3,6561,,
,706,206,3,5168,,
,706,239,3,4260,,
,706,268,3,11506,,
,706,274,3,15554,,
,706,327,3,8986,,
,706,340,3,2343,,
,706,344,3,21194,,
,706,352,3,9917,,
,706,354,3,13348,,
,706,368,3,2652,,
,706,379,3,17107,,
,706,73,3,22439,,
,706,78,3,18395,,
,706,95,3,9032,,
,706,96,3,13793,,
,7060,117,3,9806,,
,7060,354,3,11358,,
,7061,117,3,8699,,
,7062,117,3,11122,,
,7064,117,3,12046,,
,7065,117,3,18520,,
,707,100,3,1491,,
,707,132,3,10027,,
,707,166,3,23043,,
,707,181,3,9082,,
,707,206,3,13207,,
,707,239,3,5115,,
,707,26,3,1046,,
,707,268,3,13184,,
,707,274,3,18786,,
,707,340,3,1112,,
,707,344,3,8984,,
,707,354,3,1220,,
,707,379,3,19875,,
,707,73,3,13673,,
,707,78,3,2363,,
,707,95,3,21413,,
,707,96,3,12631,,
,7070,117,3,9896,,
,7070,354,3,20036,,
,7071,117,3,4415,,
,7075,117,3,23677,,
,7076,117,3,22936,,
,7077,117,3,20124,,
,7078,117,3,7241,,
,707a,100,3,17824,,
,708,129,3,7505,,
,708,132,3,15509,,
,708,181,3,8239,,
,708,206,3,6600,,
,708,239,3,21099,,
,708,274,3,16336,,
,708,302,3,17308,,
,708,327,3,15028,,
,708,340,3,20131,,
,708,344,3,5334,,
,708,368,3,6630,,
,708,73,3,289,,
,708,78,3,5279,,
,708,95,3,4090,,
,708,96,3,20621,,
,7080,117,3,15912,,
,7081,117,3,11499,,
,7082,117,3,23783,,
,7083,117,3,7115,,
,7085,117,3,18524,,
,7086,117,3,23353,,
,7087,117,3,153,,
,7088,117,3,5940,,
,7089,117,3,22937,,
,708V,239,3,22294,,
,709,129,3,18521,,
,709,132,3,576,,
,709,181,3,3068,,
,709,274,3,15107,,
,709,302,3,2479,,
,709,340,3,20072,,
,709,344,3,9408,,
,709,368,3,20237,,
,709,73,3,14397,,
,709,78,3,11983,,
,709,95,3,7937,,
,709,96,3,7757,,
,709A,78,3,1918,,
,70A,186,3,13158,,
,71,111,3,13652,,
,71,117,3,333,,
,71,129,3,8175,,
,71,132,3,8846,,
,71,139,3,1286,,
,71,16,3,884,,
,71,163,3,3730,,
,71,173,3,8554,,
,71,186,3,8154,,
,71,194,3,7901,,
,71,198,3,8240,,
,71,249,3,13225,,
,71,250,3,15225,,
,71,252,3,516,,
,71,257,3,20230,,
,71,267,3,18744,,
,71,274,3,18922,,
,71,277,3,14861,,
,71,278,3,21973,,
,71,303,3,20754,,
,71,314,3,20296,,
,71,335,3,20713,,
,71,344,3,17602,,
,71,35,3,3,,
,71,354,3,13960,,
,71,361,3,6200,,
,71,369,3,22197,,
,71,370,3,13578,,
,71,39,3,11061,,
,71,56,3,22960,,
,71,61,3,21316,,
,71,66,3,1224,,
,71,78,3,971,,
,71,8,3,849,,
,71,93,3,6823,,
,71,95,3,11741,,
,71.1,132,3,2241,,
,71.2,132,3,1567,,
,71.3,132,3,22767,,
,71.5,132,3,12735,,
,71.6,132,3,200,,
,71.7,132,3,15938,,
,71.8,132,3,1860,,
,710,100,3,6834,,
,710,129,3,21502,,
,710,206,3,19949,,
,710,22,3,10230,,
,710,238,3,11319,,
,710,239,3,11079,,
,710,269,3,6257,,
,710,274,3,23467,,
,710,276,3,11776,,
,710,295,3,12788,,
,710,299,3,22761,,
,710,3,3,22700,,
,710,340,3,22810,,
,710,344,3,7123,,
,710,352,3,13266,,
,710,378,3,8267,,
,710,72,3,4549,,
,710,91,3,12938,,
,710,95,3,23416,,
,710,96,3,7171,,
,711,100,3,7468,,
,711,121,3,22224,,
,711,129,3,18537,,
,711,132,3,20213,,
,711,173,3,4655,,
,711,181,3,16266,,
,711,206,3,10682,,
,711,213,3,18358,,
,711,22,3,18341,,
,711,239,3,19697,,
,711,268,3,20597,,
,711,274,3,4914,,
,711,3,3,4609,,
,711,302,3,22662,,
,711,327,3,10978,,
,711,340,3,13694,,
,711,344,3,12892,,
,711,352,3,495,,
,711,354,3,13894,,
,711,370,3,18514,,
,711,378,3,6010,,
,711,379,3,8235,,
,711,78,3,20305,,
,711,91,3,11401,,
,711,95,3,23562,,
,711,96,3,16855,,
,712,100,3,22453,,
,712,121,3,9722,,
,712,129,3,11285,,
,712,132,3,13559,,
,712,166,3,5829,,
,712,181,3,1363,,
,712,206,3,11717,,
,712,213,3,22595,,
,712,268,3,9831,,
,712,274,3,18375,,
,712,3,3,16373,,
,712,344,3,19354,,
,712,352,3,10631,,
,712,378,3,18132,,
,712,379,3,14445,,
,712,91,3,12913,,
,712,95,3,13431,,
,712,96,3,12974,,
,7122,244,3,5616,,
,7122,30,3,16356,,
,7123,30,3,10252,,
,7124,244,3,17716,,
,712R,173,3,1710,,
,713,100,3,3558,,
,713,129,3,654,,
,713,132,3,10372,,
,713,173,3,8929,,
,713,181,3,11071,,
,713,213,3,18492,,
,713,268,3,7641,,
,713,274,3,18625,,
,713,344,3,17704,,
,713,352,3,14795,,
,713,370,3,11500,,
,713,378,3,3128,,
,713,379,3,18599,,
,713,95,3,16974,,
,713,96,3,19020,,
,7130,244,3,1555,,
,7131,244,3,13830,,
,7131,9,3,4685,,
,7132,244,3,20287,,
,7132,9,3,9409,,
,7134,244,3,21981,,
,7135,244,3,12300,,
,7136,244,3,23682,,
,7136,9,3,3235,,
,7137,244,3,6974,,
,714,100,3,1993,,
,714,129,3,17340,,
,714,132,3,20040,,
,714,181,3,7544,,
,714,213,3,10289,,
,714,268,3,18420,,
,714,327,3,107,,
,714,344,3,2539,,
,714,370,3,13466,,
,714,91,3,9830,,
,714,95,3,10358,,
,714,96,3,14072,,
,7141,220,3,18776,,
,7141,244,3,12132,,
,7142,243,3,19359,,
,7142,244,3,415,,
,7143,243,3,16941,,
,7144,243,3,18019,,
,7144,244,3,9683,,
,7146,244,3,21555,,
,7149,243,3,9161,,
,715,100,3,12674,,
,715,132,3,5223,,
,715,166,3,9370,,
,715,206,3,3809,,
,715,213,3,18564,,
,715,22,3,3021,,
,715,239,3,12429,,
,715,26,3,6613,,
,715,268,3,1704,,
,715,269,3,2193,,
,715,274,3,12409,,
,715,352,3,4753,,
,715,91,3,16409,,
,715,95,0,5696,,
,715,95,3,12831,,
,715,96,3,18318,,
,7150,243,3,8261,,
,7150,244,3,18648,,
,7151,244,3,14477,,
,7156,244,3,8685,,
,715A,344,3,21196,,
,715B,344,3,17393,,
,716,129,3,1200,,
,716,132,3,17711,,
,716,166,3,5554,,
,716,173,3,4885,,
,716,206,3,10437,,
,716,26,3,16936,,
,716,274,3,22296,,
,716,302,3,15310,,
,716,352,3,353,,
,716,370,3,22833,,
,716,95,0,2381,,
,716,95,3,14154,,
,716,96,3,14045,,
,7160,244,3,1618,,
,7161,244,3,14748,,
,716A,344,3,17801,,
,716B,344,3,15323,,
,717,129,3,564,,
,717,132,3,10263,,
,717,166,3,14406,,
,717,181,3,8516,,
,717,213,3,8662,,
,717,26,3,5933,,
,717,268,3,3215,,
,717,274,3,13440,,
,717,344,3,1357,,
,717,352,3,3916,,
,717,78,3,10900,,
,717,95,0,5864,,
,717,95,3,11066,,
,717,96,3,12193,,
,717A,78,3,18704,,
,718,129,3,5495,,
,718,132,3,18884,,
,718,166,3,16985,,
,718,213,3,16587,,
,718,26,3,2710,,
,718,274,3,8686,,
,718,344,3,2328,,
,718,95,3,580,,
,718,96,3,18645,,
,719,129,3,1838,,
,719,132,3,10767,,
,719,173,3,5814,,
,719,206,3,15502,,
,719,239,3,7871,,
,719,26,3,22615,,
,719,268,3,19916,,
,719,274,3,14524,,
,719,302,3,8720,,
,719,335,3,1593,,
,719,344,3,21300,,
,719,354,3,15425,,
,719,368,3,14613,,
,719,95,3,21641,,
,719,96,3,13441,,
,71A,186,3,13081,,
,71E,370,3,11662,,
,71F,361,3,19243,,
,71V,35,3,1018,,
,72,11,3,9684,,
,72,111,3,20975,,
,72,118,3,16449,,
,72,129,3,13267,,
,72,132,3,4078,,
,72,139,3,17120,,
,72,173,3,6907,,
,72,176,3,20977,,
,72,194,3,15774,,
,72,220,4,14544,,
,72,249,3,23297,,
,72,250,3,4832,,
,72,252,3,8342,,
,72,257,3,21161,,
,72,267,3,19021,,
,72,274,3,15618,,
,72,277,3,2138,,
,72,278,3,8799,,
,72,303,3,9615,,
,72,314,3,23395,,
,72,334,3,13005,,
,72,335,3,9625,,
,72,35,3,15830,,
,72,352,3,3664,,
,72,356,3,16134,,
,72,361,3,11046,,
,72,370,3,7985,,
,72,39,3,18342,,
,72,56,3,12597,,
,72,61,3,2971,,
,72,78,3,2665,,
,72,8,3,11221,,
,72,93,3,23199,,
,72,95,3,18456,,
,72.1,132,3,10656,,
,72.3,132,3,8176,,
,72.4,132,3,6864,,
,72.5,132,3,9383,,
,72.6,132,3,7606,,
,72.7,132,3,17935,,
,72.8,132,3,21215,,
,72/2,93,3,2653,,
,720,100,3,2357,,
,720,129,3,444,,
,720,132,3,18736,,
,720,153,3,18241,,
,720,166,3,89,,
,720,181,3,14510,,
,720,206,3,2178,,
,720,239,3,22669,,
,720,274,3,7320,,
,720,295,3,22423,,
,720,340,3,14482,,
,720,344,3,13927,,
,720,354,3,20755,,
,720,368,3,8347,,
,720,379,3,10721,,
,720,72,3,23285,,
,720,91,3,22501,,
,720,95,3,8847,,
,720,96,3,6079,,
,7204,280,3,22992,,
,7205,280,3,22318,,
,7208,280,3,6348,,
,721,100,3,14830,,
,721,132,3,4723,,
,721,153,3,21357,,
,721,166,3,23564,,
,721,181,3,14422,,
,721,239,3,19272,,
,721,274,3,20401,,
,721,302,3,9580,,
,721,344,3,4811,,
,721,368,3,11968,,
,721,370,3,20826,,
,721,379,3,13884,,
,721,383,3,16807,,
,721,72,3,1595,,
,721,73,3,20587,,
,721,78,3,12146,,
,721,91,3,21017,,
,721,95,3,4212,,
,721,96,3,19244,,
,7212,280,3,10047,,
,7216,280,3,13056,,
,721A,78,3,14589,,
,721V,239,3,6150,,
,721W,239,3,899,,
,722,100,3,16445,,
,722,129,3,23683,,
,722,132,3,15989,,
,722,166,3,19861,,
,722,181,3,21761,,
,722,214,3,12217,,
,722,239,3,18196,,
,722,266,3,6369,,
,722,344,3,17454,,
,722,354,3,12387,,
,722,368,3,10546,,
,722,379,3,11698,,
,722,383,3,905,,
,722,73,3,17446,,
,722,78,3,8141,,
,722,88,3,20146,,
,722,95,3,7774,,
,722A,78,3,6132,,
,723,100,3,8925,,
,723,129,3,3652,,
,723,132,3,20718,,
,723,173,3,1314,,
,723,181,3,21338,,
,723,214,3,5868,,
,723,239,3,1674,,
,723,302,3,14115,,
,723,344,3,8973,,
,723,354,3,19405,,
,723,368,3,10722,,
,723,383,3,18384,,
,723,73,3,1313,,
,723,78,3,18391,,
,723,81,3,11637,,
,723,88,3,2821,,
,7231,280,3,13112,,
,723A,78,3,12459,,
,724,100,3,21907,,
,724,129,3,14049,,
,724,132,3,9574,,
,724,166,3,19177,,
,724,173,3,6286,,
,724,239,3,19273,,
,724,269,3,9259,,
,724,344,3,3645,,
,724,368,3,13023,,
,724,370,3,4993,,
,724,383,3,12194,,
,724,73,3,1500,,
,724,95,3,4611,,
,7240,280,3,5203,,
,725,129,3,20194,,
,725,132,3,8754,,
,725,166,3,12585,,
,725,213,3,10672,,
,725,239,3,18479,,
,725,274,3,20719,,
,725,344,3,20566,,
,725,352,3,2976,,
,725,354,3,15415,,
,725,370,3,16032,,
,725,379,3,14826,,
,725,383,3,13273,,
,725,73,3,9521,,
,725,78,3,20163,,
,725,91,3,15429,,
,725,95,3,14077,,
,7255,280,3,23088,,
,7257,280,3,23338,,
,7258,280,3,4469,,
,7259,280,3,9312,,
,725V,239,3,1639,,
,726,129,3,23312,,
,726,132,3,12276,,
,726,239,3,8313,,
,726,274,3,1675,,
,726,327,3,9887,,
,726,344,3,981,,
,726,352,3,19585,,
,726,368,3,15540,,
,726,370,3,12859,,
,726,379,3,176,,
,726,383,3,20138,,
,726,73,3,23764,,
,726,80,3,21679,,
,726,88,3,21553,,
,726,91,3,8777,,
,726,95,3,22739,,
,7261,280,3,1113,,
,7262,280,3,12171,,
,7266,349,3,23417,,
,727,129,3,4097,,
,727,132,3,223,,
,727,239,3,9083,,
,727,274,3,14126,,
,727,352,3,12053,,
,727,368,3,9222,,
,727,383,3,22093,,
,727,73,3,6061,,
,727,91,3,15342,,
,727,95,3,1815,,
,727V,239,3,2560,,
,728,129,3,8026,,
,728,132,3,12389,,
,728,173,3,8804,,
,728,239,3,15291,,
,728,274,3,4176,,
,728,322,3,13952,,
,728,344,3,21492,,
,728,352,3,9556,,
,728,368,3,11649,,
,728,383,3,11901,,
,728,73,3,1426,,
,728,78,3,4041,,
,729,129,3,14619,,
,729,132,3,10043,,
,729,173,3,19964,,
,729,239,3,2746,,
,729,274,3,15152,,
,729,352,3,14836,,
,729,383,3,10683,,
,729,73,3,9056,,
,729,95,3,22981,,
,73,111,3,9410,,
,73,118,3,2926,,
,73,129,3,11269,,
,73,132,3,14646,,
,73,139,3,23186,,
,73,147,3,21974,,
,73,173,3,14035,,
,73,176,3,7351,,
,73,194,3,13457,,
,73,220,4,354,,
,73,249,3,7654,,
,73,250,3,14228,,
,73,252,3,18369,,
,73,272,3,12098,,
,73,274,3,1659,,
,73,275,3,15317,,
,73,277,3,23023,,
,73,278,3,5604,,
,73,303,3,548,,
,73,314,3,7986,,
,73,335,3,16484,,
,73,35,3,6681,,
,73,352,3,19098,,
,73,356,3,12858,,
,73,361,3,18355,,
,73,369,3,18515,,
,73,370,3,6575,,
,73,56,3,16380,,
,73,61,3,17334,,
,73,66,3,13109,,
,73,78,3,18944,,
,73,93,3,3836,,
,73,95,3,13361,,
,73.1,132,3,2935,,
,73.2,132,3,666,,
,73.3,132,3,11107,,
,73.4,132,3,3720,,
,730,10,3,15863,,
,730,129,3,6313,,
,730,132,3,13243,,
,730,181,3,17732,,
,730,214,3,23708,,
,730,238,3,14383,,
,730,274,3,1669,,
,730,295,3,17832,,
,730,344,3,8943,,
,730,354,3,19450,,
,730,383,3,7449,,
,730,72,3,19147,,
,730,73,3,16003,,
,730,88,3,4625,,
,730,91,3,23246,,
,730,95,3,12545,,
,7300,280,3,22598,,
,7301,280,3,10025,,
,7302,280,3,13135,,
,7304,280,3,19763,,
,7305,280,3,5534,,
,7306,280,3,13304,,
,7307,280,3,12754,,
,7308,280,3,18152,,
,7309,280,3,5981,,
,731,129,3,2000,,
,731,132,3,19135,,
,731,166,3,4686,,
,731,181,3,3031,,
,731,238,3,14696,,
,731,274,3,5715,,
,731,299,3,11865,,
,731,3,3,6611,,
,731,302,3,5450,,
,731,327,3,5854,,
,731,344,3,22156,,
,731,370,3,7137,,
,731,379,3,19032,,
,731,383,3,14655,,
,731,52,3,17811,,
,731,73,3,16668,,
,731,91,3,18429,,
,731,95,3,16413,,
,7310,280,3,2308,,
,7311,280,3,9663,,
,7312,280,3,21807,,
,7313,280,3,20366,,
,7314,280,3,13318,,
,7317,280,3,6725,,
,7318,280,3,16128,,
,7319,280,3,17219,,
,732,129,3,22244,,
,732,132,3,17498,,
,732,238,3,6768,,
,732,274,3,7119,,
,732,299,3,22398,,
,732,322,3,7785,,
,732,327,3,290,,
,732,344,3,1098,,
,732,368,3,9832,,
,732,383,3,12453,,
,732,73,3,7393,,
,732,91,3,4338,,
,732,95,3,1589,,
,7320,280,3,14238,,
,7321,280,3,11777,,
,7322,280,3,954,,
,7323,280,3,18732,,
,7324,280,3,12010,,
,7325,280,3,11024,,
,7326,280,3,18905,,
,7327,280,3,6092,,
,7328,280,3,12982,,
,7329,280,3,4979,,
,733,129,3,1711,,
,733,132,3,16279,,
,733,153,3,15628,,
,733,166,3,14641,,
,733,173,3,2116,,
,733,181,3,15457,,
,733,220,3,1428,,
,733,238,3,10134,,
,733,266,3,10540,,
,733,274,3,19930,,
,733,299,3,11939,,
,733,322,3,22017,,
,733,352,3,18749,,
,733,383,3,8155,,
,733,52,3,18090,,
,733,73,3,17199,,
,733,95,3,21793,,
,7330,280,3,5941,,
,7331,280,3,17616,,
,7334,280,3,1395,,
,7335,280,3,9003,,
,7336,280,3,5106,,
,7337,280,3,6848,,
,7338,280,3,2844,,
,7339,280,3,4392,,
,733AL,132,3,20573,,
,734,129,3,291,,
,734,132,3,21003,,
,734,166,3,5543,,
,734,173,3,22319,,
,734,181,3,17860,,
,734,238,3,10942,,
,734,274,3,21419,,
,734,327,3,996,,
,734,383,3,1125,,
,734,73,3,2614,,
,734,78,3,18700,,
,734,95,3,10148,,
,7340,280,3,6248,,
,7341,280,3,9193,,
,7342,280,3,6985,,
,7343,280,3,21386,,
,7344,280,3,11892,,
,7345,280,3,12798,,
,7346,280,3,23237,,
,7347,280,3,18954,,
,7348,280,3,22152,,
,735,10,3,23705,,
,735,129,3,2532,,
,735,132,3,16879,,
,735,153,3,6183,,
,735,166,3,6205,,
,735,181,3,18833,,
,735,220,3,8974,,
,735,274,3,16779,,
,735,344,3,18777,,
,735,352,3,2052,,
,735,354,3,17691,,
,735,383,3,21173,,
,735,73,3,8501,,
,735,91,3,13839,,
,735 b,322,3,79,,
,736,10,3,9699,,
,736,129,3,14285,,
,736,166,3,5886,,
,736,181,3,22871,,
,736,220,3,8181,,
,736,238,3,1584,,
,736,274,3,12930,,
,736,327,3,12821,,
,736,344,3,6555,,
,736,352,3,19797,,
,736,383,3,1676,,
,736,73,3,19389,,
,736,91,3,23354,,
,737,10,3,23103,,
,737,132,3,18896,,
,737,166,3,21156,,
,737,173,3,19881,,
,737,181,3,23614,,
,737,220,3,23137,,
,737,274,3,11804,,
,737,327,3,22340,,
,737,344,3,22115,,
,737,352,3,20827,,
,737,368,3,22910,,
,737,383,3,18126,,
,737,73,3,1627,,
,737,91,3,22749,,
,737,95,3,21717,,
,7376,299,3,10874,,
,7377,299,3,10438,,
,7379,299,3,15733,,
,738,129,3,19676,,
,738,166,3,6333,,
,738,181,3,14545,,
,738,274,3,256,,
,738,302,3,14968,,
,738,327,3,21061,,
,738,352,3,20625,,
,738,368,3,9180,,
,738,383,3,12662,,
,738,73,3,9128,,
,7380,299,3,6307,,
,7381,299,3,13517,,
,7382,299,3,22384,,
,7383,299,3,6308,,
,7384,299,3,14151,,
,7385,299,3,2393,,
,7386,299,3,21958,,
,7389,299,3,23615,,
,739,118,3,15281,,
,739,129,3,6721,,
,739,153,3,17656,,
,739,166,3,124,,
,739,173,3,5663,,
,739,206,3,835,,
,739,214,3,3841,,
,739,238,3,10021,,
,739,302,3,12921,,
,739,322,3,10466,,
,739,327,3,19620,,
,739,352,3,7619,,
,739,354,3,4612,,
,739,368,3,4329,,
,739,383,3,10422,,
,7391,111,3,18804,,
,7392,299,3,1568,,
,7394,299,3,21541,,
,7395,299,3,22010,,
,7396,299,3,2558,,
,7397,299,3,21829,,
,73E,35,3,12334,,
,73E,370,3,10667,,
,74,111,3,850,,
,74,118,3,22087,,
,74,129,3,21966,,
,74,132,3,6883,,
,74,173,3,16630,,
,74,176,3,9900,,
,74,186,3,13609,,
,74,194,3,16392,,
,74,214,3,15559,,
,74,218,3,17786,,
,74,249,3,7918,,
,74,252,3,5528,,
,74,257,3,1370,,
,74,274,3,16014,,
,74,303,3,9144,,
,74,314,3,727,,
,74,335,3,2711,,
,74,344,3,20803,,
,74,35,3,18444,,
,74,356,3,15964,,
,74,361,3,11742,,
,74,369,3,20075,,
,74,370,3,16418,,
,74,373,3,2081,,
,74,66,3,10163,,
,74,78,3,13096,,
,74,8,3,7828,,
,74,93,3,7094,,
,74,95,3,15775,,
,74/1,93,3,2076,,
,740,153,3,11590,,
,740,181,3,12656,,
,740,206,3,4287,,
,740,214,3,405,,
,740,22,3,17929,,
,740,238,3,13909,,
,740,268,3,13241,,
,740,274,3,3195,,
,740,302,3,8852,,
,740,322,3,3794,,
,740,354,3,6752,,
,740,379,3,6999,,
,740,91,3,22802,,
,7400,244,3,15644,,
,74001,129,3,19566,,
,74002,129,3,20162,,
,74003,129,3,22415,,
,7401,244,3,17657,,
,7402,244,3,18096,,
,7403,244,3,19469,,
,7404,244,3,11699,,
,7405,244,3,13877,,
,7406,244,3,11005,,
,7408,244,3,3264,,
,7409,244,3,10774,,
,741,129,3,3470,,
,741,132,3,869,,
,741,181,3,21280,,
,741,206,3,5199,,
,741,22,3,18038,,
,741,238,3,6072,,
,741,244,3,12301,,
,741,252,3,4544,,
,741,26,3,10869,,
,741,268,3,8612,,
,741,274,3,14622,,
,741,344,3,9954,,
,741,379,3,8281,,
,741,383,3,7530,,
,741,73,3,851,,
,741,91,3,5972,,
,7410,244,3,17909,,
,7411,244,3,8074,,
,7414,244,3,4757,,
,7415,244,3,23027,,
,7415A,244,3,12344,,
,7415B,244,3,4557,,
,7417,244,3,2918,,
,7418,244,3,509,,
,742,129,3,20496,,
,742,238,3,9852,,
,742,244,3,8848,,
,742,268,3,1851,,
,742,274,3,17210,,
,742,352,3,9313,,
,742,368,3,2231,,
,742,383,3,1185,,
,742,73,3,18906,,
,742,91,3,8182,,
,7421,299,3,2400,,
,7422,299,3,14193,,
,7425,299,3,20876,,
,742TB,132,3,19215,,
,743,129,3,3759,,
,743,166,3,18447,,
,743,206,3,21216,,
,743,238,3,17590,,
,743,268,3,20777,,
,743,274,3,13638,,
,743,322,3,19866,,
,743,344,3,17250,,
,743,368,3,6563,,
,743,383,3,8805,,
,743,73,3,6239,,
,743,91,3,14822,,
,7432,244,3,11139,,
,743TB,132,3,381,,
,744,129,3,18760,,
,744,166,3,18414,,
,744,181,3,17038,,
,744,206,3,20787,,
,744,238,3,960,,
,744,239,3,15203,,
,744,26,3,20238,,
,744,268,3,9596,,
,744,274,3,18158,,
,744,344,3,17591,,
,744,368,3,2097,,
,744,384,3,9411,,
,744,91,3,12665,,
,7440,280,3,11293,,
,7444,280,3,3586,,
,7445,280,3,5224,,
,745,181,3,1693,,
,745,206,3,21800,,
,745,214,3,15046,,
,745,22,3,17096,,
,745,238,3,3741,,
,745,268,3,2253,,
,745,274,3,22525,,
,745,322,3,3860,,
,745,344,3,20793,,
,745,352,3,13504,,
,745,354,3,4891,,
,745,368,3,5063,,
,745,73,3,12075,,
,745,78,3,15801,,
,745,88,3,8221,,
,745,91,3,24,,
,745A,78,3,19279,,
,746,118,3,19090,,
,746,181,3,15769,,
,746,206,3,12534,,
,746,238,3,17762,,
,746,268,3,10100,,
,746,274,3,6609,,
,746,344,3,8684,,
,746,379,3,20297,,
,746,73,3,23029,,
,746,91,3,3271,,
,7462,280,3,14851,,
,747,129,3,17435,,
,747,181,3,14647,,
,747,238,3,12242,,
,747,268,3,9653,,
,747,274,3,4223,,
,747,352,3,9979,,
,747,379,3,3642,,
,747,73,3,2475,,
,747,78,3,5359,,
,747,8,3,21764,,
,747,91,3,23239,,
,7475,280,3,4208,,
,7479,280,3,16871,,
,748,129,3,9813,,
,748,132,3,17184,,
,748,153,3,17794,,
,748,214,3,2394,,
,748,238,3,17224,,
,748,268,3,3002,,
,748,274,3,20856,,
,748,344,3,8236,,
,748,379,3,170,,
,748,73,3,18058,,
,748,78,3,13573,,
,748,91,3,11294,,
,7481,280,3,14546,,
,7484,280,3,7425,,
,7486,280,3,18806,,
,748A,78,3,16541,,
,749,129,3,1475,,
,749,132,3,1578,,
,749,181,3,17465,,
,749,238,3,15613,,
,749,274,3,5640,,
,749,344,3,3731,,
,749,352,3,8730,,
,749,379,3,22284,,
,749,73,3,18245,,
,749,91,3,8853,,
,74A,186,3,1963,,
,74ALT,35,3,23742,,
,74E,185,3,17996,,
,74E,370,3,1467,,
,75,111,3,23657,,
,75,124,3,19615,,
,75,129,3,3052,,
,75,132,3,15256,,
,75,173,3,14586,,
,75,176,3,12179,,
,75,194,3,6213,,
,75,198,3,10448,,
,75,220,4,23120,,
,75,249,3,19077,,
,75,260,3,12263,006D71,FFFFFF
,75,274,3,5904,,
,75,278,3,7172,,
,75,303,3,4550,,
,75,314,3,14023,,
,75,335,3,9314,,
,75,344,3,3732,,
,75,35,3,6986,,
,75,354,3,13185,,
,75,356,3,13993,,
,75,361,3,16095,,
,75,56,3,10427,,
,75,8,3,18672,,
,75.1,132,3,5261,,
,750,11,3,8806,,
,750,129,3,7531,,
,750,132,3,16532,,
,750,153,3,395,,
,750,181,3,12675,,
,750,238,3,21467,,
,750,274,3,22927,,
,750,280,3,18798,,
,750,282,3,1997,,
,750,302,3,10880,,
,750,344,3,6481,,
,750,352,3,14852,,
,750,354,3,6562,,
,750,379,3,6784,,
,750,42,3,15968,,
,750,91,3,13688,,
,750,95,3,21162,,
,750,96,3,9324,,
,7500,220,3,20380,,
,7500,91,3,23074,,
,7503,220,3,7231,,
,7503,91,3,2629,,
,7504,220,3,19136,,
,7504,91,3,11128,,
,7505,220,3,4565,,
,7505,91,3,13009,,
,7506,220,3,23331,,
,7506,91,3,4462,,
,7507,9,3,718,,
,7508,220,3,15619,,
,7508,91,3,14823,,
,7509,91,3,16760,,
,751,118,3,13055,,
,751,132,3,10062,,
,751,180,3,5966,,
,751,181,3,21692,,
,751,238,3,470,,
,751,268,3,23706,,
,751,274,3,9286,,
,751,280,3,18123,,
,751,282,3,17982,,
,751,302,3,1686,,
,751,344,3,16052,,
,751,352,3,22355,,
,751,73,3,20838,,
,751,78,3,2822,,
,751,91,3,20322,,
,751,95,3,17043,,
,751,96,3,19784,,
,751 Altstadtfest,282,3,21305,,
,7513,9,3,5589,,
,7518,93,3,21067,,
,752,132,3,23813,,
,752,181,3,16975,,
,752,238,3,4463,,
,752,268,3,21446,,
,752,274,3,21739,,
,752,280,3,11428,,
,752,282,3,8290,,
,752,344,3,11632,,
,752,379,3,5726,,
,752,73,3,23349,,
,752,91,3,20274,,
,752,95,3,928,,
,752,96,3,7037,,
,752 Altstadtfest,282,3,13749,,
,7522,9,3,9489,,
,753,118,3,18410,,
,753,132,3,15158,,
,753,180,3,11385,,
,753,181,3,11751,,
,753,199,3,14303,,
,753,238,3,3079,,
,753,274,3,10640,,
,753,282,3,108,,
,753,344,3,17303,,
,753,370,3,8726,,
,753,73,3,8755,,
,753,78,3,14888,,
,753,91,3,1831,,
,753,96,3,5375,,
,753 Altstadtfest,282,3,12881,,
,7530,220,3,13841,,
,7530,9,3,16440,,
,7531,9,3,23526,,
,7532,9,3,23396,,
,7533,9,3,8481,,
,7534,299,3,3437,,
,7534,9,3,14648,,
,7535,299,3,6524,,
,7535,9,3,18626,,
,7536,11,3,10511,,
,7537,11,3,463,,
,7538,11,3,8001,,
,7539,11,3,3508,,
,7539,299,3,17910,,
,754,132,3,4872,,
,754,181,3,19153,,
,754,238,3,16565,,
,754,268,3,17983,,
,754,274,3,6809,,
,754,344,3,20633,,
,754,73,3,15584,,
,754,91,3,8817,,
,754,96,3,18062,,
,7540,11,3,19501,,
,7540,220,3,19586,,
,7541,11,3,16872,,
,7542,11,3,9685,,
,7543,299,3,2892,,
,7543,9,3,4459,,
,7544,299,3,18082,,
,7544,9,3,10338,,
,7546,299,3,2776,,
,7549,373,3,10751,,
,755,118,3,14649,,
,755,132,3,9183,,
,755,180,3,13370,,
,755,238,3,6473,,
,755,282,3,5187,,
,755,344,3,3475,,
,755,352,3,12543,,
,755,370,3,2654,,
,755,78,3,17409,,
,755,91,3,23306,,
,755,96,3,9946,,
,755 Altstadtfest,282,3,13310,,
,755-AK,220,3,571,,
,7550,220,3,21642,,
,7550,299,3,3995,,
,7551,220,3,22057,,
,7551,299,3,15787,,
,7552,299,3,19965,,
,7554,299,3,17086,,
,7557,299,3,7535,,
,7558,299,3,16820,,
,756,118,3,19978,,
,756,132,3,6133,,
,756,238,3,9597,,
,756,268,3,6835,,
,756,282,3,5751,,
,756,302,3,4224,,
,756,73,3,4826,,
,756,78,3,10679,,
,756,91,3,4641,,
,756,96,3,7666,,
,756 Altstadtfest,282,3,8156,,
,756-AK,220,3,5999,,
,7562,9,3,1456,,
,7567,299,3,21666,,
,7567,9,3,22632,,
,7567.1,299,3,16459,,
,7568,9,3,14267,,
,7569,373,3,630,,
,7569,9,3,16320,,
,757,118,3,23702,,
,757,180,3,10476,,
,757,238,3,11658,,
,757,268,3,9327,,
,757,344,3,6038,,
,757,73,3,12035,,
,757,78,3,21702,,
,757,91,3,2955,,
,757,96,3,5440,,
,7570,220,3,15473,,
,7570,299,3,10943,,
,7570,9,3,11165,,
,7571,299,3,6073,,
,7571,9,3,12119,,
,7572,373,3,21506,,
,7572,9,3,23519,,
,7573,9,3,12632,,
,7573.1,299,3,14342,,
,7574,9,3,3773,,
,7575,9,3,22446,,
,7576,9,3,17060,,
,7577,9,3,21616,,
,7578,9,3,21814,,
,7579,9,3,1832,,
,758,118,3,292,,
,758,180,3,12054,,
,758,268,3,6557,,
,758,344,3,19333,,
,758,73,3,16631,,
,758,91,3,16011,,
,758,96,3,23577,,
,7580,220,3,3548,,
,7580,9,3,2348,,
,7581,9,3,474,,
,7583,9,3,19502,,
,7584,9,3,14398,,
,7587,299,3,2089,,
,759,118,3,15010,,
,759,180,3,8414,,
,759,268,3,9265,,
,759,269,3,23240,,
,759,274,3,11314,,
,759,282,3,23553,,
,759,302,3,3342,,
,759,344,3,16488,,
,759,73,3,12420,,
,759,96,3,5547,,
,7590,9,3,1517,,
,7591,220,3,4079,,
,7591,9,3,12603,,
,7591,91,3,17771,,
,7592,220,3,9940,,
,7592,9,3,109,,
,7592,91,3,17326,,
,7593,9,3,13198,,
,7599,9,3,6011,,
,75A,186,3,23678,,
,75S,186,3,22341,,
,76,111,3,12958,,
,76,129,3,8727,,
,76,132,3,7534,,
,76,147,3,22931,,
,76,173,3,135,,
,76,194,3,21330,,
,76,249,3,8967,,
,76,252,3,15318,,
,76,274,3,8323,,
,76,275,3,2349,,
,76,278,3,8517,,
,76,303,3,12017,,
,76,314,3,5460,,
,76,344,3,13242,,
,76,352,3,20259,,
,76,354,3,14755,,
,76,369,3,2291,,
,76,370,3,18945,,
,76,56,3,22062,,
,76,66,3,3854,,
,76,78,3,1619,,
,76,93,3,6810,,
,760,118,3,2513,,
,760,132,3,23658,,
,760,181,3,16004,,
,760,213,3,15997,,
,760,214,3,13795,,
,760,22,3,1343,,
,760,269,3,5103,,
,760,274,3,23049,,
,760,354,3,10,,
,760,379,3,12941,,
,760,42,3,15373,,
,760,73,3,16219,,
,760,78,3,1404,,
,760,88,3,4613,,
,760,91,3,3568,,
,760,96,3,11601,,
,7600,220,3,17472,,
,7600,9,3,1760,,
,7601,111,3,12350,,
,7605,111,3,13983,,
,7606,299,3,12886,,
,7609,91,3,22825,,
,7609-AST,220,3,5608,,
,760A,78,3,12770,,
,761,118,3,15311,,
,761,132,3,21361,,
,761,180,3,20359,,
,761,181,3,7862,,
,761,274,3,13452,,
,761,344,3,18819,,
,761,352,3,16260,,
,761,370,3,7458,,
,761,73,3,799,,
,761,78,3,16173,,
,761,91,3,22069,,
,761,96,3,1634,,
,7611,111,3,9062,,
,7612,111,3,6486,,
,7613,111,3,9459,,
,7615,111,3,500,,
,7616,111,3,10535,,
,761A,78,3,2515,,
,762,118,3,5808,,
,762,132,3,10494,,
,762,166,3,6004,,
,762,180,3,4819,,
,762,181,3,12446,,
,762,268,3,23768,,
,762,274,3,16236,,
,762,282,3,9240,,
,762,344,3,13340,,
,762,370,3,10566,,
,762,91,3,17436,,
,762 Altstadtfest,282,3,20480,,
,7623,111,3,1332,,
,7623A,111,3,800,,
,7625,111,3,3444,,
,7626,111,3,13888,,
,7626A,111,3,19545,,
,7627,111,3,3032,,
,7628,111,3,3905,,
,7629,111,3,19094,,
,7629A,111,3,20214,,
,763,132,3,5169,,
,763,166,3,6736,,
,763,173,3,16015,,
,763,180,3,14085,,
,763,181,3,20950,,
,763,344,3,22264,,
,763,370,3,6951,,
,763,78,3,1751,,
,763,91,3,2179,,
,763,96,3,12832,,
,7630,9,3,15856,,
,7631,9,3,4005,,
,7632,9,3,13621,,
,7633,111,3,23217,,
,7633,9,3,337,,
,7634,9,3,6717,,
,7635,111,3,20402,,
,7635,299,3,58,,
,7635,9,3,5874,,
,7636,9,3,10512,,
,7637,9,3,21175,,
,7638,9,3,22373,,
,7639,9,3,20533,,
,763A,78,3,19078,,
,764,118,3,15486,,
,764,132,3,23450,,
,764,180,3,69,,
,764,181,3,18099,,
,764,220,3,11885,,
,764,268,3,10689,,
,764,274,3,9252,,
,764,352,3,20141,,
,764,78,3,20833,,
,764,91,3,2747,,
,764,96,3,18848,,
,7640,9,3,15133,,
,7643,299,3,2303,,
,7644,111,3,10351,,
,7644,299,3,22844,,
,765,118,3,17169,,
,765,153,3,3433,,
,765,180,3,7290,,
,765,220,3,22121,,
,765,274,3,13371,,
,765,344,3,6443,,
,765,352,3,18329,,
,765,78,3,16713,,
,765,91,3,14972,,
,765,96,3,5830,,
,7650,220,3,18223,,
,7651,220,3,8052,,
,766,118,3,9188,,
,766,180,3,23620,,
,766,181,3,10373,,
,766,268,3,19593,,
,766,379,3,18319,,
,766,78,3,17964,,
,766,91,3,16611,,
,766,96,3,22122,,
,7660,220,3,17020,,
,7662,299,3,4809,,
,766A,78,3,15876,,
,767,118,3,5335,,
,767,180,3,792,,
,767,181,3,20642,,
,767,344,3,18989,,
,767,379,3,11450,,
,767,91,3,19091,,
,7670,220,3,3465,,
,7671,220,3,11229,,
,768,181,3,13821,,
,768,344,3,14333,,
,768,352,3,13049,,
,768,91,3,16460,,
,768,96,3,304,,
,7680,220,3,16533,,
,768A,78,3,18993,,
,769,118,3,4230,,
,769,132,3,10327,,
,769,173,3,3904,,
,769,181,3,19745,,
,769,220,3,2675,,
,769,78,3,1938,,
,769,96,3,1833,,
,7696,93,3,23541,,
,7698,93,3,5152,,
,76A,186,3,577,,
,76E,370,3,5786,,
,76S,186,3,14551,,
,77,111,3,491,,
,77,118,3,19126,,
,77,129,3,9822,,
,77,132,3,1396,,
,77,149,3,14786,,
,77,173,3,5959,,
,77,194,3,14974,,
,77,267,3,15365,,
,77,274,3,18224,,
,77,278,3,1019,,
,77,303,3,7274,,
,77,314,3,11916,,
,77,334,3,17331,,
,77,354,3,20814,,
,77,370,3,1390,,
,77,56,3,1729,,
,77,78,3,1748,,
,77,80,3,6134,,
,77,91,3,4146,,
,77,93,3,7135,,
,770,132,3,13940,,
,770,181,3,13827,,
,770,268,3,22140,,
,770,269,3,19114,,
,770,352,3,4748,,
,770,370,3,4745,,
,770,42,3,12627,,
,770,73,3,9295,,
,770,78,3,722,,
,770,8,3,21946,,
,770,91,3,14116,,
,770,96,3,23499,,
,7700,220,3,6631,,
,7700,9,3,19908,,
,7701,220,3,20500,,
,7705,220,3,10730,,
,771,118,3,17482,,
,771,132,3,7243,,
,771,239,3,13961,,
,771,268,3,16605,,
,771,269,3,20279,,
,771,344,3,19164,,
,771,370,3,18300,,
,771,73,3,4253,,
,771,8,3,6207,,
,771,91,3,4690,,
,771,96,3,5158,,
,772,118,3,17170,,
,772,132,3,22585,,
,772,181,3,1012,,
,772,239,3,16419,,
,772,269,3,6937,,
,772,344,3,23056,,
,772,370,3,23468,,
,772,73,3,23089,,
,772,91,3,14093,,
,772,96,3,7651,,
,7720,220,3,5441,,
,7722,220,3,16601,,
,7725,220,3,10950,,
,772V,239,3,6785,,
,773,118,3,23389,,
,773,132,3,6656,,
,773,181,3,10795,,
,773,370,3,17348,,
,773,73,3,4312,,
,773,78,3,9557,,
,773,91,3,4785,,
,773,96,3,21414,,
,773A,78,3,3013,,
,774,118,3,5716,,
,774,132,3,20923,,
,774,220,3,12846,,
,774,269,3,22578,,
,774,352,3,16437,,
,774,370,3,17787,,
,774,73,3,773,,
,774,91,3,22616,,
,774,96,3,5723,,
,775,118,3,183,,
,775,269,3,23741,,
,775,352,3,16246,,
,775,42,3,9736,,
,775,91,3,21325,,
,7751,220,3,10826,,
,7751,91,3,21784,,
,7752,220,3,6585,,
,7752,91,3,5522,,
,7753,220,3,14779,,
,7753,91,3,13701,,
,776,118,3,8084,,
,776,132,3,16005,,
,776,220,3,22094,,
,776,370,3,1785,,
,776,73,3,2885,,
,776,78,3,17207,,
,7760,9,3,17681,,
,7761,9,3,14875,,
,7762,9,3,12430,,
,7763,9,3,23629,,
,777,118,3,18052,,
,777,132,3,21283,,
,777,223,3,13724,,
,777,268,3,5760,,
,777,269,3,1461,,
,777,274,3,12133,,
,777,301,3,5318,,
,7770,9,3,4231,,
,778,118,3,14030,,
,778,223,3,8680,,
,778,268,3,16042,,
,778,269,3,16267,,
,778,73,3,7211,,
,7782,244,3,18457,,
,7784,244,3,306,,
,7787,244,3,2110,,
,7788,244,3,7596,,
,778A,111,3,13610,,
,779,118,3,3760,,
,779,268,3,23731,,
,779,73,3,16455,,
,7794,269,3,8826,,
,78,111,3,885,,
,78,118,3,18153,,
,78,129,3,18714,,
,78,132,3,8694,,
,78,176,3,753,,
,78,194,3,8479,,
,78,198,3,9631,,
,78,252,3,3307,,
,78,274,3,19148,,
,78,275,3,4321,,
,78,278,3,3733,,
,78,303,3,16294,,
,78,334,3,20486,,
,78,344,3,16071,,
,78,354,3,11618,,
,78,361,3,22623,,
,78,369,3,3702,,
,78,382,3,21682,,
,78,56,3,12517,,
,78,66,3,4772,,
,78,91,3,945,,
,78.1,132,3,13623,,
,78.2,132,3,5376,,
,78.3,132,3,4091,,
,780,118,3,10231,,
,780,132,3,13496,,
,780,22,3,17178,,
,780,223,3,9245,,
,780,73,3,22019,,
,780,78,3,621,,
,780,91,3,9965,,
,781,118,3,13895,,
,781,180,3,20605,,
,781,213,3,16079,,
,781,220,3,15029,,
,781,223,3,10328,,
,781,370,3,10731,,
,781,73,3,7741,,
,781,91,3,20289,,
,782,101,3,9777,,
,782,118,3,1347,,
,782,132,3,18678,,
,782,180,3,11273,,
,782,213,3,12619,,
,782,223,3,997,,
,782,239,3,125,,
,782,268,3,9517,,
,782,344,3,801,,
,782,354,3,13129,,
,782,370,3,8791,,
,782,73,3,9073,,
,782,78,3,17133,,
,782,91,3,21183,,
,783,118,3,20441,,
,783,132,3,4534,,
,783,180,3,20132,,
,783,213,3,19366,,
,783,223,3,10015,,
,783,370,3,8166,,
,783,73,3,7126,,
,783,78,3,1797,,
,783,91,3,17682,,
,784,118,3,3879,,
,784,132,3,12667,,
,784,180,3,21250,,
,784,213,3,20794,,
,784,223,3,5225,,
,784,73,3,21293,,
,784,91,3,363,,
,7846,93,3,7102,,
,785,118,3,11839,,
,785,132,3,16873,,
,785,153,3,779,,
,785,180,3,6171,,
,785,22,3,5319,,
,785,223,3,16072,,
,785,239,3,22245,,
,785,268,3,4644,,
,785,352,3,2595,,
,785,73,3,15843,,
,785,91,3,6614,,
,785-AK,220,3,12679,,
,786,118,3,23737,,
,786,132,3,6045,,
,786,153,3,22961,,
,786,223,3,19417,,
,786,268,3,5107,,
,786,352,3,17658,,
,786,73,3,7841,,
,786,91,3,5104,,
,7864,93,3,7830,,
,7865,93,3,1845,,
,7865/2,93,3,15134,,
,7865/8,93,3,2816,,
,7866,93,3,15980,,
,7867,93,3,12992,,
,7867/1,93,3,14599,,
,7867/8,93,3,17143,,
,7869,93,3,21967,,
,7869/1,93,3,13799,,
,787,118,3,15653,,
,787,268,3,18668,,
,787,73,3,2933,,
,787,91,3,4576,,
,7871,93,3,18406,,
,788,118,3,11187,,
,788,132,3,15181,,
,788,268,3,17997,,
,788,301,3,3604,,
,788,73,3,14308,,
,788,88,3,19194,,
,789,118,3,7676,,
,789,132,3,21870,,
,789,301,3,19650,,
,789,73,3,4980,,
,789,88,3,15585,,
,789,96,3,1403,,
,79,111,3,2262,,
,79,118,3,5680,,
,79,129,3,9941,,
,79,132,3,11797,,
,79,173,3,5749,,
,79,176,3,11650,,
,79,198,3,5083,,
,79,267,3,17361,,
,79,274,3,6172,,
,79,314,3,18277,,
,79,334,3,19003,,
,79,344,3,307,,
,79,352,3,728,,
,79,361,3,13896,,
,79,93,3,4473,,
,79.1,132,3,22780,,
,790,118,3,13118,,
,790,132,3,2793,,
,790,20,3,22469,73D700,FFFFFF
,790,206,3,3111,,
,790,238,3,7200,,
,790,301,3,5021,,
,790,354,3,12460,,
,790,379,3,22208,,
,790,73,3,18718,,
,790,78,3,21604,,
,790,91,3,23418,,
,790,96,3,2233,,
,7900,220,3,3616,,
,7900,344,3,21933,,
,7907,344,3,11091,,
,7908,344,3,1047,,
,7909,344,3,16273,,
,791,111,3,8469,,
,791,118,3,9465,,
,791,153,3,1902,,
,791,238,3,1264,,
,791,239,3,177,,
,791,268,3,22523,,
,791,274,3,16789,,
,791,299,3,2936,,
,791,301,3,23361,,
,791,344,3,21663,,
,791,379,3,21197,,
,791,73,3,9253,,
,791,91,3,9114,,
,791,96,3,9636,,
,7910,344,3,16641,,
,7911,344,3,9287,,
,7912,344,3,11688,,
,7915,220,3,6615,,
,791V,239,3,21730,,
,792,111,3,17905,,
,792,118,3,11216,,
,792,132,3,18634,,
,792,153,3,3810,,
,792,223,3,11347,,
,792,238,3,7027,,
,792,268,3,15069,,
,792,274,3,2432,,
,792,299,3,13325,,
,792,344,3,16144,,
,792,379,3,19190,,
,792,73,3,11211,,
,792,91,3,3407,,
,792,96,3,14719,,
,7920,220,3,16240,,
,7921,220,3,13723,,
,7921,344,3,19851,,
,7922,220,3,7819,,
,7922,93,3,9197,,
,7923,344,3,7017,,
,7925,344,3,17853,,
,7926,344,3,17284,,
,7929,344,3,5584,,
,793,118,3,659,,
,793,153,3,18579,,
,793,220,3,1525,,
,793,223,3,10573,,
,793,238,3,2102,,
,793,274,3,21999,,
,793,299,3,18587,,
,793,344,3,20467,,
,793,91,3,20526,,
,793,96,3,15729,,
,7930,220,3,10067,,
,7932,344,3,15257,,
,7933,344,3,21100,,
,7934,344,3,13385,,
,7935,344,3,9229,,
,7938,244,3,15925,,
,794,118,3,14909,,
,794,132,3,20323,,
,794,153,3,9270,,
,794,220,3,19764,,
,794,223,3,21542,,
,794,238,3,13967,,
,794,268,3,4806,,
,794,274,3,6589,,
,794,299,3,3010,,
,794,344,3,12370,,
,794,96,3,20088,,
,795,118,3,11177,,
,795,238,3,1103,,
,795,274,3,2065,,
,795,344,3,2364,,
,795,91,3,12147,,
,795,96,3,9385,,
,7950,220,3,19219,,
,7950,344,3,18829,,
,7955,344,3,6710,,
,7956,344,3,8352,,
,7958,344,3,14117,,
,7959,344,3,18157,,
,796,118,3,11145,,
,796,220,3,807,,
,796,223,3,11879,,
,796,238,3,18572,,
,796,274,3,19396,,
,796,344,3,12310,,
,796,88,3,7314,,
,796,91,3,4954,,
,7960,344,3,10253,,
,7961,220,3,6727,,
,7961,91,3,22399,,
,7962,220,3,6728,,
,7962,91,3,5089,,
,7969,91,3,7058,,
,797,118,3,12784,,
,797,223,3,7364,,
,797,232,3,15682,,
,797,238,3,14181,,
,797,344,3,21309,,
,797,354,3,5268,,
,797,88,3,11123,,
,797,91,3,13648,,
,797,96,3,10804,,
,7970,220,3,9337,,
,7971,220,3,21095,,
,7972,220,3,2285,,
,7973,220,3,2809,,
,7975,220,3,18204,,
,7977,220,3,1967,,
,798,223,3,17581,,
,798,232,3,19262,,
,798,344,3,22329,,
,798,88,3,3855,,
,798,91,3,21317,,
,7980,220,3,23028,,
,799,238,3,14277,,
,799,344,3,21147,,
,799,91,3,9306,,
,7A,299,3,18107,,
,7ALT,35,3,6299,,
,7E,361,3,17469,,
,7V,35,3,8932,,
,7a,173,3,5609,,
,7a,71,3,4558,,
,7a,93,3,8137,,
,7b,71,3,741,,
,8,11,3,1236,,
,8,111,3,15205,,
,8,118,0,9589,,
,8,125,3,9559,,
,8,129,3,13290,,
,8,137,3,12055,,
,8,14,3,16772,,
,8,141,0,9011,,
,8,142,3,6262,,
,8,147,3,22047,,
,8,149,3,10743,,
,8,158,0,5914,E3000B,FFFFFF
,8,158,3,900,8A1478,FFFFFF
,8,16,3,17815,,
,8,161,3,15981,,
,8,173,3,17767,,
,8,192,3,6737,,
,8,22,1,12093,,
,8,220,3,20350,,
,8,226,3,10389,,
,8,233,3,10314,,
,8,249,3,7356,,
,8,250,0,6642,,
,8,258,3,13807,,
,8,267,3,5950,,
,8,274,3,11528,,
,8,275,3,640,,
,8,276,3,2879,,
,8,278,3,4530,,
,8,279,3,22265,,
,8,281,3,8463,,
,8,286,3,17208,,
,8,287,3,2226,,
,8,296,3,19440,,
,8,314,0,16929,,
,8,329,3,22718,,
,8,334,3,21771,,
,8,35,3,16049,,
,8,354,3,7054,,
,8,355,3,2817,,
,8,361,3,12390,,
,8,370,3,4086,,
,8,375,0,10058,,
,8,379,3,21054,,
,8,42,3,929,,
,8,46,3,14910,,
,8,49,3,21795,,
,8,56,3,12099,,
,8,6,0,22419,95C11F,FFFFFF
,8,61,0,18994,,
,8,91,3,6763,,
,8,95,3,16790,,
,8 A,59,3,2945,,
,8 B,59,3,4375,,
,8/1,322,3,19050,,
,8/2,322,3,10207,,
,8/32,361,3,19817,,
,80,11,3,14525,,
,80,118,3,1040,,
,80,124,3,20512,,
,80,129,3,9460,,
,80,132,3,21322,,
,80,139,3,16496,,
,80,147,3,6283,,
,80,194,3,2880,,
,80,198,3,22356,,
,80,249,3,21631,,
,80,252,3,10401,,
,80,260,3,12063,A9AD55,
,80,274,3,334,,
,80,277,3,18480,,
,80,303,3,20844,,
,80,314,3,19423,,
,80,344,3,19200,,
,80,35,3,21041,,
,80,354,3,12847,,
,80,369,3,23168,,
,80,56,3,12569,,
,80,6,3,22253,,
,80,78,3,18710,,
,80,8,3,5831,,
,80,84,3,10461,,
,80,95,3,22733,,
,80.1,132,3,16967,,
,80.2,132,3,23121,,
,80.3,132,3,14026,,
,800,132,3,17103,,
,800,181,3,9980,,
,800,201,3,6405,,
,800,214,3,1886,,
,800,22,3,20164,,
,800,223,3,8778,,
,800,245,3,16261,,
,800,257,3,22781,,
,800,272,3,10632,,
,800,274,3,19823,,
,800,280,3,9621,,
,800,298,3,13725,,
,800,299,3,7659,,
,800,334,3,8486,,
,800,342,3,4509,,
,800,343,3,12184,,
,800,344,3,3139,,
,800,354,3,15217,,
,800,378,3,16399,,
,800,74,3,17638,,
,800,91,3,20089,,
,800,95,0,15403,,
,800,95,3,3476,,
,8000,239,3,678,,
,8000,48,3,12185,,
,8001,48,3,22775,,
,8002,48,3,20989,,
,8003,48,3,3608,,
,8004,48,3,15869,,
,8005,48,3,10641,,
,8006,48,3,14663,,
,801,132,3,315,,
,801,180,3,6080,,
,801,181,3,10619,,
,801,201,3,8075,,
,801,214,3,17692,,
,801,22,3,4196,,
,801,223,3,23777,,
,801,238,3,11348,,
,801,252,3,22599,,
,801,256,3,1585,,
,801,269,3,7453,,
,801,274,3,3767,,
,801,298,3,16976,,
,801,344,3,12739,,
,801,378,3,8747,,
,801,379,3,7272,,
,801,91,3,17847,,
,801,95,0,15717,,
,801.1,26,3,283,,
,801.2,26,3,16746,,
,802,132,3,10218,,
,802,180,3,6046,,
,802,181,3,4645,,
,802,201,3,2927,,
,802,214,3,21253,,
,802,22,3,17717,,
,802,223,3,13282,,
,802,238,3,2906,,
,802,256,3,9724,,
,802,274,3,4975,,
,802,298,3,23754,,
,802,327,3,2666,,
,802,344,3,12901,,
,802,378,3,17066,,
,802,379,3,3678,,
,802,95,0,13847,,
,803,132,3,11998,,
,803,166,3,13768,,
,803,180,3,9173,,
,803,214,3,7469,,
,803,238,3,19526,,
,803,239,3,18481,,
,803,256,3,16633,,
,803,273,3,18778,,
,803,274,3,4886,,
,803,298,3,5116,,
,803,327,3,22959,,
,803,344,3,862,,
,803,378,3,1939,,
,803,379,3,14955,,
,803,95,0,10737,,
,804,132,3,6542,,
,804,166,3,8926,,
,804,180,3,14006,,
,804,223,3,20918,,
,804,238,3,15831,,
,804,239,3,1569,,
,804,256,3,21219,,
,804,273,3,14831,,
,804,274,3,6671,,
,804,298,3,1439,,
,804,327,3,9558,,
,804,344,3,20655,,
,804,378,3,12959,,
,804,379,3,6468,,
,804,95,0,2024,,
,805,132,3,17603,,
,805,166,3,23169,,
,805,180,3,23191,,
,805,181,3,26,,
,805,214,3,15614,,
,805,223,3,22380,,
,805,238,3,9338,,
,805,239,3,1743,,
,805,256,3,8827,,
,805,273,3,12232,,
,805,274,3,23630,,
,805,298,3,20646,,
,805,327,3,16577,,
,805,344,3,17391,,
,805,378,3,22249,,
,805,73,3,15075,,
,805,78,3,4898,,
,805,95,3,10439,,
,806,180,3,15930,,
,806,181,3,10182,,
,806,214,3,9934,,
,806,223,3,8593,,
,806,238,3,1457,,
,806,256,3,3061,,
,806,273,3,13629,,
,806,274,3,4856,,
,806,298,3,11638,,
,806,344,3,17578,,
,806,91,3,10718,,
,806,95,0,15804,,
,806,95,3,5396,,
,807,132,3,12780,,
,807,166,3,669,,
,807,180,3,20771,,
,807,181,3,3640,,
,807,223,3,16461,,
,807,238,3,8828,,
,807,239,3,21335,,
,807,256,3,18705,,
,807,273,3,7987,,
,807,274,3,8005,,
,807,298,3,19847,,
,807,327,3,12400,,
,807,344,3,12931,,
,807,73,3,6729,,
,807,78,3,17339,,
,807,91,3,12942,,
,807,95,3,10495,,
,8073,233,3,10938,,
,808,166,3,1613,,
,808,181,3,16965,,
,808,223,3,21062,,
,808,238,3,14162,,
,808,256,3,5842,,
,808,273,3,4870,,
,808,274,3,3561,,
,808,298,3,6970,,
,808,344,3,2516,,
,808,78,3,2385,,
,808,91,3,3211,,
,808,95,3,14225,,
,808A,78,3,7273,,
,809,132,3,23163,,
,809,166,3,10379,,
,809,180,3,20682,,
,809,181,3,12383,,
,809,238,3,15052,,
,809,239,3,583,,
,809,273,3,12172,,
,809,274,3,1469,,
,809,298,3,9801,,
,809,344,3,10428,,
,809,78,3,4151,,
,809,91,3,3974,,
,809,95,0,12736,,
,809A,78,3,10083,,
,809V,239,3,19765,,
,81,118,3,14086,,
,81,147,3,13968,,
,81,16,3,12100,,
,81,176,3,22989,,
,81,186,3,4470,,
,81,194,3,22855,,
,81,198,3,17412,,
,81,249,3,23397,,
,81,274,3,1135,,
,81,275,3,18724,,
,81,277,3,19625,,
,81,278,3,10110,,
,81,314,3,15067,,
,81,315,3,21664,,
,81,332,3,13130,,
,81,334,3,7106,,
,81,344,3,17500,,
,81,345,3,23667,,
,81,354,3,10903,,
,81,361,3,19770,,
,81,370,3,2057,,
,81,6,3,16915,,
,81,61,3,13291,,
,81,78,3,8818,,
,81,93,3,2670,,
,81,95,3,17148,,
,810,108,3,910,,
,810,129,3,13702,,
,810,132,3,21034,,
,810,180,3,12180,,
,810,181,3,10035,,
,810,232,3,7552,,
,810,238,3,11222,,
,810,239,3,7384,,
,810,245,3,19119,,
,810,256,3,3987,,
,810,273,3,1528,,
,810,274,3,3167,,
,810,280,3,12123,,
,810,298,3,21934,,
,810,334,3,14016,,
,810,343,3,13713,,
,810,352,3,22813,,
,810,354,3,15402,,
,810,378,3,11906,,
,810,72,3,3030,,
,810,73,3,2642,,
,810,74,3,14526,,
,810,9,3,8097,,
,810,91,3,5535,,
,810,95,0,1941,,
,810 (VLC) / 5 (RVV),272,3,12620,,
,8101,220,3,10317,,
,8101,379,3,1747,,
,8101,48,3,12518,,
,8102,220,3,12813,,
,8102,9,3,2077,,
,8103,220,3,12764,,
,8103,48,3,532,,
,8104,220,3,3209,,
,8104,48,3,11092,,
,8105,220,3,16754,,
,8105,48,3,2344,,
,8106,220,3,4422,,
,8106,48,3,8879,,
,8106,9,3,15387,,
,8106,91,3,18178,,
,8107,220,3,21372,,
,8107,379,3,13662,,
,8107,48,3,1695,,
,8107,9,3,5205,,
,8108,220,3,5414,,
,8108,9,3,15823,,
,8109,220,3,9935,,
,810A,273,3,3711,,
,810A,354,3,13319,,
,810R,354,3,19798,,
,811,132,3,5355,,
,811,180,3,1556,,
,811,181,3,11933,,
,811,223,3,4015,,
,811,238,3,3047,,
,811,239,3,17942,,
,811,245,3,14353,,
,811,256,3,1594,,
,811,273,3,4632,,
,811,274,3,19647,,
,811,298,3,7599,,
,811,343,3,7223,,
,811,354,3,3562,,
,811,370,3,16201,,
,811,378,3,484,,
,811,63,3,19935,,
,811,74,3,20181,,
,811,78,3,22558,,
,811,91,3,11999,,
,811,95,0,4588,,
,8110,134,3,11595,,
,8110,220,3,8215,,
,8110,9,3,15857,,
,8111,220,3,6406,,
,8111,9,3,2386,,
,8112,220,3,7213,,
,8113,220,3,7952,,
,8114,220,3,1462,,
,8114,91,3,8525,,
,8115,220,3,3948,,
,8116,220,3,15969,,
,8117,220,3,22526,,
,8118,220,3,6021,,
,812,108,3,3543,,
,812,129,3,16464,,
,812,132,3,16895,,
,812,173,3,5188,,
,812,239,3,7444,,
,812,256,3,12691,,
,812,273,3,10332,,
,812,274,3,13718,,
,812,298,3,6145,,
,812,343,3,7140,,
,812,344,3,14763,,
,812,370,3,73,,
,812,378,3,18348,,
,812,73,3,8742,,
,812,74,3,5178,,
,812,78,3,23605,,
,812,91,3,14423,,
,812,95,3,17399,,
,8120,134,3,11047,,
,8120,220,3,15039,,
,8121,220,3,10169,,
,8122,220,3,1171,,
,8122,9,3,18467,,
,8124,9,3,16594,,
,8125,9,3,18955,,
,8129,9,3,2835,,
,813,108,3,2566,,
,813,129,3,16259,,
,813,180,3,18885,,
,813,181,3,18588,,
,813,239,3,16851,,
,813,273,3,16977,,
,813,298,3,23462,,
,813,327,3,9207,,
,813,344,3,3544,,
,813,370,3,18385,,
,813,378,3,17341,,
,813,78,3,1225,,
,813,91,3,1211,,
,813,95,3,18737,,
,8130,220,3,23463,,
,8131,220,3,12983,,
,8133,220,3,12973,,
,8134,220,3,4543,,
,8136,220,3,22734,,
,8136,9,3,13859,,
,8138,9,3,12000,,
,8139 AST,91,3,4992,,
,813V,239,3,911,,
,814,181,3,15832,,
,814,239,3,12732,,
,814,245,3,16755,,
,814,273,3,18839,,
,814,274,3,951,,
,814,298,3,15239,,
,814,327,3,17712,,
,814,343,3,3528,,
,814,352,3,20367,,
,814,370,3,11392,,
,814,378,3,19626,,
,814,379,3,14564,,
,814,63,3,5153,,
,814,78,3,7082,,
,814,95,3,15624,,
,8140,134,3,21035,,
,8140,220,3,4881,,
,8142,220,3,18430,,
,8145,220,3,3280,,
,8146,220,3,11781,,
,8147,379,3,2794,,
,8147,9,3,18679,,
,8148,9,3,10300,,
,814Ast,132,3,4920,,
,814V,239,3,22703,,
,815,180,3,10001,,
,815,181,3,6843,,
,815,239,3,7138,,
,815,245,3,15108,,
,815,273,3,23689,,
,815,274,3,14363,,
,815,327,3,9451,,
,815,343,3,7418,,
,815,354,3,684,,
,815,378,3,3122,,
,815,73,3,19824,,
,815,78,3,1839,,
,815,95,3,3062,,
,8150,134,3,15070,,
,8150,220,3,6039,,
,815R,354,3,7462,,
,816,132,3,10248,,
,816,180,3,7095,,
,816,181,3,17149,,
,816,223,3,12204,,
,816,239,3,5255,,
,816,245,3,8785,,
,816,273,3,10782,,
,816,274,3,4994,,
,816,298,3,7536,,
,816,343,3,22079,,
,816,78,3,3875,,
,816,95,0,5635,,
,816,95,3,3682,,
,8160,134,3,7600,,
,8160,220,3,17854,,
,8161,134,3,8663,,
,8162,134,3,4995,,
,8167,9,3,19677,,
,816A,78,3,13643,,
,817,132,3,10197,,
,817,180,3,22320,,
,817,181,3,3932,,
,817,223,3,10901,,
,817,239,3,7714,,
,817,245,3,22878,,
,817,273,3,5429,,
,817,327,3,7498,,
,817,343,3,1552,,
,817,344,3,5170,,
,817,73,3,20,,
,817,78,3,3961,,
,8170,134,3,13199,,
,8170,220,3,8650,,
,8170,9,3,21953,,
,8171,220,3,16707,,
,8173,9,3,13987,,
,8175,9,3,23402,,
,818,180,3,20562,,
,818,181,3,12993,,
,818,223,3,19120,,
,818,239,3,11363,,
,818,245,3,16280,,
,818,273,3,12869,,
,818,274,3,7146,,
,818,327,3,18437,,
,818,343,3,15703,,
,818,354,3,19627,,
,818,78,3,22174,,
,8180,134,3,18231,,
,8180,220,3,17195,,
,8180,91,3,162,,
,8181,220,3,12539,,
,8181,91,3,20076,,
,8182,220,3,17104,,
,8182,91,3,2643,,
,8185,9,3,23464,,
,818A,354,3,16896,,
,818A,78,3,19857,,
,818R,354,3,4932,,
,819,180,3,3575,,
,819,181,3,2919,,
,819,273,3,23445,,
,819,354,3,19956,,
,819,370,3,178,,
,8190,379,3,16096,,
,819R,354,3,9057,,
,81E,370,3,8895,,
,82,147,3,12994,,
,82,176,3,300,,
,82,194,3,3259,,
,82,198,3,2242,,
,82,249,3,15844,,
,82,252,3,8262,,
,82,274,3,12553,,
,82,275,3,10496,,
,82,277,3,13679,,
,82,303,3,23424,,
,82,314,3,13372,,
,82,344,3,4330,,
,82,345,3,8786,,
,82,35,3,15398,,
,82,352,3,9461,,
,82,354,3,13119,,
,82,361,3,4610,,
,82,369,3,22239,,
,82,370,3,4931,,
,82,6,3,18835,,
,82,61,3,21683,,
,82,72,3,19668,,
,82,78,3,22202,,
,82,93,3,16576,,
,82,95,3,7902,,
,820,108,3,6647,,
,820,129,3,20054,,
,820,181,3,19996,,
,820,20,3,13432,73D700,FFFFFF
,820,22,3,3466,,
,820,223,3,18216,,
,820,224,3,12094,,
,820,232,3,14051,,
,820,238,3,20720,,
,820,239,3,9664,,
,820,257,3,12472,,
,820,269,3,7455,,
,820,273,3,18023,,
,820,274,3,6012,,
,820,334,3,16695,,
,820,344,3,2571,,
,820,354,3,14772,,
,820,370,3,16612,,
,820,42,3,17855,,
,820,72,3,15448,,
,820,91,3,2111,,
,820,95,0,19337,,
,820,95,3,4857,,
,8200,239,3,19876,,
,8200,48,3,7328,,
,8201,48,3,7715,,
,8201,9,3,1712,,
,8202,48,3,15870,,
,8203,48,3,1178,,
,8204,48,3,7064,,
,8204,9,3,9091,,
,8205,48,3,3795,,
,8206,48,3,15510,,
,8206,9,3,13057,,
,8207,9,3,281,,
,8208,9,3,10022,,
,8209,9,3,22346,,
,821,108,3,5388,,
,821,129,3,6534,,
,821,181,3,7730,,
,821,223,3,14989,,
,821,238,3,3454,,
,821,245,3,12852,,
,821,252,3,11525,,
,821,256,3,17497,,
,821,26,3,8397,,
,821,298,3,1274,,
,821,343,3,17887,,
,821,344,3,667,,
,821,354,3,434,,
,821,370,3,14590,,
,821,72,3,5283,,
,821,74,3,3846,,
,821,91,3,21461,,
,821,95,3,20231,,
,8211,9,3,3164,,
,822,108,3,12943,,
,822,181,3,11241,,
,822,223,3,15299,,
,822,224,3,10149,,
,822,238,3,19587,,
,822,239,3,6976,,
,822,256,3,11659,,
,822,280,3,23044,,
,822,298,3,23535,,
,822,327,3,23419,,
,822,343,3,11463,,
,822,344,3,6314,,
,822,352,3,11591,,
,822,354,3,1348,,
,822,72,3,464,,
,822,84,3,18967,,
,822,91,3,4073,,
,822,95,3,18083,,
,8221,9,3,3459,,
,8222,9,3,4170,,
,8223,9,3,16756,,
,8224,9,3,863,,
,8225,9,3,19376,,
,8226,9,3,15147,,
,8227,9,3,19608,,
,8228,9,3,19216,,
,8229,9,3,10155,,
,822S,344,3,15675,,
,823,108,3,5303,,
,823,181,3,12944,,
,823,223,3,14036,,
,823,239,3,13550,,
,823,256,3,11513,,
,823,26,3,18789,,
,823,298,3,10615,,
,823,344,3,11371,,
,823,354,3,7180,,
,823,370,3,7506,,
,823,74,3,19917,,
,823,95,3,10128,,
,8230,9,3,11846,,
,8231,9,3,3232,,
,824,181,3,10280,,
,824,223,3,14424,,
,824,224,3,7229,,
,824,245,3,2527,,
,824,252,3,12410,,
,824,256,3,16023,,
,824,269,3,16719,,
,824,298,3,6919,,
,824,343,3,21520,,
,824,344,3,11639,,
,824,354,3,13104,,
,824,370,3,318,,
,824,95,0,14787,,
,825,181,3,163,,
,825,223,3,23797,,
,825,225,3,21217,,
,825,239,3,11006,,
,825,245,3,12233,,
,825,256,3,16740,,
,825,26,3,17130,,
,825,273,3,4245,,
,825,298,3,13512,,
,825,343,3,2946,,
,825,352,3,6844,,
,825,354,3,6824,,
,825,370,3,6266,,
,825,379,3,11132,,
,825,74,3,22020,,
,825,91,3,18673,,
,825,95,0,9436,,
,826,111,3,19594,,
,826,181,3,20005,,
,826,223,3,22011,,
,826,224,3,7820,,
,826,239,3,20934,,
,826,245,3,7699,,
,826,256,3,17455,,
,826,26,3,13442,,
,826,274,3,14956,,
,826,343,3,16696,,
,826,354,3,11907,,
,826,370,3,2094,,
,826,78,3,20673,,
,826,91,3,8922,,
,826,95,0,3847,,
,826A,78,3,19573,,
,826R,354,3,23106,,
,827,181,3,17150,,
,827,245,3,1649,,
,827,256,3,9129,,
,827,26,3,3251,,
,827,274,3,9107,,
,827,343,3,16194,,
,827,370,3,8432,,
,827,73,3,10503,,
,827,78,3,11010,,
,827,8,3,11230,,
,827,91,3,5320,,
,828,181,3,21326,,
,828,223,3,9686,,
,828,245,3,5269,,
,828,273,3,9870,,
,828,34,3,17998,,
,828,343,3,8933,,
,828,344,3,16736,,
,828,370,3,22545,,
,828,73,3,4805,,
,828,78,3,14052,,
,828,8,3,5031,,
,829,181,3,20182,,
,829,239,3,5312,,
,829,26,3,15770,,
,829,34,3,13470,,
,829,344,3,20050,,
,829,352,3,19170,,
,829,370,3,10738,,
,829,73,3,16947,,
,829S,344,3,15683,,
,82E,370,3,15953,,
,82S,186,3,12494,,
,82V,35,3,1358,,
,83,118,3,1846,,
,83,132,3,8150,,
,83,147,3,18487,,
,83,176,3,12454,,
,83,194,3,19957,,
,83,198,3,17617,,
,83,249,3,14580,,
,83,252,3,6276,,
,83,274,3,10202,,
,83,275,3,20351,,
,83,277,3,5876,,
,83,278,3,19833,,
,83,314,3,16838,,
,83,332,3,10516,,
,83,335,3,9359,,
,83,35,3,9981,,
,83,352,3,4369,,
,83,61,3,22141,,
,83,93,3,2680,,
,83,95,3,21433,,
,830,108,3,842,,
,830,181,3,16791,,
,830,22,3,11124,,
,830,223,3,1016,,
,830,232,3,18530,,
,830,238,3,465,,
,830,239,3,5626,,
,830,256,3,9357,,
,830,298,3,14011,,
,830,344,3,17342,,
,830,354,3,1722,,
,830,63,3,8491,,
,830,72,3,21801,,
,830,73,3,13969,,
,830,91,3,16981,,
,830,95,3,1114,,
,8300,239,3,17101,,
,8300,48,3,16714,,
,8301,48,3,15458,,
,8302,48,3,3413,,
,8307,48,3,16232,,
,8308,48,3,18813,,
,8309,48,3,719,,
,830S,344,3,2583,,
,831,108,3,7251,,
,831,129,3,20451,,
,831,181,3,14633,,
,831,22,3,15575,,
,831,238,3,14889,,
,831,256,3,9622,,
,831,273,3,591,,
,831,274,3,23200,,
,831,298,3,23527,,
,831,343,3,7096,,
,831,344,3,2101,,
,831,354,3,2836,,
,831,379,3,10407,,
,831,63,3,14920,,
,831,72,3,13709,,
,831,73,3,20057,,
,831,91,3,6753,,
,831,95,3,18438,,
,8310,48,3,21354,,
,8311,48,3,4243,,
,8312,48,3,3260,,
,831A,129,3,8398,,
,831R,354,3,20090,,
,832,181,3,8167,,
,832,238,3,17699,,
,832,239,3,1628,,
,832,256,3,2090,,
,832,273,3,22579,,
,832,274,3,19483,,
,832,298,3,22670,,
,832,327,3,14415,,
,832,343,3,14223,,
,832,344,3,9405,,
,832,354,3,230,,
,832,379,3,6558,,
,832,72,3,19653,,
,832,73,3,23187,,
,832,91,3,9642,,
,832,95,0,4677,,
,832,95,3,21808,,
,833,181,3,5838,,
,833,20,3,14803,73D700,FFFFFF
,833,238,3,2234,,
,833,239,3,171,,
,833,256,3,22041,,
,833,273,3,16861,,
,833,274,3,8518,,
,833,298,3,19600,,
,833,344,3,17220,,
,833,354,3,1608,,
,833,36,3,12984,,
,833,379,3,3112,,
,833,73,3,9827,,
,833,91,3,23114,,
,834,132,3,8711,,
,834,181,3,16757,,
,834,238,3,2221,,
,834,256,3,6691,,
,834,273,3,11480,,
,834,274,3,8255,,
,834,298,3,13505,,
,834,327,3,10775,,
,834,343,3,14446,,
,834,344,3,338,,
,834,354,3,13485,,
,834,73,3,4182,,
,834,91,3,10700,,
,835,181,3,11857,,
,835,20,3,10117,73D700,FFFFFF
,835,22,3,1179,,
,835,239,3,18981,,
,835,256,3,14847,,
,835,273,3,12680,,
,835,298,3,18622,,
,835,343,3,4216,,
,835,344,3,8270,,
,835,354,3,1780,,
,835,73,3,9833,,
,835,91,3,16955,,
,836,181,3,3218,,
,836,223,3,2304,,
,836,238,3,2720,,
,836,256,3,10174,,
,836,273,3,15730,,
,836,274,3,17163,,
,836,298,3,21853,,
,836,343,3,17686,,
,836,344,3,3899,,
,836,354,3,14020,,
,836,73,3,17943,,
,836,91,3,22432,,
,837,181,3,14132,,
,837,239,3,18051,,
,837,256,3,20215,,
,837,273,3,22885,,
,837,274,3,20726,,
,837,298,3,6909,,
,837,327,3,10752,,
,837,34,3,18866,,
,837,343,3,12692,,
,837,344,3,17706,,
,837,354,3,1791,,
,837,91,3,18596,,
,838,181,3,20187,,
,838,239,3,2602,,
,838,274,3,11619,,
,838,298,3,15329,,
,838,327,3,1405,,
,838,34,3,10118,,
,838,343,3,20804,,
,838,344,3,15654,,
,838,354,3,8900,,
,838,91,3,14856,,
,838R,354,3,2127,,
,839,181,3,15266,,
,839,237,3,4283,,
,839,239,3,2712,,
,839,274,3,18874,,
,839,298,3,14673,,
,839,327,3,11121,,
,839,34,3,8213,,
,839,73,3,19601,,
,839,91,3,3477,,
,839,95,0,12234,,
,83S,186,3,14890,,
,83V,35,3,18799,,
,84,118,3,15745,,
,84,132,3,15566,,
,84,147,3,23431,,
,84,173,3,4496,,
,84,186,3,4943,,
,84,194,3,13910,,
,84,198,3,14447,,
,84,249,3,21935,,
,84,252,3,3967,,
,84,274,3,2950,,
,84,275,3,16249,,
,84,277,3,10103,,
,84,303,3,14897,,
,84,314,3,5001,,
,84,35,3,19913,,
,84,354,3,19574,,
,84,369,3,7597,,
,84,370,3,13766,,
,84,61,3,16024,,
,84,78,3,22349,,
,84,95,3,7878,,
,84.1,132,3,23554,,
,84.2,132,3,23718,,
,84.3,132,3,19338,,
,84.4,132,3,22135,,
,84.5,132,3,9271,,
,840,108,3,21884,,
,840,129,3,17639,,
,840,22,3,16588,,
,840,223,3,5262,,
,840,232,3,21447,,
,840,238,3,1662,,
,840,239,3,20073,,
,840,245,3,11816,,
,840,256,3,8291,,
,840,34,3,11458,,
,840,343,3,21195,,
,840,344,3,6495,,
,840,354,3,19706,,
,840,91,3,13311,,
,840,95,0,16966,,
,840,95,3,52,,
,8400,239,3,3595,,
,8400,48,3,20179,,
,8401,9,3,901,,
,8402,9,3,22729,,
,8403,9,3,19441,,
,8404,9,3,14691,,
,8405,9,3,15350,,
,8406,9,3,8583,,
,8407,9,3,19818,,
,8408,9,3,15312,,
,8409,9,3,13159,,
,841,108,3,22814,,
,841,129,3,20487,,
,841,20,3,9466,73D700,FFFFFF
,841,223,3,15746,,
,841,238,3,8890,,
,841,245,3,6525,,
,841,256,3,4684,,
,841,274,3,13082,,
,841,298,3,4833,,
,841,31,3,16420,,
,841,34,3,23095,,
,841,343,3,10838,,
,841,344,3,17061,,
,841,91,3,19439,,
,841,95,0,17476,,
,8410,9,3,23655,,
,8411,9,3,13212,,
,8412,9,3,17335,,
,841E,31,3,8592,,
,841T,31,3,4827,,
,842,108,3,10059,,
,842,129,3,19121,,
,842,181,3,2888,,
,842,223,3,19882,,
,842,245,3,19383,,
,842,256,3,13822,,
,842,274,3,296,,
,842,298,3,6675,,
,842,31,3,5171,,
,842,343,3,6393,,
,842,344,3,21927,,
,842,352,3,3312,,
,842,91,3,23690,,
,842,95,0,7629,,
,842E,31,3,21657,,
,842T,31,3,9985,,
,843,108,3,4136,,
,843,129,3,10555,,
,843,181,3,12348,,
,843,239,3,1281,,
,843,245,3,14750,,
,843,256,3,18646,,
,843,298,3,10009,,
,843,31,3,18287,,
,843,34,3,99,,
,843,343,3,21225,,
,843,344,3,3983,,
,843,354,3,18612,,
,843,91,3,184,,
,843,95,0,12985,,
,843E,31,3,5641,,
,844,108,3,1490,,
,844,245,3,335,,
,844,256,3,19255,,
,844,274,3,3427,,
,844,31,3,21954,,
,844,343,3,10701,,
,844,344,3,5977,,
,844,95,0,20147,,
,844E,31,3,545,,
,845,108,3,14320,,
,845,181,3,20574,,
,845,223,3,5555,,
,845,239,3,5627,,
,845,256,3,22186,,
,845,298,3,15718,,
,845,34,3,2072,,
,845,343,3,20106,,
,845,344,3,1119,,
,845,354,3,8617,,
,845,91,3,5270,,
,845,95,0,20239,,
,845,95,3,16441,,
,846,108,3,15824,,
,846,245,3,7598,,
,846,274,3,13200,,
,846,298,3,1687,,
,846,34,3,6178,,
,846,343,3,10536,,
,846,344,3,10915,,
,846,95,0,16795,,
,847,223,3,11718,,
,847,245,3,8750,,
,847,274,3,15352,,
,847,298,3,476,,
,847,34,3,19685,,
,847,343,3,4051,,
,847,344,3,21765,,
,847,95,0,16800,,
,848,223,3,7394,,
,848,245,3,144,,
,848,274,3,4236,,
,848,298,3,6738,,
,848,31,3,20741,,
,848,34,3,14756,,
,848,343,3,12277,,
,848,344,3,3784,,
,848,95,0,14857,,
,848E,31,3,8944,,
,848T,31,3,15825,,
,849,245,3,12718,,
,849,274,3,12273,,
,849,31,3,19424,,
,849,34,3,7230,,
,849,342,3,12636,,
,849,343,3,1201,,
,849,344,3,18359,,
,849,91,3,10645,,
,849,95,0,10019,,
,849E,31,3,13065,,
,849T,31,3,20634,,
,84A,173,3,4987,,
,84E,370,3,21507,,
,84V,35,3,8629,,
,84X,173,3,14194,,
,85,104,3,15974,,
,85,118,3,2533,,
,85,132,3,22975,,
,85,147,3,7076,,
,85,173,3,12932,,
,85,186,3,196,,
,85,194,3,19979,,
,85,249,3,12586,,
,85,252,3,22179,,
,85,275,3,8868,,
,85,277,3,10157,,
,85,303,3,11873,,
,85,314,3,17271,,
,85,332,3,10994,,
,85,34,3,21928,,
,85,35,3,14751,,
,85,354,3,22932,,
,85,361,3,7576,,
,85.1,132,3,20314,,
,85.2,132,3,15300,,
,850,108,3,13649,,
,850,173,3,3906,,
,850,22,3,22368,,
,850,223,3,15085,,
,850,238,3,9490,,
,850,256,3,12960,,
,850,274,3,8098,,
,850,298,3,21366,,
,850,31,3,1545,,
,850,342,3,2166,,
,850,344,3,19641,,
,850,42,3,22266,,
,850,91,3,22045,,
,850,95,0,18386,,
,8500,239,3,22710,,
,8501,220,3,16618,,
,8501,48,3,14788,,
,8501,9,3,19507,,
,8502,220,3,13409,,
,8502,48,3,13817,,
,8503,48,3,19282,,
,8504,48,3,13928,,
,8505,48,3,20701,,
,8506,48,3,21766,,
,850E,31,3,1041,,
,850S,344,3,6845,,
,850T,31,3,19384,,
,851,108,3,2058,,
,851,214,3,9966,,
,851,223,3,5934,,
,851,238,3,16097,,
,851,239,3,9495,,
,851,256,3,19780,,
,851,274,3,485,,
,851,298,3,5105,,
,851,31,3,22497,,
,851,327,3,13808,,
,851,342,3,7816,,
,851,344,3,3022,,
,851,354,3,15159,,
,851,91,3,20283,,
,8511,220,3,12124,,
,8512,220,3,20133,,
,8514,220,3,21190,,
,8515,220,3,8423,,
,851E,31,3,4246,,
,852,108,3,11455,,
,852,214,3,7832,,
,852,238,3,8875,,
,852,239,3,10307,,
,852,256,3,4124,,
,852,274,3,9344,,
,852,31,3,22873,,
,852,327,3,18946,,
,852,34,3,15452,,
,852,342,3,2514,,
,852,354,3,14437,,
,8520,9,3,3785,,
,8521,220,3,11429,,
,8522,220,3,15397,,
,8524,220,3,15169,,
,8525,220,3,7147,,
,8526,220,3,17687,,
,852E,31,3,16680,,
,852R,354,3,23308,,
,853,108,3,20175,,
,853,239,3,15599,,
,853,256,3,2128,,
,853,274,3,23425,,
,853,34,3,716,,
,853,342,3,5648,,
,853,354,3,3423,,
,853,370,3,17203,,
,854,108,3,382,,
,854,214,3,22000,,
,854,239,3,23807,,
,854,256,3,10274,,
,854,274,3,20041,,
,854,298,3,12529,,
,854,31,3,679,,
,854,327,3,18501,,
,854,342,3,790,,
,854,354,3,21865,,
,854E,31,3,1377,,
,854x,354,3,5131,,
,855,116,3,3105,,
,855,181,3,18172,,
,855,214,3,17516,,
,855,239,3,6179,,
,855,256,3,1275,,
,855,327,3,7298,,
,855,342,3,21301,,
,855,344,3,91,,
,855,354,3,6417,,
,855,42,3,2365,,
,856,108,3,13386,,
,856,181,3,4266,,
,856,214,3,1444,,
,856,220,3,23067,,
,856,239,3,7790,,
,856,327,3,5244,,
,856,342,3,22527,,
,856,344,3,3236,,
,856,354,3,661,,
,8568,9,3,3421,,
,857,108,3,946,,
,857,181,3,13574,,
,857,214,3,10863,,
,857,239,3,22443,,
,857,298,3,3699,,
,857,31,3,11596,,
,857,327,3,1276,,
,857,342,3,6682,,
,857,344,3,23298,,
,857,354,3,3369,,
,85708106,181,3,9948,,
,85708256,181,3,18725,,
,85708428,129,3,8952,,
,85709501,181,3,19289,,
,85710077,354,3,2681,,
,85710080,181,3,10633,,
,85710095,181,3,22362,,
,85710938,181,3,3319,,
,85710942,181,4,2017,,
,85710961,181,4,9807,,
,85711604,327,3,23528,,
,85711621,354,3,17028,,
,8576,9,3,7625,,
,8578,9,3,21166,,
,858,181,3,18292,,
,858,238,3,11178,,
,858,239,3,7164,,
,858,31,3,23007,,
,858,342,3,481,,
,858,344,3,8360,,
,858,354,3,3933,,
,858 E,31,3,3123,,
,8580,9,3,4909,,
,8583,9,3,8737,,
,8585,9,3,18068,,
,859,181,3,5352,,
,859,214,3,9575,,
,859,239,3,8433,,
,859,327,3,14692,,
,859,342,3,16659,,
,859,344,3,14712,,
,859,354,3,4395,,
,859,95,0,11653,,
,859,95,3,6057,,
,8599,9,3,16386,,
,85V,35,3,10318,,
,86,118,3,4791,,
,86,124,3,23307,,
,86,132,3,14742,,
,86,142,3,14997,,
,86,147,3,18723,,
,86,173,3,27,,
,86,194,3,1104,,
,86,249,3,4614,,
,86,252,3,14757,,
,86,275,3,14078,,
,86,277,3,8324,,
,86,314,3,15726,,
,86,337,3,7791,,
,86,369,3,7620,,
,86,380,3,11719,009640,FFFFFF
,86,78,3,16809,,
,86.1,132,3,3563,,
,860,108,3,8942,,
,860,116,3,18669,,
,860,20,3,21048,73D700,FFFFFF
,860,22,3,5590,,
,860,238,3,9590,,
,860,239,3,16669,,
,860,256,3,10323,,
,860,274,3,15517,,
,860,342,3,8731,,
,860,344,3,17896,,
,860,354,3,12933,,
,860,370,3,7365,,
,860,42,3,14321,,
,860,8,3,22546,,
,8600,48,3,5368,,
,8601,48,3,16363,,
,8601,8,3,864,,
,8602,48,3,6865,,
,860S,344,3,14233,,
,861,108,3,10104,,
,861,116,3,5032,,
,861,225,3,11560,,
,861,238,3,17782,,
,861,239,3,16438,,
,861,256,3,17000,,
,861,274,3,16999,,
,861,327,3,14824,,
,861,342,3,1830,,
,861,343,3,3977,,
,861,370,3,11866,,
,861,8,3,8085,,
,862,108,3,6854,,
,862,116,3,22674,,
,862,225,3,4676,,
,862,239,3,19723,,
,862,256,3,1160,,
,862,274,3,16822,,
,862,327,3,20481,,
,862,343,3,1078,,
,862,370,3,116,,
,862,8,3,4566,,
,863,116,3,12018,,
,863,181,3,9084,,
,863,225,3,23565,,
,863,239,3,8424,,
,863,256,3,649,,
,863,327,3,21637,,
,863,343,3,2098,,
,863,73,3,18012,,
,864,116,3,19546,,
,864,181,3,1237,,
,864,20,3,17368,73D700,FFFFFF
,864,225,3,21674,,
,864,274,3,6657,,
,864,327,3,14642,,
,864,343,3,19127,,
,864,8,3,6994,,
,865,108,3,19130,,
,865,116,3,15135,,
,865,181,3,14713,,
,865,22,3,6570,,
,865,225,3,16823,,
,865,274,3,15782,,
,865,343,3,14239,,
,865,344,3,4105,,
,865,8,3,5226,,
,866,116,3,13410,,
,866,181,3,20674,,
,866,225,3,16367,,
,866,342,3,15845,,
,866,343,3,13575,,
,866,8,3,12335,,
,867,116,3,20422,,
,867,181,3,5951,,
,867,225,3,3609,,
,867,343,3,11325,,
,867,344,3,10352,,
,867,8,3,9315,,
,868,181,3,1696,,
,868,225,3,1660,,
,868,274,3,16160,,
,868,342,3,21605,,
,868,343,3,9955,,
,868,344,3,1579,,
,868,370,3,11633,,
,868 (VDR 501),327,3,4503,,
,869,181,3,22852,,
,869,214,3,9068,,
,869,225,3,15394,,
,869,274,3,16874,,
,869,344,3,12860,,
,869,8,3,5002,,
,87,118,3,351,,
,87,132,3,13762,,
,87,147,3,21198,,
,87,176,3,19858,,
,87,186,3,13236,,
,87,194,3,18270,,
,87,198,3,10870,,
,87,249,3,8917,,
,87,252,3,19263,,
,87,303,3,358,,
,87,307,0,12026,,
,87,314,3,15864,,
,87,332,3,12068,,
,87,354,3,23426,,
,87,8,3,605,,
,870,108,3,9643,,
,870,173,3,21167,,
,870,181,3,23183,,
,870,219,3,23179,,
,870,22,3,8117,,
,870,225,3,12822,,
,870,242,3,22470,,
,870,256,3,23440,,
,870,342,3,13071,,
,870,344,3,18891,,
,870,354,3,11501,,
,870,42,3,17640,,
,8700,239,3,15576,,
,8700,48,3,7758,,
,8701,48,3,21871,,
,8703,48,3,23606,,
,8704,48,3,18195,,
,8705,48,3,20442,,
,8706,48,3,4228,,
,8707,48,3,12748,,
,8708,48,3,4607,,
,870R,354,3,10423,,
,871,108,3,22982,,
,871,116,3,20430,,
,871,181,3,4873,,
,871,214,3,5869,,
,871,225,3,23150,,
,871,238,3,12701,,
,871,239,3,3653,,
,871,256,3,16986,,
,871,327,3,15432,,
,871,370,3,3917,,
,871,8,3,20416,,
,8710,220,3,14780,,
,8711,220,3,19877,,
,8712,220,3,8385,,
,8713,220,3,17848,,
,871R,354,3,19427,,
,872,116,3,7700,,
,872,181,3,7581,,
,872,214,3,15645,,
,872,225,3,17385,,
,872,239,3,20332,,
,872,256,3,4958,,
,872,342,3,21975,,
,872,8,3,20387,,
,8720,220,3,930,,
,8721,220,3,19191,,
,8722,220,3,4118,,
,8723,220,3,15206,,
,8724,220,3,5915,,
,8725,220,3,9605,,
,8726,220,3,16815,,
,8727,220,3,17818,,
,8727,91,3,2457,,
,8728,220,3,6240,,
,873,173,3,5108,,
,873,181,3,136,,
,873,214,3,10541,,
,873,225,3,3947,,
,873,238,3,13092,,
,873,239,3,12519,,
,873,256,3,13213,,
,873,342,3,10525,,
,873,8,3,4545,,
,8730,220,3,14669,,
,8731,220,3,3353,,
,8732,220,3,13680,,
,8733,220,3,1026,,
,8734,220,3,18719,,
,8735,220,3,3764,,
,874,181,3,18923,,
,874,214,3,22240,,
,874,225,3,13231,,
,874,238,3,8440,,
,874,239,3,14505,,
,874,256,3,4106,,
,874,26,3,7495,,
,874,8,3,7855,,
,8740,220,3,1485,,
,8741,220,3,17501,,
,8742,220,3,2855,,
,875,181,3,22327,,
,875,214,3,13377,,
,875,225,3,21961,,
,875,238,3,19016,,
,875,239,3,20306,,
,875,256,3,15218,,
,875,26,3,10095,,
,875,344,3,14623,,
,875,354,3,308,,
,875,8,3,19096,,
,875,91,3,5389,,
,8750,220,3,9045,,
,8751,220,3,709,,
,8752,220,3,19883,,
,8753,220,3,20360,,
,8754,220,3,18482,,
,8755,220,3,13320,,
,8756,220,3,21704,,
,8757,220,3,16514,,
,876,116,3,429,,
,876,181,3,6096,,
,876,214,3,1942,,
,876,225,3,3509,,
,876,256,3,4048,,
,876,342,3,4107,,
,876,354,3,18288,,
,8760,220,3,18187,,
,8761,220,3,13142,,
,8762,220,3,11341,,
,8763,220,3,9105,,
,8769-AST,220,3,19678,,
,877,181,3,6786,,
,877,214,3,10972,,
,877,225,3,764,,
,877,26,3,4067,,
,877,342,3,18496,,
,877,8,3,14975,,
,8770,220,3,14012,,
,8770,9,3,18701,,
,8771,220,3,12836,,
,8772,220,3,8570,,
,8773,220,3,17975,,
,8773,91,3,7244,,
,8774,220,3,14496,,
,8774,91,3,3180,,
,878,181,3,14112,,
,878,214,3,11723,,
,878,225,3,5536,,
,878,332,3,882,,
,878,344,3,13238,,
,878,8,3,6692,,
,8780,220,3,13237,,
,8781,220,3,22070,,
,879,181,3,23332,,
,879,214,3,12384,,
,879,225,3,430,,
,879,332,3,10891,,
,879,342,3,22009,,
,879,344,3,21658,,
,879,8,3,11843,,
,8790,220,3,8923,,
,8791,220,3,10101,,
,8792,220,3,10492,,
,8793,220,3,998,,
,8794,220,3,21078,,
,87N,185,3,7879,,
,88,118,3,1458,,
,88,132,3,16043,,
,88,147,3,23650,,
,88,173,3,14202,,
,88,249,3,23649,,
,88,275,3,22748,,
,88,307,0,6958,,
,88,314,3,21877,,
,88,35,3,16321,,
,88,369,3,3737,,
,880,108,3,148,,
,880,116,3,22762,,
,880,181,3,16295,,
,880,214,3,11191,,
,880,225,3,9723,,
,880,256,3,15453,,
,880,269,3,6424,,
,880,342,3,2053,,
,880,344,3,20051,,
,880,354,3,19171,,
,880,8,3,3848,,
,880.1,354,3,10714,,
,880.2,354,3,2504,,
,880.3,354,3,4497,,
,8800,220,3,19165,,
,8800,239,3,10240,,
,880S,344,3,708,,
,881,108,3,20148,,
,881,116,3,23170,,
,881,132,3,15328,,
,881,181,3,5102,,
,881,214,3,12004,,
,881,225,3,21381,,
,881,239,3,10839,,
,881,256,3,1254,,
,881,274,3,2579,,
,881,342,3,2204,,
,881,8,3,23252,,
,8810,220,3,11651,,
,8811,220,3,21136,,
,8812,220,3,14506,,
,8813,220,3,23057,,
,8814,220,3,22183,,
,8815,220,3,18854,,
,8815,91,3,7212,,
,881V,239,3,20149,,
,882,116,3,20971,,
,882,132,3,12637,,
,882,181,3,16956,,
,882,20,3,12440,73D700,FFFFFF
,882,225,3,21971,,
,882,239,3,1887,,
,882,274,3,12326,,
,882,8,3,22254,,
,8820,220,3,2491,,
,8821,220,3,20062,,
,8822,220,3,645,,
,8823,220,3,2907,,
,8824,220,3,5899,,
,8824,91,3,8526,,
,883,116,3,2103,,
,883,132,3,1419,,
,883,181,3,6370,,
,883,214,3,1157,,
,883,225,3,14862,,
,883,239,3,3596,,
,883,274,3,13460,,
,883,342,3,13540,,
,883,8,3,14722,,
,8830,220,3,14323,,
,8831,220,3,5485,,
,8832,220,3,20375,,
,8833,220,3,6811,,
,8834,220,3,8292,,
,8834,91,3,20972,,
,8835,220,3,7962,,
,8835,91,3,2186,,
,8836,220,3,14740,,
,8836,91,3,14186,,
,884,116,3,20862,,
,884,132,3,2142,,
,884,181,3,13689,,
,884,214,3,6593,,
,884,225,3,1126,,
,884,274,3,22528,,
,884,342,3,23268,,
,884,8,3,23555,,
,8840,220,3,20112,,
,8841,220,3,235,,
,8842,220,3,234,,
,8843,220,3,14393,,
,8844,220,3,2881,,
,8844,91,3,13342,,
,885,132,3,14042,,
,885,181,3,8129,,
,885,214,3,22290,,
,885,219,3,2655,,
,885,225,3,3956,,
,885,239,3,18750,,
,885,274,3,14518,,
,885,342,3,793,,
,885,354,3,5973,,
,885,8,3,5075,,
,8850,220,3,7435,,
,8851,220,3,20315,,
,8852,220,3,19484,,
,885E,8,3,2034,,
,886,116,3,22285,,
,886,181,3,8548,,
,886,214,3,23684,,
,886,225,3,19529,,
,886,239,3,2889,,
,886,274,3,8214,,
,886,342,3,19397,,
,886,352,3,18232,,
,886,8,3,7342,,
,8860,134,3,13283,,
,8860,220,3,3478,,
,8861,134,3,15608,,
,8861,220,3,16731,,
,8862,220,3,20019,,
,8863,220,3,12195,,
,8863,91,3,10085,,
,886V,239,3,17233,,
,887,181,3,10783,,
,887,214,3,619,,
,887,219,3,1663,,
,887,225,3,20207,,
,887,239,3,22357,,
,887,274,3,15532,,
,887,342,3,10119,,
,887,354,3,23096,,
,8870,220,3,12562,,
,8871,220,3,10063,,
,8872,220,3,14163,,
,8872,91,3,20586,,
,8879-AST,220,3,16301,,
,888,181,3,9732,,
,888,214,3,21276,,
,888,219,3,17349,,
,8880,220,3,16780,,
,8881,220,3,20534,,
,8882,220,3,21297,,
,8884,220,3,14576,,
,889,116,3,16364,,
,889,133,3,7970,,
,889,181,3,14053,,
,889,214,3,2001,,
,889,225,3,720,,
,889,274,3,3694,,
,889,327,3,4602,,
,889,352,3,1068,,
,889,354,3,11798,,
,8890,220,3,7743,,
,8891,220,3,10429,,
,8892,220,3,4801,,
,8893,220,3,20176,,
,8894,220,3,19837,,
,8895,220,3,14957,,
,8896,220,3,9418,,
,8897,220,3,4081,,
,88E,185,3,22572,,
,88S,186,3,8458,,
,88V,35,3,9467,,
,88X,173,3,670,,
,88a,344,3,3529,,
,88b,344,3,16489,,
,88c,361,3,6902,,
,89,118,3,3023,,
,89,123,0,17944,,
,89,132,3,18768,,
,89,142,3,12396,,
,89,147,3,19961,,
,89,173,3,7357,,
,89,198,3,7831,,
,89,249,3,23017,,
,89,252,3,492,,
,89,275,3,15353,,
,89,314,3,22719,,
,89,35,3,10339,,
,89,352,3,15919,,
,89,61,3,3564,,
,89.1,132,3,20074,,
,890,108,3,11274,,
,890,116,3,6445,,
,890,225,3,14379,,
,890,256,3,12141,,
,890,342,3,14164,,
,890,344,3,6152,,
,890,354,3,20799,,
,8900,344,3,19852,,
,8900,48,3,22600,,
,8901,344,3,5271,,
,8902,344,3,17158,,
,8902,48,3,19315,,
,8903,344,3,12580,,
,8904,344,3,471,,
,8904,48,3,15112,,
,8905,344,3,10753,,
,8906,344,3,1090,,
,8907,344,3,9881,,
,891,108,3,10805,,
,891,116,3,6292,,
,891,181,3,9159,,
,891,225,3,14234,,
,891,239,3,8046,,
,891,256,3,7329,,
,891,342,3,3424,,
,891,354,3,6621,,
,891,73,3,22385,,
,891,8,3,21617,,
,8911,344,3,16325,,
,8912,344,3,21331,,
,8913,344,3,23253,,
,8917,344,3,2018,,
,892,108,3,3272,,
,892,116,3,6509,,
,892,181,3,22350,,
,892,225,3,1391,,
,892,239,3,8869,,
,892,256,3,15931,,
,892,342,3,5846,,
,892,352,3,1287,,
,892,354,3,8664,,
,892,8,3,9307,,
,8920,344,3,2476,,
,893,108,3,21430,,
,893,116,3,17816,,
,893,181,3,9713,,
,893,225,3,13120,,
,893,239,3,21571,,
,893,256,3,3661,,
,893,354,3,6812,,
,893,73,3,16129,,
,893,8,3,18004,,
,8930,344,3,21318,,
,8931,344,3,15642,,
,8932,344,3,13128,,
,8935,344,3,18397,,
,8936,344,3,21275,,
,8937,344,3,17507,,
,8938,344,3,18458,,
,894,108,3,204,,
,894,225,3,18726,,
,894,239,3,14252,,
,894,256,3,18281,,
,894,342,3,20267,,
,894,73,3,7971,,
,894,91,3,1415,,
,8940,134,3,22650,,
,8941,344,3,1953,,
,8942,344,3,11896,,
,8943,344,3,12934,,
,8944,344,3,3943,,
,8946,344,3,11436,,
,894V,239,3,17400,,
,895,108,3,11442,,
,895,181,3,8441,,
,895,225,3,15018,,
,895,239,3,3354,,
,895,352,3,9956,,
,8950,134,3,12327,,
,8950,344,3,11576,,
,8951,344,3,7176,,
,8952,344,3,19811,,
,8953,344,3,2896,,
,8954,344,3,12759,,
,896,116,3,9583,,
,896,181,3,23097,,
,896,225,3,808,,
,896,239,3,18271,,
,896,73,3,23318,,
,8961,134,3,22573,,
,8962,134,3,2623,,
,897,181,3,9266,,
,897,225,3,2731,,
,897,239,3,19966,,
,898,181,3,18505,,
,898,225,3,3414,,
,899,225,3,19106,,
,899,239,3,5796,,
,899,274,3,23286,,
,899,344,3,17225,,
,8A,267,3,1480,,
,8A,56,3,15093,,
,8A-1,361,3,3455,,
,8A-2,361,3,6277,,
,8A-3,361,3,17647,,
,8A-4,361,3,15777,,
,8AST,281,3,21024,,
,8B,56,3,20849,,
,8E,361,3,3900,,
,8E,375,0,3587,,
,8E,6,0,19559,,
,8R,320,3,6938,,
,8V,35,3,17257,,
,8a,71,3,5704,,
,8b,71,3,20688,,
,9,110,3,1590,,
,9,111,3,7738,,
,9,118,0,11155,,
,9,125,3,17082,,
,9,129,3,3376,,
,9,137,3,6334,,
,9,14,3,17582,,
,9,141,0,6705,,
,9,147,3,21521,,
,9,16,3,1481,,
,9,173,3,12693,,
,9,181,0,738,,
,9,192,3,19460,,
,9,201,3,20647,,
,9,22,1,8201,,
,9,220,3,12421,,
,9,233,3,16499,,
,9,244,3,2851,,
,9,249,3,14796,,
,9,250,0,4022,,
,9,260,3,14773,00A4BC,FFFFFF
,9,267,3,7931,,
,9,274,3,21298,,
,9,275,3,3665,,
,9,279,3,6648,,
,9,281,3,18272,,
,9,286,3,18069,,
,9,287,3,20978,,
,9,288,3,1602,,
,9,296,3,19033,,
,9,314,0,9738,,
,9,329,3,15495,,
,9,334,3,19554,,
,9,342,3,21015,,
,9,344,3,16044,,
,9,354,3,20020,,
,9,361,3,6777,,
,9,370,3,19011,,
,9,375,0,15230,,
,9,42,3,9919,,
,9,46,3,7545,,
,9,56,3,4357,,
,9,80,3,5237,,
,9,95,3,20438,,
,90,118,3,13406,,
,90,132,3,10702,,
,90,142,3,16180,,
,90,158,3,10213,,
,90,194,3,14552,,
,90,249,3,4023,,
,90,252,3,1635,,
,90,260,3,4479,032E69,FFFFFF
,90,275,3,2484,,
,90,303,3,3774,,
,90,314,3,21007,,
,90,344,3,21606,,
,90,35,3,22255,,
,90,354,3,1664,,
,90,373,3,7687,,
,90,6,3,937,,
,90,66,3,19707,,
,90,78,3,15337,,
,90,93,3,3942,,
,90,95,3,15232,,
,90.1,132,3,32,,
,90.2,132,3,23403,,
,900,132,3,780,,
,900,20,3,6590,73D700,FFFFFF
,900,218,3,3984,,
,900,22,3,12455,,
,900,225,3,8459,,
,900,27,3,23566,,
,900,272,3,14458,,
,900,299,3,5048,,
,900,334,3,16216,,
,900,344,3,3605,,
,900,378,3,16715,,
,900,42,3,16829,,
,900,5,3,5566,,
,9001,280,3,15474,,
,9002,280,3,5397,,
,9003,280,3,2644,,
,9004,280,3,20408,,
,9006,280,3,19345,,
,9007,280,3,6987,,
,9008,280,3,6513,,
,9009,280,3,19602,,
,901,132,3,3011,,
,901,166,3,18024,,
,901,177,3,5361,,
,901,217,3,4446,,
,901,225,3,1351,,
,901,23,0,16474,,
,901,239,3,12524,,
,901,262,3,18516,,
,901,27,3,14650,,
,901,344,3,1642,,
,901,347,3,565,,
,901,352,3,10233,,
,901,354,3,9015,,
,901,378,3,9184,,
,901,5,3,12686,,
,901,78,3,17700,,
,901,93,3,5064,,
,901,95,3,431,,
,9010,280,3,23008,,
,901A,78,3,2104,,
,901AL,132,3,9609,,
,902,166,3,11349,,
,902,177,3,10254,,
,902,225,3,20951,,
,902,239,3,21044,,
,902,262,3,710,,
,902,27,3,1033,,
,902,344,3,13451,,
,902,347,3,16875,,
,902,352,3,9986,,
,902,354,3,17688,,
,902,378,3,12422,,
,902,5,3,8245,,
,902,78,3,6140,,
,902,93,3,17499,,
,902,95,3,15846,,
,9020,280,3,7259,,
,9021,280,3,5275,,
,903,166,3,17108,,
,903,225,3,7693,,
,903,23,0,13433,,
,903,239,3,2645,,
,903,262,3,12848,,
,903,312,3,20221,,
,903,344,3,14884,,
,903,347,3,22203,,
,903,354,3,14958,,
,903,5,3,6839,,
,903,62,3,3313,,
,903,78,3,16737,,
,903,93,3,19425,,
,903,95,3,19530,,
,9035,280,3,5628,,
,904,177,3,6808,,
,904,225,3,13686,,
,904,262,3,15276,,
,904,312,3,15182,,
,904,344,3,14292,,
,904,347,3,15119,,
,904,352,3,14145,,
,904,354,3,18670,,
,904,5,3,21191,,
,904,62,3,11940,,
,904,78,3,22547,,
,904,95,3,8241,,
,905,177,3,17369,,
,905,181,3,10577,,
,905,22,3,6162,,
,905,225,3,21532,,
,905,23,3,15399,,
,905,239,3,9375,,
,905,312,3,9213,,
,905,344,3,1158,,
,905,352,3,10719,,
,905,354,3,9437,,
,905,5,3,21339,,
,905,78,3,6548,,
,905,95,3,15316,,
,9051,280,3,21140,,
,9055,280,3,9623,,
,9056,280,3,154,,
,905E,23,3,13143,,
,906,177,3,16507,,
,906,22,3,16681,,
,906,225,3,14950,,
,906,23,3,4927,,
,906,239,3,12911,,
,906,262,3,20598,,
,906,312,3,23808,,
,906,344,3,12447,,
,906,347,3,11146,,
,906,354,3,19058,,
,906,5,3,10957,,
,906,78,3,12893,,
,906,93,3,20153,,
,906,95,3,14945,,
,906 E,23,3,7411,,
,9061,280,3,7886,,
,907,177,3,14322,,
,907,22,3,22071,,
,907,225,3,14244,,
,907,23,3,21986,,
,907,312,3,15833,,
,907,344,3,7439,,
,907,347,3,8792,,
,907,354,3,5741,,
,907,95,3,13814,,
,907 E,23,3,22689,,
,908,177,3,9675,,
,908,225,3,22330,,
,908,23,3,5154,,
,908,262,3,9325,,
,908,344,3,17483,,
,908,354,3,7660,,
,908,95,3,8285,,
,908 E,23,3,501,,
,909,177,3,8389,,
,909,225,3,1609,,
,909,23,3,10616,,
,909,239,3,18127,,
,909,262,3,15043,,
,909,95,3,13477,,
,909 E,23,3,1677,,
,9095,354,3,15020,,
,9096,354,3,22477,,
,9097,354,3,12999,,
,9098,354,3,5481,,
,9099,354,3,23304,,
,90E,6,3,4732,,
,91,118,3,11402,,
,91,132,3,15319,,
,91,139,3,18618,,
,91,142,3,18575,,
,91,155,0,10068,,
,91,158,3,20125,,
,91,16,3,3695,,
,91,194,3,16311,,
,91,233,3,10346,,
,91,249,3,17672,,
,91,252,3,23355,,
,91,260,3,12056,2B696B,FFFFFF
,91,267,3,16856,,
,91,275,3,17456,,
,91,314,3,19794,,
,91,334,3,20896,,
,91,344,3,8539,,
,91,361,3,19108,,
,91,375,3,21908,,
,91,39,3,8390,,
,91,6,3,2630,,
,91,61,3,20094,,
,91,66,3,3554,,
,91,78,3,10517,,
,91,93,3,17676,,
,91,95,3,21624,,
,910,177,3,10979,,
,910,181,3,9957,,
,910,20,3,15083,73D700,FFFFFF
,910,22,3,14451,,
,910,225,3,15811,,
,910,23,3,1255,,
,910,27,3,11232,,
,910,334,3,17073,,
,910,347,3,15207,,
,910,354,3,12019,,
,910,378,3,15277,,
,910,4,3,22270,,
,910,42,3,11886,,
,910,5,3,14872,,
,910,95,3,15926,,
,910 E,23,3,19967,,
,9100,354,3,21018,,
,9101,354,3,2463,,
,9105,354,3,7410,,
,9107,379,3,5179,,
,9108,354,3,9795,,
,9108A,354,3,9260,,
,9109,354,3,14986,,
,9109A,354,3,4915,,
,910R,354,3,5588,,
,911,109,3,7642,,
,911,132,3,7553,,
,911,177,3,13232,,
,911,181,3,22866,,
,911,225,3,19071,,
,911,239,3,16948,,
,911,252,3,22321,,
,911,262,3,8764,,
,911,275,3,12525,,
,911,344,3,18600,,
,911,347,3,12297,,
,911,364,3,13105,,
,911,378,3,19804,,
,911,42,3,10768,,
,911,5,3,4892,,
,911,78,3,13501,,
,911,95,3,10703,,
,911/B,5,3,19390,,
,9112,104,3,12125,,
,9114,104,3,5928,,
,9115,296,3,13971,,
,911A,78,3,6074,,
,912,109,3,10808,,
,912,132,3,10542,,
,912,177,3,17441,,
,912,225,3,11301,,
,912,239,3,4131,,
,912,275,3,15570,,
,912,344,3,1476,,
,912,354,3,21693,,
,912,378,3,20222,,
,912,42,3,10739,,
,912,78,3,18308,,
,912,95,3,19445,,
,9120,296,3,8854,,
,912A,78,3,17520,,
,912ST,132,3,11459,,
,913,109,3,14542,,
,913,225,3,21284,,
,913,239,3,16148,,
,913,262,3,19884,,
,913,275,3,17623,,
,913,344,3,8256,,
,913,354,3,20118,,
,913,364,3,12837,,
,913,42,3,45,,
,913,5,3,2937,,
,913,78,3,23500,,
,913/A,5,3,19971,,
,9130,117,3,7607,,
,913A,78,3,14743,,
,914,109,3,8418,,
,914,132,3,1620,,
,914,177,3,19669,,
,914,225,3,23621,,
,914,239,3,16862,,
,914,262,3,15890,,
,914,275,3,22012,,
,914,344,3,18649,,
,914,354,3,11443,,
,914,42,3,8631,,
,914,5,3,19178,,
,914,78,3,10816,,
,9140,117,3,19508,,
,9142,34,3,21716,,
,914A,78,3,3219,,
,914R,354,3,21749,,
,915,109,3,729,,
,915,132,3,6884,,
,915,177,3,9098,,
,915,181,3,8421,,
,915,225,3,21705,,
,915,262,3,8527,,
,915,275,3,14840,,
,915,344,3,6928,,
,915,347,3,19212,,
,915,364,3,20747,,
,915,78,3,15541,,
,9150,104,3,21997,,
,9150,34,3,4851,,
,9151,104,3,19304,,
,9153,104,3,963,,
,9154,104,3,11577,,
,9154,117,3,18765,,
,9157,104,3,13124,,
,9158,104,3,6201,,
,9159,104,3,1869,,
,916,109,3,22524,,
,916,166,3,21117,,
,916,177,3,20669,,
,916,22,3,9449,,
,916,225,3,16537,,
,916,23,3,6425,,
,916,262,3,22123,,
,916,364,3,90,,
,916,78,3,1455,,
,916 E,23,3,4373,,
,916A,78,3,5290,,
,917,109,3,20998,,
,917,166,3,15439,,
,917,177,3,486,,
,917,22,3,3861,,
,917,225,3,3545,,
,917,23,3,8079,,
,917,312,3,17746,,
,917,344,3,13786,,
,917,78,3,3202,,
,917 E,23,3,10090,,
,9173,117,3,4331,,
,918,132,3,16262,,
,918,177,3,22520,,
,918,225,3,62,,
,918,262,3,3177,,
,918,275,3,4112,,
,918,344,3,9871,,
,918,352,3,11430,,
,918,364,3,167,,
,918,78,3,15771,,
,9180,117,3,9808,,
,9186,117,3,23542,,
,919,166,3,21753,,
,919,177,3,20452,,
,919,225,3,12258,,
,919,23,3,3696,,
,919,262,3,7667,,
,919,347,3,9345,,
,919,352,3,10275,,
,919 E,23,3,18439,,
,9199,354,3,2928,,
,91E,267,3,4237,,
,92,118,3,6885,,
,92,132,3,8419,,
,92,139,3,16923,,
,92,142,3,8090,,
,92,155,0,6444,,
,92,158,3,9845,,
,92,194,3,975,,
,92,233,3,3286,,
,92,249,3,2810,,
,92,252,3,20165,,
,92,260,3,23738,4B95BF,FFFFFF
,92,267,3,22590,,
,92,334,3,12164,,
,92,344,3,8881,,
,92,369,3,15208,,
,92,373,3,10380,,
,92,39,3,2763,,
,92,6,3,606,,
,92,61,3,20555,,
,92,66,3,19670,,
,92,78,3,20202,,
,92,93,3,6914,,
,92,95,3,3747,,
,92.1,132,3,12336,,
,92.2,132,3,16994,,
,92.3,132,3,13663,,
,920,109,3,4304,,
,920,132,3,23727,,
,920,173,3,18643,,
,920,177,3,19283,,
,920,181,3,10986,,
,920,22,3,19897,,
,920,225,3,9046,,
,920,23,3,8027,,
,920,262,3,22101,,
,920,344,3,12291,,
,920,347,3,1678,,
,920,352,3,11656,,
,920,354,3,3949,,
,920,5,3,5752,,
,920,78,3,9773,,
,920 E,23,3,1265,,
,9201,104,3,20607,,
,9202,104,3,12989,,
,920A,78,3,22241,,
,921,109,3,3765,,
,921,132,3,6651,,
,921,181,3,8271,,
,921,225,3,14452,,
,921,23,3,15883,,
,921,239,3,14235,,
,921,252,3,2337,,
,921,275,3,4416,,
,921,344,3,22021,,
,921,347,3,8210,,
,921,352,3,18025,,
,921,354,3,18924,,
,921,5,3,20103,,
,921,78,3,9540,,
,921A,78,3,18188,,
,921B,347,3,18077,,
,921R,354,3,931,,
,921V,239,3,4113,,
,922,109,3,18473,,
,922,132,3,15676,,
,922,166,3,8434,,
,922,177,3,19751,,
,922,181,3,20268,,
,922,225,3,14478,,
,922,23,3,7343,,
,922,344,3,5415,,
,922,352,3,21206,,
,922,354,3,8325,,
,922,5,3,17835,,
,922,78,3,20614,,
,9220,117,3,6722,,
,9221,104,3,21362,,
,9223,104,3,17534,,
,9224,104,3,1397,,
,9226,104,3,18217,,
,9227,104,3,11417,,
,922A,78,3,11917,,
,923,133,3,7358,,
,923,166,3,17293,,
,923,177,3,456,,
,923,181,3,2117,,
,923,225,3,8743,,
,923,23,3,13681,,
,923,239,3,10028,,
,923,352,3,16781,,
,923,5,3,3327,,
,923 E,23,3,13097,,
,9231,104,3,13186,,
,9232,104,3,5952,,
,9233,104,3,6315,,
,9234,104,3,15454,,
,9235,104,3,17076,,
,9236,104,3,15080,,
,9237,104,3,19936,,
,9238,104,3,19738,,
,9239,104,3,7963,,
,924,132,3,7419,,
,924,181,3,23142,,
,924,23,3,8183,,
,924,239,3,8695,,
,924,27,3,20427,,
,924,344,3,15076,,
,924,352,3,5380,,
,924,5,3,20915,,
,924,78,3,11456,,
,924 E,23,3,10319,,
,9241,104,3,1913,,
,9242,104,3,11602,,
,9242,34,3,6730,,
,9243,104,3,21110,,
,924A,78,3,17087,,
,925,132,3,14714,,
,925,173,3,22001,,
,925,23,3,23619,,
,925,27,3,8975,,
,925,344,3,22013,,
,925,364,3,14628,,
,925,5,3,11315,,
,925 E,23,3,22625,,
,926,133,3,2649,,
,926,22,3,10625,,
,926,23,3,3358,,
,926,344,3,19980,,
,926,347,3,19485,,
,926,352,3,17950,,
,926,364,3,4016,,
,926,5,3,2047,,
,926 B,347,3,9272,,
,927,133,3,14809,,
,927,177,3,20071,,
,927,181,3,14876,,
,927,217,3,8588,,
,927,22,3,6438,,
,927,237,3,4254,,
,927,344,3,769,,
,927,347,3,15667,,
,927,364,3,7306,,
,928,132,3,2823,,
,928,133,3,15542,,
,928,23,3,9690,,
,928,239,3,10958,,
,928,344,3,23556,,
,928,347,3,9654,,
,928,364,3,7130,,
,928V,239,3,19160,,
,929,133,3,11735,,
,929,173,3,6086,,
,929,275,3,3220,,
,929,344,3,15459,,
,929,347,3,9901,,
,929,354,3,3968,,
,929,364,3,14720,,
,929 A,347,3,21522,,
,92E,267,3,510,,
,93,118,3,13740,,
,93,132,3,15478,,
,93,142,3,6017,,
,93,155,0,15772,,
,93,158,3,2920,000000,FFE500
,93,233,3,6959,,
,93,249,3,2856,,
,93,252,3,2345,,
,93,267,3,3334,,
,93,275,3,10364,,
,93,281,3,21157,,
,93,334,3,16520,,
,93,344,3,7708,,
,93,352,3,20513,,
,93,361,3,8293,,
,93,369,3,2987,,
,93,39,3,10551,,
,93,6,3,8399,,
,93,61,3,4646,,
,93,66,3,5175,,
,93,93,3,22336,,
,93,95,3,7638,,
,930,177,3,5789,,
,930,181,3,22052,,
,930,22,3,10051,,
,930,23,3,23567,,
,930,27,3,23075,,
,930,344,3,12165,,
,930,347,3,15136,,
,930,5,3,7252,,
,930 E,23,3,8222,,
,931,109,3,3815,,
,931,132,3,6177,,
,931,133,3,8180,,
,931,177,3,8575,,
,931,181,3,8111,,
,931,23,3,6117,,
,931,239,3,15710,,
,931,252,3,1705,,
,931,347,3,3614,,
,931,354,3,5027,,
,931,364,3,7019,,
,931,5,3,3287,,
,931,78,3,17554,,
,931 E,23,3,16578,,
,9314,104,3,22811,,
,931A,78,3,33,,
,931R,354,3,8070,,
,932,109,3,2659,,
,932,132,3,3467,,
,932,133,3,14715,,
,932,239,3,20932,,
,932,364,3,11067,,
,932,372,3,1826,,
,932,5,3,22986,,
,932,78,3,8876,,
,932A,78,3,21684,,
,933,133,3,22537,,
,933,166,3,8216,,
,933,181,3,21025,,
,933,23,3,1603,,
,933,274,3,17618,,
,933,344,3,3641,,
,933,352,3,1065,,
,933,354,3,3449,,
,933,364,3,3588,,
,933,372,3,22297,,
,933,5,3,1723,,
,933,52,3,14898,,
,933,78,3,11945,,
,933 E,23,3,17879,,
,933A,78,3,6676,,
,934,133,3,17948,,
,934,23,3,19280,,
,934,239,3,20808,,
,934,274,3,15062,,
,934,344,3,18259,,
,934,372,3,9848,,
,934,78,3,6087,,
,934 E,23,3,18968,,
,9342,34,3,21987,,
,934A,78,3,20468,,
,935,133,3,4017,,
,935,177,3,2235,,
,935,181,3,2781,,
,935,239,3,20403,,
,935,240,3,5942,,
,935,364,3,6886,,
,935,372,3,4087,,
,935,78,3,17386,,
,935,8,3,21168,,
,935 E,23,3,17216,,
,935A,78,3,2149,,
,936,109,3,22506,,
,936,133,3,11133,,
,936,166,3,15378,,
,936,177,3,23143,,
,936,23,3,13836,,
,936,239,3,20139,,
,936,240,3,4209,,
,936,364,3,10830,,
,936,372,3,23501,,
,937,133,3,19316,,
,937,177,3,4867,,
,937,181,3,13611,,
,937,23,3,17795,,
,937,239,3,18053,,
,937,344,3,18173,,
,937,364,3,1730,,
,937,372,3,16045,,
,938,133,3,8202,,
,938,166,3,17540,,
,938,177,3,4594,,
,938,22,3,13190,,
,938,239,3,7953,,
,938,364,3,17433,,
,939,133,3,5697,,
,939,166,3,23081,,
,939,23,3,16961,,
,939,239,3,3786,,
,939,240,3,17839,,
,939,344,3,4447,,
,939,364,3,3801,,
,939,372,3,8839,,
,94,132,3,1359,,
,94,142,3,11646,,
,94,155,0,17309,,
,94,158,3,19039,,
,94,233,3,3738,,
,94,249,3,1792,,
,94,252,3,4928,,
,94,267,3,2309,,
,94,275,3,5605,,
,94,334,3,5340,,
,94,354,3,5200,,
,94,361,3,10598,,
,94,369,3,12259,,
,94,375,0,9148,,
,94,39,3,11817,,
,94,6,3,5003,,
,94,61,3,14208,,
,94,66,3,23210,,
,94,93,3,19367,,
,940,109,3,2282,,
,940,133,3,4238,,
,940,23,3,18867,,
,940,239,3,172,,
,940,327,3,9849,,
,940,344,3,14741,,
,940,354,3,17419,,
,940,358,3,2473,,
,940,364,3,12468,,
,940,373,3,717,,
,940,5,3,8329,,
,940,78,3,20863,,
,940 E,23,3,17471,,
,940 Rufbus,358,3,4554,,
,9402,280,3,870,,
,9403,280,3,12765,,
,940AL,132,3,12076,,
,940R,354,3,14511,,
,941,109,3,12826,,
,941,132,3,23313,,
,941,133,3,22095,,
,941,166,3,4460,,
,941,181,3,15030,,
,941,23,3,8677,,
,941,239,3,22945,,
,941,344,3,11867,,
,941,372,3,10219,,
,941,379,3,5877,,
,941,5,3,23436,,
,941,78,3,4024,,
,941 E,23,3,5717,,
,9410,280,3,5724,,
,9413,239,3,8891,,
,9414,280,3,14581,,
,9415,280,3,11239,,
,941A,78,3,10413,,
,941AL,132,3,100,,
,942,109,3,23696,,
,942,132,3,6407,,
,942,133,3,11174,,
,942,23,3,12278,,
,942,239,3,15847,,
,942,344,3,18210,,
,942,372,3,10443,,
,942,379,3,22580,,
,942,78,3,1502,,
,942 E,23,3,21340,,
,942AL,132,3,8435,,
,943,132,3,13068,,
,943,133,3,4163,,
,943,166,3,18312,,
,943,20,3,21265,73D700,FFFFFF
,943,344,3,11880,,
,943,379,3,12260,,
,9432,280,3,21601,,
,9433,345,3,22006,,
,9434,34,3,8056,,
,9436,34,3,17029,,
,9437,34,3,15660,,
,9438,34,3,8636,,
,9439,345,3,457,,
,943TB,132,3,21697,,
,944,133,3,7499,,
,944,181,3,23068,,
,944,20,3,2073,73D700,FFFFFF
,944,239,3,1591,,
,944,344,3,19310,,
,944,379,3,10518,,
,944,72,3,20300,,
,9440,280,3,19435,,
,9440,34,3,6514,,
,9441,239,3,8142,,
,9442,34,3,2897,,
,9443,34,3,18246,,
,9444,280,3,2390,,
,9444,34,3,1069,,
,9445,34,3,11822,,
,9448,34,3,2537,,
,945,133,3,6088,,
,945,181,3,15126,,
,945,23,3,3343,,
,945,344,3,2401,,
,945,364,3,22671,,
,946,132,3,21922,,
,946,133,3,1107,,
,946,22,3,22242,,
,946,72,3,20583,,
,9462,280,3,6903,,
,946TB,132,3,14921,,
,947,132,3,13984,,
,947,133,3,18189,,
,947,23,3,12535,,
,947,239,3,1968,,
,947,347,3,8987,,
,947,379,3,15094,,
,9475,280,3,5701,,
,9477,280,3,1378,,
,9478,280,3,19692,,
,9479,280,3,4052,,
,947TB,132,3,3428,,
,947V,239,3,15954,,
,948,132,3,22451,,
,948,133,3,21688,,
,948,22,3,1820,,
,948,239,3,1333,,
,9480,239,3,10684,,
,9481,280,3,1688,,
,9481,34,3,20659,,
,9484,280,3,7789,,
,9486,280,3,16202,,
,949,132,3,15812,,
,949,133,3,3377,,
,949,181,3,14364,,
,949,22,3,10817,,
,949,239,3,17021,,
,949,344,3,15324,,
,95,132,3,74,,
,95,142,3,5461,,
,95,158,3,17373,,
,95,232,3,17217,,
,95,233,3,3536,,
,95,249,3,19729,,
,95,252,3,6742,,
,95,260,3,9360,9B91C1,
,95,275,3,9189,,
,95,354,3,10270,,
,95,361,3,19306,,
,95,369,3,11848,,
,95,375,0,6254,,
,95,39,3,6439,,
,95,6,3,4284,,
,95,61,3,22529,,
,95,93,3,14624,,
,950,109,3,18005,,
,950,132,3,19871,,
,950,133,3,11011,,
,950,181,3,276,,
,950,22,3,21177,,
,950,239,3,5967,,
,950,347,3,17030,,
,950,354,3,1564,,
,950,364,3,8326,,
,950,42,3,16916,,
,950,5,3,19575,,
,950,78,3,22845,,
,9504,34,3,517,,
,9505,239,3,17490,,
,9506,34,3,7325,,
,9507,34,3,10444,,
,9508,34,3,12687,,
,9509,34,3,22072,,
,950A,78,3,3159,,
,950V,239,3,23671,,
,951,109,3,13284,,
,951,132,3,16720,,
,951,133,3,15591,,
,951,20,3,3748,73D700,FFFFFF
,951,239,3,23365,,
,951,347,3,21909,,
,951,352,3,6258,,
,951,354,3,4834,,
,951,364,3,6849,,
,951,5,3,8533,,
,951,78,3,12156,,
,9510,296,3,13570,,
,9512,34,3,6797,,
,9513,34,3,10478,,
,9514,34,3,17558,,
,9515,11,3,23261,,
,9515,34,3,11393,,
,9518,34,3,20006,,
,9519,34,3,23437,,
,951A,78,3,5423,,
,951R,354,3,17262,,
,952,166,3,12995,,
,952,239,3,23404,,
,952,240,3,23529,,
,952,344,3,20544,,
,952,347,3,1840,,
,952,364,3,12789,,
,952,379,3,11654,,
,952,5,3,14248,,
,9520,117,3,5617,,
,9520,134,3,6881,,
,9520,239,3,17568,,
,9520,34,3,3601,,
,9522,34,3,774,,
,9523,34,3,10707,,
,9526,34,3,20850,,
,953,132,3,18543,,
,953,239,3,21404,,
,953,240,3,10892,,
,953,347,3,2422,,
,953,354,3,21445,,
,953,364,3,10370,,
,953,379,3,8040,,
,953,5,3,3893,,
,9530,117,3,16387,,
,9532,34,3,696,,
,9533,34,3,13644,,
,954,132,3,20868,,
,954,240,3,2911,,
,954,347,3,5094,,
,954,354,3,410,,
,954,364,3,14037,,
,954,5,3,9787,,
,954R,354,3,21087,,
,955,133,3,2254,,
,955,181,3,20142,,
,955,239,3,21740,,
,955,240,3,7152,,
,955,344,3,15198,,
,955,347,3,1970,,
,955,354,3,15160,,
,955,364,3,20952,,
,955,5,3,2960,,
,955R,354,3,14220,,
,956,133,3,2912,,
,956,239,3,4633,,
,956,240,3,16350,,
,956,274,3,14229,,
,956,344,3,613,,
,956,354,3,8800,,
,956,379,3,7612,,
,956,5,3,11700,,
,957,132,3,3155,,
,957,133,3,9545,,
,957,181,3,2263,,
,957,239,3,383,,
,957,240,3,5090,,
,957,274,3,5984,,
,957,344,3,2227,,
,957,379,3,19490,,
,957,72,3,1429,,
,957,78,3,3117,,
,958,133,3,14259,,
,958,225,3,17970,,
,958,239,3,12235,,
,958,274,3,16785,,
,958,344,3,3033,,
,958,78,3,20851,,
,958A,78,3,1365,,
,959,132,3,19324,,
,959,133,3,17185,,
,959,274,3,14569,,
,959,344,3,9280,,
,959,78,3,18561,,
,96,142,3,6324,,
,96,155,0,3096,,
,96,158,3,3790,,
,96,194,3,506,,
,96,233,3,11424,,
,96,239,3,18190,,
,96,249,3,18938,,
,96,252,3,17673,,
,96,275,3,19290,,
,96,35,3,7898,,
,96,352,3,19686,,
,96,354,3,8618,,
,96,361,3,21890,,
,96,369,3,12011,,
,96,39,3,20979,,
,96,6,3,4882,,
,96,61,3,18914,,
,96,93,3,9273,,
,960,109,3,23812,,
,960,132,3,20462,,
,960,181,3,12419,,
,960,240,3,1852,,
,960,274,3,22693,,
,960,334,3,15858,,
,960,347,3,11248,,
,960,5,3,13083,,
,961,109,3,19451,,
,961,132,3,15765,,
,961,166,3,1636,,
,961,181,3,9882,,
,961,240,3,11587,,
,961,274,3,4435,,
,961,344,3,5576,,
,961,347,3,20324,,
,961,5,3,7716,,
,961,78,3,13860,,
,962,109,3,8741,,
,962,132,3,1445,,
,962,181,3,20216,,
,962,22,3,19471,,
,962,239,3,909,,
,962,240,3,5681,,
,962,274,3,8787,,
,962,344,3,4229,,
,962,354,3,14902,,
,962,379,3,15518,,
,962,5,3,685,,
,962,78,3,23451,,
,962AL,132,3,9160,,
,963,132,3,11887,,
,963,22,3,18607,,
,963,239,3,16195,,
,963,274,3,7701,,
,963,344,3,12254,,
,963,347,3,23018,,
,963,354,3,2929,,
,963,379,3,7204,,
,963,5,3,2727,,
,963,78,3,22606,,
,963R,354,3,22484,,
,964,109,3,935,,
,964,181,3,6895,,
,964,22,3,11701,,
,964,274,3,359,,
,964,344,3,8732,,
,964,5,3,11521,,
,964,72,3,9392,,
,964,78,3,8594,,
,964R,354,3,11813,,
,965,181,3,4974,,
,965,22,3,7405,,
,965,239,3,22655,,
,965,274,3,1741,,
,965,344,3,17139,,
,965,347,3,15172,,
,965,354,3,6813,,
,965,364,3,10010,,
,965,5,3,5124,,
,965,72,3,758,,
,965,78,3,9281,,
,965A,78,3,12495,,
,965R,354,3,10220,,
,966,133,3,6363,,
,966,181,3,19671,,
,966,22,3,2619,,
,966,239,3,21118,,
,966,240,3,22490,,
,966,274,3,6875,,
,966,344,3,1430,,
,966,347,3,16084,,
,966,354,3,22704,,
,966,5,3,6762,,
,966,72,3,23787,,
,966,78,3,895,,
,966A,78,3,15369,,
,966R,354,3,14922,,
,967,133,3,23232,,
,967,181,3,15629,,
,967,22,3,19693,,
,967,239,3,18054,,
,967,240,3,20788,,
,967,274,3,8300,,
,967,344,3,4715,,
,967,354,3,19355,,
,967,78,3,2002,,
,967R,354,3,4125,,
,968,133,3,17530,,
,968,181,3,22331,,
,968,22,3,7748,,
,968,239,3,19436,,
,968,274,3,13781,,
,968,344,3,3438,,
,968,347,3,10164,,
,968,72,3,2961,,
,968,78,3,19281,,
,969,109,3,3415,,
,969,133,3,17420,,
,969,181,3,7087,,
,969,239,3,8819,,
,969,274,3,4387,,
,969,344,3,14512,,
,969,347,3,2962,,
,969,379,3,10809,,
,969,72,3,1793,,
,96F,361,3,18006,,
,96V,35,3,815,,
,97,142,3,13809,,
,97,158,3,2444,,
,97,194,3,5386,,
,97,233,3,19346,,
,97,252,3,11056,,
,97,275,3,5117,,
,97,35,3,20848,8BADDC,FFFFFF
,97,369,3,21019,,
,97,375,3,14758,,
,97,61,3,17140,,
,97,93,3,5929,,
,970,109,3,5245,,
,970,133,3,14664,,
,970,181,3,19730,,
,970,246,3,18875,,
,970,274,3,15977,,
,970,327,3,1027,,
,970,344,3,3328,,
,970,347,3,6772,,
,970,364,3,11205,,
,970,379,3,12247,,
,970,5,3,13226,,
,970,78,3,15246,,
,971,181,3,10757,,
,971,239,3,20869,,
,971,252,3,15652,,
,971,274,3,3646,,
,971,344,3,23019,,
,971,347,3,1161,,
,971,5,3,18929,,
,971,72,3,1580,,
,971,78,3,9533,,
,972,181,3,1108,,
,972,239,3,5026,,
,972,246,3,16801,,
,972,274,3,3210,,
,972,327,3,22666,,
,972,344,3,3840,,
,972,347,3,11249,,
,972,379,3,20689,,
,972,5,3,9632,,
,972,72,3,16917,,
,972,78,3,8031,,
,972A,78,3,18920,,
,973,239,3,18334,,
,973,274,3,12652,,
,973,344,3,11561,,
,973,347,3,18376,,
,973,5,3,16682,,
,974,181,3,23025,,
,974,239,3,18769,,
,974,274,3,4949,,
,974,344,3,5313,,
,974,347,3,8047,,
,975,181,3,9834,,
,975,239,3,7633,,
,975,344,3,11060,,
,975,379,3,11233,,
,976,181,3,4498,,
,976,239,3,11334,,
,976,240,3,15661,,
,976,344,3,22271,,
,977,181,3,3978,,
,977,239,3,46,,
,977,344,3,10306,,
,978,181,3,21543,,
,978,239,3,9842,,
,978,97,3,18738,,
,978V,239,3,14488,,
,979,181,3,5855,,
,979,239,3,5705,,
,979,240,3,16515,,
,979,97,3,23090,,
,98,132,3,22941,,
,98,142,3,16103,,
,98,155,0,18421,,
,98,233,3,10951,,
,98,252,3,10650,,
,98,344,3,7694,,
,98,35,3,20328,,
,98,369,3,5671,,
,98,6,3,3894,,
,98,61,3,13227,,
,98,8,3,2187,,
,980,105,3,284,,
,980,181,3,5523,,
,980,239,3,14124,,
,980,344,3,6758,,
,980,347,3,5125,,
,980,379,3,1120,,
,980,78,3,18191,,
,980A,78,3,9452,,
,981,105,3,2207,,
,981,132,3,19497,,
,981,239,3,12853,,
,981,72,3,686,,
,981,78,3,6081,,
,981,84,3,655,,
,981A,78,3,21718,,
,982,105,3,733,,
,982,13,3,8744,,
,982,239,3,12351,,
,982,347,3,19377,,
,982,78,3,18592,,
,982,97,3,13750,,
,982 / 85,344,3,224,,
,983,105,3,23520,,
,983,347,3,1689,,
,983,78,3,15436,,
,983,97,3,207,,
,9833,344,3,1947,,
,9834,344,3,14841,,
,9839,344,3,12581,,
,983A,78,3,3014,,
,984,105,3,12198,,
,984,181,3,3666,,
,984,239,3,16063,,
,984,78,3,3527,,
,9840,344,3,18531,,
,9841,344,3,16595,,
,9842,344,3,7728,,
,9843,344,3,17427,,
,984A,78,3,13981,,
,985,181,3,871,,
,985,239,3,22846,,
,985,274,3,10504,,
,985,327,3,15871,,
,9850,344,3,6169,,
,9852,344,3,1870,,
,9855,344,3,19812,,
,986,181,3,13823,,
,986,239,3,8712,,
,986,327,3,15826,,
,986,72,3,8904,,
,9861,344,3,10952,,
,9863,344,3,18783,,
,9867,344,3,5453,,
,9869,344,3,10158,,
,987,105,3,6977,,
,987,181,3,14490,,
,987,239,3,17044,,
,987,347,3,17707,,
,9870,344,3,9393,,
,9871,344,3,3054,,
,9872,344,3,8782,,
,9873,344,3,8901,,
,9874,344,3,14781,,
,9875,344,3,23382,,
,9876,344,3,4916,,
,988,105,3,8425,,
,988,140,3,4835,,
,988,181,3,1486,,
,988,344,3,502,,
,989,140,3,11578,,
,989,239,3,14536,,
,9890,9,3,5649,,
,98A,118,3,18619,,
,98B,118,3,7000,,
,98C,118,3,18892,,
,99,142,3,3667,,
,99,155,0,13953,,
,99,233,3,14553,,
,99,249,3,18840,,
,99,252,3,2205,,
,99,344,4,9644,,
,99,369,3,3957,,
,99,61,3,17906,,
,99,78,3,8665,,
,99,93,3,8622,,
,990,140,3,8426,,
,990,181,3,12657,,
,990,344,3,6408,,
,990,379,3,7245,,
,991,140,3,20660,,
,991,252,3,21694,,
,992,140,3,12544,,
,994,274,3,7492,,
,994,379,3,17911,,
,995,240,3,2650,,
,995,274,3,3434,,
,995,379,3,21695,,
,995,8,3,9354,,
,996,239,3,18305,,
,996,274,3,4874,,
,997,274,3,17067,,
,997,78,3,15407,,
,998,274,3,11969,,
,999,140,3,19771,,
,999,344,3,10556,,
,9999,361,3,14334,,
,9B,354,3,16374,,
,A,10,3,12405,,
,A,106,3,19654,,
,A,108,3,9274,,
,A,129,3,2407,,
,A,137,3,22204,,
,A,141,3,20246,,
,A,180,3,12912,,
,A,208,3,18468,,
,A,231,3,6622,,
,A,252,3,2738,,
,A,257,3,13554,,
,A,3,3,23659,,
,A,304,3,1497,,
,A,339,3,10962,,
,A,340,3,18995,,
,A,349,3,19053,,
,A,352,3,5016,,
,A,380,3,15519,B90276,FFFFFF
,A,56,3,13478,,
,A,68,3,13050,,
,A,72,3,23773,,
,A (Großenhain),118,3,6904,,
,A (Heidenau),118,3,9546,,
,A (Meißen),118,3,2631,,
,A/690,47,3,8687,,
,A/G,189,3,9119,,
,A1,111,3,5227,,
,A1,189,3,10493,,
,A1,216,3,17045,,
,A1,340,3,17624,,
,A1 (Riesa),118,3,6053,,
,A1-B,340,3,6446,,
,A1-G,340,3,15194,,
,A12,14,3,4996,,
,A2,156,3,8080,,
,A2,189,3,2402,,
,A2,340,3,15086,,
,A2 (Riesa),118,3,21638,,
,A25,111,3,2568,,
,A26,111,3,1683,,
,A27,111,3,1827,,
,A3,156,3,19523,,
,A3,189,3,21511,,
,A3,340,3,21270,,
,A3-Bus,220,3,21762,,
,A320,57,3,21359,,
,A321,57,3,197,,
,A322,57,3,21148,,
,A330,57,3,15233,,
,A340,57,3,19819,,
,A341,57,3,1315,,
,A350,57,3,4261,,
,A352,57,3,22232,,
,A353,57,3,7527,,
,A360,57,3,17555,,
,A371,57,3,16876,,
,A382,57,3,4058,,
,A383,57,3,15278,,
,A390,57,3,16732,,
,A392,57,3,746,,
,A4,111,3,620,,
,A4,189,3,20648,,
,A400,266,3,2440,,
,A514,57,3,5192,,
,A522,57,3,6689,,
,A614,57,3,2764,,
,A620,327,3,9973,,
,A630,327,3,7634,,
,A641,57,3,18233,,
,A645,57,3,3046,,
,A646,57,3,23211,,
,A648,57,3,9883,,
,A649,57,3,13173,,
,ADK1,173,3,18654,,
,ADK2,173,3,16504,,
,ADK3,173,3,12948,,
,ADK5,173,3,16883,,
,ADK6,173,3,3212,,
,AFW,354,3,1270,,
,AH,141,3,10657,,
,AIR,141,3,17609,,
,AL1,269,3,16250,,
,AL1,35,3,19145,,
,AL2,269,3,16962,,
,AL2,35,3,19372,,
,AL3,269,3,10970,,
,AL3,35,3,4074,,
,AL3ALT,35,3,2322,,
,AL4,35,3,15872,,
,AL5,35,3,8870,,
,AL6,35,3,10221,,
,ALF25,249,3,4626,,
,ALF26,249,3,14286,,
,ALF4,249,3,23784,,
,ALF5,249,3,22440,,
,ALF58,249,3,23515,,
,ALF64,249,3,21073,,
,ALF66,249,3,13362,,
,ALF67,249,3,8934,,
,ALT,238,3,18205,,
,ALT,296,3,12227,,
,ALT 632,343,3,19679,,
,ALT 668,343,3,2721,,
,ALT31,335,3,5038,,
,ALT32,335,3,5327,,
,ALT42,335,3,19717,,
,ALT47,335,3,3281,,
,ALT5,8,3,12909,,
,ALT50,335,3,17350,,
,ALT52,335,3,20119,,
,ALT53,335,3,16996,,
,ALT54,335,3,2811,,
,ALT62,335,3,2901,,
,ALT64,335,3,4673,,
,ALT70,335,3,12205,,
,ALiTa1,252,3,22756,,
,ALiTa2,252,3,10130,,
,ALiTa3,252,3,18488,,
,AS2,269,3,16174,,
,AST,111,3,3647,,
,AST,120,3,9426,,
,AST,132,3,17965,,
,AST,213,3,2913,,
,AST,232,3,17447,,
,AST,242,3,368,,
,AST,283,3,7671,,
,AST,354,3,12317,,
,AST,370,3,11562,,
,AST,39,3,17294,,
,AST 1,264,3,7222,,
,AST 1,354,3,22979,,
,AST 103,232,3,9346,,
,AST 16,111,3,9908,,
,AST 2,264,3,16632,,
,AST 2,354,3,13443,,
,AST 206,232,3,15990,,
,AST 208,232,3,445,,
,AST 210,232,3,11192,,
,AST 222,232,3,15913,,
,AST 226,232,3,2188,,
,AST 230,232,3,14065,,
,AST 241,232,3,9576,,
,AST 243,232,3,17109,,
,AST 244,232,3,19636,,
,AST 27,232,3,21442,,
,AST 3,264,3,8510,,
,AST 3,354,3,6249,,
,AST 4,264,3,12644,,
,AST 4,354,3,21483,,
,AST 420,232,3,21141,,
,AST 5,264,3,2902,,
,AST 5,354,3,7330,,
,AST 6,264,3,816,,
,AST 6,354,3,825,,
,AST 7,264,3,19064,,
,AST 7,354,3,2739,,
,AST 71,185,3,3196,,
,AST 8,264,3,10881,,
,AST 837,343,3,4114,,
,AST 862,343,3,13136,,
,AST 863,343,3,6130,,
,AST 865,343,3,2744,,
,AST 866,343,3,2292,,
,AST WB,370,3,22610,,
,AST02,122,3,8331,,
,AST1,132,3,20904,,
,AST1,173,3,9936,,
,AST11,122,3,18108,,
,AST13,122,3,5629,,
,AST16,38,3,8128,,
,AST2,132,3,7048,,
,AST2,173,3,9706,,
,AST22,185,3,201,,
,AST26,185,3,10708,,
,AST3,132,3,9322,,
,AST3,173,3,3895,,
,AST30,122,3,22136,,
,AST33,122,3,1518,,
,AST38,122,3,20208,,
,AST4,132,3,1557,,
,AST45,122,3,8611,,
,AST46,122,3,22420,,
,AST5,173,3,12861,,
,AST50,122,3,15978,,
,AST57,38,3,14046,,
,AST59,38,3,16910,,
,AST594,166,3,4708,,
,AST63,38,3,7153,,
,AST64,122,3,5577,,
,AST68,38,3,4663,,
,AST70,122,3,17572,,
,AST72,38,3,23269,,
,AST73,185,3,18784,,
,AST84,122,3,7643,,
,AST89,185,3,16968,,
,AST94,38,3,5982,,
,AST95,38,3,16708,,
,AST97,38,3,16606,,
,AST98,185,3,22102,,
,ASTW1,275,3,1632,,
,ASTW2,275,3,17304,,
,AT 1,142,3,14135,,
,AT 10,142,3,2048,,
,AT 11,142,3,17363,,
,AT 12,142,3,3143,,
,AT 13,142,3,5847,,
,AT 14,142,3,23774,,
,AT 15,142,3,9004,,
,AT 16,142,3,19731,,
,AT 17,142,3,7374,,
,AT 18,142,3,21091,,
,AT 2,142,3,886,,
,AT 3,142,3,14707,,
,AT 4,142,3,12060,,
,AT 5,142,3,22128,,
,AT 6,142,3,6840,,
,AT 7,142,3,5618,,
,AT 8,142,3,9120,,
,AT 9,142,3,4969,,
,Airport Bus,344,3,18961,,
,AirportExpress,283,3,650,,
,AirportShuttle,283,3,4010,,
,Ammersee,239,4,20588,,
,B,10,3,2522,,
,B,106,3,9853,,
,B,108,3,3589,,
,B,129,3,21036,,
,B,137,3,3256,,
,B,141,3,1665,,
,B,180,3,5462,,
,B,208,3,3749,,
,B,231,3,13633,,
,B,257,3,14105,,
,B,267,3,1127,,
,B,3,3,6474,,
,B,304,3,9481,,
,B,339,3,8034,,
,B,340,3,7772,,
,B,349,3,7680,,
,B,352,3,12781,,
,B,380,3,14268,D995BD,FFFFFF
,B,56,3,20582,,
,B,72,3,23275,,
,B (Heidenau),118,3,19360,,
,B (Meißen),118,3,2590,,
,B (Riesa),118,3,20690,,
,B/522,85,3,4659,,
,B/691,47,3,21785,,
,B/F,189,3,18551,,
,B1,370,3,19687,,
,B10,370,3,5398,,
,B11,370,3,9838,,
,B12,370,3,18459,,
,B13,370,3,1684,,
,B14,370,3,16033,,
,B15,370,3,7070,,
,B16,370,3,20549,,
,B16,39,3,1325,,
,B2,370,3,8118,,
,B2,66,3,17614,,
,B21,370,3,10208,,
,B3,111,3,17171,,
,B3,370,3,7964,,
,B31,370,3,4524,,
,B32,370,3,14485,,
,B4,370,3,15463,,
,B446,370,3,1302,,
,B5,370,3,2078,,
,B51,370,3,22607,,
,B52,370,3,7528,,
,B52,39,3,23641,,
,B54,39,3,23122,,
,B6,111,3,466,,
,B6,370,3,19885,,
,B61,370,3,20154,,
,B7,111,3,18313,,
,B7,370,3,22624,,
,B71,39,3,4627,,
,B72,39,3,22014,,
,B8,370,3,17802,,
,B81,370,3,11884,,
,B9,370,3,6939,,
,BAL,275,3,20734,,
,BAM,275,3,21549,,
,BASF Ergänzungslinie 12,344,3,446,,
,BASF Hauptlinie 1,344,3,12436,,
,BASF Hauptlinie 2,344,3,20919,,
,BASF Hauptlinie 3,344,3,14629,,
,BASF Kläranlage,344,3,19122,,
,BB,120,3,4887,,
,BB,185,3,8733,,
,BB HKS,344,3,15338,,
,BB Metelen,370,3,6841,,
,BB01,78,3,406,,
,BB02,78,3,23516,,
,BB03,78,3,5606,,
,BB04,78,3,8862,,
,BB05,78,3,4696,,
,BB06,78,3,11019,,
,BB07,78,3,16655,,
,BB08,78,3,6320,,
,BB09,78,3,7283,,
,BB1,370,3,11466,,
,BB1,381,3,20772,,
,BB1,73,3,4773,,
,BB11,78,3,7655,,
,BB13,78,3,12437,,
,BB14,78,3,8238,,
,BB15,78,3,21632,,
,BB16,78,3,6586,,
,BB17,78,3,22723,,
,BB18,78,3,8400,,
,BB19,78,3,21266,,
,BB2,370,3,2049,,
,BB2,381,3,11409,,
,BB2,73,3,4667,,
,BB20,78,3,22233,,
,BB201,334,3,10052,,
,BB202,334,3,1720,,
,BB3,370,3,6103,,
,BB3,381,3,9206,,
,BB301,334,3,17364,,
,BB4,381,3,19140,,
,BB40,78,3,5570,,
,BB41,78,3,16508,,
,BB43,78,3,8163,,
,BB5,381,3,9714,,
,BB50A,78,3,11166,,
,BB50B,78,3,17915,,
,BB50C,78,3,19694,,
,BB6,381,3,3979,,
,BB601,334,3,21757,,
,BB602,334,3,18370,,
,BB80,78,3,10637,,
,BB81,78,3,6244,,
,BB82,78,3,10837,,
,BB84,78,3,9482,,
,BB85,78,3,22862,,
,BB86,78,3,6166,,
,BB90,78,3,9305,,
,BB901,334,3,5314,,
,BB91,78,3,6549,,
,BB92,78,3,9750,,
,BB93,78,3,14357,,
,BB94,78,3,8637,,
,BBA,237,3,10111,,
,BBK,242,3,10044,,
,BBO,181,3,3907,,
,BBS,237,3,8976,,
,BBT,237,3,10449,,
,BBW,237,3,2300,,
,BBus Altena 1,249,3,8257,,
,BBus Altena 2,249,3,663,,
,BBus Altena 3,249,3,6559,,
,BBus Balve 3,249,3,7440,,
,BBus Halver 1,249,3,3668,,
,BBus Halver 2,249,3,17343,,
,BBus Halver 3,249,3,5419,,
,BBus Herscheid 1,249,3,10690,,
,BBus Herscheid 2,249,3,17750,,
,BBus Kierspe 1,249,3,23082,,
,BBus Menden 1,249,3,5524,,
,BBus Menden 2,249,3,3582,,
,BBus Menden 3,249,3,22406,,
,BBus Nachrodt 1,249,3,19040,,
,BBus Nachrodt 2,249,3,63,,
,BBus Nachrodt 3,249,3,4255,,
,BBus Nachrodt 4,249,3,4305,,
,BBus Neuenrade 1,249,3,15199,,
,BBus Neuenrade 2,249,3,14300,,
,BBus Schalksm. 1,249,3,18687,,
,BBus Schalksm. 2,249,3,12844,,
,BBus Schalksm. 3,249,3,16375,,
,BBus Schalksm. 4,249,3,6469,,
,BBus Schalksm. 5,249,3,4970,,
,BBus Werdohl 1,249,3,17916,,
,BBus Werdohl 2,249,3,7077,,
,BBus Werdohl 3,249,3,21448,,
,BC1,122,3,6778,,
,BC2,122,3,1060,,
,BC3,122,3,10333,,
,BC4,122,3,7432,,
,BE1,188,3,4739,,
,BE2,188,3,10761,,
,BE3,188,3,3255,,
,BE3,344,3,9126,,
,BEM,275,3,17768,,
,BER2,266,3,16677,,
,BG2,188,3,11522,,
,BG2,369,3,9427,,
,BG3,188,3,6501,,
,BG3,369,3,5815,,
,BHB,275,3,10673,,
,BHL,275,3,7083,,
,BHM,275,3,10209,,
,BHX,8,3,12085,,
,BKA1,275,3,13595,,
,BKA2,275,3,15697,,
,BKA3,275,3,2748,,
,BKR,275,3,10222,,
,BL1,122,3,23452,,
,BL1_,269,3,13407,,
,BL2,122,3,6250,,
,BL2_,269,3,10234,,
,BL3,122,3,936,,
,BL4,122,3,10308,,
,BL5,122,3,11514,,
,BMS,275,3,3750,,
,BN1,122,3,2035,,
,BN2,122,3,2992,,
,BN3,122,3,4031,,
,BN4,122,3,5597,,
,BO 1,132,3,11616,,
,BO 2,132,3,4759,,
,BO 3,132,3,12702,,
,BO 4,132,3,8057,,
,BO 5,132,3,5147,,
,BO 6,132,3,20307,,
,BO 7,132,3,20928,,
,BO8,132,3,20649,,
,BR1,122,3,23076,,
,BR2,122,3,2341,,
,BRB,275,3,4417,,
,BS1,370,3,18729,,
,BS2,370,3,23012,,
,BSO,275,3,5591,,
,BUE,275,3,22701,,
,BUS,60,3,15100,,
,BW1,269,3,12095,,
,BW1,35,3,23563,,
,BW2,269,3,20195,,
,BW3_,269,3,4119,,
,BW4_,269,3,16930,,
,BWI1,269,3,9759,,
,Bsv,333,3,12292,,
,Bus,152,3,4164,,
,Bür2,192,3,23723,,
,Bür3,192,3,2498,,
,Bür4,192,3,14203,,
,Bür5,192,3,7177,,
,BürgerBus,370,3,20514,,
,BürgerBus B61,370,3,16982,,
,Bürgerbus,370,3,2370,,
,Bürgerbus B1,370,3,21836,,
,Bürgerbus B2,370,3,12935,,
,Bürgerbus KG,249,3,12120,,
,Bürgerbus Wannweil,111,3,22694,,
,Bürgerbus-Tour A,111,3,15630,,
,Bürgerbus-Tour B,111,3,21074,,
,Bürgerbus-Tour C,111,3,15395,,
,C,107,3,17696,,
,C,108,3,17034,00579C,FFFFFF
,C,108,3,8310,,
,C,129,3,23755,,
,C,180,3,3538,,
,C,208,3,2769,,
,C,231,3,16209,,
,C,304,3,21332,,
,C,339,3,8436,,
,C,340,3,5341,,
,C,349,3,17751,,
,C,352,3,23572,,
,C,72,3,11702,,
,C (Meißen),118,3,12550,,
,C (Riesa),118,3,12666,,
,C/523,85,3,4844,,
,C/692,47,3,1821,,
,C1,189,3,4848,,
,C1,352,3,7554,,
,C1,364,3,7773,,
,C1,370,3,7722,,
,C10,370,3,17336,,
,C100,57,3,10926,,
,C101,57,3,22032,,
,C102,57,3,21826,,
,C103,57,3,12694,,
,C104,57,3,18841,,
,C105,57,3,9970,,
,C106,57,3,21689,,
,C107,57,3,22092,,
,C109,57,3,4430,,
,C11,352,3,12926,,
,C11,370,3,17062,,
,C111,57,3,15021,,
,C112,57,3,8563,,
,C113,57,3,3934,,
,C114,57,3,3559,,
,C116,57,3,8035,,
,C117,57,3,1202,,
,C12,189,3,7107,,
,C12,370,3,21673,,
,C13,352,3,22591,,
,C13,370,3,18349,,
,C130,57,3,21037,,
,C132,57,3,6564,,
,C133,57,3,13897,,
,C134,57,3,8988,,
,C135,57,3,443,,
,C14,352,3,6341,,
,C15,352,3,8081,,
,C2,189,3,20990,,
,C2,352,3,2433,,
,C2,364,3,11574,,
,C2,370,3,12371,,
,C20,370,3,16196,,
,C21,370,3,8713,,
,C22,370,3,4716,,
,C23,370,3,2453,,
,C3,364,3,21434,,
,C3,370,3,1643,,
,C4,364,3,1446,,
,C4,370,3,5049,,
,C5,370,3,609,,
,C6,370,3,15391,,
,C6,56,3,20870,,
,C7,370,3,19699,,
,C8,370,3,1847,,
,C85,370,3,6649,,
,C87,370,3,22096,,
,C9,370,3,7291,,
,CB,380,3,18247,E2684C,FFFFFF
,CBK,267,3,1406,,
,CBR,272,3,2698,,
,CE51,32,3,2318,,
,CE52,32,3,6394,,
,CE62,122,3,11893,,
,CE63,120,3,19972,,
,CE64,122,3,12587,,
,CE65,122,3,2180,,
,CS,288,3,13810,,
,CW1,269,3,9288,,
,CW2,269,3,11156,,
,Chiemsee-Schifffahrt,357,4,7681,,
,City über ZOB,341,3,12969,,
,City8,281,3,7131,,
,D,107,3,4981,,
,D,108,3,6460,,
,D,129,3,15528,,
,D,231,3,9333,,
,D,281,0,9257,,
,D,340,3,18930,,
,D,349,3,18613,,
,D,352,3,22675,,
,D,56,3,1311,,
,D,61,0,22850,,
,D,72,3,4634,,
,D (Riesa),118,3,3282,,
,D/524,85,3,482,,
,D1,132,3,1503,,
,D1,189,3,4705,,
,D1,192,3,7476,,
,D2,132,3,723,,
,D2,174,3,1083,,
,D2,189,3,20897,,
,D3,132,3,12658,,
,D3,174,3,21575,,
,D4,132,3,2699,,
,D5,132,3,2153,,
,D60,370,3,5750,,
,D76,370,3,3378,,
,DG,188,3,3908,,
,DGF33,239,3,8985,,
,DGF34,239,3,3048,,
,DL1,73,3,22552,,
,DL4,73,3,4388,,
,DL5,73,3,8761,,
,DL6,73,3,22234,,
,DS1,42,3,13029,,
,DS2,42,3,18751,,
,DS3,42,3,20782,,
,DSB,352,3,6764,,
,DULT,56,3,8531,,
,De1,192,3,9704,,
,De2,192,3,794,,
,De4,192,3,16,,
,De5,192,3,2123,,
,Dy1,192,3,2025,,
,Dy2,192,3,20864,,
,Dy4,192,3,10450,,
,Dy5,192,3,5901,,
,E,106,3,8770,,
,E,107,3,22159,,
,E,108,3,12975,,
,E,111,3,16721,,
,E,120,3,17796,,
,E,129,3,21854,,
,E,139,3,22510,,
,E,158,0,10288,,
,E,158,3,11485,,
,E,173,3,4098,,
,E,181,3,18078,,
,E,189,3,4938,,
,E,231,3,10959,,
,E,233,3,20254,,
,E,238,0,9106,,
,E,258,3,15620,,
,E,274,3,7880,,
,E,297,3,21727,,
,E,314,3,2660,,
,E,335,0,11157,,
,E,344,3,865,,
,E,35,3,13682,,
,E,352,3,12710,,
,E,375,0,19638,,
,E,38,3,18517,,
,E,6,0,8584,,
,E,73,3,23781,,
,E (Meißen),118,3,19680,,
,E (Riesa),118,3,15956,,
,E - 37,370,3,18452,,
,E - 38,370,3,4825,,
,E - 82,370,3,22080,,
,E - SV,344,3,309,,
,E - Schülerverkehr,344,3,14810,,
,E-1,95,3,12456,,
,E-2,95,3,15982,,
,E-31,370,3,19026,,
,E-32,370,3,16697,,
,E-33,370,3,887,,
,E-35,370,3,19034,,
,E-36,370,3,7669,,
,E-39,370,3,11814,,
,E-40,370,3,12688,,
,E-52,370,3,5691,,
,E-53,370,3,22089,,
,E-54,370,3,10591,,
,E-55,370,3,20819,,
,E-56,370,3,11634,,
,E-57,370,3,1534,,
,E-58,370,3,22608,,
,E-60,370,3,2686,,
,E-65,370,3,13933,,
,E-66,370,3,19603,,
,E-69,370,3,14464,,
,E-70,370,3,12854,,
,E-71,370,3,10227,,
,E-72,370,3,16421,,
,E-73,370,3,9763,,
,E-74,370,3,10939,,
,E-75,370,3,18627,,
,E-76,370,3,1242,,
,E-78,370,3,22169,,
,E-79,370,3,7577,,
,E-80,370,3,2342,,
,E-81,370,3,6821,,
,E-87,370,3,12760,,
,E-92,370,3,17263,,
,E-95,370,3,11460,,
,E-97,370,3,11729,,
,E/525,85,3,2175,,
,E01,17,3,16251,,
,E01,239,3,19990,,
,E02,17,3,6259,,
,E02,239,3,15499,,
,E03,239,3,6765,,
,E04,17,3,3944,,
,E04,239,3,7158,,
,E05,239,3,2350,,
,E06,239,3,22309,,
,E07,239,3,18436,,
,E08,17,3,7336,,
,E08,239,3,3308,,
,E09,17,3,15615,,
,E09,239,3,313,,
,E1,106,3,20250,,
,E1,258,3,4950,,
,E1,32,3,4902,,
,E1,370,3,17387,,
,E10,239,3,9648,,
,E10,370,3,2963,,
,E101,32,3,21945,,
,E102,32,3,9237,,
,E104,32,3,1207,,
,E105,32,3,1781,,
,E106,32,3,10710,,
,E107,32,3,8203,,
,E108,32,3,4559,,
,E11,139,3,13596,,
,E11,17,3,2921,,
,E11,239,3,17125,,
,E11,370,3,11212,,
,E11,373,3,22129,,
,E11,61,3,54,,
,E111,32,3,20571,,
,E112,32,3,168,,
,E114,32,3,15571,,
,E115,32,3,8559,,
,E118,32,3,5148,,
,E119,32,3,2012,,
,E12,139,3,15711,,
,E12,17,3,263,,
,E12,239,3,13228,,
,E12,32,3,9328,,
,E12,370,3,17874,,
,E121,32,3,17547,,
,E122,32,3,7441,,
,E123,32,3,11354,,
,E124,32,3,11093,,
,E125,32,3,18070,,
,E126,32,3,19739,,
,E128,32,3,22466,,
,E129,32,3,13560,,
,E13,17,3,22134,,
,E13,239,3,12173,,
,E13,32,3,3802,,
,E13,370,3,7470,,
,E13,373,3,11359,,
,E130,32,3,8855,,
,E132,32,3,13465,,
,E133,32,3,14866,,
,E14,239,3,6960,,
,E14,258,3,13098,,
,E14,32,3,12604,,
,E14,370,3,6632,,
,E141,381,3,22538,,
,E15,17,3,8918,,
,E15,239,3,19118,,
,E15,258,3,18084,,
,E15,32,3,21484,,
,E15,370,3,17741,,
,E15,373,3,19547,,
,E16,17,3,23123,,
,E16,32,3,8105,,
,E16,373,3,4317,,
,E162,58,3,15285,,
,E17,17,3,1152,,
,E17,239,3,21096,,
,E17,258,3,23069,,
,E17,32,3,17583,,
,E17,370,3,6173,,
,E18,239,3,5311,,
,E18,258,3,13355,,
,E18,32,3,17317,,
,E183,58,3,16747,,
,E185,58,3,18133,,
,E19,239,3,23651,,
,E2,106,3,3880,,
,E2,32,3,6817,,
,E20,17,3,3188,,
,E20,239,3,5467,,
,E20,258,3,10069,,
,E20,38,3,6706,,
,E21,139,3,9707,,
,E21,17,3,11826,,
,E21,239,3,13565,,
,E21,258,3,9156,,
,E21,32,3,11134,,
,E22,139,3,14405,,
,E22,239,3,19059,,
,E22,258,3,19368,,
,E22,32,3,5682,,
,E22,38,3,12645,,
,E220,58,3,12610,,
,E23,239,3,47,,
,E23,258,3,8353,,
,E23,32,3,7377,,
,E23,38,3,15604,,
,E24,258,3,4137,,
,E24,38,3,13741,,
,E25,239,3,1128,,
,E25,32,3,15783,,
,E25,38,3,4647,,
,E26,239,3,1713,,
,E26,32,3,22586,,
,E26,38,3,8192,,
,E27,258,3,4660,,
,E27,32,3,5735,,
,E27,38,3,2795,,
,E28,239,3,7078,,
,E28,32,3,11668,,
,E28,38,3,19361,,
,E29,239,3,3383,,
,E29,38,3,22332,,
,E3,258,3,2640,,
,E3,286,3,22225,,
,E3,373,3,13831,,
,E30,239,3,11888,,
,E30,271,3,10505,,
,E30,32,3,4386,,
,E30,38,3,1360,,
,E300,370,3,8644,,
,E302,38,0,4628,,
,E31,139,3,3429,,
,E31,239,3,6327,,
,E31,32,3,10445,,
,E31,38,3,6031,,
,E32,139,3,13634,,
,E32,239,3,21235,,
,E32,32,3,8886,,
,E32,38,3,6153,,
,E33,239,3,18346,,
,E33,38,3,92,,
,E331,381,3,22454,,
,E332,381,3,6403,,
,E34,139,3,16360,,
,E34,239,3,5905,,
,E34,32,3,3309,,
,E34,38,3,21582,,
,E35,38,3,11724,,
,E36,38,3,19790,,
,E37,239,3,13239,,
,E37,258,3,12753,,
,E37,38,3,16287,,
,E371,381,3,14682,,
,E373,381,3,9402,,
,E38,239,3,3565,,
,E38,32,3,13555,,
,E38,38,3,7471,,
,E39,239,3,12526,,
,E39,258,3,23000,,
,E39,38,3,14278,,
,E4,286,3,13262,,
,E4,370,3,17077,,
,E40,239,3,12415,,
,E40,32,3,11094,,
,E40,38,3,5603,,
,E400,283,3,8544,,
,E401,240,3,2545,,
,E402,240,3,11782,,
,E403,240,3,143,,
,E404,240,3,1166,,
,E405,240,3,18680,,
,E406,240,3,9208,,
,E408,240,3,8602,,
,E409,240,3,19054,,
,E41,139,3,5263,,
,E41,239,3,3000,,
,E41,32,3,17172,,
,E41,38,3,5519,,
,E410,240,3,2310,,
,E410,283,3,7512,,
,E411,240,3,5718,,
,E412,240,3,1529,,
,E413,240,3,4157,,
,E414,240,3,21149,,
,E415,240,3,20269,,
,E415,283,3,16059,,
,E416,240,3,16192,,
,E417,240,3,22369,,
,E418,240,3,1271,,
,E42,139,3,21462,,
,E42,239,3,12206,,
,E42,32,3,10105,,
,E420,240,3,14168,,
,E421,240,3,5736,,
,E422,240,3,11020,,
,E422,283,3,14570,,
,E424,240,3,9051,,
,E424,283,3,9511,,
,E425,240,3,2376,,
,E425,283,3,18273,,
,E427,240,3,23218,,
,E43,239,3,12639,,
,E43,32,3,10709,,
,E43,38,3,6335,,
,E430,283,3,13051,,
,E431,240,3,18872,,
,E432,240,3,11364,,
,E432,283,3,12047,,
,E433,240,3,13448,,
,E434,240,3,11559,,
,E435,240,3,7672,,
,E436,240,3,17088,,
,E436,283,3,3703,,
,E437,283,3,23573,,
,E438,240,3,7344,,
,E439,240,3,892,,
,E439,283,3,9828,,
,E440,283,3,19838,,
,E441,283,3,13072,,
,E442,283,3,13218,,
,E443,240,3,9715,,
,E444,240,3,6328,,
,E445,240,3,18274,,
,E445,283,3,16566,,
,E446,240,3,3203,,
,E447,283,3,4069,,
,E448,283,3,16579,,
,E449,283,3,9739,,
,E45,258,3,16803,,
,E45,38,3,8519,,
,E450,283,3,8464,,
,E46,258,3,16012,,
,E46,32,3,10064,,
,E460,283,3,5619,,
,E461,283,3,9626,,
,E462,283,3,23510,,
,E465,283,3,1883,,
,E469,283,3,18237,,
,E47,258,3,5843,,
,E47,32,3,10116,,
,E47,38,3,7120,,
,E470,283,3,21169,,
,E471,283,3,244,,
,E473,283,3,13253,,
,E474,283,3,18711,,
,E475,283,3,6944,,
,E476,283,3,4933,,
,E48,258,3,6961,,
,E480,283,3,11158,,
,E481,283,3,10235,,
,E482,283,3,117,,
,E49,38,3,12328,,
,E5,258,3,8700,,
,E5,286,3,12431,,
,E5,370,3,19461,,
,E5,61,3,22763,,
,E50,239,3,18322,,
,E50,38,3,1492,,
,E51,239,3,9136,,
,E51,38,3,4276,,
,E52,239,3,1306,,
,E53,239,3,3742,,
,E53,38,3,5390,,
,E54,239,3,18014,,
,E55,239,3,17521,,
,E553,381,3,4852,,
,E559,381,3,6818,,
,E56,239,3,10904,,
,E56,38,3,18278,,
,E564,381,3,6899,,
,E57,239,3,19325,,
,E57,38,3,17610,,
,E58,239,3,15286,,
,E58,38,3,17541,,
,E59,239,3,19097,,
,E59,38,3,999,,
,E6,258,3,4595,,
,E6,370,3,9198,,
,E60,239,3,21528,,
,E60,38,3,12091,,
,E61,139,3,11410,,
,E61,239,3,6550,,
,E61,38,3,20778,,
,E62,239,3,23547,,
,E62,38,3,2031,,
,E63,239,3,6702,,
,E63,38,3,16703,,
,E64,239,3,13343,,
,E64,38,3,3003,,
,E65,239,3,7385,,
,E66,239,3,1549,,
,E67,239,3,5989,,
,E67,38,3,12922,,
,E68,239,3,2757,,
,E68,38,3,14497,,
,E69,239,3,836,,
,E7,32,3,5892,,
,E70,239,3,18493,,
,E71,139,3,4402,,
,E71,239,3,7378,,
,E71,38,3,7903,,
,E72,239,3,7920,,
,E73,139,3,18903,,
,E73,239,3,20166,,
,E73,38,3,6518,,
,E74,239,3,878,,
,E75,239,3,19477,,
,E75,38,3,4295,,
,E76,239,3,12766,,
,E76,38,3,22367,,
,E77,239,3,3914,,
,E77,38,3,16337,,
,E78,239,3,22521,,
,E78,38,3,10599,,
,E79,239,3,8968,,
,E79,38,3,687,,
,E793,301,3,15520,,
,E8,258,3,6929,,
,E8,286,3,15185,,
,E8,32,3,10905,,
,E8,370,3,2983,,
,E8,61,3,12186,,
,E80,139,3,14349,,
,E80,239,3,86,,
,E80,38,3,19099,,
,E801,122,3,20593,,
,E802,122,3,19868,,
,E803,122,3,5956,,
,E804,122,3,7020,,
,E805,122,3,21894,,
,E807,122,3,5434,,
,E808,122,3,9347,,
,E809,122,3,19859,,
,E81,239,3,6058,,
,E81,38,3,11100,,
,E810,122,3,15631,,
,E811,122,3,5198,,
,E812,122,3,21988,,
,E813,122,3,512,,
,E814,122,3,15416,,
,E815,122,3,19220,,
,E816,122,3,7731,,
,E817,122,3,1903,,
,E818,122,3,2782,,
,E819,122,3,20488,,
,E82,239,3,16880,,
,E82,38,3,422,,
,E821,122,3,20956,,
,E822,122,3,369,,
,E823,122,3,12236,,
,E824,122,3,10691,,
,E825,122,3,10963,,
,E826,122,3,7833,,
,E829,122,3,1272,,
,E83,239,3,6433,,
,E83,38,3,17244,,
,E830,122,3,1940,,
,E831,122,3,14774,,
,E832,122,3,8332,,
,E833,122,3,2189,,
,E836,122,3,5362,,
,E837,122,3,21902,,
,E840,122,3,3395,,
,E841,122,3,5463,,
,E842,122,3,10297,,
,E843,122,3,78,,
,E844,122,3,3320,,
,E847,122,3,599,,
,E849,122,3,21602,,
,E850,122,3,10004,,
,E851,122,3,5556,,
,E852,122,3,12349,,
,E862,122,3,19924,,
,E870,122,3,9769,,
,E871,122,3,4939,,
,E872,122,3,7537,,
,E873,122,3,22879,,
,E874,122,3,20957,,
,E875,122,3,7227,,
,E876,122,3,13421,,
,E877,122,3,20284,,
,E878,122,3,711,,
,E88,38,3,16046,,
,E880,122,3,19228,,
,E881,122,3,832,,
,E882,122,3,14109,,
,E883,122,3,19347,,
,E884,122,3,11135,,
,E885,122,3,2152,,
,E886,122,3,2066,,
,E887,122,3,21496,,
,E888,122,3,18282,,
,E889,122,3,8688,,
,E89,38,3,13191,,
,E890,122,3,12755,,
,E891,122,3,22286,,
,E892,122,3,18918,,
,E9,32,3,9190,,
,E9,370,3,15553,,
,E90,38,3,4171,,
,E901,122,3,319,,
,E902,122,3,8160,,
,E903,122,3,20943,,
,E904,122,3,23254,,
,E905,122,3,1853,,
,E907,122,3,384,,
,E909,122,3,15148,,
,E91,139,3,19246,,
,E91,38,3,15538,,
,E910,122,3,18211,,
,E912,122,3,22333,,
,E916,122,3,13588,,
,E92,139,3,20985,,
,E920,122,3,18371,,
,E921,122,3,9568,,
,E925,122,3,3364,,
,E927,122,3,7292,,
,E929,122,3,16628,,
,E93,38,3,16020,,
,E932,122,3,5435,,
,E935,122,3,6743,,
,E937,122,3,7042,,
,E938,122,3,17718,,
,E939,122,3,23486,,
,E941,122,3,5620,,
,E948,122,3,23779,,
,E950,122,3,3693,,
,E952,122,3,10402,,
,E96,38,3,15903,,
,E98,370,3,8696,,
,E99,38,3,20871,,
,EB,188,3,10506,,
,EBU,208,3,19169,,
,EK1,183,3,3515,F3953F,FFFFFF
,EK2,183,3,22806,D995BD,FFFFFF
,EK3,183,3,2408,F3953F,FFFFFF
,EK4,183,3,12663,B90276,FFFFFF
,EV,169,3,8143,,
,EV,191,3,6551,,
,EV,227,3,10840,,
,EV,228,3,6352,,
,EV,255,3,15231,,
,EV,294,3,121,,
,EV,311,3,7315,,
,EV,326,3,20316,,
,EV,338,3,2683,,
,EV,360,3,5285,,
,EV,51,3,17619,,
,EV,70,3,3317,,
,EV,79,3,277,,
,EV,99,3,11964,,
,EV1,103,3,3728,,
,EV1,342,3,22812,,
,EV3,105,3,8406,,
,EV8,158,3,8887,,
,EVRT1,158,3,23469,,
,EVRT4,158,3,3144,,
,EVRT5,158,3,18174,,
,EVS31/S3,367,3,6447,,
,EVS41,367,3,19856,,
,EVS41/S4,367,3,8123,,
,EVS5/S51,367,3,23013,,
,EVS7/S71,367,3,22298,,
,EVS7/S8,367,3,20469,,
,EW1,35,3,10281,,
,EW2,35,3,22491,,
,EW2ALT,35,3,12722,,
,EW3,35,3,19937,,
,EW4,35,3,20206,,
,EW4ALT,35,3,10732,,
,EW5,35,3,9961,,
,EW6ALT,35,3,4183,,
,EXB,208,3,13292,,
,F,108,3,19712,,
,F,108,3,23732,ADC2CD,
,F,129,3,21809,,
,F,141,3,20155,,
,F,231,3,21989,,
,F,3,3,18197,,
,F,352,3,22820,,
,F,370,3,6141,,
,F 1,118,4,4944,,
,F 1,349,3,1463,,
,F 10,118,4,19154,,
,F 10,349,3,14438,,
,F 11,349,3,13506,,
,F 13,349,3,16302,,
,F 14,118,4,16475,,
,F 14,349,3,16634,,
,F 16,118,4,7593,,
,F 16,349,3,21556,,
,F 17,118,4,1530,,
,F 19,349,3,4921,,
,F 2,118,4,13356,,
,F 20,349,3,4247,,
,F 24,118,4,14273,,
,F 28,118,4,20262,,
,F 3,118,4,6876,,
,F 3,349,3,19894,,
,F 30,118,4,8198,,
,F 4,118,4,622,,
,F 5,118,4,19055,,
,F 6,118,4,8138,,
,F 7,118,4,1604,,
,F 8,118,4,2145,,
,F 9,118,4,23691,,
,F 9,349,3,20056,,
,F/526,85,3,16414,,
,F1,16,4,14821,,
,F1,370,3,21962,,
,F1,95,3,10414,,
,F10,384,4,17327,,
,F11,384,4,14324,,
,F12,384,4,22310,,
,F2,16,4,4277,,
,F2,95,3,17484,,
,F20,269,3,6082,,
,F20,28,3,16722,,
,F21,274,4,14962,,
,F21,384,4,14554,,
,F22,274,4,6230,,
,F23,384,4,5599,,
,F24,384,4,5039,,
,F3,16,4,22821,,
,F3,95,3,1888,,
,F39,123,4,13531,,
,F4,95,3,5653,,
,F51,274,4,15334,,
,F770,206,4,17413,,
,FB-1,29,3,10987,,
,FB-10,29,3,1227,,
,FB-11,29,3,4152,,
,FB-12,29,3,18184,,
,FB-14,29,3,2143,,
,FB-15,29,3,20113,,
,FB-2,29,3,14479,,
,FB-20,29,3,7188,,
,FB-21,29,3,22511,,
,FB-22,29,3,20783,,
,FB-23,29,3,19452,,
,FB-24,29,3,22867,,
,FB-25,29,3,2977,,
,FB-26,29,3,11217,,
,FB-3,29,3,3884,,
,FB-30,29,3,22498,,
,FB-31,29,3,13170,,
,FB-32,29,3,1561,,
,FB-33,29,3,4042,,
,FB-34,29,3,4988,,
,FB-35,29,3,9334,,
,FB-36,29,3,8337,,
,FB-3E,29,3,2358,,
,FB-40,29,3,21251,,
,FB-41,29,3,4724,,
,FB-42,29,3,11706,,
,FB-43,29,3,11068,,
,FB-44,29,3,15212,,
,FB-45,29,3,6871,,
,FB-48,29,3,22617,,
,FB-49,29,3,5795,,
,FB-50,29,3,8124,,
,FB-51,29,3,15490,,
,FB-52,29,3,5248,,
,FB-53,29,3,12379,,
,FB-54,29,3,16080,,
,FB-55,29,3,13030,,
,FB-56,29,3,10799,,
,FB-57,29,3,20912,,
,FB-58,29,3,5887,,
,FB-60,29,3,6454,,
,FB-60S,29,3,10924,,
,FB-61,29,3,23457,,
,FB-62,29,3,14079,,
,FB-63,29,3,16303,,
,FB-64,29,3,7647,,
,FB-64S,29,3,7732,,
,FB-70,29,3,8756,,
,FB-71,29,3,4053,,
,FB-72,29,3,11355,,
,FB-73,29,3,9063,,
,FB-74,29,3,1291,,
,FB-76,29,3,13898,,
,FB-80,29,3,22918,,
,FB-81,29,3,21947,,
,FB-82,29,3,21137,,
,FB-83,29,3,1407,,
,FB-84,29,3,5132,,
,FB-85,29,3,14701,,
,FB-86,29,3,9033,,
,FBS1,205,4,13600,,
,FBS2,205,4,21830,,
,FBS3,205,4,7824,,
,FBZ,95,3,21675,,
,FM,141,3,21515,,
,FV32,370,3,11170,,
,FW 1,267,3,8888,,
,FW 2,267,3,11805,,
,Festbus,280,3,21252,,
,Flughafenbus,344,3,2837,,
,FÄ1,95,4,17002,,
,FÄ2,95,4,1186,,
,Fähre,288,4,3635,,
,Fähre,290,4,9649,,
,G,141,3,18350,,
,G,189,3,17552,,
,G,352,3,11925,,
,G/693,47,3,18667,,
,G/L (Pirna),118,3,7847,,
,G1,370,3,21344,,
,GA,188,3,22066,,
,GB,188,3,4296,,
,GI-21,29,3,8022,,
,GI-22,29,3,22358,,
,GI-25,29,3,23184,,
,GI-26,29,3,2758,,
,GI-27,29,3,20589,,
,GI-28,29,3,8840,,
,GI-32,29,3,2713,,
,GI-35,29,3,1651,,
,GI-37,29,3,20575,,
,GI-38,29,3,11279,,
,GI-41,29,3,22495,,
,GI-42,29,3,13461,,
,GI-43,29,3,1892,,
,GI-44,29,3,5468,,
,GI-51,29,3,8450,,
,GI-52,29,3,459,,
,GI-55,29,3,22534,,
,GI-60,29,3,8370,,
,GI-61,29,3,3130,,
,GI-62,29,3,21936,,
,GI-63,29,3,631,,
,GI-64,29,3,48,,
,GI-71,29,3,8565,,
,GI-73,29,3,6245,,
,GI-74,29,3,14394,,
,GI-75,29,3,12976,,
,GI-77,29,3,10479,,
,GI-78,29,3,19662,,
,GI-79,29,3,1352,,
,GK1,183,3,22170,B90276,FFFFFF
,GK2,183,3,2236,4C76BA,FFFFFF
,GK3,183,3,19291,,
,GU1,188,3,3791,,
,GU2,188,3,11546,,
,GU3,188,3,11640,,
,GU4,188,3,8678,,
,Golf,117,3,3901,,
,H,141,3,7285,,
,H,189,3,19494,,
,H,3,3,16312,,
,H,335,3,22966,,
,H/528,85,3,11335,,
,H/S (Pirna),118,3,20686,,
,H1,132,3,2615,,
,H10,132,3,13363,,
,H11,132,3,16748,,
,H2,132,3,16897,,
,H3,132,3,23185,,
,H4,132,3,11799,,
,H5,132,3,14744,,
,H6,132,3,12682,,
,H7,132,3,6930,,
,H8,132,3,21859,,
,H9,132,3,7817,,
,HB1,283,7,18878,,
,HB2,283,7,15366,,
,HB3,283,7,14636,,
,HB5,283,7,17701,,
,HB7,283,7,13073,,
,HEX,239,3,4982,,
,HFB,239,3,10056,,
,HH1,192,3,9397,,
,HH2,192,3,12536,,
,HL,17,3,22205,,
,HM1,192,3,5101,,
,HM2,192,3,19746,,
,HM3,192,3,16580,,
,HM4,192,3,17410,,
,HS 1,334,3,20599,,
,HS 2,334,3,3015,,
,HS 3,334,3,8953,,
,HS 4,334,3,21728,,
,HS 5,334,3,4711,,
,HS 6,334,3,7775,,
,HS1,183,3,22868,,
,HW1,192,3,17856,,
,HW2,192,3,6187,,
,HW3,192,3,16217,,
,HX4,192,3,9577,,
,HZ1,35,3,2437,,
,HZ1ALT,35,3,9796,,
,HZ2,35,3,22108,,
,HZ3,35,3,1316,,
,Heide-Shuttle 1,220,3,22455,,
,Heide-Shuttle 2,220,3,10789,,
,Heide-Shuttle 3,220,3,5217,,
,Heide-Shuttle 4,220,3,11908,,
,Heide-Shuttle 5,220,3,1070,,
,Heide-Shuttle 6,220,3,3969,,
,Helmo,370,3,22214,,
,Hotel,280,3,7938,,
,HÜ1,183,3,13010,F3953F,FFFFFF
,Hä+G,370,3,13763,,
,I,3,3,6180,,
,I,352,3,20882,,
,IC,208,3,3321,,
,II,352,3,1464,,
,Illersteg Shuttle,354,3,16752,,
,Ismo,370,3,5839,,
,K,141,3,3034,,
,K,189,3,2146,,
,K,3,3,13544,,
,K,352,3,12804,,
,K/529,85,3,4971,,
,K1,41,3,14678,,
,K10,370,3,533,,
,K10,41,3,11418,,
,K2,244,3,23578,,
,K3,41,3,17068,,
,K4,41,3,1203,,
,K5,244,3,6423,,
,KAFK,356,3,385,,
,KAT,285,4,7782,,
,KAT,309,4,3539,,
,KAT,40,4,15404,,
,KB,370,3,9074,,
,KBB,267,0,6693,,
,KG 1,379,3,8571,,
,KM1,192,3,12746,,
,KM2,192,3,16686,,
,KM3,192,3,21713,,
,KM4,192,3,18730,,
,KM5,192,3,3041,,
,KM6,192,3,10620,,
,Kirnitzschtalbahn,118,0,7808,,
,Königssee-Schifffahrt,357,4,17053,,
,L,141,3,19981,,
,L,3,3,17966,,
,L/530,85,3,20021,,
,L1,72,3,22967,,
,L100,370,3,20028,,
,L110,57,3,18999,,
,L115,57,3,20748,,
,L120,57,3,15330,,
,L124,57,3,7776,,
,L131,57,3,9441,,
,L136,57,3,8813,,
,L140,57,3,13902,,
,L141,57,3,16542,,
,L150,57,3,1208,,
,L151,57,3,12296,,
,L152,57,3,19997,,
,L162,57,3,12364,,
,L163,57,3,9296,,
,L164,57,3,12166,,
,L165,57,3,10057,,
,L167,57,3,15712,,
,L171,57,3,7337,,
,L182,57,3,7375,,
,L190,57,3,1919,,
,L193,57,3,19609,,
,L194,57,3,23814,,
,L195,57,3,21994,,
,L196,57,3,18260,,
,L200,370,3,23672,,
,L200,57,3,10309,,
,L201,57,3,18785,,
,L202,57,3,15270,,
,L220,57,3,6186,,
,L221,57,3,22698,,
,L222,57,3,20196,,
,L223,57,3,9669,,
,L230,57,3,6744,,
,L300,370,3,10646,,
,L31,270,3,4531,,
,L32,270,3,16111,,
,L33,270,3,5477,,
,L40,270,3,16607,,
,L400,370,3,19410,,
,L500,370,3,16761,,
,L511,57,3,4712,,
,L512,57,3,5719,,
,L513,57,3,4059,,
,L520,57,3,5213,,
,L521,57,3,9005,,
,L524,57,3,4063,,
,L530,57,3,9691,,
,L531,57,3,7197,,
,L540,57,3,16673,,
,L541,57,3,9016,,
,L542,57,3,49,,
,L543,57,3,11025,,
,L544,57,3,1379,,
,L545,57,3,9176,,
,L546,57,3,6699,,
,L550,57,3,18301,,
,L560,57,3,11515,,
,L561,57,3,21125,,
,L562,57,3,20022,,
,L600,370,3,17381,,
,L7,261,3,23610,,
,L700,370,3,8542,,
,L800,370,3,18569,,
,LGS_1,137,3,22291,,
,LGS_2,137,3,1282,,
,LM-1,203,3,17738,,
,LM-11,144,3,2255,,
,LM-12,144,3,20545,,
,LM-13,144,3,5409,,
,LM-14,144,3,2808,,
,LM-15,203,3,6580,,
,LM-16,203,3,12862,,
,LM-2,203,3,2540,,
,LM-20,203,3,12005,,
,LM-21,203,3,2222,,
,LM-22,203,3,21302,,
,LM-23,203,3,13453,,
,LM-24,203,3,22187,,
,LM-25,203,3,11141,,
,LM-26,203,3,5020,,
,LM-3,203,3,19428,,
,LM-31,203,3,12424,,
,LM-32,203,3,4951,,
,LM-33,144,3,16025,,
,LM-41,203,3,2882,,
,LM-44,203,3,7849,,
,LM-45,203,3,9168,,
,LM-46,203,3,10129,,
,LM-5,203,3,21547,,
,LM-50,203,3,13052,,
,LM-51,203,3,8681,,
,LM-52,203,3,5321,,
,LM-54,203,3,16918,,
,LM-55,203,3,19184,,
,LM-56,203,3,18261,,
,LM-57,203,3,17428,,
,LM-59,144,3,20417,,
,LM-61,203,3,10832,,
,LM-62,203,3,6071,,
,LM-63,203,3,21277,,
,LM-64,203,3,9610,,
,LM-65,203,3,2079,,
,LM-66,203,3,584,,
,LM-68,203,3,16368,,
,LT,354,3,16085,,
,LT967,78,3,9788,,
,Linie 1,341,3,11984,,
,Linie 10,341,3,15307,,
,Linie 11,341,3,6703,,
,Linie 13,341,3,320,,
,Linie 2,341,3,13422,,
,Linie 3,341,3,4959,,
,Linie 4,341,3,14175,,
,Linie 5,341,3,20809,,
,Linie 56,341,3,7635,,
,Linie 6,341,3,7777,,
,Linie 7,341,3,19938,,
,Linie 78,341,3,5232,,
,Linie 79,341,3,3479,,
,Linie 8,341,3,1243,,
,Linie 9,341,3,23697,,
,Linie K1,341,3,6552,,
,Linie K2,341,3,18631,,
,Linie K3,341,3,4713,,
,Linie K4,341,3,8193,,
,Lufthansa Express Bus,239,3,416,,
,M,335,3,2574,,
,M (Pirna),118,3,6154,,
,M02,364,3,2067,,
,M03,364,3,18739,,
,M04,364,3,20391,,
,M05,364,3,8125,,
,M06,364,3,1504,,
,M07,364,3,1146,,
,M08,364,3,20765,,
,M09,364,3,2228,,
,M1,141,3,5686,,
,M1,365,3,9174,,
,M1,370,3,10002,,
,M1,384,0,12814,,
,M1,384,3,16963,,
,M1,73,3,20820,,
,M10,384,0,16456,,
,M11,364,3,8119,,
,M11,384,3,21550,,
,M12,364,3,8658,,
,M13,364,3,15904,,
,M13,384,0,11874,,
,M17,384,0,11150,,
,M17,384,3,18580,,
,M19,384,3,22744,,
,M2,141,3,5126,,
,M2,365,3,19462,,
,M2,370,3,16629,,
,M2,384,0,23379,,
,M2,384,3,5943,,
,M2,73,3,19201,,
,M21,384,3,23432,,
,M27,384,3,5304,,
,M29,384,3,10340,,
,M3,141,3,11534,,
,M3,365,3,14764,,
,M3,370,3,9353,,
,M3,73,3,12790,,
,M32,198,3,21373,,
,M32,384,3,13545,,
,M34,198,3,12461,,
,M36,198,3,21670,,
,M36,384,3,20839,,
,M37,384,3,9823,,
,M4,365,3,20905,,
,M4,370,3,16446,,
,M4,384,0,6623,,
,M41,384,3,14399,,
,M43,198,3,17891,,
,M43,384,3,3027,,
,M44,384,3,2060,,
,M45,384,3,16361,,
,M46,198,3,10921,,
,M46,384,3,19329,,
,M48,384,3,2603,,
,M49,384,3,11665,,
,M5,365,3,15511,,
,M5,384,0,19453,,
,M55,198,3,19588,,
,M6,384,0,5836,,
,M60,198,3,1198,,
,M72,198,3,10282,,
,M73,198,3,2354,,
,M76,384,3,12855,,
,M77,384,3,15975,,
,M8,384,0,17401,,
,M8,384,3,11051,,
,M82,384,3,507,,
,M85,384,3,16762,,
,MD,188,3,6062,,
,ME,188,3,11048,,
,MEX12,231,3,18100,,
,MEX12E,78,3,12659,,
,MEX16E,78,3,8115,,
,MEX17,231,3,15320,,
,MEX17E,78,3,19785,,
,MEX18,231,3,2661,,
,MEX18E,78,3,4774,,
,MEX90E,78,3,10769,,
,MKK33,197,3,22724,,
,MKK73A,186,3,13349,,
,ML,17,3,3714,,
,MO1,188,3,5548,,
,MO2,188,3,17074,,
,MO2,344,3,6434,,
,MO3,188,3,2735,,
,MO4,188,3,8549,,
,MS14,173,3,16509,,
,MS2,241,3,23724,,
,MS9,173,3,11422,,
,MV01,370,3,3042,,
,MX,141,3,19131,,
,MX,373,3,14687,,
,MeAl1,13,3,21899,,
,MeLu1,13,3,12174,,
,MeMa1,13,3,10390,,
,MeMa2,13,3,1321,,
,MeMa3,13,3,1605,,
,MeMa4,13,3,14737,,
,N,129,3,817,,
,N,288,3,6018,,
,N (Pirna),118,3,13889,,
,N 4,299,3,3273,,
,N Saturn,201,3,13487,,
,N Venus,201,3,18105,,
,N05,20,3,16674,73D700,FFFFFF
,N07,20,3,6664,73D700,FFFFFF
,N1,101,3,18688,,
,N1,104,3,18377,,
,N1,105,3,9376,,
,N1,111,3,14489,,
,N1,129,3,12749,,
,N1,132,3,11136,,
,N1,139,3,4510,,
,N1,173,3,7594,,
,N1,181,3,20308,,
,N1,192,3,9824,,
,N1,21,3,18552,,
,N1,250,0,17574,ADB9A6,FFFFFF
,N1,252,3,23769,,
,N1,260,0,20156,,
,N1,274,3,7621,,
,N1,286,3,14938,,
,N1,314,3,14990,,
,N1,35,3,13719,,
,N1,365,3,2861,,
,N1,370,3,11444,,
,N1,380,3,5193,004080,FFFFFF
,N1,384,3,747,,
,N1,56,3,21236,,
,N1,57,3,22103,,
,N1,59,3,8623,,
,N1,6,0,9075,,
,N1,61,3,4389,,
,N1,78,3,8237,,
,N1,85,3,13972,,
,N10,104,3,14729,,
,N10,139,3,18962,,
,N10,150,3,1269,,
,N10,181,3,12905,,
,N10,258,3,11368,,
,N10,314,0,23703,,
,N10,370,3,19637,,
,N10,384,3,22447,,
,N10,6,0,5692,,
,N10,61,3,10077,,
,N10,78,3,6571,,
,N100,20,3,7373,73D700,FFFFFF
,N106,20,3,10740,73D700,FFFFFF
,N109,20,3,19481,73D700,FFFFFF
,N11,104,3,9716,,
,N11,132,3,5870,,
,N11,16,3,893,,
,N11,198,3,22539,,
,N11,20,3,21633,73D700,FFFFFF
,N11,258,3,13965,,
,N11,352,3,3411,,
,N11,370,3,55,,
,N11,61,3,15379,,
,N11,69,3,1199,,
,N11,78,3,7359,,
,N110,20,3,10290,73D700,FFFFFF
,N1135,20,3,3938,73D700,FFFFFF
,N1151,20,3,14976,73D700,FFFFFF
,N1153,20,3,8147,73D700,FFFFFF
,N116,20,3,2391,73D700,FFFFFF
,N12,104,3,6342,,
,N12,132,3,19889,,
,N12,16,3,1380,,
,N12,198,3,22272,,
,N12,258,3,1964,,
,N12,352,3,6336,,
,N12,374,3,12332,,
,N12,384,3,1744,,
,N12,61,3,4049,,
,N12,69,3,1244,,
,N12,78,3,21929,,
,N1206A,20,3,7500,73D700,FFFFFF
,N122,20,3,8540,73D700,FFFFFF
,N1222,20,3,6538,73D700,FFFFFF
,N1224,20,3,22757,73D700,FFFFFF
,N1230,20,3,18702,73D700,FFFFFF
,N1290,20,3,3310,73D700,FFFFFF
,N13,104,3,12092,,
,N13,155,3,6174,,
,N13,20,3,11519,73D700,FFFFFF
,N13,258,3,21790,,
,N13,271,3,1690,,
,N13,352,3,16554,,
,N13,61,3,13950,,
,N13,69,3,10674,,
,N13,78,3,3277,,
,N1304,20,3,14325,73D700,FFFFFF
,N1305,20,3,17358,73D700,FFFFFF
,N1306,20,3,3197,73D700,FFFFFF
,N1308,20,3,19724,73D700,FFFFFF
,N1309,20,3,10462,73D700,FFFFFF
,N131,20,3,5529,73D700,FFFFFF
,N1310,20,3,21619,73D700,FFFFFF
,N1315,20,3,20901,73D700,FFFFFF
,N1316,20,3,4474,73D700,FFFFFF
,N132,20,3,9996,73D700,FFFFFF
,N1320,20,3,14708,73D700,FFFFFF
,N1322,20,3,17136,73D700,FFFFFF
,N1323,20,3,9462,73D700,FFFFFF
,N1324,20,3,20568,73D700,FFFFFF
,N1325,20,3,4668,73D700,FFFFFF
,N1326,20,3,9428,73D700,FFFFFF
,N1327,20,3,7811,73D700,FFFFFF
,N1328,20,3,6556,73D700,FFFFFF
,N1329,20,3,12588,73D700,FFFFFF
,N1334,20,3,18440,73D700,FFFFFF
,N1335,20,3,9406,73D700,FFFFFF
,N1338,20,3,20126,73D700,FFFFFF
,N136,20,3,21576,73D700,FFFFFF
,N1360A,20,3,5496,73D700,FFFFFF
,N1360B,20,3,18238,73D700,FFFFFF
,N1361,20,3,4983,73D700,FFFFFF
,N1365,20,3,20702,73D700,FFFFFF
,N1366,20,3,17559,73D700,FFFFFF
,N1367,20,3,23370,73D700,FFFFFF
,N1376,20,3,14182,73D700,FFFFFF
,N1381,20,3,18525,73D700,FFFFFF
,N1385,20,3,8099,73D700,FFFFFF
,N1386,20,3,16830,73D700,FFFFFF
,N1387,20,3,11386,73D700,FFFFFF
,N1389,20,3,4758,73D700,FFFFFF
,N1395,20,3,20944,73D700,FFFFFF
,N1399,20,3,11242,73D700,FFFFFF
,N14,101,3,3555,,
,N14,104,3,14716,,
,N14,132,3,1531,,
,N14,155,3,12032,,
,N14,16,3,8783,,
,N14,352,3,14923,,
,N14,370,3,5353,,
,N14,61,3,20626,,
,N14,78,3,11154,,
,N15,104,3,21435,,
,N15,132,3,19755,,
,N15,155,3,13919,,
,N15,352,3,22838,,
,N15,365,3,19628,,
,N15,61,3,14407,,
,N15,69,3,6343,,
,N15,78,3,8091,,
,N150,20,3,12077,73D700,FFFFFF
,N16,104,3,7141,,
,N16,155,3,3040,,
,N16,198,3,6329,,
,N16,352,3,23815,,
,N16,370,3,11013,,
,N16,78,3,16299,,
,N160,20,3,7521,73D700,FFFFFF
,N161,20,3,14670,73D700,FFFFFF
,N168,20,3,6890,73D700,FFFFFF
,N17,155,3,16394,,
,N17,168,3,5163,,
,N17,314,0,3662,,
,N17,352,3,8092,,
,N17,370,3,10875,,
,N17,58,0,20333,,
,N1720,20,3,7097,73D700,FFFFFF
,N1759,20,3,3118,73D700,FFFFFF
,N177,20,3,6246,73D700,FFFFFF
,N179,20,3,3576,73D700,FFFFFF
,N18,132,3,11707,,
,N18,168,3,15380,,
,N18,198,3,21706,,
,N18,214,3,11206,,
,N18,352,3,3648,,
,N18,365,3,923,,
,N18,384,3,364,,
,N18,78,3,5410,,
,N184,20,3,3384,73D700,FFFFFF
,N19,132,3,11868,,
,N19,370,3,21940,,
,N19,58,0,10537,,
,N19,78,3,6646,,
,N1908,20,3,11970,73D700,FFFFFF
,N1909,20,3,11529,73D700,FFFFFF
,N191,20,3,6920,73D700,FFFFFF
,N1912,20,3,20800,73D700,FFFFFF
,N199,20,3,7310,73D700,FFFFFF
,N2,101,3,826,,
,N2,104,3,21463,,
,N2,105,3,23476,,
,N2,111,3,3008,,
,N2,129,3,2625,,
,N2,132,3,9779,,
,N2,139,3,19962,,
,N2,173,3,13471,,
,N2,181,3,12048,,
,N2,192,3,10430,,
,N2,21,3,12695,,
,N2,250,0,140,,
,N2,252,3,17663,,
,N2,258,3,18074,,
,N2,274,3,1053,,
,N2,286,3,15698,,
,N2,314,3,4669,,
,N2,35,3,17264,,
,N2,365,3,14269,,
,N2,370,3,2006,,
,N2,380,3,12611,004080,FFFFFF
,N2,384,3,23314,,
,N2,56,3,7316,,
,N2,57,3,10020,,
,N2,59,3,19944,,
,N2,61,3,9380,,
,N2,78,3,14738,,
,N2,85,3,2392,,
,N20,168,3,14571,,
,N20,181,3,4410,,
,N20,20,3,1054,73D700,FFFFFF
,N20,214,3,19179,,
,N20,274,3,1937,,
,N20,370,3,268,,
,N20,384,3,16138,,
,N20,58,0,2492,,
,N200,158,3,15994,,
,N21,181,3,20742,,
,N21,274,3,11356,,
,N21,379,3,2042,,
,N21,78,3,11607,,
,N215,20,3,22168,73D700,FFFFFF
,N22,143,3,19519,,
,N22,16,3,5557,,
,N22,181,3,11254,,
,N22,274,3,10403,,
,N22,384,3,22911,,
,N22,78,3,13612,,
,N228,20,3,1955,73D700,FFFFFF
,N23,143,3,20352,,
,N23,181,3,1803,,
,N23,20,3,9619,73D700,FFFFFF
,N23,274,3,9708,,
,N23,384,3,16210,,
,N232,20,3,21009,73D700,FFFFFF
,N235,20,3,19772,73D700,FFFFFF
,N236,20,3,8371,73D700,FFFFFF
,N24,181,3,3359,,
,N24,20,3,20482,73D700,FFFFFF
,N24,274,3,14537,,
,N24,379,3,4239,,
,N24,384,3,2917,,
,N24,78,3,9971,,
,N25,104,3,487,,
,N25,181,3,19473,,
,N25,274,3,4489,,
,N25,297,3,1132,,
,N25,374,3,19945,,
,N25,384,3,8589,,
,N26,104,3,664,,
,N26,181,3,15742,,
,N26,274,3,452,,
,N26,331,3,22656,,
,N26,384,3,9023,,
,N260,20,3,7978,73D700,FFFFFF
,N261,20,3,9058,73D700,FFFFFF
,N27,20,3,23409,73D700,FFFFFF
,N27,37,3,15560,,
,N27,58,0,15655,,
,N272,239,3,4875,,
,N273,365,3,15939,,
,N276,365,3,22563,,
,N277,20,3,12142,73D700,FFFFFF
,N28,181,3,11774,,
,N28,20,3,3775,73D700,FFFFFF
,N28,274,3,770,,
,N28,37,3,21097,,
,N280,20,3,19100,73D700,FFFFFF
,N29,274,3,6581,,
,N29,37,3,19213,,
,N3,101,3,5446,,
,N3,104,3,20270,,
,N3,111,3,11179,,
,N3,132,3,8393,,
,N3,139,3,572,,
,N3,173,3,17221,,
,N3,21,3,488,,
,N3,250,3,3597,,
,N3,252,3,2783,,
,N3,258,3,2171,,
,N3,260,0,7253,,
,N3,274,3,2184,,
,N3,286,3,9241,,
,N3,314,3,5065,,
,N3,35,3,10396,,
,N3,365,3,8061,,
,N3,370,3,5797,,
,N3,373,3,5742,,
,N3,384,3,7850,,
,N3,56,3,4064,,
,N3,57,3,14339,,
,N3,59,3,11556,,
,N3,6,3,8067,,
,N3,61,3,6419,,
,N3,78,3,7028,,
,N30,274,3,2868,,
,N30,384,3,13782,,
,N30,78,3,21529,,
,N300,20,3,13861,73D700,FFFFFF
,N31,16,3,6601,,
,N31,22,3,18727,,
,N31,274,3,185,,
,N31,370,3,6519,,
,N31,374,3,8100,,
,N31,78,3,20001,,
,N32,20,3,8980,73D700,FFFFFF
,N32,200,3,11470,,
,N32,257,3,5602,,
,N32,274,3,12570,,
,N32,370,3,5664,,
,N3205,20,3,14555,73D700,FFFFFF
,N3206,20,3,7001,73D700,FFFFFF
,N3207,20,3,11827,73D700,FFFFFF
,N3212,20,3,19072,73D700,FFFFFF
,N3216,20,3,795,73D700,FFFFFF
,N3217,20,3,17769,73D700,FFFFFF
,N33,20,3,20515,73D700,FFFFFF
,N33,274,3,8211,,
,N33,384,3,16326,,
,N34,101,3,17003,,
,N34,16,3,14001,,
,N34,20,3,10241,73D700,FFFFFF
,N34,274,3,13726,,
,N34,384,3,8041,,
,N35,274,3,11597,,
,N35,384,3,17659,,
,N35,80,3,22231,,
,N36,20,3,15851,73D700,FFFFFF
,N36,297,3,4278,,
,N36,383,3,16268,,
,N36,78,3,1048,,
,N360,20,3,23030,73D700,FFFFFF
,N360A,20,3,14827,73D700,FFFFFF
,N367,20,3,20329,73D700,FFFFFF
,N37,257,3,1685,,
,N37,297,3,10415,,
,N38,274,3,264,,
,N38,297,3,19512,,
,N380,20,3,15671,73D700,FFFFFF
,N381,214,3,12027,,
,N39,214,3,6754,,
,N39,274,3,18900,,
,N39,297,3,2967,,
,N39,384,3,11260,,
,N3a,380,3,15022,004080,FFFFFF
,N3b,380,3,6913,004080,FFFFFF
,N4,101,3,16857,,
,N4,104,3,19330,,
,N4,111,3,15005,,
,N4,132,3,3636,,
,N4,139,3,15873,,
,N4,173,3,4642,,
,N4,181,3,540,,
,N4,192,3,22750,,
,N4,198,3,16237,,
,N4,21,3,15009,,
,N4,214,3,18464,,
,N4,250,3,17875,,
,N4,252,3,9518,,
,N4,258,3,5689,,
,N4,286,3,22389,,
,N4,314,3,4313,,
,N4,35,3,17407,,
,N4,365,3,20340,,
,N4,370,3,18825,,
,N4,380,3,20188,004080,FFFFFF
,N4,56,3,1167,,
,N4,57,3,18039,,
,N4,59,3,17733,,
,N4,6,0,271,,
,N4,61,3,17376,,
,N4,78,3,6921,,
,N4,85,3,9122,,
,N40,196,3,7664,,
,N40,257,3,13851,,
,N40,274,3,7404,,
,N40,297,3,4853,,
,N40,384,3,17241,,
,N40,58,3,15555,,
,N40,78,3,126,,
,N401,20,3,15855,73D700,FFFFFF
,N41,181,3,1652,,
,N41,22,3,3278,,
,N41,297,3,2082,,
,N41,58,3,6208,,
,N41,78,3,23685,,
,N42,16,3,10944,,
,N42,181,3,21948,,
,N42,20,3,12213,73D700,FFFFFF
,N42,370,3,12028,,
,N42,384,3,23348,,
,N42,78,3,21134,,
,N422,20,3,16912,73D700,FFFFFF
,N43,181,3,11811,,
,N43,22,3,339,,
,N43,384,3,8199,,
,N43,58,3,1798,,
,N43,78,3,17788,,
,N44,181,3,14745,,
,N44,20,3,7401,73D700,FFFFFF
,N44,58,3,2790,,
,N44,78,3,20958,,
,N45,181,3,9920,,
,N45,58,3,13920,,
,N452,20,3,6759,73D700,FFFFFF
,N46,181,3,5291,,
,N46,274,3,603,,
,N46,78,3,2154,,
,N47,181,3,13257,,
,N47,274,3,21497,,
,N47,78,3,20539,,
,N474,20,3,549,73D700,FFFFFF
,N48,274,3,23458,,
,N48,78,3,1731,,
,N487,20,3,9854,73D700,FFFFFF
,N49,257,3,5342,,
,N49,274,3,13546,,
,N491,20,3,12689,73D700,FFFFFF
,N5,101,3,18441,,
,N5,104,3,7352,,
,N5,111,3,8765,,
,N5,132,3,4035,,
,N5,139,3,2499,,
,N5,173,3,1004,,
,N5,181,3,10995,,
,N5,198,3,15015,,
,N5,21,3,19567,,
,N5,250,3,2450,,
,N5,258,3,521,,
,N5,274,3,7236,,
,N5,286,3,17829,,
,N5,314,3,7237,,
,N5,35,3,16919,,
,N5,365,3,17245,,
,N5,370,3,10898,,
,N5,384,3,2054,,
,N5,56,3,15006,,
,N5,57,3,2575,,
,N5,6,3,16619,,
,N5,61,3,16308,,
,N5,78,3,16152,,
,N50,384,3,2105,,
,N506,20,3,2770,73D700,FFFFFF
,N508,20,3,3743,73D700,FFFFFF
,N51,101,3,462,,
,N51,16,3,2243,,
,N51,370,3,21535,,
,N52,101,3,17772,,
,N52,384,3,22839,,
,N52,78,3,10611,,
,N53,257,3,691,,
,N53,384,3,1061,,
,N53,69,3,19633,,
,N53,78,3,16393,,
,N531,20,3,17892,73D700,FFFFFF
,N532,20,3,17803,73D700,FFFFFF
,N537,20,3,23262,73D700,FFFFFF
,N538,20,3,18134,73D700,FFFFFF
,N55,61,3,6900,,
,N55,78,3,11683,,
,N56,22,3,14963,,
,N56,384,3,11255,,
,N56,78,3,15784,,
,N57,22,3,21142,,
,N57,78,3,1241,,
,N58,384,3,3537,,
,N58,78,3,11828,,
,N59,61,3,18752,,
,N6,101,3,20080,,
,N6,104,3,16911,,
,N6,111,3,12187,,
,N6,132,3,13000,,
,N6,139,3,4197,,
,N6,181,3,21420,,
,N6,21,3,1519,,
,N6,214,3,17126,,
,N6,250,3,19899,,
,N6,274,3,16104,,
,N6,286,3,10078,,
,N6,314,3,10294,,
,N6,35,3,20029,,
,N6,365,3,22851,,
,N6,370,3,7851,,
,N6,384,3,5095,,
,N6,56,3,19813,,
,N6,57,3,13703,,
,N6,6,3,14991,,
,N6,61,3,22413,,
,N6,78,3,18425,,
,N60,20,3,21260,73D700,FFFFFF
,N60,314,3,10419,,
,N60,35,3,11030,,
,N60,379,3,7848,,
,N60,384,3,10547,,
,N602,20,3,3724,73D700,FFFFFF
,N61,20,3,5848,73D700,FFFFFF
,N61,214,3,19805,,
,N61,384,3,23443,,
,N61,61,3,13171,,
,N61,78,3,21468,,
,N613,20,3,22893,73D700,FFFFFF
,N62,101,3,21111,,
,N62,16,3,21941,,
,N62,22,3,16388,,
,N62,384,3,13438,,
,N62,78,3,2690,,
,N63,101,3,8194,,
,N63,22,3,13994,,
,N63,343,3,8015,,
,N63,384,3,14260,,
,N63,78,3,20058,,
,N64,101,3,22604,,
,N64,384,3,7749,,
,N65,384,3,21725,,
,N66,101,3,4297,,
,N66,20,3,5916,73D700,FFFFFF
,N67,101,3,1443,,
,N67,20,3,9361,73D700,FFFFFF
,N67,343,3,21055,,
,N68,101,3,4687,,
,N68,214,3,18972,,
,N68,245,3,573,,
,N68,384,3,12540,,
,N69,20,3,12448,73D700,FFFFFF
,N69,384,3,12302,,
,N7,101,3,22912,,
,N7,104,3,5109,,
,N7,111,3,1139,,
,N7,132,3,6842,,
,N7,139,3,1149,,
,N7,173,3,20828,,
,N7,181,3,4309,,
,N7,198,3,14498,,
,N7,249,3,14842,,
,N7,250,3,16802,,
,N7,274,3,23592,,
,N7,286,3,9425,,
,N7,314,3,2993,,
,N7,35,3,1914,,
,N7,370,3,1757,,
,N7,384,3,278,,
,N7,56,3,14765,,
,N7,6,3,5893,,
,N7,61,3,13601,,
,N7,78,3,18532,,
,N70,20,3,2311,73D700,FFFFFF
,N70,22,3,9468,,
,N70,384,3,557,,
,N70,78,3,2586,,
,N71,20,3,19411,73D700,FFFFFF
,N71,302,3,208,,
,N71,57,3,8258,,
,N71,58,3,6624,,
,N710,20,3,16422,73D700,FFFFFF
,N72,274,3,22711,,
,N72,58,3,16810,,
,N728,20,3,13566,73D700,FFFFFF
,N73,20,3,17869,73D700,FFFFFF
,N73,214,3,11012,,
,N73,274,3,14730,,
,N73,302,3,16214,,
,N73,78,3,19825,,
,N73,88,3,15127,,
,N74,153,3,13454,,
,N74,20,3,16831,73D700,FFFFFF
,N74,214,3,20189,,
,N74,302,3,10744,,
,N74,58,3,12827,,
,N74,78,3,423,,
,N75,20,3,574,73D700,FFFFFF
,N75,302,3,272,,
,N75,58,3,15878,,
,N75,78,3,16091,,
,N76,101,3,18111,,
,N76,20,3,19412,73D700,FFFFFF
,N76,58,3,818,,
,N77,20,3,13824,73D700,FFFFFF
,N77,384,3,19172,,
,N77,58,3,8689,,
,N77,78,3,19548,,
,N770,20,3,21010,73D700,FFFFFF
,N78,58,3,13223,,
,N780,20,3,15649,73D700,FFFFFF
,N79,20,3,11062,73D700,FFFFFF
,N79,302,3,6167,,
,N79,58,3,9169,,
,N7X,384,3,13024,,
,N8,104,3,4418,,
,N8,111,3,21639,,
,N8,132,3,4310,,
,N8,139,3,2215,,
,N8,173,3,14519,,
,N8,181,3,17011,,
,N8,192,3,20756,,
,N8,198,3,17573,,
,N8,250,3,19472,ADB9A6,FFFFFF
,N8,274,3,9802,,
,N8,286,3,5472,,
,N8,314,3,1115,,
,N8,35,3,3803,,
,N8,370,3,4240,,
,N8,384,3,22535,,
,N8,6,3,10745,,
,N8,61,3,22725,,
,N8,78,3,2862,,
,N80,299,3,23014,,
,N80,370,3,8555,,
,N80,58,3,16064,,
,N81,111,3,6711,,
,N81,20,3,3049,73D700,FFFFFF
,N81,370,3,5040,,
,N81,384,3,19141,,
,N81,58,3,19247,,
,N818,20,3,4760,73D700,FFFFFF
,N82,111,3,23171,,
,N82,370,3,19900,,
,N83,370,3,21930,,
,N84,111,3,2068,,
,N84,20,3,1910,73D700,FFFFFF
,N84,370,3,6866,,
,N84,384,3,19180,,
,N844,20,3,21146,73D700,FFFFFF
,N846,20,3,17633,73D700,FFFFFF
,N85,370,3,15063,,
,N85,78,3,12782,,
,N86,20,3,623,73D700,FFFFFF
,N867,20,3,3344,73D700,FFFFFF
,N87,111,3,11678,,
,N87,78,3,5399,,
,N870,20,3,17421,73D700,FFFFFF
,N872,20,3,5878,73D700,FFFFFF
,N874,20,3,8186,73D700,FFFFFF
,N88,111,3,18293,,
,N88,384,3,14338,,
,N880,20,3,11905,73D700,FFFFFF
,N881,20,3,23511,73D700,FFFFFF
,N884,20,3,8446,73D700,FFFFFF
,N885,20,3,13714,73D700,FFFFFF
,N887,20,3,1349,73D700,FFFFFF
,N89,78,3,6700,,
,N899,20,3,20735,73D700,FFFFFF
,N9,104,3,10143,,
,N9,111,3,6475,,
,N9,132,3,5790,,
,N9,139,3,10497,,
,N9,181,3,20263,,
,N9,250,3,19509,,
,N9,258,3,21112,,
,N9,274,3,22768,,
,N9,286,3,7852,,
,N9,314,3,4997,,
,N9,35,3,18761,,
,N9,370,3,13934,,
,N9,384,3,13244,,
,N9,57,3,16381,,
,N9,6,3,19378,,
,N9,61,3,13977,,
,N9,78,3,18351,,
,N90,111,3,2276,,
,N90,20,3,17843,73D700,FFFFFF
,N90,78,3,4184,,
,N900,20,3,5668,73D700,FFFFFF
,N91,111,3,4802,,
,N91,20,3,23715,73D700,FFFFFF
,N91,384,3,17525,,
,N91,78,3,14007,,
,N92,111,3,12298,,
,N92,78,3,13106,,
,N93,111,3,16439,,
,N93,20,3,1307,73D700,FFFFFF
,N93,78,3,15417,,
,N94,111,3,3335,,
,N94,20,3,20341,73D700,FFFFFF
,N94,384,3,7142,,
,N94,78,3,18889,,
,N943,20,3,15616,73D700,FFFFFF
,N944,20,3,11818,73D700,FFFFFF
,N947,20,3,18404,73D700,FFFFFF
,N948,20,3,23225,73D700,FFFFFF
,N95,111,3,3430,,
,N95,20,3,5447,73D700,FFFFFF
,N95,384,3,5391,,
,N950,20,3,10692,73D700,FFFFFF
,N951,20,3,8482,73D700,FFFFFF
,N952,20,3,2286,73D700,FFFFFF
,N955,20,3,10456,73D700,FFFFFF
,N958,20,3,16203,73D700,FFFFFF
,N96,111,3,17164,,
,N96,384,3,11073,,
,N96,78,3,1911,,
,N965,20,3,11286,73D700,FFFFFF
,N97,111,3,3279,,
,N97,384,3,9692,,
,N97,78,3,7915,,
,N98,111,3,5947,,
,N98,78,3,16400,,
,N981,20,3,12638,73D700,FFFFFF
,N99,20,3,20235,73D700,FFFFFF
,NA 20,111,3,5381,,
,NA21,111,3,6955,,
,NA22,111,3,2978,,
,NE 1,122,3,1752,,
,NE 1,199,3,13293,,
,NE 1,23,3,5194,,
,NE 10,199,3,20007,,
,NE 11,23,3,3637,,
,NE 12,199,3,5571,,
,NE 15,122,3,3160,,
,NE 2,122,3,20860,,
,NE 2,23,3,7218,,
,NE 3,122,3,3300,,
,NE 3,199,3,87,,
,NE 3,23,3,17611,,
,NE 4,122,3,14731,,
,NE 4,199,3,15722,,
,NE 4,23,3,6582,,
,NE 5,122,3,20271,,
,NE 5,199,3,11360,,
,NE 5,23,3,734,,
,NE 6,122,3,10810,,
,NE 6,23,3,10867,,
,NE 7,122,3,19339,,
,NE 7,23,3,12152,,
,NE 8,122,3,18893,,
,NE 9,199,3,18135,,
,NE1,185,3,21085,,
,NE1,202,3,2682,,
,NE1,240,3,5674,,
,NE1,242,3,14843,,
,NE1,283,3,477,,
,NE1,31,3,20865,,
,NE1,32,3,12126,,
,NE1,38,3,1384,,
,NE1,73,3,809,,
,NE1,8,3,4589,,
,NE10,202,3,16300,,
,NE10,237,3,15609,,
,NE10,240,3,9202,,
,NE10,38,3,22803,,
,NE11,192,3,9494,,
,NE11,202,3,21855,,
,NE11,283,3,13704,,
,NE11,32,3,4366,,
,NE11,38,3,169,,
,NE11,8,3,104,,
,NE12,120,3,21011,,
,NE12,192,3,644,,
,NE12,202,3,9942,,
,NE12,240,3,467,,
,NE12,283,3,5585,,
,NE12,32,3,5775,,
,NE12,38,3,4427,,
,NE13,120,3,9997,,
,NE13,192,3,13074,,
,NE13,202,3,14582,,
,NE13,283,3,260,,
,NE13,38,3,9627,,
,NE13,8,3,21976,,
,NE14,120,3,16112,,
,NE14,185,3,7762,,
,NE14,192,3,1633,,
,NE14,202,3,13878,,
,NE14,38,3,13479,,
,NE15,120,3,21840,,
,NE15,192,3,16113,,
,NE15,202,3,15120,,
,NE16,120,3,1392,,
,NE16,192,3,22067,,
,NE16,202,3,21523,,
,NE17,120,3,17491,,
,NE17,192,3,19918,,
,NE17,38,3,23477,,
,NE18,120,3,21982,,
,NE18,185,3,15852,,
,NE18,192,3,10557,,
,NE18,38,3,9560,,
,NE19,120,3,19513,,
,NE19,185,3,2700,,
,NE19,192,3,18593,,
,NE19,32,3,14693,,
,NE2,185,3,20687,,
,NE2,202,3,12148,,
,NE2,240,3,1586,,
,NE2,242,3,11159,,
,NE2,283,3,22088,,
,NE2,31,3,12927,,
,NE2,32,3,10638,,
,NE2,38,3,19595,,
,NE2,73,3,11669,,
,NE2,8,3,9814,,
,NE20,120,3,7275,,
,NE20,192,3,15213,,
,NE20,283,3,6000,,
,NE21,185,3,10106,,
,NE21,222,3,7159,,
,NE21,240,3,4596,,
,NE21,32,3,912,,
,NE22,222,3,13222,,
,NE22,283,3,23212,,
,NE23,222,3,14977,,
,NE24,222,3,1074,,
,NE24,283,3,1334,,
,NE25,222,3,4379,,
,NE25,283,3,20381,,
,NE27,237,3,9926,,
,NE28,222,3,21,,
,NE3,185,3,10531,,
,NE3,202,3,10165,,
,NE3,240,3,19123,,
,NE3,242,3,11641,,
,NE3,283,3,19124,,
,NE3,31,3,4778,,
,NE3,32,3,10510,,
,NE3,38,3,6309,,
,NE3,73,3,3431,,
,NE3,8,3,9650,,
,NE31,265,3,16327,,
,NE32,265,3,4725,,
,NE32,32,3,15753,,
,NE33,265,3,10916,,
,NE34,265,3,22370,,
,NE4,202,3,20576,,
,NE4,240,3,17035,,
,NE4,242,3,22735,,
,NE4,283,3,3751,,
,NE4,31,3,2144,,
,NE4,32,3,10310,,
,NE4,38,3,22184,,
,NE4,381,3,3265,,
,NE4,73,3,14387,,
,NE40,283,3,15354,,
,NE5,185,3,4584,,
,NE5,202,3,15500,,
,NE5,237,3,13444,,
,NE5,240,3,13144,,
,NE5,242,3,2185,,
,NE5,283,3,19914,,
,NE5,31,3,16181,,
,NE5,32,3,3780,,
,NE5,38,3,17448,,
,NE5,73,3,22463,,
,NE6,185,3,4466,,
,NE6,202,3,11256,,
,NE6,237,3,1702,,
,NE6,240,3,5509,,
,NE6,242,3,21690,,
,NE6,283,3,21126,,
,NE6,31,3,21345,,
,NE6,32,3,12134,,
,NE6,38,3,11958,,
,NE6,73,3,19799,,
,NE7,185,3,13326,,
,NE7,202,3,4147,,
,NE7,237,3,10647,,
,NE7,240,3,18842,,
,NE7,283,3,18489,,
,NE7,38,3,14654,,
,NE7,73,3,3016,,
,NE8,185,3,16233,,
,NE8,202,3,13174,,
,NE8,237,3,9884,,
,NE8,283,3,4248,,
,NE8,38,3,7264,,
,NE8,73,3,4092,,
,NE9,185,3,14024,,
,NE9,202,3,12365,,
,NE9,283,3,20203,,
,NE9,8,3,15240,,
,NG1,269,3,19066,,
,NG2,269,3,20171,,
,NG3,269,3,19008,,
,NG4,269,3,15047,,
,NHX,188,3,14903,,
,NL,17,3,20883,,
,NL1,335,0,19756,,
,NL11,335,3,22085,,
,NL12,335,3,16021,,
,NL13,335,3,9149,,
,NL14,335,3,20223,,
,NL15,335,3,13327,,
,NL16,335,3,14376,,
,NL17,335,3,6956,,
,NL2,335,0,6104,,
,NL3,335,3,8960,,
,NO,132,3,21454,,
,NW,132,3,7002,,
,Netliner,321,3,16753,,
,O,141,3,10203,,
,O1,73,3,10183,,
,O10,73,3,7260,,
,O11,73,3,5404,,
,O12,73,3,12914,,
,O13,73,3,10642,,
,O14,73,3,15680,,
,O15,73,3,5442,,
,O16,73,3,3496,,
,O17,73,3,4126,,
,O19,73,3,10210,,
,O3,73,3,14538,,
,O5,73,3,11183,,
,O5,8,3,12939,,
,O6,73,3,53,,
,OF-32,15,3,3063,,
,OF-40,15,3,7804,,
,OF-51,15,3,16997,,
,OF-52,15,3,9214,,
,OF-53,15,3,4784,,
,OF-64,15,3,15662,,
,OF-65,15,3,8511,,
,OF-67,15,3,11486,,
,OF-71,15,3,10612,,
,OF-72,15,3,7182,,
,OF-73,15,3,4917,,
,OF-75,15,3,12546,,
,OF-85,15,3,18868,,
,OF-86,15,3,14031,,
,OF-87,15,3,13502,,
,OF-91,15,3,23548,,
,OF-92,15,3,13674,,
,OF-95,15,3,19264,,
,OF-96,15,3,22185,,
,OF-97,15,3,7232,,
,OF-99,15,3,18608,,
,OL1,35,3,16255,,
,OL5,35,3,19248,,
,OM1,27,3,14877,,
,OM2,364,3,12303,,
,OR1,188,3,18431,,
,OR2,188,3,14156,,
,OV1,8,3,17870,,
,OV2,8,3,16436,,
,OV2E,8,3,2445,,
,OV3,8,3,22592,,
,OV4,8,3,13058,,
,OV5,8,3,14455,,
,OV6,8,3,22919,,
,OV7,8,3,10592,,
,OV8,8,3,13175,,
,OW1,192,3,8832,,
,OW2,192,3,12121,,
,OW3,192,3,20334,,
,OW4,192,3,21237,,
,OW5,192,3,17625,,
,OW6,192,3,5779,,
,OW7,192,3,6922,,
,Obersee,321,4,21271,,
,Ost,132,3,14080,,
,P,188,3,6658,,
,P,258,3,6390,,
,P (Pirna),118,3,10906,,
,P+R,118,3,8784,,
,P+R,192,3,2050,,
,P+R,5,3,2561,,
,P11,152,3,9905,,
,PE,188,3,17298,,
,PHL,181,3,1666,,
,Pendelbus,344,3,13125,,
,Pf 1,173,3,20023,,
,Pf 1,354,3,11642,,
,Pf 2,173,3,906,,
,Pf 3,173,3,3370,,
,Pf 4,173,3,5133,,
,Pf 5,173,3,6251,,
,Pf 6,173,3,6602,,
,Pf 7,173,3,9181,,
,R,141,3,21192,,
,R,189,3,14797,,
,R,352,3,21910,,
,R,72,3,12284,,
,R (Sebnitz),118,3,10833,,
,R1,162,3,20551,,
,R1,328,3,13720,,
,R10,101,3,2620,,
,R10,192,3,17963,,
,R10,278,3,8366,,
,R10,361,3,19277,,
,R10,57,3,14428,,
,R11,101,3,12977,,
,R11,192,3,17261,,
,R11,370,3,23803,,
,R11,57,3,19221,,
,R12,101,3,11806,,
,R12,370,3,22235,,
,R12,57,3,22553,,
,R13,101,3,8301,,
,R13,370,3,14559,,
,R13,57,3,209,,
,R14,370,3,10324,,
,R14,57,3,17660,,
,R14,69,3,265,,
,R140,285,3,6616,,
,R15,365,3,19317,,
,R15,370,3,20721,,
,R15,39,3,16161,,
,R16,365,3,5906,,
,R16,370,3,11872,,
,R16,57,3,6194,,
,R16N,361,3,6877,,
,R17,57,3,20301,,
,R18,361,3,9162,,
,R2,101,3,16660,,
,R2,41,3,3168,,
,R20,101,3,12269,,
,R20,192,3,4945,,
,R20,361,3,13526,,
,R20,370,3,11308,,
,R208,380,3,4177,9D9D9C,
,R21,192,3,1168,,
,R21,370,3,15778,,
,R22,192,3,1573,,
,R22,370,3,22826,,
,R22,57,3,22131,,
,R223,380,3,11743,9D9D9C,
,R23,361,3,17218,,
,R23,370,3,12489,,
,R23,57,3,22027,,
,R234,380,3,9872,9D9D9C,
,R24,370,3,14486,,
,R24,39,3,18469,,
,R24,57,3,17318,,
,R25,370,3,15586,,
,R25,57,3,19571,,
,R26,361,3,23401,,
,R26,370,3,19343,,
,R261,380,3,13875,9D9D9C,
,R27,370,3,16723,,
,R27,39,3,7538,,
,R27,57,3,18963,,
,R278,380,3,8338,9D9D9C,
,R279,380,3,13547,9D9D9C,
,R28,39,3,651,,
,R28,57,3,18411,,
,R282,380,3,13783,9D9D9C,
,R29,57,3,17275,,
,R294b,380,3,11853,9D9D9C,
,R3,241,3,16241,,
,R30,370,3,9215,,
,R30,373,3,22581,,
,R30,57,3,1904,,
,R31,192,3,18770,,
,R31,370,3,15891,,
,R31,57,3,2930,,
,R32,370,3,18950,,
,R32,57,3,3781,,
,R33,349,3,1775,,
,R33,370,3,18026,,
,R33,57,3,19700,,
,R34,192,3,18007,,
,R35,192,3,22299,,
,R35,370,3,10011,,
,R35,57,3,1661,,
,R36,192,3,21942,,
,R36,370,3,13137,,
,R36,57,3,3796,,
,R37,192,3,16709,,
,R37,370,3,13059,,
,R37,57,3,1732,,
,R38,192,3,7043,,
,R38,370,3,13639,,
,R38,57,3,9709,,
,R39,57,3,10086,,
,R4,101,3,17592,,
,R40,373,3,3243,,
,R40,57,3,21026,,
,R41,192,3,3124,,
,R41,370,3,8645,,
,R41,373,3,1470,,
,R42,192,3,22567,,
,R42,370,3,4318,,
,R42,57,3,18159,,
,R43,361,3,8856,,
,R43,370,3,9815,,
,R44,370,3,13890,,
,R44,39,3,5549,,
,R45,192,3,22307,,
,R45,361,3,14766,,
,R45,370,3,5383,,
,R46,192,3,22130,,
,R46,370,3,585,,
,R47,370,3,13513,,
,R48,370,3,12432,,
,R49,370,3,9102,,
,R49,57,3,19713,,
,R5,241,3,7863,,
,R50,192,3,10967,,
,R50,57,3,4718,,
,R51,192,3,12640,,
,R51,370,3,7139,,
,R51,57,3,7208,,
,R52,370,3,11535,,
,R52,57,3,20866,,
,R53,370,3,9816,,
,R53,57,3,6414,,
,R54,370,3,3638,,
,R55,361,3,19482,,
,R55,370,3,3348,,
,R58,361,3,3715,,
,R59,361,3,22277,,
,R6,101,3,23413,,
,R60,361,3,9561,,
,R60,373,3,1335,,
,R61,192,3,11108,,
,R61,370,3,4615,,
,R61,57,3,5900,,
,R62,361,3,16197,,
,R62,370,3,23574,,
,R62,57,3,3510,,
,R63,370,3,7821,,
,R64,361,3,22281,,
,R64,370,3,13742,,
,R65,299,3,22611,,
,R65N,361,3,15512,,
,R66,361,3,1020,,
,R66,370,3,3288,,
,R66N,361,3,15466,,
,R68,57,3,8910,,
,R69,370,3,18756,,
,R7,101,3,17078,,
,R7,354,3,11708,,
,R70,192,3,23374,,
,R70,299,3,15128,,
,R71,192,3,10420,,
,R71,370,3,22540,,
,R72,192,3,938,,
,R72,370,3,6028,,
,R73,370,3,15543,,
,R73E,185,3,2591,,
,R74,370,3,18027,,
,R75,192,3,21349,,
,R75,370,3,18810,,
,R76,192,3,23494,,
,R76,370,3,17357,,
,R77,370,3,1513,,
,R8,354,3,19237,,
,R8,361,3,8576,,
,R80,299,3,13192,,
,R80,370,3,5581,,
,R80,57,3,23371,,
,R81,192,3,22048,,
,R81,370,3,7321,,
,R81,57,3,8946,,
,R82,370,3,19256,,
,R83,192,3,11423,,
,R9,278,3,7858,,
,R9,41,3,12192,,
,R90,299,3,8981,,
,R90,361,3,16338,,
,R90,57,3,16983,,
,R91,192,3,22033,,
,R91,57,3,21439,,
,R92,57,3,11394,,
,R93,57,3,6520,,
,R931,133,3,13734,,
,R933,133,3,5537,,
,R94,57,3,4700,,
,R98,57,3,21744,,
,RB 62,148,3,7979,,
,RB 81,148,3,5541,,
,RB L10,370,3,2637,,
,RB1,335,3,13258,,
,RB10,12,3,11990,,
,RB10E,366,3,6214,,
,RB11,285,3,6978,,
,RB110,86,3,9733,,
,RB113,285,3,11451,,
,RB12,99,3,9825,,
,RB13,18,3,18843,,
,RB13,212,3,786,,
,RB15,12,3,982,,
,RB15E,167,3,13848,,
,RB16,148,3,16313,,
,RB16E,167,3,15865,,
,RB2,160,3,15247,,
,RB2,335,3,15587,,
,RB20,285,3,3889,,
,RB21,212,3,830,,
,RB22,212,3,13751,,
,RB22,285,3,16345,,
,RB22E,167,3,10005,,
,RB23,167,3,19398,,
,RB23,212,3,18085,,
,RB23,217,3,10175,,
,RB23,293,3,15362,,
,RB24,285,3,6202,,
,RB25,285,3,12469,,
,RB25,351,3,12612,,
,RB25,99,3,8788,,
,RB25X,285,3,11171,,
,RB26,172,3,12598,9B1B60,FFFFFF
,RB26,212,3,10036,,
,RB26,231,3,10188,,
,RB26,92,3,9569,,
,RB27,217,3,12838,,
,RB27,231,3,7317,,
,RB27,285,3,8062,,
,RB28,293,3,10882,,
,RB3,335,3,15343,,
,RB3,348,3,3318,,
,RB30,148,3,20392,,
,RB30,231,3,16555,,
,RB30,86,3,12723,,
,RB30X,86,3,1505,,
,RB31,145,3,4441,,
,RB31,236,3,17214,,
,RB31,285,3,13378,,
,RB32,285,3,632,,
,RB32,348,3,10498,,
,RB33,204,3,5714,,
,RB33,285,3,22081,,
,RB34,204,3,7386,,
,RB34,377,3,14904,,
,RB35,165,3,3460,,
,RB35,75,3,14146,,
,RB36,165,3,13503,,
,RB36,99,3,15547,,
,RB37,12,3,3425,,
,RB37,175,3,1259,,
,RB37,18,3,9927,,
,RB38,159,3,656,,
,RB38,167,3,4190,,
,RB38,285,3,894,,
,RB39,377,3,15002,,
,RB4,160,3,22022,,
,RB40,212,3,4480,,
,RB40,285,3,6420,,
,RB40,359,3,16581,,
,RB41,317,3,3928,,
,RB41,359,3,8537,,
,RB42,107,3,13031,,
,RB42,231,3,21698,,
,RB42,359,3,11520,,
,RB42a,107,3,3301,,
,RB43,285,3,20795,,
,RB43,317,3,17903,,
,RB44,167,3,21862,,
,RB44,317,3,21367,,
,RB44,359,3,22637,,
,RB45,167,3,12352,,
,RB45,359,3,6391,,
,RB46,167,3,10271,,
,RB46,359,3,105,,
,RB46Z,78,3,22769,,
,RB47,338,3,6043,,
,RB47,359,3,12043,,
,RB48,172,3,4380,9B1B60,FFFFFF
,RB49,359,3,2528,,
,RB50,333,3,3939,,
,RB51,12,3,11991,,
,RB51,167,3,20081,,
,RB51,18,3,20045,,
,RB51,285,3,22702,,
,RB51,348,3,11080,,
,RB51E,167,3,21625,,
,RB52,167,3,22574,,
,RB52,285,3,23118,,
,RB53,148,3,16866,,
,RB53,167,3,20727,,
,RB53,231,3,4075,,
,RB53,285,3,17165,,
,RB54,167,3,4862,,
,RB54,285,3,10184,,
,RB54,4,3,2083,,
,RB55,167,3,12441,,
,RB57,351,3,9442,,
,RB58,306,3,1247,,
,RB59,306,3,16053,,
,RB59,333,3,22657,,
,RB59,351,3,19580,,
,RB59,359,3,22894,,
,RB59a,107,3,460,,
,RB6,148,3,1979,,
,RB60,148,3,16026,,
,RB60,154,3,20046,,
,RB60,99,3,21863,,
,RB61,119,3,4348,,
,RB61,154,3,9182,,
,RB61,333,3,6123,,
,RB61E,78,3,22942,,
,RB62,216,3,12199,,
,RB63,148,3,22587,,
,RB63,154,3,18352,,
,RB63,231,3,12915,,
,RB63E,78,3,23716,,
,RB64,12,3,23652,,
,RB64,154,3,21104,,
,RB64,167,3,20920,,
,RB64,18,3,2464,,
,RB64,285,3,17285,,
,RB65,12,3,22325,,
,RB65,167,3,7103,,
,RB65,18,3,20665,,
,RB65,333,3,213,,
,RB66,107,3,5430,,
,RB66,167,3,16017,,
,RB66,285,3,22068,,
,RB66,333,3,8272,,
,RB66E,377,3,23598,,
,RB67,167,3,18390,,
,RB67,333,3,11757,,
,RB67,51,3,19241,,
,RB68,107,3,17719,,
,RB68,167,3,21249,,
,RB68E,167,3,5644,,
,RB68a,107,3,9918,,
,RB69,167,3,9717,,
,RB69,333,3,10457,,
,RB70,167,3,19629,,
,RB71,154,3,8722,,
,RB71,167,3,20563,,
,RB71,231,3,3996,,
,RB71,285,3,18959,,
,RB71,333,3,11975,,
,RB73,154,3,676,,
,RB73,333,3,8427,,
,RB74,154,3,14723,,
,RB74,231,3,16382,,
,RB74,306,3,18565,,
,RB75,154,3,19173,,
,RB75,306,3,22407,,
,RB76,212,3,6231,,
,RB77,159,3,249,,
,RB77,167,3,23375,,
,RB79,159,3,7463,,
,RB80,148,3,4621,,
,RB80,216,3,14915,,
,RB80,83,3,16505,,
,RB81,167,3,9914,,
,RB81,216,3,21350,,
,RB81,83,3,14038,,
,RB81X,216,3,22436,,
,RB82,154,3,7798,,
,RB82,216,3,9123,,
,RB82E,377,3,17449,,
,RB83,115,3,9949,,
,RB84,167,3,11112,,
,RB84,306,3,19596,,
,RB85,148,3,17900,,
,RB85,216,3,12916,,
,RB85,306,3,17951,,
,RB88,115,3,7648,,
,RB89,333,3,19478,,
,RB91,377,3,22137,,
,RB93,231,3,1320,,
,RB94,148,3,662,,
,RE 10,148,3,957,,
,RE 33,148,3,4511,,
,RE1,12,3,424,,
,RE1,148,3,15940,,
,RE1,159,3,12118,,
,RE1,167,3,11201,,
,RE1,172,3,7487,9B1B60,FFFFFF
,RE1,18,3,12794,,
,RE1,261,3,22127,,
,RE1,285,3,16763,,
,RE10,236,3,20801,,
,RE10,285,3,16187,,
,RE10,338,3,21203,,
,RE10,75,3,8704,,
,RE11,285,3,3125,,
,RE12,212,3,18601,,
,RE12,285,3,843,,
,RE13,333,3,7299,,
,RE14,236,3,11280,,
,RE14E,78,3,13654,,
,RE14a,231,3,9108,,
,RE15,234,3,17394,,
,RE16,377,3,179,,
,RE17,148,3,18533,,
,RE17,285,3,23333,,
,RE18,167,3,15529,,
,RE18,285,3,10421,,
,RE18,306,3,19506,,
,RE19,377,3,10365,,
,RE1E,78,3,8874,,
,RE1X,159,3,22536,,
,RE1X,167,3,10558,,
,RE2,148,3,19142,,
,RE2,167,3,16188,,
,RE2,216,3,9301,,
,RE2,231,3,5968,,
,RE2,285,3,10559,,
,RE20,75,3,1753,,
,RE200,231,3,23233,,
,RE200E,78,3,11748,,
,RE22,148,3,22311,,
,RE22,285,3,17825,,
,RE22X,285,3,14844,,
,RE23s,25,3,7980,,
,RE25,167,3,19249,,
,RE25,217,3,7595,,
,RE3,12,3,10040,,
,RE3,148,3,891,,
,RE3,18,3,11326,,
,RE3,285,3,19576,,
,RE3,348,3,2500,,
,RE3,86,3,21653,,
,RE30,148,3,7517,,
,RE30,285,3,17388,,
,RE30,304,3,19207,,
,RE30,86,3,4202,,
,RE31,148,3,16704,,
,RE32,148,3,4043,,
,RE33,148,3,4879,,
,RE34,285,3,2493,,
,RE35,148,3,9076,,
,RE4,107,3,13383,,
,RE4,172,3,7786,9B1B60,FFFFFF
,RE4,285,3,7257,,
,RE41,285,3,2632,,
,RE42,107,3,2771,,
,RE42,285,3,21652,,
,RE44,236,3,5743,,
,RE45,167,3,16556,,
,RE47,148,3,17607,,
,RE47,254,3,17272,,
,RE47X,254,3,14583,,
,RE49X,285,3,16465,,
,RE5,172,3,4381,9B1B60,FFFFFF
,RE5,217,3,18225,,
,RE5,231,3,4719,,
,RE50,12,3,13214,,
,RE50,217,3,9121,,
,RE50,285,3,17069,,
,RE50,317,3,15034,,
,RE50,348,3,15592,,
,RE50,76,3,17766,,
,RE50E,167,3,4161,,
,RE54,148,3,13488,,
,RE54,285,3,16960,,
,RE55,148,3,3975,,
,RE55,231,3,9047,,
,RE55,285,3,990,,
,RE56,285,3,17597,,
,RE57,285,3,11941,,
,RE5X,172,3,6496,9B1B60,FFFFFF
,RE6,167,3,22618,,
,RE6,172,3,3113,9B1B60,FFFFFF
,RE6,216,3,3043,,
,RE6,231,3,19740,,
,RE6,285,3,6108,,
,RE6,86,3,1487,,
,RE61,148,3,5044,,
,RE6X,216,3,11034,,
,RE7,148,3,17752,,
,RE7,172,3,11507,9B1B60,FFFFFF
,RE7,216,3,17159,,
,RE7,231,3,4076,,
,RE7,285,3,15610,,
,RE70,148,3,17575,,
,RE70,216,3,8717,,
,RE70E,167,3,10374,,
,RE70X,216,3,6440,,
,RE72,154,3,14828,,
,RE73,167,3,11875,,
,RE74,154,3,10893,,
,RE75,148,3,9584,,
,RE76,148,3,6371,,
,RE78,333,3,17993,,
,RE7X,216,3,3396,,
,RE8,12,3,411,,
,RE8,159,3,13078,,
,RE8,18,3,21176,,
,RE8,216,3,23674,,
,RE8,217,3,16457,,
,RE8,285,3,15503,,
,RE8,351,3,20906,,
,RE80,115,3,18139,,
,RE80,216,3,12906,,
,RE80,354,3,1908,,
,RE80X,216,3,22886,,
,RE82,333,3,7088,,
,RE8E,78,3,12779,,
,RE8S,217,3,4563,,
,RE8X,159,3,16139,,
,RE8X,216,3,14027,,
,RE8X,217,3,5130,,
,RE9,12,3,11889,,
,RE9,159,3,5840,,
,RE9,18,3,7750,,
,RE9,217,3,2749,,
,RE9,285,3,13219,,
,RE9,351,3,5354,,
,RE90E,78,3,2994,,
,RE9X,159,3,6476,,
,RE9X,285,3,19873,,
,REX1,347,3,12571,,
,REX2,347,3,11530,,
,REX4,347,3,7733,,
,REX5,347,3,10091,,
,REX6,347,3,2248,,
,RH,188,3,14021,,
,RNV 1,344,0,13379,,
,RNV 1,344,3,9740,,
,RNV 10,344,0,9319,,
,RNV 1003,344,3,16698,,
,RNV 1004,344,3,15524,,
,RNV 1007,344,3,10480,,
,RNV 1008,344,3,6957,,
,RNV 1009,344,3,5783,,
,RNV 1010,344,3,8268,,
,RNV 1011,344,3,3704,,
,RNV 1013,344,3,13176,,
,RNV 1071,344,3,11542,,
,RNV 1072,344,3,16427,,
,RNV 1077,344,3,3055,,
,RNV 12,344,0,11457,,
,RNV 15,344,0,17004,,
,RNV 15,344,3,1385,,
,RNV 16,344,0,21654,,
,RNV 2,344,0,14539,,
,RNV 2,344,3,7276,,
,RNV 20,344,3,1719,,
,RNV 21,344,0,17773,,
,RNV 22,344,0,9876,,
,RNV 23,344,0,19684,,
,RNV 24,344,0,8924,,
,RNV 26,344,0,9555,,
,RNV 27,344,3,18538,,
,RNV 28,344,3,2799,,
,RNV 28A,344,3,7575,,
,RNV 29,344,3,18269,,
,RNV 3,344,0,17989,,
,RNV 3,344,3,23383,,
,RNV 30,344,3,11829,,
,RNV 31,344,3,15932,,
,RNV 33,344,3,19786,,
,RNV 34,344,3,9800,,
,RNV 35,344,3,1606,,
,RNV 36,344,3,9570,,
,RNV 36A,344,3,11710,,
,RNV 37,344,3,20443,,
,RNV 38,344,3,16034,,
,RNV 39,344,3,18474,,
,RNV 4,344,0,5180,,
,RNV 4,344,3,14825,,
,RNV 40,344,3,5910,,
,RNV 41,344,3,18800,,
,RNV 42,344,3,11575,,
,RNV 43,344,3,9216,,
,RNV 43/46,344,3,9085,,
,RNV 44,344,3,4701,,
,RNV 45,344,3,3379,,
,RNV 46,344,3,3237,,
,RNV 47,344,3,8560,,
,RNV 48,344,3,15818,,
,RNV 49,344,3,186,,
,RNV 4A,344,0,20867,,
,RNV 5,344,0,23366,,
,RNV 5,344,3,11261,,
,RNV 50,344,3,8401,,
,RNV 51,344,3,15908,,
,RNV 52,344,3,9297,,
,RNV 53,344,3,12473,,
,RNV 54,344,3,18347,,
,RNV 55,344,3,14867,,
,RNV 56,344,3,17258,,
,RNV 57,344,3,8042,,
,RNV 57E,344,3,11684,,
,RNV 58,344,3,17999,,
,RNV 59,344,3,23495,,
,RNV 5A,344,0,16330,,
,RNV 6,344,0,21699,,
,RNV 6,344,3,7845,,
,RNV 60,344,3,13233,,
,RNV 61,344,3,1143,,
,RNV 62,344,3,12061,,
,RNV 64,344,3,7406,,
,RNV 65,344,3,23077,,
,RNV 66,344,3,13695,,
,RNV 6A,344,0,1393,,
,RNV 7,344,0,3461,,
,RNV 7,344,3,13727,,
,RNV 70,344,3,11929,,
,RNV 71,344,3,896,,
,RNV 72,344,3,11647,,
,RNV 73,344,3,17429,,
,RNV 74,344,3,21949,,
,RNV 75,344,3,15909,,
,RNV 76,344,3,23756,,
,RNV 77,344,3,6891,,
,RNV 78,344,3,20447,,
,RNV 79E,344,3,6426,,
,RNV 80,344,3,2501,,
,RNV 83,344,3,18518,,
,RNV 84,344,3,4349,,
,RNV 85,344,3,15611,,
,RNV 86,344,3,9289,,
,RNV 87,344,3,8135,,
,RNV 89,344,3,7522,,
,RNV 9,344,0,11830,,
,RNV 90,344,3,8032,,
,RNV 94,344,3,8422,,
,RNV 95,344,3,9320,,
,RNV 96,344,3,3725,,
,RNV 97,344,3,10831,,
,RNV E,344,0,23209,,
,RNV E,344,3,10195,,
,RNV Moonliner 1,344,3,6945,,
,RNV Moonliner 2,344,3,21399,,
,RNV Moonliner 3,344,3,14054,,
,RNV Moonliner 4,344,3,20368,,
,RNV Moonliner 5,344,3,8734,,
,RNV X,344,0,5687,,
,RS-Bahn,321,3,20015,,
,RS1,107,3,7345,,
,RS1,306,3,6791,,
,RS2,107,3,11353,,
,RS2,306,3,1353,,
,RS21,231,3,11580,,
,RS3,107,3,15970,,
,RS3,306,3,19044,,
,RS30,306,3,8598,,
,RS4,107,3,7219,,
,RS4,306,3,19915,,
,RS5,107,3,19463,,
,RS51,107,3,4256,,
,RS7,148,3,3890,,
,RS71,148,3,4888,,
,RT,22,3,3922,,
,RT16,78,3,10920,,
,RT161,78,3,22478,,
,RT163,78,3,10041,,
,RT165,78,3,3194,,
,RT17,78,3,22433,,
,RT202,78,3,22018,,
,RT206,78,3,19185,,
,RT217,78,3,4423,,
,RT225,78,3,1226,,
,RT37,78,3,4638,,
,RT38,78,3,16339,,
,RT380,78,3,12425,,
,RT386,78,3,17457,,
,RT39,78,3,21020,,
,RT4,132,3,9321,,
,RT4,78,3,11657,,
,RT6,78,3,19446,,
,RT7,78,3,23473,,
,RT70,78,3,17075,,
,RT753,78,3,15663,,
,RT775,78,3,3869,,
,RT779,78,3,569,,
,RT780,78,3,20478,,
,RT782,78,3,22161,,
,RT783,78,3,13168,,
,RT828,78,3,14365,,
,RT904,78,3,22153,,
,RT915,78,3,10477,,
,RT916,78,3,23258,,
,RT917,78,3,13518,,
,RT918,78,3,21786,,
,RT92,78,3,13728,,
,RT922,78,3,3483,,
,RT924,78,3,12641,,
,RT934,78,3,4099,,
,RT935,78,3,2701,,
,RT941,78,3,21676,,
,RT971,78,3,18081,,
,RT982,78,3,10012,,
,RTN99,78,3,6539,,
,RUST,280,3,12462,,
,RVS,269,3,11309,,
,Runde 1,111,3,10910,,
,Runde 2,111,3,17724,,
,Rursee,321,4,5812,,
,S,17,3,297,,
,S,3,3,16890,,
,S 1,174,3,23345,,
,S 7,174,3,10852,,
,S1,104,3,15061,,
,S1,148,3,3204,,
,S1,167,3,10084,,
,S1,184,3,10112,,
,S1,226,3,3663,,
,S1,249,3,8471,,
,S1,253,3,9443,,
,S1,285,3,11863,,
,S1,361,3,9203,,
,S1,41,3,4082,,
,S1,54,3,13069,,
,S1,72,3,2208,,
,S10,231,3,23506,,
,S10,361,3,4467,,
,S10,370,3,9118,,
,S10,41,3,17481,,
,S11,129,3,14388,,
,S11,231,3,8487,,
,S11,285,3,3672,,
,S11,370,3,6013,,
,S12,285,3,8599,,
,S14,129,3,7265,,
,S15,129,3,14121,,
,S15,132,3,6146,,
,S17,129,3,12509,,
,S18,129,3,23315,,
,S18,132,3,8465,,
,S19,217,3,14293,,
,S19,285,3,6983,,
,S1Bre,231,3,19621,,
,S1E,231,3,18175,,
,S1E,285,3,1089,,
,S1E,78,3,11753,,
,S1X,285,3,9780,,
,S2,107,3,9444,,
,S2,132,3,13941,,
,S2,148,3,18140,,
,S2,167,3,8234,,
,S2,226,3,8989,,
,S2,249,3,3577,,
,S2,253,3,8472,,
,S2,285,3,8945,,
,S2,41,3,22256,,
,S2,54,3,3570,,
,S2,72,3,23299,,
,S20,365,3,5969,,
,S20,370,3,15140,,
,S21,189,3,6636,,
,S23,285,3,7370,,
,S25,184,3,11689,,
,S28,254,3,18787,,
,S2E,231,3,2312,,
,S2E,285,3,7778,,
,S2E,78,3,3755,,
,S3,107,3,17036,,
,S3,132,3,21012,,
,S3,148,3,22097,,
,S3,167,3,19486,,
,S3,184,3,9651,,
,S3,226,3,13415,,
,S3,249,3,21400,,
,S3,285,3,19208,,
,S3,41,3,5134,,
,S3,54,3,15200,,
,S30,129,3,4910,,
,S30,189,3,19732,,
,S30,192,3,20784,,
,S30,299,3,23241,,
,S30,370,3,14389,,
,S31,129,3,12228,,
,S31,189,3,19087,,
,S32,129,3,13193,,
,S32,189,3,15347,,
,S33,129,3,22171,,
,S33,132,3,5356,,
,S33,167,3,7477,,
,S33,189,3,10138,,
,S35,129,3,18398,,
,S35,200,3,21299,,
,S35,370,3,19431,,
,S35,75,3,7737,,
,S36,129,3,12081,,
,S37,129,3,15704,,
,S38,129,3,11550,,
,S39,129,3,10834,,
,S3E,231,3,16331,,
,S3E,285,3,18265,,
,S3E,78,3,16710,,
,S3EV,215,3,1028,,
,S3N,144,3,22667,,
,S4,148,3,12805,,
,S4,167,3,4795,,
,S4,226,3,9693,,
,S4,253,3,21079,,
,S4,285,3,17593,,
,S4,41,3,6803,,
,S40,189,3,19229,,
,S40,192,3,14326,,
,S40,214,3,1754,,
,S40,365,3,19474,,
,S40,370,3,20393,,
,S40,373,3,12964,,
,S41,184,3,19409,,
,S41,373,3,10883,,
,S42,184,3,9233,,
,S46,184,3,8613,,
,S47,184,3,18605,,
,S4E,231,3,5926,,
,S4E,285,3,7398,,
,S4N,144,3,11227,,
,S5,107,3,2446,,
,S5,132,3,13995,,
,S5,148,3,6971,,
,S5,167,3,18996,,
,S5,226,3,22194,,
,S5,253,3,4206,,
,S5,285,3,5832,,
,S5,41,3,15747,,
,S5,54,3,18790,,
,S50,129,3,8947,,
,S50,370,3,10311,,
,S5E,231,3,4036,,
,S5E,285,3,3837,,
,S5E,78,3,22582,,
,S5EV,215,3,7622,,
,S5K,285,3,15335,,
,S5N,144,3,13220,,
,S6,167,3,453,,
,S6,226,3,22626,,
,S6,285,3,11223,,
,S6,41,3,1105,,
,S6,54,3,17351,,
,S60,153,3,16469,,
,S60,192,3,3090,,
,S60,364,3,10325,,
,S60,370,3,428,,
,S60E,231,3,13582,,
,S63,129,3,13131,,
,S65,364,3,7805,,
,S6E,231,3,3705,,
,S6E,285,3,5382,,
,S6E,78,3,902,,
,S6X,285,3,6232,,
,S7,167,3,13705,,
,S7,184,3,20821,,
,S7,226,3,11849,,
,S7,236,3,17734,,
,S7,253,3,17310,,
,S7,351,3,23579,,
,S7,41,3,18035,,
,S7,54,3,21565,,
,S70,370,3,22728,,
,S71,370,3,10366,,
,S73,132,3,21959,,
,S75,129,3,13156,,
,S75,370,3,17286,,
,S7EV,215,3,2209,,
,S8,226,3,22104,,
,S8,285,3,1133,,
,S8,41,3,18392,,
,S8,54,3,14013,,
,S80,129,3,6300,,
,S80,192,3,10367,,
,S85,192,3,3819,,
,S8A,285,3,11953,,
,S8E,285,3,13624,,
,S8X,285,3,21285,,
,S9,167,3,13201,,
,S9,184,3,18557,,
,S9,285,3,5363,,
,S9,41,3,21603,,
,S90,192,3,8106,,
,S90,27,3,17204,,
,S90,370,3,18378,,
,S91,370,3,8354,,
,S95,299,3,14878,,
,S9X,285,3,14916,,
,SB 40,23,3,20423,,
,SB1,183,3,7965,6FBC85,FFFFFF
,SB1,242,3,9741,,
,SB1,370,3,4481,,
,SB1,57,3,20995,,
,SB10,275,3,2167,,
,SB15,202,3,20290,,
,SB15,380,3,5057,4C76BA,FFFFFF
,SB16,185,3,14792,,
,SB16,8,3,16281,,
,SB18,8,3,20501,,
,SB19,73,3,2968,,
,SB19,8,3,12555,,
,SB20,181,3,1987,,
,SB20,185,3,4382,,
,SB20,380,3,9476,8BADDC,FFFFFF
,SB21,181,3,9329,,
,SB22,181,3,6825,,
,SB22,185,3,9987,,
,SB23,181,3,11584,,
,SB23,301,3,4922,,
,SB24,181,3,21008,,
,SB24,185,3,9469,,
,SB24E,185,3,13746,,
,SB25,181,3,10621,,
,SB25,185,3,11744,,
,SB25E,185,3,18890,,
,SB26,181,3,3385,,
,SB26,185,3,9103,,
,SB26E,185,3,11184,,
,SB27,185,3,2210,,
,SB28,8,3,9445,,
,SB29,8,3,22668,,
,SB3,183,3,10651,D995BD,FFFFFF
,SB3,57,3,15374,,
,SB3,8,3,14408,,
,SB30,275,3,16835,,
,SB33,301,3,13312,,
,SB35,380,3,5055,D995BD,FFFFFF
,SB36,185,3,6441,,
,SB36,38,3,7008,,
,SB36E,185,3,9302,,
,SB37,38,3,20394,,
,SB37,381,3,9446,,
,SB38,380,3,8938,B90276,FFFFFF
,SB38,381,3,4989,,
,SB38,8,3,1761,,
,SB4,183,3,22898,,
,SB4,242,3,8246,,
,SB4,57,3,8483,,
,SB40,181,3,19421,,
,SB41,275,3,23151,,
,SB42,181,3,19985,,
,SB42,275,3,6892,,
,SB46,8,3,1657,,
,SB49,185,3,589,,
,SB5,183,3,16006,D995BD,FFFFFF
,SB5,57,3,10192,,
,SB50,73,3,6063,,
,SB51,181,3,23816,,
,SB51,73,3,986,,
,SB52,181,3,9774,,
,SB52,73,3,10092,,
,SB53,181,3,20431,,
,SB53,31,3,23325,,
,SB53,73,3,15301,,
,SB54,181,3,8807,,
,SB55,73,3,13093,,
,SB56,181,3,19402,,
,SB57,73,3,12006,,
,SB58,275,3,23568,,
,SB59,301,3,15971,,
,SB60,181,3,22209,,
,SB63,35,3,13645,,
,SB66,35,3,19109,,
,SB66,8,3,14261,,
,SB67,381,3,23020,,
,SB68,73,3,22198,,
,SB69,122,3,489,,
,SB69,181,3,5469,,
,SB7,8,3,19225,,
,SB70,275,3,16018,,
,SB70,380,3,13066,B90276,FFFFFF
,SB71,35,3,15392,,
,SB8,183,3,18814,F3953F,FFFFFF
,SB8,380,3,9109,F3953F,FFFFFF
,SB80,275,3,11976,,
,SB81,181,3,19663,,
,SB81,183,3,21226,009640,FFFFFF
,SB81,242,3,10159,,
,SB82,181,3,1965,,
,SB83,242,3,10315,,
,SB84,237,3,5351,,
,SB85,8,3,20421,,
,SB86,380,3,6966,009640,FFFFFF
,SB86,8,3,21063,,
,SB87,211,3,14358,,
,SB87,8,3,12624,,
,SB88,237,3,14187,,
,SB88,35,3,5004,,
,SB9,57,3,11985,,
,SB90,240,3,3489,,
,SB91,181,3,9921,,
,SB91,185,3,2132,,
,SB91,240,3,6677,,
,SB91E,185,3,22328,,
,SB92,181,3,16231,,
,SB92,240,3,18206,,
,SB93,181,3,15292,,
,SB93,240,3,19688,,
,SB94,240,3,13434,,
,SB95,380,3,20728,F3953F,FFFFFF
,SB97,240,3,5856,,
,SB98,240,3,14868,,
,SBF,373,3,12970,,
,SC,196,0,18055,,
,SC1,192,3,3712,,
,SC2,192,3,19268,,
,SCH,135,4,17192,,
,SCH,157,4,4863,,
,SCH,193,4,10999,,
,SCH,230,4,6544,,
,SCH,285,4,13769,,
,SCH,313,4,10736,,
,SCH,324,4,7558,,
,SCH,371,4,17189,,
,SCH,40,4,12990,,
,SCH,43,4,4025,,
,SCH,60,4,22745,,
,SCH,67,4,9676,,
,SEV,196,3,14520,,
,SEV,198,3,9877,,
,SEV 101,202,3,3622,,
,SEV 106,202,3,9429,,
,SEV 109,202,3,332,,
,SEV 14,335,3,17587,,
,SEV 15,335,3,10696,,
,SEV 721,349,3,6397,,
,SEV 903,23,3,16661,,
,SEV U79,23,3,23414,,
,SEV1,173,3,18448,,
,SEV1,231,3,8793,,
,SEV14,314,3,8016,,
,SEV2,173,3,6168,,
,SEV3,314,3,10563,,
,SEV3,78,3,240,,
,SEV50,344,3,11791,,
,SEV53,344,3,14630,,
,SEV8,314,3,5871,,
,SEVS1,64,3,19278,,
,SHTL,319,3,7523,,
,SJ1,188,3,10362,,
,SJ2,188,3,22257,,
,SL,41,3,21469,,
,SL1,275,3,15684,,
,SL10,275,3,5249,,
,SL11,275,3,14491,,
,SL12,275,3,10945,,
,SL13,275,3,16796,,
,SL14,275,3,21895,,
,SL15,275,3,23367,,
,SL16,275,3,10082,,
,SL17,275,3,21926,,
,SL18,275,3,537,,
,SL2,275,3,857,,
,SL3,275,3,18015,,
,SL4,275,3,10178,,
,SL40,275,3,11502,,
,SL42,275,3,11395,,
,SL5,275,3,16687,,
,SL6,275,3,23798,,
,SL61,275,3,21170,,
,SL62,275,3,18356,,
,SL63,275,3,11733,,
,SL64,275,3,21407,,
,SL65,275,3,6127,,
,SL66,275,3,6418,,
,SL67,275,3,7921,,
,SL68,275,3,16816,,
,SL7,275,3,11694,,
,SL8,275,3,16332,,
,SL9,275,3,16702,,
,STL 1/2,352,3,19867,,
,SV01,370,3,15044,,
,SV02,370,3,2395,,
,SV03,370,3,21092,,
,SV04,370,3,10841,,
,SV05,370,3,10894,,
,SV06,370,3,12563,,
,SV08,370,3,17588,,
,SV10,370,3,22053,,
,SV19,370,3,22304,,
,SV21,370,3,8882,,
,SV22,370,3,7546,,
,SV30,370,3,13879,,
,SV31,370,3,5298,,
,SV39,370,3,19880,,
,SV5,370,3,1871,,
,SW,132,3,5561,,
,SW1,275,3,22962,,
,SWK 101,344,3,13669,,
,SWK 102,344,3,9092,,
,SWK 103,344,3,7875,,
,SWK 104,344,3,991,,
,SWK 105,344,3,15222,,
,SWK 106,344,3,13655,,
,SWK 107,344,3,11,,
,SWK 108,344,3,10671,,
,SWK 109,344,3,14591,,
,SWK 111,344,3,1736,,
,SWK 112,344,3,2671,,
,SWK 113,344,3,14139,,
,SWK 114,344,3,8939,,
,SWK 115,344,3,6526,,
,SWK 117,344,3,14459,,
,SWK N1 / 121,344,3,16105,,
,SWK N10 / 129,344,3,9943,,
,SWK N12 / 128,344,3,13988,,
,SWK N2 / 122,344,3,17971,,
,SWK N3 / 123,344,3,5454,,
,SWK N4 / 124,344,3,10454,,
,SWK N40 / 125,344,3,3654,,
,SWK N6 / 126,344,3,12248,,
,SWK N7 / 127,344,3,15363,,
,SWPS 201,344,3,23368,,
,SWPS 2011,344,3,5473,,
,SWPS 2012,344,3,5688,,
,SWPS 2013,344,3,6979,,
,SWPS 202,344,3,3371,,
,SWPS 203,344,3,18192,,
,SWPS 204,344,3,7238,,
,SWPS 205,344,3,8322,,
,SWPS 206,344,3,5744,,
,SWPS 207,344,3,14668,,
,SWPS 208,344,3,4639,,
,SWPS 209,344,3,6572,,
,SWPS 210,344,3,10042,,
,SWPS 211,344,3,13180,,
,SWPS 212,344,3,8431,,
,SalzeBus,286,3,22444,,
,Schwebebahn,118,7,6910,,
,Seilbahn,310,7,1861,,
,Sk1,192,3,3336,,
,Sk2,192,3,14416,,
,Sk3,192,3,16804,,
,SkyLine Bahn,33,7,976,,
,Standseilbahn,118,7,20910,,
,Starnberger See,239,4,18632,,
,Sv120,118,3,3918,,
,Sv121,118,3,23015,,
,Sv123,118,3,8451,,
,Sv124,118,3,4850,,
,Sv125,118,3,20661,,
,Sv140,118,3,1782,,
,Sv152,118,3,4603,,
,Sv170,118,3,13404,,
,Sv180,118,3,10613,,
,Sv190,118,3,130,,
,Sv191,118,3,11909,,
,Sv210,118,3,3497,,
,Sv230,118,3,2190,,
,Sv232,118,3,5076,,
,Sv234,118,3,20650,,
,Sv250,118,3,10316,,
,Sv252,118,3,7059,,
,Sv254,118,3,8259,,
,Sv256,118,3,20291,,
,Sv270,118,3,6029,,
,Sv280,118,3,13796,,
,Sv290,118,3,8757,,
,Sv310,118,3,14195,,
,Sv313,118,3,17238,,
,T (Sebnitz),118,3,692,,
,T1,101,3,23362,,
,T1,132,3,8577,,
,T1,199,3,8705,,
,T1,370,3,10139,,
,T1.1,202,3,693,,
,T1.2,202,3,4127,,
,T10,370,3,13996,,
,T10.1,202,3,21178,,
,T10.2,202,3,18782,,
,T11,109,3,5720,,
,T11,199,3,8632,,
,T11,370,3,12523,,
,T11.1,202,3,9234,,
,T11.2,202,3,14096,,
,T11.3,202,3,1260,,
,T114,370,3,9335,,
,T12,109,3,15124,,
,T12,370,3,17395,,
,T12.1,202,3,16817,,
,T13,109,3,1017,,
,T13,370,3,22351,,
,T138,370,3,9362,,
,T14,109,3,9677,,
,T14,370,3,17725,,
,T15,109,3,8532,,
,T15,370,3,592,,
,T15.1,202,3,21607,,
,T16,109,3,18407,,
,T17,370,3,10876,,
,T18,370,3,735,,
,T2,101,3,20485,,
,T2,132,3,6415,,
,T2,199,3,4185,,
,T2,370,3,624,,
,T2.1,202,3,1045,,
,T20,109,3,12486,,
,T20,258,3,14798,,
,T20,370,3,15125,,
,T21,109,3,20911,,
,T22,109,3,17022,,
,T22,370,3,17508,,
,T24,258,3,21105,,
,T24,370,3,8452,,
,T26,258,3,14732,,
,T26,370,3,1670,,
,T28,370,3,872,,
,T29,370,3,8006,,
,T3,101,3,22002,,
,T3,132,3,8168,,
,T3,199,3,15637,,
,T3,266,3,8048,,
,T3,370,3,9506,,
,T3.1,202,3,9374,,
,T30,370,3,20479,,
,T31,109,3,4408,,
,T313,370,3,9064,,
,T317,370,3,17054,,
,T32,370,3,10818,,
,T324,370,3,11320,,
,T33,370,3,3590,,
,T35,370,3,301,,
,T37,370,3,12463,,
,T39,370,3,11711,,
,T390,370,3,16728,,
,T4,101,3,17097,,
,T4,132,3,7922,,
,T4,199,3,14811,,
,T4,266,3,14362,,
,T4,370,3,4597,,
,T4.1,202,3,2494,,
,T40,370,3,6356,,
,T43,370,3,4880,,
,T46,258,3,2323,,
,T470,370,3,22261,,
,T49,370,3,19334,,
,T5,199,3,16647,,
,T5,370,3,23127,,
,T5.1,202,3,21449,,
,T50,370,3,16992,,
,T51,370,3,538,,
,T52,370,3,7322,,
,T53,370,3,16969,,
,T54,370,3,23792,,
,T541,370,3,18830,,
,T55,370,3,15664,,
,T56,370,3,2287,,
,T57,370,3,20409,,
,T59,370,3,522,,
,T5N,370,3,22654,,
,T6,199,3,7972,,
,T6,266,3,9052,,
,T6,370,3,1326,,
,T6.1,202,3,16596,,
,T6.2,202,3,6304,,
,T6.3,202,3,23234,,
,T60,370,3,8794,,
,T64,370,3,1102,,
,T643,370,3,17735,,
,T65,370,3,18960,,
,T650,181,3,19060,,
,T651,181,3,16776,,
,T652,181,3,7032,,
,T66,370,3,16942,,
,T67,370,3,13880,,
,T7,199,3,10267,,
,T7,370,3,22054,,
,T7.1,202,3,3097,,
,T7.2,202,3,7795,,
,T73,370,3,5500,,
,T75,370,3,5118,,
,T79,370,3,19479,,
,T7A,370,3,3074,,
,T8,199,3,8578,,
,T8,370,3,19295,,
,T8.1,202,3,4893,,
,T8.2,202,3,22533,,
,T80,370,3,19773,,
,T81,370,3,20236,,
,T81,84,3,2133,,
,T82,370,3,7565,,
,T83,370,3,8264,,
,T84,370,3,20458,,
,T85,370,3,13787,,
,T86,370,3,7894,,
,T87,370,3,17113,,
,T88,370,3,18141,,
,T89,370,3,7163,,
,T9,199,3,17560,,
,T9,266,3,20395,,
,T9,370,3,3896,,
,TB1,32,3,14507,,
,TB10,122,3,22840,,
,TB19,122,3,23279,,
,TB205,185,3,14350,,
,TB206,185,3,23673,,
,TB207,185,3,9399,,
,TB209,185,3,18706,,
,TB216,185,3,1277,,
,TB217,185,3,12785,,
,TB219,185,3,11305,,
,TB220,185,3,15816,,
,TB221,185,3,12541,,
,TB222,185,3,21810,,
,TB223,185,3,13500,,
,TB225,185,3,11086,,
,TB226,185,3,5176,,
,TB227,185,3,6934,,
,TB228,185,3,2485,,
,TB229,185,3,16242,,
,TB231,185,3,7709,,
,TB234,185,3,23719,,
,TB236,185,3,10855,,
,TB241,185,3,705,,
,TB245,185,3,21990,,
,TB247,185,3,9151,,
,TB248,185,3,5218,,
,TB251,185,3,21327,,
,TB252,185,3,10268,,
,TB253,185,3,10474,,
,TB254,185,3,23229,,
,TB256,185,3,16640,,
,TB261,185,3,14736,,
,TB262,185,3,13532,,
,TB265,185,3,23560,,
,TB266,185,3,18847,,
,TB267,185,3,20872,,
,TB268,185,3,1738,,
,TB269,185,3,23733,,
,TB271,185,3,20666,,
,TB272,185,3,6455,,
,TB273,185,3,10953,,
,TB275,185,3,6229,,
,TB276,185,3,2636,,
,TB277,185,3,9909,,
,TB278,185,3,9515,,
,TB279,185,3,21254,,
,TB280,185,3,15727,,
,TB281,185,3,7456,,
,TB282,185,3,19531,,
,TB283,185,3,4779,,
,TB284,185,3,4766,,
,TB285,185,3,10853,,
,TB286,185,3,12372,,
,TB288,185,3,9678,,
,TB292,185,3,19634,,
,TB294,185,3,4911,,
,TB294A,185,3,19610,,
,TB296,185,3,14935,,
,TB298,185,3,5732,,
,TB4,32,3,12949,,
,TB52,381,3,9152,,
,TB560,381,3,18849,,
,TB609,122,3,18415,,
,TB629,122,3,4403,,
,TB639,122,3,10658,,
,TB644,122,3,8466,,
,TB648,122,3,9080,,
,TB683,222,3,17939,,
,TB684,222,3,19890,,
,TB690,222,3,13696,,
,TB691,222,3,6606,,
,TB694,222,3,5852,,
,TB695,222,3,447,,
,TB696,222,3,1988,,
,TB698,222,3,22303,,
,TB850,31,3,9422,,
,TB88,237,3,5821,,
,Tegernsee Schifffahrt,357,4,6461,,
,Tegernsee-Schifffahrt,357,4,2409,,
,Tiguan,117,3,2013,,
,Touran,117,3,950,,
,U,340,3,10567,,
,U1,198,1,5339,,
,U1,220,1,17857,,
,U1,384,1,23713,,
,U1,58,1,3102,,
,U1,61,1,3804,,
,U1,78,1,879,,
,U1-DIREKT,220,3,16764,,
,U1-ERSATZ,220,3,15944,,
,U11,202,1,9009,,
,U12,78,1,5721,,
,U13,78,1,10675,,
,U13E,78,3,21470,,
,U14,78,1,9403,,
,U15,78,1,7488,,
,U16,78,1,20703,,
,U17,202,1,16401,,
,U18,199,1,18486,,
,U18,202,1,3412,,
,U19,78,1,4191,,
,U2,198,1,9748,,
,U2,220,1,19912,,
,U2,384,1,18982,,
,U2,384,3,20353,,
,U2,58,1,831,,
,U2,61,1,454,,
,U2,78,1,2787,,
,U28,285,3,3161,,
,U2E,78,3,17674,,
,U2X,161,3,6067,,
,U3,198,1,4839,,
,U3,220,1,12490,,
,U3,384,1,3997,,
,U3,58,1,16068,,
,U3,61,1,4054,,
,U3,78,1,1682,,
,U35,38,1,7041,,
,U4,198,1,17598,,
,U4,220,1,7183,,
,U4,384,1,20699,,
,U4,58,1,6378,,
,U4,78,1,12767,,
,U41,283,1,4111,,
,U42,283,1,1420,,
,U43,283,1,10911,,
,U44,283,1,18925,,
,U45,283,1,21401,,
,U46,283,1,1767,,
,U47,283,1,13832,,
,U49,283,1,4604,,
,U5,198,1,10639,,
,U5,384,1,7154,,
,U5,384,3,16224,,
,U5,58,1,12214,,
,U5,78,1,9915,,
,U6,198,1,14366,,
,U6,384,1,2546,,
,U6,384,3,10276,,
,U6,58,1,12086,,
,U6,58,3,897,,
,U6,78,1,14176,,
,U7,198,1,2725,,
,U7,384,1,4198,,
,U7,384,3,17849,,
,U7,58,1,20929,,
,U7,78,1,9620,,
,U70,73,1,14547,,
,U71,73,0,9910,,
,U72,73,0,17251,,
,U72,73,3,12090,,
,U73,73,0,13989,,
,U73,73,3,4733,,
,U75,73,1,21557,,
,U76,73,1,6690,,
,U76,73,3,9565,,
,U77,73,1,10463,,
,U78,73,1,4781,,
,U79,23,1,11910,,
,U79,73,1,6686,,
,U7E,78,3,7412,,
,U8,198,1,22073,,
,U8,384,1,22148,,
,U8,384,3,9998,,
,U8,58,1,22142,,
,U8,78,1,4342,,
,U80,73,1,1822,,
,U81,73,1,19708,,
,U83,73,0,11275,,
,U9,198,1,17205,,
,U9,384,1,9999,,
,U9,78,1,4335,,
,UX1,57,3,20736,,
,UX2,57,3,7132,,
,UX4,57,3,23138,,
,UX5,57,3,3004,,
,UX6,57,3,19079,,
,V,35,3,18638,,
,V,35,3,5764,9D9D9C,
,V01,142,3,16506,,
,V01,291,3,18294,,
,V02,142,3,11476,,
,V03,142,3,9157,,
,V03,291,3,19331,,
,V04,142,3,2938,,
,V04,291,3,3257,,
,V05,142,3,13324,,
,V06,142,3,5424,,
,V07,142,3,18757,,
,V07,291,3,11603,,
,V08,142,3,22482,,
,V10,291,3,1162,,
,V11,142,3,10980,,
,V15,142,3,14460,,
,V16,142,3,12743,,
,V17,142,3,5238,,
,V18,142,3,3950,,
,V19,142,3,16256,,
,V20,142,3,7613,,
,V21,142,3,7524,,
,V22,142,3,18086,,
,V23,142,3,19226,,
,V24,142,3,20082,,
,V25,142,3,2607,,
,V27,142,3,16884,,
,V28,142,3,3556,,
,V29,142,3,16204,,
,V30,142,3,4037,,
,V31,142,3,1653,,
,V32,142,3,13285,,
,V32,15,3,8480,,
,V40,142,3,5990,,
,V41,142,3,5917,,
,V42,142,3,5242,,
,V43,142,3,20345,,
,V44,142,3,21527,,
,V45,142,3,14087,,
,V46,142,3,4670,,
,V48,142,3,13571,,
,V49,142,3,23580,,
,V50,142,3,7151,,
,V51,142,3,16243,,
,V52,142,3,21754,,
,V53,142,3,15056,,
,V54,142,3,20608,,
,V55,142,3,22782,,
,V56,142,3,21802,,
,V57,142,3,14724,,
,V58,142,3,671,,
,V59,142,3,9670,,
,V60,142,3,16995,,
,V61,142,3,10016,,
,V62,142,3,22800,,
,V65,142,3,8476,,
,V66,142,3,23517,,
,V67,142,3,617,,
,V69,142,3,15293,,
,V76,142,3,18715,,
,V77,142,3,5305,,
,V81,142,3,5195,,
,V82,142,3,4442,,
,V83,142,3,14429,,
,V86,15,3,8011,,
,V92,15,3,12175,,
,V93,142,3,5486,,
,V95,142,3,13388,,
,V95,15,3,13423,,
,V96,142,3,11679,,
,V96,15,3,13373,,
,V97,142,3,131,,
,V98,142,3,6135,,
,VB-11,29,3,9238,,
,VB-12,29,3,11685,,
,VB-13,29,3,2875,,
,VB-15,29,3,2329,,
,VB-16,29,3,21471,,
,VB-21,29,3,21071,,
,VB-22,29,3,14019,,
,VB-24,29,3,3418,,
,VB-26,29,3,15053,,
,VB-28,29,3,6089,,
,VB-38,29,3,22751,,
,VB-42,29,3,9745,,
,VB-48,29,3,20448,,
,VB-50,29,3,2366,,
,VB-51,29,3,1596,,
,VB-52,29,3,21049,,
,VB-53,29,3,11095,,
,VB-54,29,3,2297,,
,VB-55,29,3,6147,,
,VB-56,29,3,11387,,
,VB-60,29,3,15164,,
,VB-61,29,3,14390,,
,VB-65,29,3,8550,,
,VB-71,29,3,6321,,
,VB-75,29,3,6316,,
,VB-76,29,3,9278,,
,VB-77,29,3,4339,,
,VB-78,29,3,17774,,
,VB-79,29,3,18541,,
,VB-81,29,3,5938,,
,VB-90,29,3,22736,,
,VB-91,29,3,16426,,
,VB-92,29,3,18063,,
,VB-93,29,3,3075,,
,VB-94,29,3,6946,,
,VB-95,29,3,15325,,
,VB-96,29,3,22485,,
,VB1,132,3,14998,,
,VLC 520,262,3,23164,,
,VLK61,239,3,9928,,
,VLK62,239,3,17972,,
,VLK64,239,3,20889,,
,VLK65,239,3,20502,,
,VLK66,239,3,18985,,
,VLK68,239,3,12530,,
,VSL37,272,3,20449,,
,W,3,3,2293,,
,W/540,85,3,225,,
,W1,192,3,11448,,
,W2,192,3,14483,,
,W3,192,3,9781,,
,W4,192,3,3683,,
,WA1,183,3,19874,,
,WB1,239,3,16169,,
,WB2,239,3,16920,,
,WB3,239,3,21421,,
,WB4,239,3,5520,,
,WB5,239,3,7407,,
,WB6,239,3,14778,,
,WB8,239,3,21696,,
,WB9,239,3,21860,,
,WE1,188,3,4849,,
,WE1,8,3,18408,,
,WE2,188,3,18720,,
,WE2,8,3,3862,,
,WE3,188,3,8679,,
,WE3,8,3,10659,,
,WE4,188,3,15794,,
,WE4,8,3,3673,,
,WF,17,4,21755,,
,WF4,205,4,18794,,
,WG1,183,3,11604,,
,WU1,35,3,13079,,
,WX,141,3,5206,,
,Wendelsteinbahn,357,7,12153,,
,WÜ1ALT,35,3,2841,,
,X05,8,3,9505,,
,X06,20,3,8693,73D700,FFFFFF
,X1,162,3,11031,,
,X1,267,3,22994,,
,X1,271,3,4153,,
,X1,280,3,6792,,
,X1,304,3,11481,,
,X1,370,3,21106,,
,X1,375,3,6878,,
,X1,56,3,23303,,
,X10,384,3,15223,,
,X10,78,3,19806,,
,X109,104,3,1985,,
,X11,111,3,13507,,
,X11,144,3,17754,,
,X11,384,3,21614,,
,X12,104,3,9534,,
,X12,144,3,20994,,
,X12,373,3,23350,,
,X13,101,3,10131,,
,X13,104,3,15884,,
,X13,185,3,13462,,
,X13,283,3,13417,,
,X14,104,3,17237,,
,X14,144,3,7089,,
,X14,373,3,16228,,
,X15,111,3,17641,,
,X15,144,3,19544,,
,X15,155,3,15766,,
,X16,78,3,593,,
,X17,144,3,5572,,
,X18,144,3,6637,,
,X18,78,3,20255,,
,X19,104,3,11327,,
,X19,144,3,7988,,
,X19,78,3,10073,,
,X19,96,3,1493,,
,X2,280,3,20773,,
,X2,299,3,5894,,
,X2,304,3,23339,,
,X2,370,3,17121,,
,X2,375,3,21056,,
,X2,78,3,10884,,
,X20,78,3,15914,,
,X200,214,3,2055,,
,X200,239,3,5135,,
,X201,239,3,6687,,
,X202,239,3,8982,,
,X203,239,3,22559,,
,X204,239,3,12733,,
,X205,239,3,13234,,
,X206,239,3,21955,,
,X208,239,3,7429,,
,X21,220,3,15716,,
,X21,384,3,22138,,
,X22,220,3,23197,,
,X25,35,3,14253,,
,X250,173,3,12069,,
,X26,144,3,15839,,
,X27,111,3,1228,,
,X27,144,3,10715,,
,X27,220,3,19973,,
,X27,8,3,19611,,
,X273,365,3,23091,,
,X274,365,3,8808,,
,X275,365,3,16432,,
,X276,365,3,765,,
,X28,275,3,21179,,
,X28,8,3,2863,,
,X3,111,3,11551,,
,X3,220,3,18048,,
,X3,35,3,149,,
,X3,370,3,13181,,
,X30,104,3,8995,,
,X30,16,3,4396,,
,X30,220,3,4572,,
,X30,58,3,6109,,
,X32,220,3,6005,,
,X32,275,3,4409,,
,X320,239,3,6943,,
,X33,144,3,17677,,
,X33,220,3,22605,,
,X33,384,3,20372,,
,X34,144,3,19791,,
,X34,335,3,11151,,
,X34,384,3,4370,,
,X340,173,3,18036,,
,X35,144,3,4383,,
,X35,220,3,14147,,
,X35,35,3,21272,,
,X35,58,3,1431,,
,X36,384,3,19643,,
,X36,58,3,11834,,
,X365,173,3,9220,,
,X37,144,3,16503,,
,X37,384,3,23270,,
,X373,214,3,10228,,
,X38,144,3,20256,,
,X380,173,3,2480,,
,X380,239,3,23478,,
,X381,239,3,11552,,
,X39,144,3,16153,,
,X4,280,3,14871,,
,X4,304,3,1923,,
,X4,370,3,5207,,
,X4,56,3,16811,,
,X40,144,3,19655,,
,X40,220,3,17726,,
,X41,144,3,2423,,
,X41,95,3,14637,,
,X42,185,3,18655,,
,X42,240,3,2580,,
,X425,295,3,15173,,
,X43,271,3,12020,,
,X43,78,3,8812,,
,X44,104,3,448,,
,X44,295,3,20432,,
,X44,335,3,4590,,
,X441,104,3,1779,,
,X441,295,3,7876,,
,X45,335,3,3606,,
,X46,220,3,19675,,
,X46,78,3,7338,,
,X460,365,3,11992,,
,X467,365,3,4279,,
,X47,35,3,8049,,
,X49,384,3,11087,,
,X49,8,3,6666,,
,X491,214,3,13259,,
,X492,214,3,8377,,
,X492,365,3,16613,,
,X493,214,3,13697,,
,X493,365,3,21980,,
,X5,155,3,6659,,
,X5,241,3,20627,,
,X5,370,3,17599,,
,X51,220,3,7280,,
,X51,35,3,23709,,
,X51,370,3,3551,,
,X510,365,3,9728,,
,X53,198,3,9751,,
,X530,365,3,15504,,
,X54,384,3,11788,,
,X57,144,3,14002,,
,X58,198,3,5420,,
,X585,365,3,21310,,
,X6,101,3,21475,,
,X6,370,3,158,,
,X6,58,3,12416,,
,X60,16,3,17485,,
,X60,78,3,22312,,
,X60,91,3,12882,,
,X61,198,3,2567,,
,X610,214,3,2951,,
,X63,269,3,5996,,
,X64,144,3,19862,,
,X66,101,3,7209,,
,X66,220,3,7478,,
,X660,239,3,17179,,
,X68,20,3,18218,73D700,FFFFFF
,X69,144,3,2159,,
,X69,384,3,6068,,
,X7,384,3,2202,,
,X71,144,3,4232,,
,X71,384,3,546,,
,X710,91,3,4923,,
,X72,144,3,19061,,
,X73,35,3,11670,,
,X730,239,3,12401,,
,X731,239,3,18075,,
,X732,239,3,7825,,
,X733,239,3,7942,,
,X74,144,3,1737,,
,X74,78,3,1614,,
,X76,144,3,6195,,
,X76,384,3,21803,,
,X76,78,3,13966,,
,X77,198,3,15358,,
,X77,269,3,19422,,
,X78,144,3,19195,,
,X78,269,3,12240,,
,X79,144,3,22221,,
,X80,104,3,7366,,
,X80,220,3,9398,,
,X80,370,3,2486,,
,X80,58,3,15656,,
,X800,239,3,20861,,
,X81,220,3,2676,,
,X82,220,3,8204,,
,X82,78,3,17079,,
,X83,144,3,15294,,
,X83,384,3,11648,,
,X85,216,3,4894,,
,X850,239,3,1408,,
,X86,220,3,17311,,
,X87,220,3,5702,,
,X89,144,3,20651,,
,X89,220,3,14299,,
,X9,370,3,22215,,
,X9,56,3,12130,,
,X90,104,3,10431,,
,X90,16,3,3131,,
,X90,370,3,10223,,
,X900,239,3,17265,,
,X91,16,3,2043,,
,X91,267,3,5005,,
,X910,239,3,4493,,
,X92,16,3,15795,,
,X92,78,3,11674,,
,X93,144,3,23309,,
,X93,267,3,17012,,
,X93,78,3,3484,,
,X94,144,3,1327,,
,X95,144,3,7717,,
,X95,220,3,8265,,
,X95,267,3,2172,,
,X970,239,3,15064,,
,X99,220,3,12828,,
,X990,239,3,5455,,
,XEVS3,167,3,2267,,
,Z,3,3,2914,,
,Z (Pirna),118,3,400,,
,Z1,7,3,19942,,
,Z60,104,3,17089,,
,Zusatzbus L1,341,3,10259,,
,Zusatzbus L3,341,3,10697,,
,Zusatzbus L5,341,3,23698,,
,Zusatzbus L7,341,3,16038,,
,Zusatzbus L8,341,3,15668,,
,Zusatzlinie L2,341,3,12064,,
,Zusatzlinie L4,341,3,15011,,
,Zusatzlinie L6,341,3,977,,
,Zusatzlinie L9,341,3,11277,,
,Zusatzverkehr,344,3,12449,,
,alita 63,118,3,2525,,
,alita 65,118,3,12188,,
,alita 66,118,3,19038,,
,alita 68,118,3,1658,,
,alita 70,118,3,18801,,
,alita 72,118,3,15596,,
,alita 73,118,3,18180,,
,alita 74,118,3,10698,,
,alita 76,118,3,7702,,
,alita 77,118,3,23780,,
,alita 79,118,3,3056,,
,alita 8,118,3,23748,,
,alita 81,118,3,13622,,
,alita 83,118,3,17305,,
,alita 84,118,3,3182,,
,alita 88,118,3,4093,,
,alita 89,118,3,5510,,
,alita 92,118,3,13818,,
,alita 95,118,3,3709,,
,alita 97,118,3,1077,,
,meinKARL,344,3,3594,,
,mv60,95,3,5219,,
,mv62,95,3,16039,,
,mv63,95,3,22699,,
,mv64,95,3,22393,,
,mv65,95,3,11196,,
,mv66,95,3,15548,,
,mv67,95,3,12531,,
,mv70,95,3,4172,,
,mv71,95,3,10017,,
,mv72,95,3,20945,,
,mv73,95,3,4678,,
,mv74,95,3,10384,,
,mv75,95,3,21199,,
,mv76,95,3,17374,,
,mv77,95,3,23083,,
,mv81,95,3,222,,
,mv84,95,3,5478,,
,mv86,95,3,13710,,
,n31,284,3,18101,,
,n35,263,3,15955,,
,n61,144,3,21455,,
,n65,144,3,21368,,
,n71,144,3,2969,,
,n72,144,3,21032,,
,n96,144,3,1308,,
,ÜP1,183,3,14465,B90276,FFFFFF
